[2026:03:26 07:26:32] Copying system default config to hybracter_out/config.yaml
[2026:03:26 07:26:32] Updating config file with new values
[2026:03:26 07:26:32] Writing config file to hybracter_out/config.yaml
[2026:03:26 07:26:32] ------------------
[2026:03:26 07:26:32] | Runtime config |
[2026:03:26 07:26:32] ------------------

args:
  auto: false
  configfile: hybracter_out/config.yaml
  contaminants: none
  databases: null
  datadir: null
  depth_filter: 0.25
  dnaapler_custom_db: none
  extra_params_flye: null
  flyeModel: --nano-hq
  input: hybracter.input.csv
  log: hybracter_out/hybracter.log
  logic: best
  mac: false
  medakaModel: r1041_e82_400bps_sup_v5.0.0
  medaka_override: false
  min_depth: 0
  min_length: 1000
  min_quality: 9
  no_medaka: false
  output: hybracter_out
  single: false
  skip_qc: false
  subsample_depth: 100
qc:
  compression: 5
  hostRemoveFlagstat: -f 4 -F 3584
  minimapIndex: -I 8G
  minimapModel: map-ont
resources:
  big:
    cpu: 16
    mem: 32000
    time: '23:59:00'
  med:
    cpu: 8
    mem: 16000
    time: 08:00:00
  sml:
    cpu: 1
    mem: 4000
    time: 00:00:05

[2026:03:26 07:26:32] ---------------------
[2026:03:26 07:26:32] | Snakemake command |
[2026:03:26 07:26:32] ---------------------

snakemake -s /data/djs217/miniconda3/envs/hybracter_env/lib/python3.11/site-packages/hybracter/workflow/long.smk --configfile hybracter_out/config.yaml --jobs 1 --use-conda --conda-prefix /data/djs217/miniconda3/envs/hybracter_env/lib/python3.11/site-packages/hybracter/workflow/conda --rerun-incomplete --printshellcmds --nolock --show-failed-logs --conda-frontend conda
Config file /data/djs217/miniconda3/envs/hybracter_env/lib/python3.11/site-packages/hybracter/workflow/../config/config.yaml is extended by additional config specified via the command line.
Assuming unrestricted shared filesystem usage.
host: studholme-training-server
Building DAG of jobs...
Using shell: /usr/bin/bash
Provided cores: 1 (use --cores to define parallelism)
Rules claiming more threads will be scaled down.
Job stats:
job                                           count
------------------------------------------  -------
aggr_assemble                                     1
aggr_combine_plassembler_info                     1
aggr_final_flag                                   1
aggr_long_qc                                      1
aggr_long_read_polish_flag                        1
aggr_lrge                                         1
aggr_plassembler_flag                             1
aggr_pyrodigal_plassembler_flag                   1
aggr_seqkit_long                                  1
aggregate_finalised_assemblies_rule               9
aggregate_long_read_polish_input_rule             9
aggregate_plassembler_input_rule                  9
aggregate_pyrodigal_plassembler_input_rule        9
all                                               1
assemble                                          9
check_completeness                                9
combine_plassembler_info                          1
create_final_summary                              1
estimate_lr_coverage                              9
filtlong                                          9
lrge                                              9
porechop_abi                                      9
run_seqkit_long                                   9
total                                           111

Select jobs to execute...
Failed to solve scheduling problem with ILP solver, falling back to greedy scheduler. You likely have to fix your ILP solver installation. Error message: PULP_CBC_CMD: Not Available (check permissions on cbc)
Execute 1 jobs...
[Thu Mar 26 07:26:35 2026]
localrule lrge:
    input: 11813_EXE_03_2025_A_PBC73729_pass_dtrim_filtlong.fastq.gz
    output: hybracter_out/processing/chrom_size/EXE_03_2025_A_lrge_estimated_chromosome_size.txt
    log: hybracter_out/stderr/lrge/EXE_03_2025_A.log
    jobid: 7
    benchmark: hybracter_out/benchmarks/lrge/EXE_03_2025_A.txt
    reason: Missing output files: hybracter_out/processing/chrom_size/EXE_03_2025_A_lrge_estimated_chromosome_size.txt
    wildcards: sample=EXE_03_2025_A
    resources: tmpdir=/tmp, mem_mb=4000, mem_mib=3815, mem=4000MB, time=00:00:05
Shell command: 
        if [[ 11813_EXE_03_2025_A_PBC73729_pass_dtrim_filtlong.fastq.gz =~ \.gz$ ]]; then
        INPUT_CMD="zcat 11813_EXE_03_2025_A_PBC73729_pass_dtrim_filtlong.fastq.gz"
        else
        INPUT_CMD="cat 11813_EXE_03_2025_A_PBC73729_pass_dtrim_filtlong.fastq.gz"
        fi

        # Now run the awk command on the decompressed file
        if $INPUT_CMD | awk '{if (NR % 4 == 1) count++} END {exit count > 10000 ? 0 : 1}'; then
            # There are more than 10,000 reads, run lrge with defaults
            lrge -t 1 -s 42 11813_EXE_03_2025_A_PBC73729_pass_dtrim_filtlong.fastq.gz -o hybracter_out/processing/chrom_size/EXE_03_2025_A_lrge_estimated_chromosome_size.txt
        else
            # There are less than 10,000 reads, use the all-vs-all strategy with all available reads
            lrge -t 1 -s 42 -n 10000 11813_EXE_03_2025_A_PBC73729_pass_dtrim_filtlong.fastq.gz -o hybracter_out/processing/chrom_size/EXE_03_2025_A_lrge_estimated_chromosome_size.txt
        fi

        
Activating conda environment: ../../../../../miniconda3/envs/hybracter_env/lib/python3.11/site-packages/hybracter/workflow/conda/c13c3001710609a2a1e73bf988308794_
Select jobs to execute...
[Thu Mar 26 07:27:09 2026]
Finished jobid: 7 (Rule: lrge)
1 of 111 steps (1%) done
Execute 1 jobs...
[Thu Mar 26 07:27:09 2026]
localrule filtlong:
    input: 11813_EXE_03_2025_A_PBC73729_pass_dtrim_filtlong.fastq.gz, hybracter_out/processing/chrom_size/EXE_03_2025_A_lrge_estimated_chromosome_size.txt
    output: hybracter_out/processing/qc/EXE_03_2025_A_filt.fastq.gz, hybracter_out/versions/EXE_03_2025_A/filtlong.version
    log: hybracter_out/stderr/filtlong/EXE_03_2025_A.log
    jobid: 6
    benchmark: hybracter_out/benchmarks/filtlong/EXE_03_2025_A.txt
    reason: Missing output files: hybracter_out/versions/EXE_03_2025_A/filtlong.version, hybracter_out/processing/qc/EXE_03_2025_A_filt.fastq.gz; Input files updated by another job: hybracter_out/processing/chrom_size/EXE_03_2025_A_lrge_estimated_chromosome_size.txt
    wildcards: sample=EXE_03_2025_A
    resources: tmpdir=/tmp, mem_mb=16000, mem_mib=15259, mem=16000MB, time=08:00:00
Shell command: 
        filtlong --target_bases 280000000 --min_mean_q 9 --min_length 1000 11813_EXE_03_2025_A_PBC73729_pass_dtrim_filtlong.fastq.gz | pigz > hybracter_out/processing/qc/EXE_03_2025_A_filt.fastq.gz 2> hybracter_out/stderr/filtlong/EXE_03_2025_A.log
        filtlong --version > hybracter_out/versions/EXE_03_2025_A/filtlong.version
        
Activating conda environment: ../../../../../miniconda3/envs/hybracter_env/lib/python3.11/site-packages/hybracter/workflow/conda/e29627940fc67a691bea045b2752a205_
Select jobs to execute...
[Thu Mar 26 07:27:34 2026]
Finished jobid: 6 (Rule: filtlong)
2 of 111 steps (2%) done
Execute 1 jobs...
[Thu Mar 26 07:27:34 2026]
localrule lrge:
    input: 11813_EXE_13_2025_A_PBC73729_pass_dtrim_filtlong.fastq.gz
    output: hybracter_out/processing/chrom_size/EXE_13_2025_A_lrge_estimated_chromosome_size.txt
    log: hybracter_out/stderr/lrge/EXE_13_2025_A.log
    jobid: 13
    benchmark: hybracter_out/benchmarks/lrge/EXE_13_2025_A.txt
    reason: Missing output files: hybracter_out/processing/chrom_size/EXE_13_2025_A_lrge_estimated_chromosome_size.txt
    wildcards: sample=EXE_13_2025_A
    resources: tmpdir=/tmp, mem_mb=4000, mem_mib=3815, mem=4000MB, time=00:00:05
Shell command: 
        if [[ 11813_EXE_13_2025_A_PBC73729_pass_dtrim_filtlong.fastq.gz =~ \.gz$ ]]; then
        INPUT_CMD="zcat 11813_EXE_13_2025_A_PBC73729_pass_dtrim_filtlong.fastq.gz"
        else
        INPUT_CMD="cat 11813_EXE_13_2025_A_PBC73729_pass_dtrim_filtlong.fastq.gz"
        fi

        # Now run the awk command on the decompressed file
        if $INPUT_CMD | awk '{if (NR % 4 == 1) count++} END {exit count > 10000 ? 0 : 1}'; then
            # There are more than 10,000 reads, run lrge with defaults
            lrge -t 1 -s 42 11813_EXE_13_2025_A_PBC73729_pass_dtrim_filtlong.fastq.gz -o hybracter_out/processing/chrom_size/EXE_13_2025_A_lrge_estimated_chromosome_size.txt
        else
            # There are less than 10,000 reads, use the all-vs-all strategy with all available reads
            lrge -t 1 -s 42 -n 10000 11813_EXE_13_2025_A_PBC73729_pass_dtrim_filtlong.fastq.gz -o hybracter_out/processing/chrom_size/EXE_13_2025_A_lrge_estimated_chromosome_size.txt
        fi

        
Activating conda environment: ../../../../../miniconda3/envs/hybracter_env/lib/python3.11/site-packages/hybracter/workflow/conda/c13c3001710609a2a1e73bf988308794_
Select jobs to execute...
[Thu Mar 26 07:28:12 2026]
Finished jobid: 13 (Rule: lrge)
3 of 111 steps (3%) done
Execute 1 jobs...
[Thu Mar 26 07:28:12 2026]
localrule filtlong:
    input: 11813_EXE_13_2025_A_PBC73729_pass_dtrim_filtlong.fastq.gz, hybracter_out/processing/chrom_size/EXE_13_2025_A_lrge_estimated_chromosome_size.txt
    output: hybracter_out/processing/qc/EXE_13_2025_A_filt.fastq.gz, hybracter_out/versions/EXE_13_2025_A/filtlong.version
    log: hybracter_out/stderr/filtlong/EXE_13_2025_A.log
    jobid: 12
    benchmark: hybracter_out/benchmarks/filtlong/EXE_13_2025_A.txt
    reason: Missing output files: hybracter_out/processing/qc/EXE_13_2025_A_filt.fastq.gz, hybracter_out/versions/EXE_13_2025_A/filtlong.version; Input files updated by another job: hybracter_out/processing/chrom_size/EXE_13_2025_A_lrge_estimated_chromosome_size.txt
    wildcards: sample=EXE_13_2025_A
    resources: tmpdir=/tmp, mem_mb=16000, mem_mib=15259, mem=16000MB, time=08:00:00
Shell command: 
        filtlong --target_bases 280000000 --min_mean_q 9 --min_length 1000 11813_EXE_13_2025_A_PBC73729_pass_dtrim_filtlong.fastq.gz | pigz > hybracter_out/processing/qc/EXE_13_2025_A_filt.fastq.gz 2> hybracter_out/stderr/filtlong/EXE_13_2025_A.log
        filtlong --version > hybracter_out/versions/EXE_13_2025_A/filtlong.version
        
Activating conda environment: ../../../../../miniconda3/envs/hybracter_env/lib/python3.11/site-packages/hybracter/workflow/conda/e29627940fc67a691bea045b2752a205_
Select jobs to execute...
[Thu Mar 26 07:28:36 2026]
Finished jobid: 12 (Rule: filtlong)
4 of 111 steps (4%) done
Execute 1 jobs...
[Thu Mar 26 07:28:36 2026]
localrule lrge:
    input: 11813_EXE_08_2024_A_PBC73729_pass_dtrim_filtlong.fastq.gz
    output: hybracter_out/processing/chrom_size/EXE_08_2024_A_lrge_estimated_chromosome_size.txt
    log: hybracter_out/stderr/lrge/EXE_08_2024_A.log
    jobid: 10
    benchmark: hybracter_out/benchmarks/lrge/EXE_08_2024_A.txt
    reason: Missing output files: hybracter_out/processing/chrom_size/EXE_08_2024_A_lrge_estimated_chromosome_size.txt
    wildcards: sample=EXE_08_2024_A
    resources: tmpdir=/tmp, mem_mb=4000, mem_mib=3815, mem=4000MB, time=00:00:05
Shell command: 
        if [[ 11813_EXE_08_2024_A_PBC73729_pass_dtrim_filtlong.fastq.gz =~ \.gz$ ]]; then
        INPUT_CMD="zcat 11813_EXE_08_2024_A_PBC73729_pass_dtrim_filtlong.fastq.gz"
        else
        INPUT_CMD="cat 11813_EXE_08_2024_A_PBC73729_pass_dtrim_filtlong.fastq.gz"
        fi

        # Now run the awk command on the decompressed file
        if $INPUT_CMD | awk '{if (NR % 4 == 1) count++} END {exit count > 10000 ? 0 : 1}'; then
            # There are more than 10,000 reads, run lrge with defaults
            lrge -t 1 -s 42 11813_EXE_08_2024_A_PBC73729_pass_dtrim_filtlong.fastq.gz -o hybracter_out/processing/chrom_size/EXE_08_2024_A_lrge_estimated_chromosome_size.txt
        else
            # There are less than 10,000 reads, use the all-vs-all strategy with all available reads
            lrge -t 1 -s 42 -n 10000 11813_EXE_08_2024_A_PBC73729_pass_dtrim_filtlong.fastq.gz -o hybracter_out/processing/chrom_size/EXE_08_2024_A_lrge_estimated_chromosome_size.txt
        fi

        
Activating conda environment: ../../../../../miniconda3/envs/hybracter_env/lib/python3.11/site-packages/hybracter/workflow/conda/c13c3001710609a2a1e73bf988308794_
Select jobs to execute...
[Thu Mar 26 07:29:00 2026]
Finished jobid: 10 (Rule: lrge)
5 of 111 steps (5%) done
Execute 1 jobs...
[Thu Mar 26 07:29:00 2026]
localrule filtlong:
    input: 11813_EXE_08_2024_A_PBC73729_pass_dtrim_filtlong.fastq.gz, hybracter_out/processing/chrom_size/EXE_08_2024_A_lrge_estimated_chromosome_size.txt
    output: hybracter_out/processing/qc/EXE_08_2024_A_filt.fastq.gz, hybracter_out/versions/EXE_08_2024_A/filtlong.version
    log: hybracter_out/stderr/filtlong/EXE_08_2024_A.log
    jobid: 9
    benchmark: hybracter_out/benchmarks/filtlong/EXE_08_2024_A.txt
    reason: Missing output files: hybracter_out/versions/EXE_08_2024_A/filtlong.version, hybracter_out/processing/qc/EXE_08_2024_A_filt.fastq.gz; Input files updated by another job: hybracter_out/processing/chrom_size/EXE_08_2024_A_lrge_estimated_chromosome_size.txt
    wildcards: sample=EXE_08_2024_A
    resources: tmpdir=/tmp, mem_mb=16000, mem_mib=15259, mem=16000MB, time=08:00:00
Shell command: 
        filtlong --target_bases 280000000 --min_mean_q 9 --min_length 1000 11813_EXE_08_2024_A_PBC73729_pass_dtrim_filtlong.fastq.gz | pigz > hybracter_out/processing/qc/EXE_08_2024_A_filt.fastq.gz 2> hybracter_out/stderr/filtlong/EXE_08_2024_A.log
        filtlong --version > hybracter_out/versions/EXE_08_2024_A/filtlong.version
        
Activating conda environment: ../../../../../miniconda3/envs/hybracter_env/lib/python3.11/site-packages/hybracter/workflow/conda/e29627940fc67a691bea045b2752a205_
Select jobs to execute...
[Thu Mar 26 07:29:20 2026]
Finished jobid: 9 (Rule: filtlong)
6 of 111 steps (5%) done
Execute 1 jobs...
[Thu Mar 26 07:29:20 2026]
localrule lrge:
    input: 11813_EXE_33_2024_E_PBC73729_pass_dtrim_filtlong.fastq.gz
    output: hybracter_out/processing/chrom_size/EXE_33_2024_E_lrge_estimated_chromosome_size.txt
    log: hybracter_out/stderr/lrge/EXE_33_2024_E.log
    jobid: 28
    benchmark: hybracter_out/benchmarks/lrge/EXE_33_2024_E.txt
    reason: Missing output files: hybracter_out/processing/chrom_size/EXE_33_2024_E_lrge_estimated_chromosome_size.txt
    wildcards: sample=EXE_33_2024_E
    resources: tmpdir=/tmp, mem_mb=4000, mem_mib=3815, mem=4000MB, time=00:00:05
Shell command: 
        if [[ 11813_EXE_33_2024_E_PBC73729_pass_dtrim_filtlong.fastq.gz =~ \.gz$ ]]; then
        INPUT_CMD="zcat 11813_EXE_33_2024_E_PBC73729_pass_dtrim_filtlong.fastq.gz"
        else
        INPUT_CMD="cat 11813_EXE_33_2024_E_PBC73729_pass_dtrim_filtlong.fastq.gz"
        fi

        # Now run the awk command on the decompressed file
        if $INPUT_CMD | awk '{if (NR % 4 == 1) count++} END {exit count > 10000 ? 0 : 1}'; then
            # There are more than 10,000 reads, run lrge with defaults
            lrge -t 1 -s 42 11813_EXE_33_2024_E_PBC73729_pass_dtrim_filtlong.fastq.gz -o hybracter_out/processing/chrom_size/EXE_33_2024_E_lrge_estimated_chromosome_size.txt
        else
            # There are less than 10,000 reads, use the all-vs-all strategy with all available reads
            lrge -t 1 -s 42 -n 10000 11813_EXE_33_2024_E_PBC73729_pass_dtrim_filtlong.fastq.gz -o hybracter_out/processing/chrom_size/EXE_33_2024_E_lrge_estimated_chromosome_size.txt
        fi

        
Activating conda environment: ../../../../../miniconda3/envs/hybracter_env/lib/python3.11/site-packages/hybracter/workflow/conda/c13c3001710609a2a1e73bf988308794_
Select jobs to execute...
[Thu Mar 26 07:29:57 2026]
Finished jobid: 28 (Rule: lrge)
7 of 111 steps (6%) done
Execute 1 jobs...
[Thu Mar 26 07:29:57 2026]
localrule filtlong:
    input: 11813_EXE_33_2024_E_PBC73729_pass_dtrim_filtlong.fastq.gz, hybracter_out/processing/chrom_size/EXE_33_2024_E_lrge_estimated_chromosome_size.txt
    output: hybracter_out/processing/qc/EXE_33_2024_E_filt.fastq.gz, hybracter_out/versions/EXE_33_2024_E/filtlong.version
    log: hybracter_out/stderr/filtlong/EXE_33_2024_E.log
    jobid: 27
    benchmark: hybracter_out/benchmarks/filtlong/EXE_33_2024_E.txt
    reason: Missing output files: hybracter_out/processing/qc/EXE_33_2024_E_filt.fastq.gz, hybracter_out/versions/EXE_33_2024_E/filtlong.version; Input files updated by another job: hybracter_out/processing/chrom_size/EXE_33_2024_E_lrge_estimated_chromosome_size.txt
    wildcards: sample=EXE_33_2024_E
    resources: tmpdir=/tmp, mem_mb=16000, mem_mib=15259, mem=16000MB, time=08:00:00
Shell command: 
        filtlong --target_bases 280000000 --min_mean_q 9 --min_length 1000 11813_EXE_33_2024_E_PBC73729_pass_dtrim_filtlong.fastq.gz | pigz > hybracter_out/processing/qc/EXE_33_2024_E_filt.fastq.gz 2> hybracter_out/stderr/filtlong/EXE_33_2024_E.log
        filtlong --version > hybracter_out/versions/EXE_33_2024_E/filtlong.version
        
Activating conda environment: ../../../../../miniconda3/envs/hybracter_env/lib/python3.11/site-packages/hybracter/workflow/conda/e29627940fc67a691bea045b2752a205_
Select jobs to execute...
[Thu Mar 26 07:30:15 2026]
Finished jobid: 27 (Rule: filtlong)
8 of 111 steps (7%) done
Execute 1 jobs...
[Thu Mar 26 07:30:15 2026]
localrule porechop_abi:
    input: hybracter_out/processing/qc/EXE_08_2024_A_filt.fastq.gz
    output: hybracter_out/processing/qc/EXE_08_2024_A_filt_trim.fastq.gz, hybracter_out/versions/EXE_08_2024_A/porechop.version
    log: hybracter_out/stderr/porechop/EXE_08_2024_A.log
    jobid: 8
    benchmark: hybracter_out/benchmarks/porechop/EXE_08_2024_A.txt
    reason: Missing output files: hybracter_out/versions/EXE_08_2024_A/porechop.version, hybracter_out/processing/qc/EXE_08_2024_A_filt_trim.fastq.gz; Input files updated by another job: hybracter_out/processing/qc/EXE_08_2024_A_filt.fastq.gz
    wildcards: sample=EXE_08_2024_A
    resources: tmpdir=/tmp, mem_mb=16000, mem_mib=15259, mem=16000MB, time=08:00:00
Shell command: 
        porechop_abi -i hybracter_out/processing/qc/EXE_08_2024_A_filt.fastq.gz  -o hybracter_out/processing/qc/EXE_08_2024_A_filt_trim.fastq.gz -t 1 --discard_middle 2> hybracter_out/stderr/porechop/EXE_08_2024_A.log
        porechop_abi --version > hybracter_out/versions/EXE_08_2024_A/porechop.version
        
Activating conda environment: ../../../../../miniconda3/envs/hybracter_env/lib/python3.11/site-packages/hybracter/workflow/conda/9e6a12a596af867d599204110ec25f2a_
Select jobs to execute...
[Thu Mar 26 07:38:38 2026]
Finished jobid: 8 (Rule: porechop_abi)
9 of 111 steps (8%) done
Execute 1 jobs...
[Thu Mar 26 07:38:38 2026]
localrule porechop_abi:
    input: hybracter_out/processing/qc/EXE_03_2025_A_filt.fastq.gz
    output: hybracter_out/processing/qc/EXE_03_2025_A_filt_trim.fastq.gz, hybracter_out/versions/EXE_03_2025_A/porechop.version
    log: hybracter_out/stderr/porechop/EXE_03_2025_A.log
    jobid: 5
    benchmark: hybracter_out/benchmarks/porechop/EXE_03_2025_A.txt
    reason: Missing output files: hybracter_out/processing/qc/EXE_03_2025_A_filt_trim.fastq.gz, hybracter_out/versions/EXE_03_2025_A/porechop.version; Input files updated by another job: hybracter_out/processing/qc/EXE_03_2025_A_filt.fastq.gz
    wildcards: sample=EXE_03_2025_A
    resources: tmpdir=/tmp, mem_mb=16000, mem_mib=15259, mem=16000MB, time=08:00:00
Shell command: 
        porechop_abi -i hybracter_out/processing/qc/EXE_03_2025_A_filt.fastq.gz  -o hybracter_out/processing/qc/EXE_03_2025_A_filt_trim.fastq.gz -t 1 --discard_middle 2> hybracter_out/stderr/porechop/EXE_03_2025_A.log
        porechop_abi --version > hybracter_out/versions/EXE_03_2025_A/porechop.version
        
Activating conda environment: ../../../../../miniconda3/envs/hybracter_env/lib/python3.11/site-packages/hybracter/workflow/conda/9e6a12a596af867d599204110ec25f2a_
Select jobs to execute...
[Thu Mar 26 07:51:39 2026]
Finished jobid: 5 (Rule: porechop_abi)
10 of 111 steps (9%) done
Execute 1 jobs...
[Thu Mar 26 07:51:39 2026]
localrule porechop_abi:
    input: hybracter_out/processing/qc/EXE_13_2025_A_filt.fastq.gz
    output: hybracter_out/processing/qc/EXE_13_2025_A_filt_trim.fastq.gz, hybracter_out/versions/EXE_13_2025_A/porechop.version
    log: hybracter_out/stderr/porechop/EXE_13_2025_A.log
    jobid: 11
    benchmark: hybracter_out/benchmarks/porechop/EXE_13_2025_A.txt
    reason: Missing output files: hybracter_out/processing/qc/EXE_13_2025_A_filt_trim.fastq.gz, hybracter_out/versions/EXE_13_2025_A/porechop.version; Input files updated by another job: hybracter_out/processing/qc/EXE_13_2025_A_filt.fastq.gz
    wildcards: sample=EXE_13_2025_A
    resources: tmpdir=/tmp, mem_mb=16000, mem_mib=15259, mem=16000MB, time=08:00:00
Shell command: 
        porechop_abi -i hybracter_out/processing/qc/EXE_13_2025_A_filt.fastq.gz  -o hybracter_out/processing/qc/EXE_13_2025_A_filt_trim.fastq.gz -t 1 --discard_middle 2> hybracter_out/stderr/porechop/EXE_13_2025_A.log
        porechop_abi --version > hybracter_out/versions/EXE_13_2025_A/porechop.version
        
Activating conda environment: ../../../../../miniconda3/envs/hybracter_env/lib/python3.11/site-packages/hybracter/workflow/conda/9e6a12a596af867d599204110ec25f2a_
Select jobs to execute...
[Thu Mar 26 08:00:01 2026]
Finished jobid: 11 (Rule: porechop_abi)
11 of 111 steps (10%) done
Execute 1 jobs...
[Thu Mar 26 08:00:01 2026]
localrule porechop_abi:
    input: hybracter_out/processing/qc/EXE_33_2024_E_filt.fastq.gz
    output: hybracter_out/processing/qc/EXE_33_2024_E_filt_trim.fastq.gz, hybracter_out/versions/EXE_33_2024_E/porechop.version
    log: hybracter_out/stderr/porechop/EXE_33_2024_E.log
    jobid: 26
    benchmark: hybracter_out/benchmarks/porechop/EXE_33_2024_E.txt
    reason: Missing output files: hybracter_out/processing/qc/EXE_33_2024_E_filt_trim.fastq.gz, hybracter_out/versions/EXE_33_2024_E/porechop.version; Input files updated by another job: hybracter_out/processing/qc/EXE_33_2024_E_filt.fastq.gz
    wildcards: sample=EXE_33_2024_E
    resources: tmpdir=/tmp, mem_mb=16000, mem_mib=15259, mem=16000MB, time=08:00:00
Shell command: 
        porechop_abi -i hybracter_out/processing/qc/EXE_33_2024_E_filt.fastq.gz  -o hybracter_out/processing/qc/EXE_33_2024_E_filt_trim.fastq.gz -t 1 --discard_middle 2> hybracter_out/stderr/porechop/EXE_33_2024_E.log
        porechop_abi --version > hybracter_out/versions/EXE_33_2024_E/porechop.version
        
Activating conda environment: ../../../../../miniconda3/envs/hybracter_env/lib/python3.11/site-packages/hybracter/workflow/conda/9e6a12a596af867d599204110ec25f2a_
Select jobs to execute...
[Thu Mar 26 08:08:18 2026]
Finished jobid: 26 (Rule: porechop_abi)
12 of 111 steps (11%) done
Execute 1 jobs...
[Thu Mar 26 08:08:18 2026]
localrule run_seqkit_long:
    input: hybracter_out/processing/qc/EXE_08_2024_A_filt_trim.fastq.gz
    output: hybracter_out/processing/qc/seqkit/EXE_08_2024_A_long.txt
    log: hybracter_out/stderr/seqkit/EXE_08_2024_A_long.log
    jobid: 32
    benchmark: hybracter_out/benchmarks/seqkit/EXE_08_2024_A_long.txt
    reason: Missing output files: hybracter_out/processing/qc/seqkit/EXE_08_2024_A_long.txt; Input files updated by another job: hybracter_out/processing/qc/EXE_08_2024_A_filt_trim.fastq.gz
    wildcards: sample=EXE_08_2024_A
    resources: tmpdir=/tmp, mem_mb=4000, mem_mib=3815, mem=4000MB, time=00:00:05
Shell command: 
        seqkit stats hybracter_out/processing/qc/EXE_08_2024_A_filt_trim.fastq.gz -T -N 50 -N 90 > hybracter_out/processing/qc/seqkit/EXE_08_2024_A_long.txt
        
Activating conda environment: ../../../../../miniconda3/envs/hybracter_env/lib/python3.11/site-packages/hybracter/workflow/conda/a8fea94bb79190b87077380117f14d7d_
Select jobs to execute...
[Thu Mar 26 08:08:23 2026]
Finished jobid: 32 (Rule: run_seqkit_long)
13 of 111 steps (12%) done
Execute 1 jobs...
[Thu Mar 26 08:08:23 2026]
localrule run_seqkit_long:
    input: hybracter_out/processing/qc/EXE_13_2025_A_filt_trim.fastq.gz
    output: hybracter_out/processing/qc/seqkit/EXE_13_2025_A_long.txt
    log: hybracter_out/stderr/seqkit/EXE_13_2025_A_long.log
    jobid: 33
    benchmark: hybracter_out/benchmarks/seqkit/EXE_13_2025_A_long.txt
    reason: Missing output files: hybracter_out/processing/qc/seqkit/EXE_13_2025_A_long.txt; Input files updated by another job: hybracter_out/processing/qc/EXE_13_2025_A_filt_trim.fastq.gz
    wildcards: sample=EXE_13_2025_A
    resources: tmpdir=/tmp, mem_mb=4000, mem_mib=3815, mem=4000MB, time=00:00:05
Shell command: 
        seqkit stats hybracter_out/processing/qc/EXE_13_2025_A_filt_trim.fastq.gz -T -N 50 -N 90 > hybracter_out/processing/qc/seqkit/EXE_13_2025_A_long.txt
        
Activating conda environment: ../../../../../miniconda3/envs/hybracter_env/lib/python3.11/site-packages/hybracter/workflow/conda/a8fea94bb79190b87077380117f14d7d_
Select jobs to execute...
[Thu Mar 26 08:08:29 2026]
Finished jobid: 33 (Rule: run_seqkit_long)
14 of 111 steps (13%) done
Execute 1 jobs...
[Thu Mar 26 08:08:29 2026]
localrule run_seqkit_long:
    input: hybracter_out/processing/qc/EXE_03_2025_A_filt_trim.fastq.gz
    output: hybracter_out/processing/qc/seqkit/EXE_03_2025_A_long.txt
    log: hybracter_out/stderr/seqkit/EXE_03_2025_A_long.log
    jobid: 31
    benchmark: hybracter_out/benchmarks/seqkit/EXE_03_2025_A_long.txt
    reason: Missing output files: hybracter_out/processing/qc/seqkit/EXE_03_2025_A_long.txt; Input files updated by another job: hybracter_out/processing/qc/EXE_03_2025_A_filt_trim.fastq.gz
    wildcards: sample=EXE_03_2025_A
    resources: tmpdir=/tmp, mem_mb=4000, mem_mib=3815, mem=4000MB, time=00:00:05
Shell command: 
        seqkit stats hybracter_out/processing/qc/EXE_03_2025_A_filt_trim.fastq.gz -T -N 50 -N 90 > hybracter_out/processing/qc/seqkit/EXE_03_2025_A_long.txt
        
Activating conda environment: ../../../../../miniconda3/envs/hybracter_env/lib/python3.11/site-packages/hybracter/workflow/conda/a8fea94bb79190b87077380117f14d7d_
Select jobs to execute...
[Thu Mar 26 08:08:34 2026]
Finished jobid: 31 (Rule: run_seqkit_long)
15 of 111 steps (14%) done
Execute 1 jobs...
[Thu Mar 26 08:08:34 2026]
localrule lrge:
    input: 11813_EXE_20_2025_B_PBC73729_pass_dtrim_filtlong.fastq.gz
    output: hybracter_out/processing/chrom_size/EXE_20_2025_B_lrge_estimated_chromosome_size.txt
    log: hybracter_out/stderr/lrge/EXE_20_2025_B.log
    jobid: 16
    benchmark: hybracter_out/benchmarks/lrge/EXE_20_2025_B.txt
    reason: Missing output files: hybracter_out/processing/chrom_size/EXE_20_2025_B_lrge_estimated_chromosome_size.txt
    wildcards: sample=EXE_20_2025_B
    resources: tmpdir=/tmp, mem_mb=4000, mem_mib=3815, mem=4000MB, time=00:00:05
Shell command: 
        if [[ 11813_EXE_20_2025_B_PBC73729_pass_dtrim_filtlong.fastq.gz =~ \.gz$ ]]; then
        INPUT_CMD="zcat 11813_EXE_20_2025_B_PBC73729_pass_dtrim_filtlong.fastq.gz"
        else
        INPUT_CMD="cat 11813_EXE_20_2025_B_PBC73729_pass_dtrim_filtlong.fastq.gz"
        fi

        # Now run the awk command on the decompressed file
        if $INPUT_CMD | awk '{if (NR % 4 == 1) count++} END {exit count > 10000 ? 0 : 1}'; then
            # There are more than 10,000 reads, run lrge with defaults
            lrge -t 1 -s 42 11813_EXE_20_2025_B_PBC73729_pass_dtrim_filtlong.fastq.gz -o hybracter_out/processing/chrom_size/EXE_20_2025_B_lrge_estimated_chromosome_size.txt
        else
            # There are less than 10,000 reads, use the all-vs-all strategy with all available reads
            lrge -t 1 -s 42 -n 10000 11813_EXE_20_2025_B_PBC73729_pass_dtrim_filtlong.fastq.gz -o hybracter_out/processing/chrom_size/EXE_20_2025_B_lrge_estimated_chromosome_size.txt
        fi

        
Activating conda environment: ../../../../../miniconda3/envs/hybracter_env/lib/python3.11/site-packages/hybracter/workflow/conda/c13c3001710609a2a1e73bf988308794_
Select jobs to execute...
[Thu Mar 26 08:08:52 2026]
Finished jobid: 16 (Rule: lrge)
16 of 111 steps (14%) done
Execute 1 jobs...
[Thu Mar 26 08:08:52 2026]
localrule filtlong:
    input: 11813_EXE_20_2025_B_PBC73729_pass_dtrim_filtlong.fastq.gz, hybracter_out/processing/chrom_size/EXE_20_2025_B_lrge_estimated_chromosome_size.txt
    output: hybracter_out/processing/qc/EXE_20_2025_B_filt.fastq.gz, hybracter_out/versions/EXE_20_2025_B/filtlong.version
    log: hybracter_out/stderr/filtlong/EXE_20_2025_B.log
    jobid: 15
    benchmark: hybracter_out/benchmarks/filtlong/EXE_20_2025_B.txt
    reason: Missing output files: hybracter_out/processing/qc/EXE_20_2025_B_filt.fastq.gz, hybracter_out/versions/EXE_20_2025_B/filtlong.version; Input files updated by another job: hybracter_out/processing/chrom_size/EXE_20_2025_B_lrge_estimated_chromosome_size.txt
    wildcards: sample=EXE_20_2025_B
    resources: tmpdir=/tmp, mem_mb=16000, mem_mib=15259, mem=16000MB, time=08:00:00
Shell command: 
        filtlong --target_bases 280000000 --min_mean_q 9 --min_length 1000 11813_EXE_20_2025_B_PBC73729_pass_dtrim_filtlong.fastq.gz | pigz > hybracter_out/processing/qc/EXE_20_2025_B_filt.fastq.gz 2> hybracter_out/stderr/filtlong/EXE_20_2025_B.log
        filtlong --version > hybracter_out/versions/EXE_20_2025_B/filtlong.version
        
Activating conda environment: ../../../../../miniconda3/envs/hybracter_env/lib/python3.11/site-packages/hybracter/workflow/conda/e29627940fc67a691bea045b2752a205_
Select jobs to execute...
[Thu Mar 26 08:09:07 2026]
Finished jobid: 15 (Rule: filtlong)
17 of 111 steps (15%) done
Execute 1 jobs...
[Thu Mar 26 08:09:07 2026]
localrule run_seqkit_long:
    input: hybracter_out/processing/qc/EXE_33_2024_E_filt_trim.fastq.gz
    output: hybracter_out/processing/qc/seqkit/EXE_33_2024_E_long.txt
    log: hybracter_out/stderr/seqkit/EXE_33_2024_E_long.log
    jobid: 38
    benchmark: hybracter_out/benchmarks/seqkit/EXE_33_2024_E_long.txt
    reason: Missing output files: hybracter_out/processing/qc/seqkit/EXE_33_2024_E_long.txt; Input files updated by another job: hybracter_out/processing/qc/EXE_33_2024_E_filt_trim.fastq.gz
    wildcards: sample=EXE_33_2024_E
    resources: tmpdir=/tmp, mem_mb=4000, mem_mib=3815, mem=4000MB, time=00:00:05
Shell command: 
        seqkit stats hybracter_out/processing/qc/EXE_33_2024_E_filt_trim.fastq.gz -T -N 50 -N 90 > hybracter_out/processing/qc/seqkit/EXE_33_2024_E_long.txt
        
Activating conda environment: ../../../../../miniconda3/envs/hybracter_env/lib/python3.11/site-packages/hybracter/workflow/conda/a8fea94bb79190b87077380117f14d7d_
Select jobs to execute...
[Thu Mar 26 08:09:13 2026]
Finished jobid: 38 (Rule: run_seqkit_long)
18 of 111 steps (16%) done
Execute 1 jobs...
[Thu Mar 26 08:09:13 2026]
localrule lrge:
    input: 11813_EXE_01_2025_M_PBC73729_pass_dtrim_filtlong.fastq.gz
    output: hybracter_out/processing/chrom_size/EXE_01_2025_M_lrge_estimated_chromosome_size.txt
    log: hybracter_out/stderr/lrge/EXE_01_2025_M.log
    jobid: 4
    benchmark: hybracter_out/benchmarks/lrge/EXE_01_2025_M.txt
    reason: Missing output files: hybracter_out/processing/chrom_size/EXE_01_2025_M_lrge_estimated_chromosome_size.txt
    wildcards: sample=EXE_01_2025_M
    resources: tmpdir=/tmp, mem_mb=4000, mem_mib=3815, mem=4000MB, time=00:00:05
Shell command: 
        if [[ 11813_EXE_01_2025_M_PBC73729_pass_dtrim_filtlong.fastq.gz =~ \.gz$ ]]; then
        INPUT_CMD="zcat 11813_EXE_01_2025_M_PBC73729_pass_dtrim_filtlong.fastq.gz"
        else
        INPUT_CMD="cat 11813_EXE_01_2025_M_PBC73729_pass_dtrim_filtlong.fastq.gz"
        fi

        # Now run the awk command on the decompressed file
        if $INPUT_CMD | awk '{if (NR % 4 == 1) count++} END {exit count > 10000 ? 0 : 1}'; then
            # There are more than 10,000 reads, run lrge with defaults
            lrge -t 1 -s 42 11813_EXE_01_2025_M_PBC73729_pass_dtrim_filtlong.fastq.gz -o hybracter_out/processing/chrom_size/EXE_01_2025_M_lrge_estimated_chromosome_size.txt
        else
            # There are less than 10,000 reads, use the all-vs-all strategy with all available reads
            lrge -t 1 -s 42 -n 10000 11813_EXE_01_2025_M_PBC73729_pass_dtrim_filtlong.fastq.gz -o hybracter_out/processing/chrom_size/EXE_01_2025_M_lrge_estimated_chromosome_size.txt
        fi

        
Activating conda environment: ../../../../../miniconda3/envs/hybracter_env/lib/python3.11/site-packages/hybracter/workflow/conda/c13c3001710609a2a1e73bf988308794_
Select jobs to execute...
[Thu Mar 26 08:11:22 2026]
Finished jobid: 4 (Rule: lrge)
19 of 111 steps (17%) done
Execute 1 jobs...
[Thu Mar 26 08:11:22 2026]
localrule filtlong:
    input: 11813_EXE_01_2025_M_PBC73729_pass_dtrim_filtlong.fastq.gz, hybracter_out/processing/chrom_size/EXE_01_2025_M_lrge_estimated_chromosome_size.txt
    output: hybracter_out/processing/qc/EXE_01_2025_M_filt.fastq.gz, hybracter_out/versions/EXE_01_2025_M/filtlong.version
    log: hybracter_out/stderr/filtlong/EXE_01_2025_M.log
    jobid: 3
    benchmark: hybracter_out/benchmarks/filtlong/EXE_01_2025_M.txt
    reason: Missing output files: hybracter_out/versions/EXE_01_2025_M/filtlong.version, hybracter_out/processing/qc/EXE_01_2025_M_filt.fastq.gz; Input files updated by another job: hybracter_out/processing/chrom_size/EXE_01_2025_M_lrge_estimated_chromosome_size.txt
    wildcards: sample=EXE_01_2025_M
    resources: tmpdir=/tmp, mem_mb=16000, mem_mib=15259, mem=16000MB, time=08:00:00
Shell command: 
        filtlong --target_bases 280000000 --min_mean_q 9 --min_length 1000 11813_EXE_01_2025_M_PBC73729_pass_dtrim_filtlong.fastq.gz | pigz > hybracter_out/processing/qc/EXE_01_2025_M_filt.fastq.gz 2> hybracter_out/stderr/filtlong/EXE_01_2025_M.log
        filtlong --version > hybracter_out/versions/EXE_01_2025_M/filtlong.version
        
Activating conda environment: ../../../../../miniconda3/envs/hybracter_env/lib/python3.11/site-packages/hybracter/workflow/conda/e29627940fc67a691bea045b2752a205_
Select jobs to execute...
[Thu Mar 26 08:11:36 2026]
Finished jobid: 3 (Rule: filtlong)
20 of 111 steps (18%) done
Execute 1 jobs...
[Thu Mar 26 08:11:36 2026]
localrule lrge:
    input: 11813_EXE_32_2024_G_PBC73729_pass_dtrim_filtlong.fastq.gz
    output: hybracter_out/processing/chrom_size/EXE_32_2024_G_lrge_estimated_chromosome_size.txt
    log: hybracter_out/stderr/lrge/EXE_32_2024_G.log
    jobid: 25
    benchmark: hybracter_out/benchmarks/lrge/EXE_32_2024_G.txt
    reason: Missing output files: hybracter_out/processing/chrom_size/EXE_32_2024_G_lrge_estimated_chromosome_size.txt
    wildcards: sample=EXE_32_2024_G
    resources: tmpdir=/tmp, mem_mb=4000, mem_mib=3815, mem=4000MB, time=00:00:05
Shell command: 
        if [[ 11813_EXE_32_2024_G_PBC73729_pass_dtrim_filtlong.fastq.gz =~ \.gz$ ]]; then
        INPUT_CMD="zcat 11813_EXE_32_2024_G_PBC73729_pass_dtrim_filtlong.fastq.gz"
        else
        INPUT_CMD="cat 11813_EXE_32_2024_G_PBC73729_pass_dtrim_filtlong.fastq.gz"
        fi

        # Now run the awk command on the decompressed file
        if $INPUT_CMD | awk '{if (NR % 4 == 1) count++} END {exit count > 10000 ? 0 : 1}'; then
            # There are more than 10,000 reads, run lrge with defaults
            lrge -t 1 -s 42 11813_EXE_32_2024_G_PBC73729_pass_dtrim_filtlong.fastq.gz -o hybracter_out/processing/chrom_size/EXE_32_2024_G_lrge_estimated_chromosome_size.txt
        else
            # There are less than 10,000 reads, use the all-vs-all strategy with all available reads
            lrge -t 1 -s 42 -n 10000 11813_EXE_32_2024_G_PBC73729_pass_dtrim_filtlong.fastq.gz -o hybracter_out/processing/chrom_size/EXE_32_2024_G_lrge_estimated_chromosome_size.txt
        fi

        
Activating conda environment: ../../../../../miniconda3/envs/hybracter_env/lib/python3.11/site-packages/hybracter/workflow/conda/c13c3001710609a2a1e73bf988308794_
Select jobs to execute...
[Thu Mar 26 08:11:50 2026]
Finished jobid: 25 (Rule: lrge)
21 of 111 steps (19%) done
Execute 1 jobs...
[Thu Mar 26 08:11:50 2026]
localrule filtlong:
    input: 11813_EXE_32_2024_G_PBC73729_pass_dtrim_filtlong.fastq.gz, hybracter_out/processing/chrom_size/EXE_32_2024_G_lrge_estimated_chromosome_size.txt
    output: hybracter_out/processing/qc/EXE_32_2024_G_filt.fastq.gz, hybracter_out/versions/EXE_32_2024_G/filtlong.version
    log: hybracter_out/stderr/filtlong/EXE_32_2024_G.log
    jobid: 24
    benchmark: hybracter_out/benchmarks/filtlong/EXE_32_2024_G.txt
    reason: Missing output files: hybracter_out/processing/qc/EXE_32_2024_G_filt.fastq.gz, hybracter_out/versions/EXE_32_2024_G/filtlong.version; Input files updated by another job: hybracter_out/processing/chrom_size/EXE_32_2024_G_lrge_estimated_chromosome_size.txt
    wildcards: sample=EXE_32_2024_G
    resources: tmpdir=/tmp, mem_mb=16000, mem_mib=15259, mem=16000MB, time=08:00:00
Shell command: 
        filtlong --target_bases 280000000 --min_mean_q 9 --min_length 1000 11813_EXE_32_2024_G_PBC73729_pass_dtrim_filtlong.fastq.gz | pigz > hybracter_out/processing/qc/EXE_32_2024_G_filt.fastq.gz 2> hybracter_out/stderr/filtlong/EXE_32_2024_G.log
        filtlong --version > hybracter_out/versions/EXE_32_2024_G/filtlong.version
        
Activating conda environment: ../../../../../miniconda3/envs/hybracter_env/lib/python3.11/site-packages/hybracter/workflow/conda/e29627940fc67a691bea045b2752a205_
Select jobs to execute...
[Thu Mar 26 08:12:04 2026]
Finished jobid: 24 (Rule: filtlong)
22 of 111 steps (20%) done
Execute 1 jobs...
[Thu Mar 26 08:12:04 2026]
localrule porechop_abi:
    input: hybracter_out/processing/qc/EXE_01_2025_M_filt.fastq.gz
    output: hybracter_out/processing/qc/EXE_01_2025_M_filt_trim.fastq.gz, hybracter_out/versions/EXE_01_2025_M/porechop.version
    log: hybracter_out/stderr/porechop/EXE_01_2025_M.log
    jobid: 2
    benchmark: hybracter_out/benchmarks/porechop/EXE_01_2025_M.txt
    reason: Missing output files: hybracter_out/versions/EXE_01_2025_M/porechop.version, hybracter_out/processing/qc/EXE_01_2025_M_filt_trim.fastq.gz; Input files updated by another job: hybracter_out/processing/qc/EXE_01_2025_M_filt.fastq.gz
    wildcards: sample=EXE_01_2025_M
    resources: tmpdir=/tmp, mem_mb=16000, mem_mib=15259, mem=16000MB, time=08:00:00
Shell command: 
        porechop_abi -i hybracter_out/processing/qc/EXE_01_2025_M_filt.fastq.gz  -o hybracter_out/processing/qc/EXE_01_2025_M_filt_trim.fastq.gz -t 1 --discard_middle 2> hybracter_out/stderr/porechop/EXE_01_2025_M.log
        porechop_abi --version > hybracter_out/versions/EXE_01_2025_M/porechop.version
        
Activating conda environment: ../../../../../miniconda3/envs/hybracter_env/lib/python3.11/site-packages/hybracter/workflow/conda/9e6a12a596af867d599204110ec25f2a_
Select jobs to execute...
[Thu Mar 26 08:19:36 2026]
Finished jobid: 2 (Rule: porechop_abi)
23 of 111 steps (21%) done
Execute 1 jobs...
[Thu Mar 26 08:19:36 2026]
localrule run_seqkit_long:
    input: hybracter_out/processing/qc/EXE_01_2025_M_filt_trim.fastq.gz
    output: hybracter_out/processing/qc/seqkit/EXE_01_2025_M_long.txt
    log: hybracter_out/stderr/seqkit/EXE_01_2025_M_long.log
    jobid: 30
    benchmark: hybracter_out/benchmarks/seqkit/EXE_01_2025_M_long.txt
    reason: Missing output files: hybracter_out/processing/qc/seqkit/EXE_01_2025_M_long.txt; Input files updated by another job: hybracter_out/processing/qc/EXE_01_2025_M_filt_trim.fastq.gz
    wildcards: sample=EXE_01_2025_M
    resources: tmpdir=/tmp, mem_mb=4000, mem_mib=3815, mem=4000MB, time=00:00:05
Shell command: 
        seqkit stats hybracter_out/processing/qc/EXE_01_2025_M_filt_trim.fastq.gz -T -N 50 -N 90 > hybracter_out/processing/qc/seqkit/EXE_01_2025_M_long.txt
        
Activating conda environment: ../../../../../miniconda3/envs/hybracter_env/lib/python3.11/site-packages/hybracter/workflow/conda/a8fea94bb79190b87077380117f14d7d_
Select jobs to execute...
[Thu Mar 26 08:19:41 2026]
Finished jobid: 30 (Rule: run_seqkit_long)
24 of 111 steps (22%) done
Execute 1 jobs...
[Thu Mar 26 08:19:41 2026]
localrule porechop_abi:
    input: hybracter_out/processing/qc/EXE_20_2025_B_filt.fastq.gz
    output: hybracter_out/processing/qc/EXE_20_2025_B_filt_trim.fastq.gz, hybracter_out/versions/EXE_20_2025_B/porechop.version
    log: hybracter_out/stderr/porechop/EXE_20_2025_B.log
    jobid: 14
    benchmark: hybracter_out/benchmarks/porechop/EXE_20_2025_B.txt
    reason: Missing output files: hybracter_out/processing/qc/EXE_20_2025_B_filt_trim.fastq.gz, hybracter_out/versions/EXE_20_2025_B/porechop.version; Input files updated by another job: hybracter_out/processing/qc/EXE_20_2025_B_filt.fastq.gz
    wildcards: sample=EXE_20_2025_B
    resources: tmpdir=/tmp, mem_mb=16000, mem_mib=15259, mem=16000MB, time=08:00:00
Shell command: 
        porechop_abi -i hybracter_out/processing/qc/EXE_20_2025_B_filt.fastq.gz  -o hybracter_out/processing/qc/EXE_20_2025_B_filt_trim.fastq.gz -t 1 --discard_middle 2> hybracter_out/stderr/porechop/EXE_20_2025_B.log
        porechop_abi --version > hybracter_out/versions/EXE_20_2025_B/porechop.version
        
Activating conda environment: ../../../../../miniconda3/envs/hybracter_env/lib/python3.11/site-packages/hybracter/workflow/conda/9e6a12a596af867d599204110ec25f2a_
Select jobs to execute...
[Thu Mar 26 08:24:48 2026]
Finished jobid: 14 (Rule: porechop_abi)
25 of 111 steps (23%) done
Execute 1 jobs...
[Thu Mar 26 08:24:48 2026]
localrule run_seqkit_long:
    input: hybracter_out/processing/qc/EXE_20_2025_B_filt_trim.fastq.gz
    output: hybracter_out/processing/qc/seqkit/EXE_20_2025_B_long.txt
    log: hybracter_out/stderr/seqkit/EXE_20_2025_B_long.log
    jobid: 34
    benchmark: hybracter_out/benchmarks/seqkit/EXE_20_2025_B_long.txt
    reason: Missing output files: hybracter_out/processing/qc/seqkit/EXE_20_2025_B_long.txt; Input files updated by another job: hybracter_out/processing/qc/EXE_20_2025_B_filt_trim.fastq.gz
    wildcards: sample=EXE_20_2025_B
    resources: tmpdir=/tmp, mem_mb=4000, mem_mib=3815, mem=4000MB, time=00:00:05
Shell command: 
        seqkit stats hybracter_out/processing/qc/EXE_20_2025_B_filt_trim.fastq.gz -T -N 50 -N 90 > hybracter_out/processing/qc/seqkit/EXE_20_2025_B_long.txt
        
Activating conda environment: ../../../../../miniconda3/envs/hybracter_env/lib/python3.11/site-packages/hybracter/workflow/conda/a8fea94bb79190b87077380117f14d7d_
Select jobs to execute...
[Thu Mar 26 08:24:53 2026]
Finished jobid: 34 (Rule: run_seqkit_long)
26 of 111 steps (23%) done
Execute 1 jobs...
[Thu Mar 26 08:24:53 2026]
localrule lrge:
    input: 11813_EXE_23_2025_L_PBC73729_pass_dtrim_filtlong.fastq.gz
    output: hybracter_out/processing/chrom_size/EXE_23_2025_L_lrge_estimated_chromosome_size.txt
    log: hybracter_out/stderr/lrge/EXE_23_2025_L.log
    jobid: 19
    benchmark: hybracter_out/benchmarks/lrge/EXE_23_2025_L.txt
    reason: Missing output files: hybracter_out/processing/chrom_size/EXE_23_2025_L_lrge_estimated_chromosome_size.txt
    wildcards: sample=EXE_23_2025_L
    resources: tmpdir=/tmp, mem_mb=4000, mem_mib=3815, mem=4000MB, time=00:00:05
Shell command: 
        if [[ 11813_EXE_23_2025_L_PBC73729_pass_dtrim_filtlong.fastq.gz =~ \.gz$ ]]; then
        INPUT_CMD="zcat 11813_EXE_23_2025_L_PBC73729_pass_dtrim_filtlong.fastq.gz"
        else
        INPUT_CMD="cat 11813_EXE_23_2025_L_PBC73729_pass_dtrim_filtlong.fastq.gz"
        fi

        # Now run the awk command on the decompressed file
        if $INPUT_CMD | awk '{if (NR % 4 == 1) count++} END {exit count > 10000 ? 0 : 1}'; then
            # There are more than 10,000 reads, run lrge with defaults
            lrge -t 1 -s 42 11813_EXE_23_2025_L_PBC73729_pass_dtrim_filtlong.fastq.gz -o hybracter_out/processing/chrom_size/EXE_23_2025_L_lrge_estimated_chromosome_size.txt
        else
            # There are less than 10,000 reads, use the all-vs-all strategy with all available reads
            lrge -t 1 -s 42 -n 10000 11813_EXE_23_2025_L_PBC73729_pass_dtrim_filtlong.fastq.gz -o hybracter_out/processing/chrom_size/EXE_23_2025_L_lrge_estimated_chromosome_size.txt
        fi

        
Activating conda environment: ../../../../../miniconda3/envs/hybracter_env/lib/python3.11/site-packages/hybracter/workflow/conda/c13c3001710609a2a1e73bf988308794_
Select jobs to execute...
[Thu Mar 26 08:25:49 2026]
Finished jobid: 19 (Rule: lrge)
27 of 111 steps (24%) done
Execute 1 jobs...
[Thu Mar 26 08:25:49 2026]
localrule filtlong:
    input: 11813_EXE_23_2025_L_PBC73729_pass_dtrim_filtlong.fastq.gz, hybracter_out/processing/chrom_size/EXE_23_2025_L_lrge_estimated_chromosome_size.txt
    output: hybracter_out/processing/qc/EXE_23_2025_L_filt.fastq.gz, hybracter_out/versions/EXE_23_2025_L/filtlong.version
    log: hybracter_out/stderr/filtlong/EXE_23_2025_L.log
    jobid: 18
    benchmark: hybracter_out/benchmarks/filtlong/EXE_23_2025_L.txt
    reason: Missing output files: hybracter_out/versions/EXE_23_2025_L/filtlong.version, hybracter_out/processing/qc/EXE_23_2025_L_filt.fastq.gz; Input files updated by another job: hybracter_out/processing/chrom_size/EXE_23_2025_L_lrge_estimated_chromosome_size.txt
    wildcards: sample=EXE_23_2025_L
    resources: tmpdir=/tmp, mem_mb=16000, mem_mib=15259, mem=16000MB, time=08:00:00
Shell command: 
        filtlong --target_bases 280000000 --min_mean_q 9 --min_length 1000 11813_EXE_23_2025_L_PBC73729_pass_dtrim_filtlong.fastq.gz | pigz > hybracter_out/processing/qc/EXE_23_2025_L_filt.fastq.gz 2> hybracter_out/stderr/filtlong/EXE_23_2025_L.log
        filtlong --version > hybracter_out/versions/EXE_23_2025_L/filtlong.version
        
Activating conda environment: ../../../../../miniconda3/envs/hybracter_env/lib/python3.11/site-packages/hybracter/workflow/conda/e29627940fc67a691bea045b2752a205_
Select jobs to execute...
[Thu Mar 26 08:26:01 2026]
Finished jobid: 18 (Rule: filtlong)
28 of 111 steps (25%) done
Execute 1 jobs...
[Thu Mar 26 08:26:01 2026]
localrule porechop_abi:
    input: hybracter_out/processing/qc/EXE_23_2025_L_filt.fastq.gz
    output: hybracter_out/processing/qc/EXE_23_2025_L_filt_trim.fastq.gz, hybracter_out/versions/EXE_23_2025_L/porechop.version
    log: hybracter_out/stderr/porechop/EXE_23_2025_L.log
    jobid: 17
    benchmark: hybracter_out/benchmarks/porechop/EXE_23_2025_L.txt
    reason: Missing output files: hybracter_out/processing/qc/EXE_23_2025_L_filt_trim.fastq.gz, hybracter_out/versions/EXE_23_2025_L/porechop.version; Input files updated by another job: hybracter_out/processing/qc/EXE_23_2025_L_filt.fastq.gz
    wildcards: sample=EXE_23_2025_L
    resources: tmpdir=/tmp, mem_mb=16000, mem_mib=15259, mem=16000MB, time=08:00:00
Shell command: 
        porechop_abi -i hybracter_out/processing/qc/EXE_23_2025_L_filt.fastq.gz  -o hybracter_out/processing/qc/EXE_23_2025_L_filt_trim.fastq.gz -t 1 --discard_middle 2> hybracter_out/stderr/porechop/EXE_23_2025_L.log
        porechop_abi --version > hybracter_out/versions/EXE_23_2025_L/porechop.version
        
Activating conda environment: ../../../../../miniconda3/envs/hybracter_env/lib/python3.11/site-packages/hybracter/workflow/conda/9e6a12a596af867d599204110ec25f2a_
Select jobs to execute...
[Thu Mar 26 08:33:57 2026]
Finished jobid: 17 (Rule: porechop_abi)
29 of 111 steps (26%) done
Execute 1 jobs...
[Thu Mar 26 08:33:57 2026]
localrule run_seqkit_long:
    input: hybracter_out/processing/qc/EXE_23_2025_L_filt_trim.fastq.gz
    output: hybracter_out/processing/qc/seqkit/EXE_23_2025_L_long.txt
    log: hybracter_out/stderr/seqkit/EXE_23_2025_L_long.log
    jobid: 35
    benchmark: hybracter_out/benchmarks/seqkit/EXE_23_2025_L_long.txt
    reason: Missing output files: hybracter_out/processing/qc/seqkit/EXE_23_2025_L_long.txt; Input files updated by another job: hybracter_out/processing/qc/EXE_23_2025_L_filt_trim.fastq.gz
    wildcards: sample=EXE_23_2025_L
    resources: tmpdir=/tmp, mem_mb=4000, mem_mib=3815, mem=4000MB, time=00:00:05
Shell command: 
        seqkit stats hybracter_out/processing/qc/EXE_23_2025_L_filt_trim.fastq.gz -T -N 50 -N 90 > hybracter_out/processing/qc/seqkit/EXE_23_2025_L_long.txt
        
Activating conda environment: ../../../../../miniconda3/envs/hybracter_env/lib/python3.11/site-packages/hybracter/workflow/conda/a8fea94bb79190b87077380117f14d7d_
Select jobs to execute...
[Thu Mar 26 08:34:01 2026]
Finished jobid: 35 (Rule: run_seqkit_long)
30 of 111 steps (27%) done
Execute 1 jobs...
[Thu Mar 26 08:34:01 2026]
localrule porechop_abi:
    input: hybracter_out/processing/qc/EXE_32_2024_G_filt.fastq.gz
    output: hybracter_out/processing/qc/EXE_32_2024_G_filt_trim.fastq.gz, hybracter_out/versions/EXE_32_2024_G/porechop.version
    log: hybracter_out/stderr/porechop/EXE_32_2024_G.log
    jobid: 23
    benchmark: hybracter_out/benchmarks/porechop/EXE_32_2024_G.txt
    reason: Missing output files: hybracter_out/processing/qc/EXE_32_2024_G_filt_trim.fastq.gz, hybracter_out/versions/EXE_32_2024_G/porechop.version; Input files updated by another job: hybracter_out/processing/qc/EXE_32_2024_G_filt.fastq.gz
    wildcards: sample=EXE_32_2024_G
    resources: tmpdir=/tmp, mem_mb=16000, mem_mib=15259, mem=16000MB, time=08:00:00
Shell command: 
        porechop_abi -i hybracter_out/processing/qc/EXE_32_2024_G_filt.fastq.gz  -o hybracter_out/processing/qc/EXE_32_2024_G_filt_trim.fastq.gz -t 1 --discard_middle 2> hybracter_out/stderr/porechop/EXE_32_2024_G.log
        porechop_abi --version > hybracter_out/versions/EXE_32_2024_G/porechop.version
        
Activating conda environment: ../../../../../miniconda3/envs/hybracter_env/lib/python3.11/site-packages/hybracter/workflow/conda/9e6a12a596af867d599204110ec25f2a_
Select jobs to execute...
[Thu Mar 26 08:41:40 2026]
Finished jobid: 23 (Rule: porechop_abi)
31 of 111 steps (28%) done
Execute 1 jobs...
[Thu Mar 26 08:41:40 2026]
localrule run_seqkit_long:
    input: hybracter_out/processing/qc/EXE_32_2024_G_filt_trim.fastq.gz
    output: hybracter_out/processing/qc/seqkit/EXE_32_2024_G_long.txt
    log: hybracter_out/stderr/seqkit/EXE_32_2024_G_long.log
    jobid: 37
    benchmark: hybracter_out/benchmarks/seqkit/EXE_32_2024_G_long.txt
    reason: Missing output files: hybracter_out/processing/qc/seqkit/EXE_32_2024_G_long.txt; Input files updated by another job: hybracter_out/processing/qc/EXE_32_2024_G_filt_trim.fastq.gz
    wildcards: sample=EXE_32_2024_G
    resources: tmpdir=/tmp, mem_mb=4000, mem_mib=3815, mem=4000MB, time=00:00:05
Shell command: 
        seqkit stats hybracter_out/processing/qc/EXE_32_2024_G_filt_trim.fastq.gz -T -N 50 -N 90 > hybracter_out/processing/qc/seqkit/EXE_32_2024_G_long.txt
        
Activating conda environment: ../../../../../miniconda3/envs/hybracter_env/lib/python3.11/site-packages/hybracter/workflow/conda/a8fea94bb79190b87077380117f14d7d_
Select jobs to execute...
[Thu Mar 26 08:41:43 2026]
Finished jobid: 37 (Rule: run_seqkit_long)
32 of 111 steps (29%) done
Execute 1 jobs...
[Thu Mar 26 08:41:43 2026]
localrule lrge:
    input: 11813_EXE_30_2025_R_PBC73729_pass_dtrim_filtlong.fastq.gz
    output: hybracter_out/processing/chrom_size/EXE_30_2025_R_lrge_estimated_chromosome_size.txt
    log: hybracter_out/stderr/lrge/EXE_30_2025_R.log
    jobid: 22
    benchmark: hybracter_out/benchmarks/lrge/EXE_30_2025_R.txt
    reason: Missing output files: hybracter_out/processing/chrom_size/EXE_30_2025_R_lrge_estimated_chromosome_size.txt
    wildcards: sample=EXE_30_2025_R
    resources: tmpdir=/tmp, mem_mb=4000, mem_mib=3815, mem=4000MB, time=00:00:05
Shell command: 
        if [[ 11813_EXE_30_2025_R_PBC73729_pass_dtrim_filtlong.fastq.gz =~ \.gz$ ]]; then
        INPUT_CMD="zcat 11813_EXE_30_2025_R_PBC73729_pass_dtrim_filtlong.fastq.gz"
        else
        INPUT_CMD="cat 11813_EXE_30_2025_R_PBC73729_pass_dtrim_filtlong.fastq.gz"
        fi

        # Now run the awk command on the decompressed file
        if $INPUT_CMD | awk '{if (NR % 4 == 1) count++} END {exit count > 10000 ? 0 : 1}'; then
            # There are more than 10,000 reads, run lrge with defaults
            lrge -t 1 -s 42 11813_EXE_30_2025_R_PBC73729_pass_dtrim_filtlong.fastq.gz -o hybracter_out/processing/chrom_size/EXE_30_2025_R_lrge_estimated_chromosome_size.txt
        else
            # There are less than 10,000 reads, use the all-vs-all strategy with all available reads
            lrge -t 1 -s 42 -n 10000 11813_EXE_30_2025_R_PBC73729_pass_dtrim_filtlong.fastq.gz -o hybracter_out/processing/chrom_size/EXE_30_2025_R_lrge_estimated_chromosome_size.txt
        fi

        
Activating conda environment: ../../../../../miniconda3/envs/hybracter_env/lib/python3.11/site-packages/hybracter/workflow/conda/c13c3001710609a2a1e73bf988308794_
Select jobs to execute...
[Thu Mar 26 08:43:15 2026]
Finished jobid: 22 (Rule: lrge)
33 of 111 steps (30%) done
Execute 1 jobs...
[Thu Mar 26 08:43:15 2026]
localrule filtlong:
    input: 11813_EXE_30_2025_R_PBC73729_pass_dtrim_filtlong.fastq.gz, hybracter_out/processing/chrom_size/EXE_30_2025_R_lrge_estimated_chromosome_size.txt
    output: hybracter_out/processing/qc/EXE_30_2025_R_filt.fastq.gz, hybracter_out/versions/EXE_30_2025_R/filtlong.version
    log: hybracter_out/stderr/filtlong/EXE_30_2025_R.log
    jobid: 21
    benchmark: hybracter_out/benchmarks/filtlong/EXE_30_2025_R.txt
    reason: Missing output files: hybracter_out/processing/qc/EXE_30_2025_R_filt.fastq.gz, hybracter_out/versions/EXE_30_2025_R/filtlong.version; Input files updated by another job: hybracter_out/processing/chrom_size/EXE_30_2025_R_lrge_estimated_chromosome_size.txt
    wildcards: sample=EXE_30_2025_R
    resources: tmpdir=/tmp, mem_mb=16000, mem_mib=15259, mem=16000MB, time=08:00:00
Shell command: 
        filtlong --target_bases 280000000 --min_mean_q 9 --min_length 1000 11813_EXE_30_2025_R_PBC73729_pass_dtrim_filtlong.fastq.gz | pigz > hybracter_out/processing/qc/EXE_30_2025_R_filt.fastq.gz 2> hybracter_out/stderr/filtlong/EXE_30_2025_R.log
        filtlong --version > hybracter_out/versions/EXE_30_2025_R/filtlong.version
        
Activating conda environment: ../../../../../miniconda3/envs/hybracter_env/lib/python3.11/site-packages/hybracter/workflow/conda/e29627940fc67a691bea045b2752a205_
Select jobs to execute...
[Thu Mar 26 08:43:26 2026]
Finished jobid: 21 (Rule: filtlong)
34 of 111 steps (31%) done
Execute 1 jobs...
[Thu Mar 26 08:43:26 2026]
localrule porechop_abi:
    input: hybracter_out/processing/qc/EXE_30_2025_R_filt.fastq.gz
    output: hybracter_out/processing/qc/EXE_30_2025_R_filt_trim.fastq.gz, hybracter_out/versions/EXE_30_2025_R/porechop.version
    log: hybracter_out/stderr/porechop/EXE_30_2025_R.log
    jobid: 20
    benchmark: hybracter_out/benchmarks/porechop/EXE_30_2025_R.txt
    reason: Missing output files: hybracter_out/processing/qc/EXE_30_2025_R_filt_trim.fastq.gz, hybracter_out/versions/EXE_30_2025_R/porechop.version; Input files updated by another job: hybracter_out/processing/qc/EXE_30_2025_R_filt.fastq.gz
    wildcards: sample=EXE_30_2025_R
    resources: tmpdir=/tmp, mem_mb=16000, mem_mib=15259, mem=16000MB, time=08:00:00
Shell command: 
        porechop_abi -i hybracter_out/processing/qc/EXE_30_2025_R_filt.fastq.gz  -o hybracter_out/processing/qc/EXE_30_2025_R_filt_trim.fastq.gz -t 1 --discard_middle 2> hybracter_out/stderr/porechop/EXE_30_2025_R.log
        porechop_abi --version > hybracter_out/versions/EXE_30_2025_R/porechop.version
        
Activating conda environment: ../../../../../miniconda3/envs/hybracter_env/lib/python3.11/site-packages/hybracter/workflow/conda/9e6a12a596af867d599204110ec25f2a_
Select jobs to execute...
[Thu Mar 26 08:50:30 2026]
Finished jobid: 20 (Rule: porechop_abi)
35 of 111 steps (32%) done
Execute 1 jobs...
[Thu Mar 26 08:50:30 2026]
localrule aggr_long_qc:
    input: hybracter_out/processing/qc/EXE_01_2025_M_filt_trim.fastq.gz, hybracter_out/processing/qc/EXE_03_2025_A_filt_trim.fastq.gz, hybracter_out/processing/qc/EXE_08_2024_A_filt_trim.fastq.gz, hybracter_out/processing/qc/EXE_13_2025_A_filt_trim.fastq.gz, hybracter_out/processing/qc/EXE_20_2025_B_filt_trim.fastq.gz, hybracter_out/processing/qc/EXE_23_2025_L_filt_trim.fastq.gz, hybracter_out/processing/qc/EXE_30_2025_R_filt_trim.fastq.gz, hybracter_out/processing/qc/EXE_32_2024_G_filt_trim.fastq.gz, hybracter_out/processing/qc/EXE_33_2024_E_filt_trim.fastq.gz, hybracter_out/versions/EXE_01_2025_M/filtlong.version, hybracter_out/versions/EXE_03_2025_A/filtlong.version, hybracter_out/versions/EXE_08_2024_A/filtlong.version, hybracter_out/versions/EXE_13_2025_A/filtlong.version, hybracter_out/versions/EXE_20_2025_B/filtlong.version, hybracter_out/versions/EXE_23_2025_L/filtlong.version, hybracter_out/versions/EXE_30_2025_R/filtlong.version, hybracter_out/versions/EXE_32_2024_G/filtlong.version, hybracter_out/versions/EXE_33_2024_E/filtlong.version, hybracter_out/versions/EXE_01_2025_M/porechop.version, hybracter_out/versions/EXE_03_2025_A/porechop.version, hybracter_out/versions/EXE_08_2024_A/porechop.version, hybracter_out/versions/EXE_13_2025_A/porechop.version, hybracter_out/versions/EXE_20_2025_B/porechop.version, hybracter_out/versions/EXE_23_2025_L/porechop.version, hybracter_out/versions/EXE_30_2025_R/porechop.version, hybracter_out/versions/EXE_32_2024_G/porechop.version, hybracter_out/versions/EXE_33_2024_E/porechop.version
    output: hybracter_out/flags/aggr_long_qc.flag
    jobid: 1
    reason: Missing output files: hybracter_out/flags/aggr_long_qc.flag; Input files updated by another job: hybracter_out/processing/qc/EXE_23_2025_L_filt_trim.fastq.gz, hybracter_out/versions/EXE_08_2024_A/porechop.version, hybracter_out/processing/qc/EXE_03_2025_A_filt_trim.fastq.gz, hybracter_out/versions/EXE_23_2025_L/filtlong.version, hybracter_out/versions/EXE_13_2025_A/porechop.version, hybracter_out/processing/qc/EXE_01_2025_M_filt_trim.fastq.gz, hybracter_out/versions/EXE_33_2024_E/filtlong.version, hybracter_out/versions/EXE_01_2025_M/filtlong.version, hybracter_out/versions/EXE_03_2025_A/porechop.version, hybracter_out/processing/qc/EXE_08_2024_A_filt_trim.fastq.gz, hybracter_out/versions/EXE_30_2025_R/porechop.version, hybracter_out/versions/EXE_30_2025_R/filtlong.version, hybracter_out/processing/qc/EXE_20_2025_B_filt_trim.fastq.gz, hybracter_out/versions/EXE_33_2024_E/porechop.version, hybracter_out/versions/EXE_08_2024_A/filtlong.version, hybracter_out/versions/EXE_03_2025_A/filtlong.version, hybracter_out/processing/qc/EXE_32_2024_G_filt_trim.fastq.gz, hybracter_out/versions/EXE_20_2025_B/filtlong.version, hybracter_out/versions/EXE_01_2025_M/porechop.version, hybracter_out/versions/EXE_20_2025_B/porechop.version, hybracter_out/versions/EXE_32_2024_G/porechop.version, hybracter_out/processing/qc/EXE_30_2025_R_filt_trim.fastq.gz, hybracter_out/processing/qc/EXE_33_2024_E_filt_trim.fastq.gz, hybracter_out/versions/EXE_32_2024_G/filtlong.version, hybracter_out/versions/EXE_13_2025_A/filtlong.version, hybracter_out/processing/qc/EXE_13_2025_A_filt_trim.fastq.gz, hybracter_out/versions/EXE_23_2025_L/porechop.version
    resources: tmpdir=/tmp, mem_mb=4000, mem_mib=3815, mem=4000MB, time=00:00:05
Shell command: 
        touch hybracter_out/flags/aggr_long_qc.flag
        
[Thu Mar 26 08:50:30 2026]
Finished jobid: 1 (Rule: aggr_long_qc)
36 of 111 steps (32%) done
Select jobs to execute...
Execute 1 jobs...
[Thu Mar 26 08:50:30 2026]
localrule run_seqkit_long:
    input: hybracter_out/processing/qc/EXE_30_2025_R_filt_trim.fastq.gz
    output: hybracter_out/processing/qc/seqkit/EXE_30_2025_R_long.txt
    log: hybracter_out/stderr/seqkit/EXE_30_2025_R_long.log
    jobid: 36
    benchmark: hybracter_out/benchmarks/seqkit/EXE_30_2025_R_long.txt
    reason: Missing output files: hybracter_out/processing/qc/seqkit/EXE_30_2025_R_long.txt; Input files updated by another job: hybracter_out/processing/qc/EXE_30_2025_R_filt_trim.fastq.gz
    wildcards: sample=EXE_30_2025_R
    resources: tmpdir=/tmp, mem_mb=4000, mem_mib=3815, mem=4000MB, time=00:00:05
Shell command: 
        seqkit stats hybracter_out/processing/qc/EXE_30_2025_R_filt_trim.fastq.gz -T -N 50 -N 90 > hybracter_out/processing/qc/seqkit/EXE_30_2025_R_long.txt
        
Activating conda environment: ../../../../../miniconda3/envs/hybracter_env/lib/python3.11/site-packages/hybracter/workflow/conda/a8fea94bb79190b87077380117f14d7d_
Select jobs to execute...
[Thu Mar 26 08:50:33 2026]
Finished jobid: 36 (Rule: run_seqkit_long)
37 of 111 steps (33%) done
Execute 1 jobs...
[Thu Mar 26 08:50:33 2026]
localrule estimate_lr_coverage:
    input: hybracter_out/processing/qc/seqkit/EXE_03_2025_A_long.txt, hybracter_out/processing/chrom_size/EXE_03_2025_A_lrge_estimated_chromosome_size.txt
    output: hybracter_out/processing/qc/coverage/EXE_03_2025_A_lr.txt
    jobid: 40
    reason: Missing output files: hybracter_out/processing/qc/coverage/EXE_03_2025_A_lr.txt; Input files updated by another job: hybracter_out/processing/qc/seqkit/EXE_03_2025_A_long.txt, hybracter_out/processing/chrom_size/EXE_03_2025_A_lrge_estimated_chromosome_size.txt
    wildcards: sample=EXE_03_2025_A
    resources: tmpdir=/tmp, mem_mb=4000, mem_mib=3815, mem=4000MB, time=00:00:05
Shell command: None
Select jobs to execute...
Activating conda environment: ../../../../../miniconda3/envs/hybracter_env/lib/python3.11/site-packages/hybracter/workflow/conda/639f4bf04df38f7c8704ca26e9afdad8_
Activating conda environment: ../../../../../miniconda3/envs/hybracter_env/lib/python3.11/site-packages/hybracter/workflow/conda/639f4bf04df38f7c8704ca26e9afdad8_
[Thu Mar 26 08:50:36 2026]
Finished jobid: 40 (Rule: estimate_lr_coverage)
38 of 111 steps (34%) done
Execute 1 jobs...
[Thu Mar 26 08:50:36 2026]
localrule assemble:
    input: hybracter_out/processing/qc/EXE_03_2025_A_filt_trim.fastq.gz, hybracter_out/processing/qc/coverage/EXE_03_2025_A_lr.txt
    output: hybracter_out/processing/assemblies/EXE_03_2025_A/assembly.fasta, hybracter_out/processing/assemblies/EXE_03_2025_A/assembly_info.txt, hybracter_out/versions/EXE_03_2025_A/flye.version, hybracter_out/supplementary_results/flye_individual_summaries/EXE_03_2025_A_assembly_info.txt
    log: hybracter_out/stderr/assemble/EXE_03_2025_A.log
    jobid: 51
    benchmark: hybracter_out/benchmarks/assemble/EXE_03_2025_A.txt
    reason: Missing output files: hybracter_out/processing/assemblies/EXE_03_2025_A/assembly.fasta, hybracter_out/supplementary_results/flye_individual_summaries/EXE_03_2025_A_assembly_info.txt, hybracter_out/versions/EXE_03_2025_A/flye.version, hybracter_out/processing/assemblies/EXE_03_2025_A/assembly_info.txt; Input files updated by another job: hybracter_out/processing/qc/coverage/EXE_03_2025_A_lr.txt, hybracter_out/processing/qc/EXE_03_2025_A_filt_trim.fastq.gz
    wildcards: sample=EXE_03_2025_A
    resources: tmpdir=/tmp, mem_mb=32000, mem_mib=30518, mem=32000MB, time=08:00:00
Shell command: 
        if [ "False" = "True" ]; then 
            flye --nano-hq hybracter_out/processing/qc/EXE_03_2025_A_filt_trim.fastq.gz -t 1  --out-dir hybracter_out/processing/assemblies/EXE_03_2025_A None 2> hybracter_out/stderr/assemble/EXE_03_2025_A.log
        else
            flye --nano-hq hybracter_out/processing/qc/EXE_03_2025_A_filt_trim.fastq.gz -t 1  --out-dir hybracter_out/processing/assemblies/EXE_03_2025_A  2> hybracter_out/stderr/assemble/EXE_03_2025_A.log
        fi
        flye --version > hybracter_out/versions/EXE_03_2025_A/flye.version   
        cp hybracter_out/processing/assemblies/EXE_03_2025_A/assembly_info.txt hybracter_out/supplementary_results/flye_individual_summaries/EXE_03_2025_A_assembly_info.txt
        
Activating conda environment: ../../../../../miniconda3/envs/hybracter_env/lib/python3.11/site-packages/hybracter/workflow/conda/867e79b85cea33b7804e36b625a69929_
Select jobs to execute...
[Thu Mar 26 09:08:00 2026]
Finished jobid: 51 (Rule: assemble)
39 of 111 steps (35%) done
Execute 1 jobs...
[Thu Mar 26 09:08:00 2026]
localcheckpoint check_completeness:
    input: hybracter_out/processing/assemblies/EXE_03_2025_A/assembly.fasta, hybracter_out/processing/assemblies/EXE_03_2025_A/assembly_info.txt, hybracter_out/processing/chrom_size/EXE_03_2025_A_lrge_estimated_chromosome_size.txt
    output: hybracter_out/completeness/EXE_03_2025_A.txt
    jobid: 63
    reason: Missing output files: <TBD>; Input files updated by another job: hybracter_out/processing/chrom_size/EXE_03_2025_A_lrge_estimated_chromosome_size.txt, hybracter_out/processing/assemblies/EXE_03_2025_A/assembly.fasta, hybracter_out/processing/assemblies/EXE_03_2025_A/assembly_info.txt
    wildcards: sample=EXE_03_2025_A
    resources: tmpdir=/tmp, mem_mb=4000, mem_mib=3815, mem=4000MB, time=00:00:05
Shell command: None
DAG of jobs will be updated after completion.
Activating conda environment: ../../../../../miniconda3/envs/hybracter_env/lib/python3.11/site-packages/hybracter/workflow/conda/639f4bf04df38f7c8704ca26e9afdad8_
Select jobs to execute...
Activating conda environment: ../../../../../miniconda3/envs/hybracter_env/lib/python3.11/site-packages/hybracter/workflow/conda/639f4bf04df38f7c8704ca26e9afdad8_
[Thu Mar 26 09:08:02 2026]
Finished jobid: 63 (Rule: check_completeness)
40 of 111 steps (36%) done
Updating checkpoint dependencies.
Execute 1 jobs...
[Thu Mar 26 09:08:02 2026]
localrule plassembler_long:
    input: hybracter_out/processing/chrom_size/EXE_03_2025_A_lrge_estimated_chromosome_size.txt, hybracter_out/processing/qc/EXE_03_2025_A_filt_trim.fastq.gz
    output: hybracter_out/processing/plassembler/EXE_03_2025_A/plassembler_plasmids.fasta, hybracter_out/processing/plassembler/EXE_03_2025_A/plassembler_summary.tsv, hybracter_out/versions/EXE_03_2025_A/plassembler.version
    log: hybracter_out/stderr/plassembler_long/EXE_03_2025_A.log
    jobid: 157
    benchmark: hybracter_out/benchmarks/plassembler_long/EXE_03_2025_A.txt
    reason: Missing output files: hybracter_out/processing/plassembler/EXE_03_2025_A/plassembler_plasmids.fasta, hybracter_out/processing/plassembler/EXE_03_2025_A/plassembler_summary.tsv
    wildcards: sample=EXE_03_2025_A
    resources: tmpdir=/tmp, mem_mb=32000, mem_mib=30518, mem=32000MB, time=08:00:00
Shell command: 
        plassembler long -l hybracter_out/processing/qc/EXE_03_2025_A_filt_trim.fastq.gz -o hybracter_out/processing/plassembler/EXE_03_2025_A -d /data/djs217/miniconda3/envs/hybracter_env/lib/python3.11/site-packages/hybracter/workflow/../databases -t 1 -c 2800000 --skip_qc --flye_directory hybracter_out/processing/assemblies/EXE_03_2025_A --depth_filter 0.25 -f 2> hybracter_out/stderr/plassembler_long/EXE_03_2025_A.log
        touch hybracter_out/processing/plassembler/EXE_03_2025_A/plassembler_plasmids.fasta
        touch hybracter_out/processing/plassembler/EXE_03_2025_A/plassembler_summary.tsv
        plassembler --version > hybracter_out/versions/EXE_03_2025_A/plassembler.version

        
Activating conda environment: ../../../../../miniconda3/envs/hybracter_env/lib/python3.11/site-packages/hybracter/workflow/conda/78019da34467f1ccbd2a1e2321558605_
Select jobs to execute...
[Thu Mar 26 11:09:53 2026]
Finished jobid: 157 (Rule: plassembler_long)
41 of 125 steps (33%) done
Execute 1 jobs...
[Thu Mar 26 11:09:53 2026]
localrule extract_chromosome_complete:
    input: hybracter_out/processing/assemblies/EXE_03_2025_A/assembly.fasta, hybracter_out/processing/assemblies/EXE_03_2025_A/assembly_info.txt, hybracter_out/completeness/EXE_03_2025_A.txt, hybracter_out/processing/chrom_size/EXE_03_2025_A_lrge_estimated_chromosome_size.txt
    output: hybracter_out/processing/pre_polish/EXE_03_2025_A_chromosome.fasta, hybracter_out/processing/pre_polish/EXE_03_2025_A_ignore_list.txt
    jobid: 156
    reason: Missing output files: hybracter_out/processing/pre_polish/EXE_03_2025_A_chromosome.fasta, hybracter_out/processing/pre_polish/EXE_03_2025_A_ignore_list.txt
    wildcards: sample=EXE_03_2025_A
    resources: tmpdir=/tmp, mem_mb=4000, mem_mib=3815, mem=4000MB, time=00:00:05
Shell command: None
Select jobs to execute...
Activating conda environment: ../../../../../miniconda3/envs/hybracter_env/lib/python3.11/site-packages/hybracter/workflow/conda/639f4bf04df38f7c8704ca26e9afdad8_
Activating conda environment: ../../../../../miniconda3/envs/hybracter_env/lib/python3.11/site-packages/hybracter/workflow/conda/639f4bf04df38f7c8704ca26e9afdad8_
[Thu Mar 26 11:09:54 2026]
Finished jobid: 156 (Rule: extract_chromosome_complete)
42 of 125 steps (34%) done
Execute 1 jobs...
[Thu Mar 26 11:09:54 2026]
localrule concatenate_chrom_plassembler:
    input: hybracter_out/processing/pre_polish/EXE_03_2025_A_chromosome.fasta, hybracter_out/processing/plassembler/EXE_03_2025_A/plassembler_plasmids.fasta
    output: hybracter_out/processing/pre_polish/EXE_03_2025_A_chromosome_plus_plasmids.fasta
    jobid: 155
    reason: Missing output files: hybracter_out/processing/pre_polish/EXE_03_2025_A_chromosome_plus_plasmids.fasta; Input files updated by another job: hybracter_out/processing/plassembler/EXE_03_2025_A/plassembler_plasmids.fasta, hybracter_out/processing/pre_polish/EXE_03_2025_A_chromosome.fasta
    wildcards: sample=EXE_03_2025_A
    resources: tmpdir=/tmp, mem_mb=4000, mem_mib=3815, mem=4000MB, time=00:00:05
Shell command: 
        cat hybracter_out/processing/pre_polish/EXE_03_2025_A_chromosome.fasta hybracter_out/processing/plassembler/EXE_03_2025_A/plassembler_plasmids.fasta > hybracter_out/processing/pre_polish/EXE_03_2025_A_chromosome_plus_plasmids.fasta
        
[Thu Mar 26 11:09:54 2026]
Finished jobid: 155 (Rule: concatenate_chrom_plassembler)
43 of 125 steps (34%) done
Select jobs to execute...
Execute 1 jobs...
[Thu Mar 26 11:09:54 2026]
localrule medaka_round_1:
    input: hybracter_out/processing/pre_polish/EXE_03_2025_A_chromosome_plus_plasmids.fasta, hybracter_out/processing/qc/EXE_03_2025_A_filt_trim.fastq.gz
    output: hybracter_out/processing/complete/medaka_rd_1/EXE_03_2025_A/consensus.fasta, hybracter_out/versions/EXE_03_2025_A/medaka_complete.version
    log: hybracter_out/stderr/medaka_round_1/EXE_03_2025_A.log
    jobid: 154
    benchmark: hybracter_out/benchmarks/medaka_round_1/EXE_03_2025_A.txt
    reason: Missing output files: hybracter_out/processing/complete/medaka_rd_1/EXE_03_2025_A/consensus.fasta; Input files updated by another job: hybracter_out/processing/pre_polish/EXE_03_2025_A_chromosome_plus_plasmids.fasta
    wildcards: sample=EXE_03_2025_A
    resources: tmpdir=/tmp, mem_mb=32000, mem_mib=30518, mem=32000MB, time=08:00:00
Shell command: 
        export CUDA_VISIBLE_DEVICES=""
        if [ "True" = "True" ]; then
           # from v 0.10.0, hybracter supports --bacteria
            medaka_consensus -i hybracter_out/processing/qc/EXE_03_2025_A_filt_trim.fastq.gz -d hybracter_out/processing/pre_polish/EXE_03_2025_A_chromosome_plus_plasmids.fasta -o hybracter_out/processing/complete/medaka_rd_1/EXE_03_2025_A --bacteria  -t 1 2> hybracter_out/stderr/medaka_round_1/EXE_03_2025_A.log
            medaka --version > hybracter_out/versions/EXE_03_2025_A/medaka_complete.version
            touch hybracter_out/processing/complete/medaka_rd_1/EXE_03_2025_A/calls_to_draft.bam
            rm hybracter_out/processing/complete/medaka_rd_1/EXE_03_2025_A/calls_to_draft.bam
            touch hybracter_out/processing/complete/medaka_rd_1/EXE_03_2025_A/consensus_probs.hdf
            rm hybracter_out/processing/complete/medaka_rd_1/EXE_03_2025_A/consensus_probs.hdf
        else
           
            medaka_consensus -i hybracter_out/processing/qc/EXE_03_2025_A_filt_trim.fastq.gz -d hybracter_out/processing/pre_polish/EXE_03_2025_A_chromosome_plus_plasmids.fasta -o hybracter_out/processing/complete/medaka_rd_1/EXE_03_2025_A -m r1041_e82_400bps_sup_v5.0.0 -t 1 2> hybracter_out/stderr/medaka_round_1/EXE_03_2025_A.log
            medaka --version > hybracter_out/versions/EXE_03_2025_A/medaka_complete.version
            touch hybracter_out/processing/complete/medaka_rd_1/EXE_03_2025_A/calls_to_draft.bam
            rm hybracter_out/processing/complete/medaka_rd_1/EXE_03_2025_A/calls_to_draft.bam
            touch hybracter_out/processing/complete/medaka_rd_1/EXE_03_2025_A/consensus_probs.hdf
            rm hybracter_out/processing/complete/medaka_rd_1/EXE_03_2025_A/consensus_probs.hdf
        fi
        
Activating conda environment: ../../../../../miniconda3/envs/hybracter_env/lib/python3.11/site-packages/hybracter/workflow/conda/7aafc1085ca44eee01942c03ca74ecad_
Select jobs to execute...
[Thu Mar 26 11:13:59 2026]
Finished jobid: 154 (Rule: medaka_round_1)
44 of 125 steps (35%) done
Execute 1 jobs...
[Thu Mar 26 11:13:59 2026]
localrule medaka_round_1_extract_intermediate_assembly:
    input: hybracter_out/processing/complete/medaka_rd_1/EXE_03_2025_A/consensus.fasta, hybracter_out/completeness/EXE_03_2025_A.txt, hybracter_out/processing/assemblies/EXE_03_2025_A/assembly_info.txt, hybracter_out/processing/chrom_size/EXE_03_2025_A_lrge_estimated_chromosome_size.txt
    output: hybracter_out/supplementary_results/intermediate_chromosome_assemblies/EXE_03_2025_A/EXE_03_2025_A_medaka_rd_1.fasta, hybracter_out/processing/complete/medaka_rd_1/EXE_03_2025_A_ignore_list.txt
    jobid: 153
    reason: Missing output files: hybracter_out/supplementary_results/intermediate_chromosome_assemblies/EXE_03_2025_A/EXE_03_2025_A_medaka_rd_1.fasta; Input files updated by another job: hybracter_out/processing/complete/medaka_rd_1/EXE_03_2025_A/consensus.fasta
    wildcards: sample=EXE_03_2025_A
    resources: tmpdir=/tmp, mem_mb=4000, mem_mib=3815, mem=4000MB, time=00:00:05
Shell command: None
Select jobs to execute...
Activating conda environment: ../../../../../miniconda3/envs/hybracter_env/lib/python3.11/site-packages/hybracter/workflow/conda/639f4bf04df38f7c8704ca26e9afdad8_
Activating conda environment: ../../../../../miniconda3/envs/hybracter_env/lib/python3.11/site-packages/hybracter/workflow/conda/639f4bf04df38f7c8704ca26e9afdad8_
[Thu Mar 26 11:14:01 2026]
Finished jobid: 153 (Rule: medaka_round_1_extract_intermediate_assembly)
45 of 125 steps (36%) done
Execute 1 jobs...
[Thu Mar 26 11:14:01 2026]
localrule dnaapler:
    input: hybracter_out/supplementary_results/intermediate_chromosome_assemblies/EXE_03_2025_A/EXE_03_2025_A_medaka_rd_1.fasta, hybracter_out/processing/pre_polish/EXE_03_2025_A_ignore_list.txt
    output: hybracter_out/processing/complete/dnaapler/EXE_03_2025_A/EXE_03_2025_A_reoriented.fasta, hybracter_out/versions/EXE_03_2025_A/dnaapler.version
    log: hybracter_out/stderr/dnaapler/EXE_03_2025_A.log
    jobid: 152
    benchmark: hybracter_out/benchmarks/dnaapler/EXE_03_2025_A.txt
    reason: Missing output files: hybracter_out/processing/complete/dnaapler/EXE_03_2025_A/EXE_03_2025_A_reoriented.fasta; Input files updated by another job: hybracter_out/supplementary_results/intermediate_chromosome_assemblies/EXE_03_2025_A/EXE_03_2025_A_medaka_rd_1.fasta, hybracter_out/processing/pre_polish/EXE_03_2025_A_ignore_list.txt
    wildcards: sample=EXE_03_2025_A
    resources: tmpdir=/tmp, mem_mb=16000, mem_mib=15259, mem=16000MB, time=08:00:00
Shell command: 
        dnaapler all -i hybracter_out/supplementary_results/intermediate_chromosome_assemblies/EXE_03_2025_A/EXE_03_2025_A_medaka_rd_1.fasta -o hybracter_out/processing/complete/dnaapler/EXE_03_2025_A --ignore hybracter_out/processing/pre_polish/EXE_03_2025_A_ignore_list.txt -p EXE_03_2025_A -t 1 -a nearest --db "dnaa,cog1474,repa" -f 2> hybracter_out/stderr/dnaapler/EXE_03_2025_A.log
        dnaapler --version > hybracter_out/versions/EXE_03_2025_A/dnaapler.version
        
Activating conda environment: ../../../../../miniconda3/envs/hybracter_env/lib/python3.11/site-packages/hybracter/workflow/conda/2e20c9685892c8c53c04f44043c92cbf_
Select jobs to execute...
[Thu Mar 26 11:15:41 2026]
Finished jobid: 152 (Rule: dnaapler)
46 of 125 steps (37%) done
Execute 1 jobs...
[Thu Mar 26 11:15:41 2026]
localrule concatenate_intermediate_dnaapler_with_plassembler:
    input: hybracter_out/processing/complete/dnaapler/EXE_03_2025_A/EXE_03_2025_A_reoriented.fasta, hybracter_out/processing/plassembler/EXE_03_2025_A/plassembler_plasmids.fasta
    output: hybracter_out/processing/complete/dnaapler/EXE_03_2025_A/EXE_03_2025_A_reoriented_chrom_and_plasmids.fasta
    jobid: 160
    reason: Missing output files: hybracter_out/processing/complete/dnaapler/EXE_03_2025_A/EXE_03_2025_A_reoriented_chrom_and_plasmids.fasta; Input files updated by another job: hybracter_out/processing/plassembler/EXE_03_2025_A/plassembler_plasmids.fasta, hybracter_out/processing/complete/dnaapler/EXE_03_2025_A/EXE_03_2025_A_reoriented.fasta
    wildcards: sample=EXE_03_2025_A
    resources: tmpdir=/tmp, mem_mb=4000, mem_mib=3815, mem=4000MB, time=00:00:05
Shell command: 
        cat hybracter_out/processing/complete/dnaapler/EXE_03_2025_A/EXE_03_2025_A_reoriented.fasta hybracter_out/processing/plassembler/EXE_03_2025_A/plassembler_plasmids.fasta > hybracter_out/processing/complete/dnaapler/EXE_03_2025_A/EXE_03_2025_A_reoriented_chrom_and_plasmids.fasta
        
[Thu Mar 26 11:15:41 2026]
Finished jobid: 160 (Rule: concatenate_intermediate_dnaapler_with_plassembler)
47 of 125 steps (38%) done
Select jobs to execute...
Execute 1 jobs...
[Thu Mar 26 11:15:41 2026]
localrule medaka_round_2:
    input: hybracter_out/processing/complete/dnaapler/EXE_03_2025_A/EXE_03_2025_A_reoriented_chrom_and_plasmids.fasta, hybracter_out/processing/qc/EXE_03_2025_A_filt_trim.fastq.gz
    output: hybracter_out/processing/complete/medaka_rd_2/EXE_03_2025_A/consensus.fasta
    log: hybracter_out/stderr/medaka_round_2/EXE_03_2025_A.log
    jobid: 159
    benchmark: hybracter_out/benchmarks/medaka_round_2/EXE_03_2025_A.txt
    reason: Missing output files: hybracter_out/processing/complete/medaka_rd_2/EXE_03_2025_A/consensus.fasta; Input files updated by another job: hybracter_out/processing/complete/dnaapler/EXE_03_2025_A/EXE_03_2025_A_reoriented_chrom_and_plasmids.fasta
    wildcards: sample=EXE_03_2025_A
    resources: tmpdir=/tmp, mem_mb=32000, mem_mib=30518, mem=32000MB, time=08:00:00
Shell command: 
        export CUDA_VISIBLE_DEVICES=""
        if [ "True" = "True" ]; then
           # from v 0.10.0, hybracter supports --bacteria
            medaka_consensus -i hybracter_out/processing/qc/EXE_03_2025_A_filt_trim.fastq.gz -d hybracter_out/processing/complete/dnaapler/EXE_03_2025_A/EXE_03_2025_A_reoriented_chrom_and_plasmids.fasta -o hybracter_out/processing/complete/medaka_rd_2/EXE_03_2025_A --bacteria  -t 1 2> hybracter_out/stderr/medaka_round_2/EXE_03_2025_A.log
            touch hybracter_out/processing/complete/medaka_rd_2/EXE_03_2025_A/calls_to_draft.bam
            rm hybracter_out/processing/complete/medaka_rd_2/EXE_03_2025_A/calls_to_draft.bam
            touch hybracter_out/processing/complete/medaka_rd_2/EXE_03_2025_A/consensus_probs.hdf
            rm hybracter_out/processing/complete/medaka_rd_2/EXE_03_2025_A/consensus_probs.hdf
        else
            medaka_consensus -i hybracter_out/processing/qc/EXE_03_2025_A_filt_trim.fastq.gz -d hybracter_out/processing/complete/dnaapler/EXE_03_2025_A/EXE_03_2025_A_reoriented_chrom_and_plasmids.fasta -o hybracter_out/processing/complete/medaka_rd_2/EXE_03_2025_A -m r1041_e82_400bps_sup_v5.0.0 -t 1 2> hybracter_out/stderr/medaka_round_2/EXE_03_2025_A.log
            touch hybracter_out/processing/complete/medaka_rd_2/EXE_03_2025_A/calls_to_draft.bam
            rm hybracter_out/processing/complete/medaka_rd_2/EXE_03_2025_A/calls_to_draft.bam
            touch hybracter_out/processing/complete/medaka_rd_2/EXE_03_2025_A/consensus_probs.hdf
            rm hybracter_out/processing/complete/medaka_rd_2/EXE_03_2025_A/consensus_probs.hdf
        fi
        
Activating conda environment: ../../../../../miniconda3/envs/hybracter_env/lib/python3.11/site-packages/hybracter/workflow/conda/7aafc1085ca44eee01942c03ca74ecad_
Select jobs to execute...
[Thu Mar 26 11:19:39 2026]
Finished jobid: 159 (Rule: medaka_round_2)
48 of 125 steps (38%) done
Execute 1 jobs...
[Thu Mar 26 11:19:39 2026]
localrule medaka_round_2_extract_intermediate_assembly:
    input: hybracter_out/processing/complete/medaka_rd_2/EXE_03_2025_A/consensus.fasta, hybracter_out/completeness/EXE_03_2025_A.txt, hybracter_out/processing/assemblies/EXE_03_2025_A/assembly_info.txt
    output: hybracter_out/supplementary_results/intermediate_chromosome_assemblies/EXE_03_2025_A/EXE_03_2025_A_medaka_rd_2.fasta, hybracter_out/processing/complete/medaka_rd_2/EXE_03_2025_A_ignore_list.txt
    jobid: 158
    reason: Missing output files: hybracter_out/supplementary_results/intermediate_chromosome_assemblies/EXE_03_2025_A/EXE_03_2025_A_medaka_rd_2.fasta; Input files updated by another job: hybracter_out/processing/complete/medaka_rd_2/EXE_03_2025_A/consensus.fasta
    wildcards: sample=EXE_03_2025_A
    resources: tmpdir=/tmp, mem_mb=4000, mem_mib=3815, mem=4000MB, time=00:00:05
Shell command: None
Activating conda environment: ../../../../../miniconda3/envs/hybracter_env/lib/python3.11/site-packages/hybracter/workflow/conda/639f4bf04df38f7c8704ca26e9afdad8_
Select jobs to execute...
Activating conda environment: ../../../../../miniconda3/envs/hybracter_env/lib/python3.11/site-packages/hybracter/workflow/conda/639f4bf04df38f7c8704ca26e9afdad8_
[Thu Mar 26 11:19:41 2026]
Finished jobid: 158 (Rule: medaka_round_2_extract_intermediate_assembly)
49 of 125 steps (39%) done
Execute 1 jobs...
[Thu Mar 26 11:19:41 2026]
localrule dnaapler_pre_chrom:
    input: hybracter_out/processing/pre_polish/EXE_03_2025_A_chromosome.fasta, hybracter_out/processing/pre_polish/EXE_03_2025_A_ignore_list.txt
    output: hybracter_out/processing/complete/dnaapler/EXE_03_2025_A_pre_chrom/EXE_03_2025_A_reoriented.fasta
    log: hybracter_out/stderr/dnaapler/EXE_03_2025_A_pre_chrom.log
    jobid: 162
    benchmark: hybracter_out/benchmarks/dnaapler/EXE_03_2025_A_pre_chrom.txt
    reason: Missing output files: hybracter_out/processing/complete/dnaapler/EXE_03_2025_A_pre_chrom/EXE_03_2025_A_reoriented.fasta; Input files updated by another job: hybracter_out/processing/pre_polish/EXE_03_2025_A_chromosome.fasta, hybracter_out/processing/pre_polish/EXE_03_2025_A_ignore_list.txt
    wildcards: sample=EXE_03_2025_A
    resources: tmpdir=/tmp, mem_mb=16000, mem_mib=15259, mem=16000MB, time=08:00:00
Shell command: 
        dnaapler all -i hybracter_out/processing/pre_polish/EXE_03_2025_A_chromosome.fasta -o hybracter_out/processing/complete/dnaapler/EXE_03_2025_A_pre_chrom --ignore hybracter_out/processing/pre_polish/EXE_03_2025_A_ignore_list.txt -p EXE_03_2025_A -t 1 -a nearest --db dnaa,cog1474,repa -f 2> hybracter_out/stderr/dnaapler/EXE_03_2025_A_pre_chrom.log
        
Activating conda environment: ../../../../../miniconda3/envs/hybracter_env/lib/python3.11/site-packages/hybracter/workflow/conda/2e20c9685892c8c53c04f44043c92cbf_
Select jobs to execute...
[Thu Mar 26 11:21:15 2026]
Finished jobid: 162 (Rule: dnaapler_pre_chrom)
50 of 125 steps (40%) done
Execute 1 jobs...
[Thu Mar 26 11:21:15 2026]
localrule compare_assemblies_medaka_round_1:
    input: hybracter_out/processing/complete/dnaapler/EXE_03_2025_A_pre_chrom/EXE_03_2025_A_reoriented.fasta, hybracter_out/processing/complete/dnaapler/EXE_03_2025_A/EXE_03_2025_A_reoriented.fasta
    output: hybracter_out/supplementary_results/comparisons/EXE_03_2025_A/medaka_round_1_vs_pre_polish.txt
    jobid: 161
    reason: Missing output files: hybracter_out/supplementary_results/comparisons/EXE_03_2025_A/medaka_round_1_vs_pre_polish.txt; Input files updated by another job: hybracter_out/processing/complete/dnaapler/EXE_03_2025_A/EXE_03_2025_A_reoriented.fasta, hybracter_out/processing/complete/dnaapler/EXE_03_2025_A_pre_chrom/EXE_03_2025_A_reoriented.fasta
    wildcards: sample=EXE_03_2025_A
    resources: tmpdir=/tmp, mem_mb=16000, mem_mib=15259, mem=16000MB, time=08:00:00
Shell command: None
Select jobs to execute...
Activating conda environment: ../../../../../miniconda3/envs/hybracter_env/lib/python3.11/site-packages/hybracter/workflow/conda/639f4bf04df38f7c8704ca26e9afdad8_
Activating conda environment: ../../../../../miniconda3/envs/hybracter_env/lib/python3.11/site-packages/hybracter/workflow/conda/639f4bf04df38f7c8704ca26e9afdad8_
[Thu Mar 26 11:21:20 2026]
Finished jobid: 161 (Rule: compare_assemblies_medaka_round_1)
51 of 125 steps (41%) done
Execute 1 jobs...
[Thu Mar 26 11:21:20 2026]
localrule compare_assemblies_medaka_round_2:
    input: hybracter_out/processing/complete/dnaapler/EXE_03_2025_A/EXE_03_2025_A_reoriented.fasta, hybracter_out/supplementary_results/intermediate_chromosome_assemblies/EXE_03_2025_A/EXE_03_2025_A_medaka_rd_2.fasta, hybracter_out/supplementary_results/comparisons/EXE_03_2025_A/medaka_round_1_vs_pre_polish.txt
    output: hybracter_out/supplementary_results/comparisons/EXE_03_2025_A/medaka_round_2_vs_medaka_round_1.txt
    jobid: 151
    reason: Missing output files: hybracter_out/supplementary_results/comparisons/EXE_03_2025_A/medaka_round_2_vs_medaka_round_1.txt; Input files updated by another job: hybracter_out/processing/complete/dnaapler/EXE_03_2025_A/EXE_03_2025_A_reoriented.fasta, hybracter_out/supplementary_results/comparisons/EXE_03_2025_A/medaka_round_1_vs_pre_polish.txt, hybracter_out/supplementary_results/intermediate_chromosome_assemblies/EXE_03_2025_A/EXE_03_2025_A_medaka_rd_2.fasta
    wildcards: sample=EXE_03_2025_A
    resources: tmpdir=/tmp, mem_mb=16000, mem_mib=15259, mem=16000MB, time=08:00:00
Shell command: None
Activating conda environment: ../../../../../miniconda3/envs/hybracter_env/lib/python3.11/site-packages/hybracter/workflow/conda/639f4bf04df38f7c8704ca26e9afdad8_
Select jobs to execute...
Activating conda environment: ../../../../../miniconda3/envs/hybracter_env/lib/python3.11/site-packages/hybracter/workflow/conda/639f4bf04df38f7c8704ca26e9afdad8_
[Thu Mar 26 11:21:24 2026]
Finished jobid: 151 (Rule: compare_assemblies_medaka_round_2)
52 of 125 steps (42%) done
Execute 1 jobs...
[Thu Mar 26 11:21:24 2026]
localrule aggregate_finalise_complete:
    input: hybracter_out/processing/complete/dnaapler/EXE_03_2025_A_pre_chrom/EXE_03_2025_A_reoriented.fasta, hybracter_out/processing/complete/dnaapler/EXE_03_2025_A/EXE_03_2025_A_reoriented.fasta, hybracter_out/supplementary_results/intermediate_chromosome_assemblies/EXE_03_2025_A/EXE_03_2025_A_medaka_rd_2.fasta, hybracter_out/processing/plassembler/EXE_03_2025_A/plassembler_plasmids.fasta, hybracter_out/supplementary_results/flye_individual_summaries/EXE_03_2025_A_assembly_info.txt, hybracter_out/supplementary_results/comparisons/EXE_03_2025_A/medaka_round_2_vs_medaka_round_1.txt, hybracter_out/processing/pre_polish/EXE_03_2025_A_ignore_list.txt
    output: hybracter_out/FINAL_OUTPUT/complete/EXE_03_2025_A_chromosome.fasta, hybracter_out/FINAL_OUTPUT/complete/EXE_03_2025_A_final.fasta, hybracter_out/supplementary_results/pyrodigal_mean_length_summaries/complete/EXE_03_2025_A_summary.tsv, hybracter_out/FINAL_OUTPUT/complete/EXE_03_2025_A_summary.tsv, hybracter_out/FINAL_OUTPUT/complete/EXE_03_2025_A_per_contig_stats.tsv, hybracter_out/FINAL_OUTPUT/complete/EXE_03_2025_A_plasmid.fasta
    jobid: 164
    reason: Missing output files: hybracter_out/FINAL_OUTPUT/complete/EXE_03_2025_A_final.fasta; Input files updated by another job: hybracter_out/processing/plassembler/EXE_03_2025_A/plassembler_plasmids.fasta, hybracter_out/processing/complete/dnaapler/EXE_03_2025_A_pre_chrom/EXE_03_2025_A_reoriented.fasta, hybracter_out/processing/pre_polish/EXE_03_2025_A_ignore_list.txt, hybracter_out/processing/complete/dnaapler/EXE_03_2025_A/EXE_03_2025_A_reoriented.fasta, hybracter_out/supplementary_results/comparisons/EXE_03_2025_A/medaka_round_2_vs_medaka_round_1.txt, hybracter_out/supplementary_results/intermediate_chromosome_assemblies/EXE_03_2025_A/EXE_03_2025_A_medaka_rd_2.fasta
    wildcards: sample=EXE_03_2025_A
    resources: tmpdir=/tmp, mem_mb=4000, mem_mib=3815, mem=4000MB, time=00:00:05
Shell command: None
Select jobs to execute...
Activating conda environment: ../../../../../miniconda3/envs/hybracter_env/lib/python3.11/site-packages/hybracter/workflow/conda/474e4e1622549f89bad4f85cb93aba39_
Activating conda environment: ../../../../../miniconda3/envs/hybracter_env/lib/python3.11/site-packages/hybracter/workflow/conda/474e4e1622549f89bad4f85cb93aba39_
[Thu Mar 26 11:21:38 2026]
Finished jobid: 164 (Rule: aggregate_finalise_complete)
53 of 125 steps (42%) done
Execute 1 jobs...
[Thu Mar 26 11:21:38 2026]
localrule aggregate_finalised_assemblies_rule:
    input: hybracter_out/FINAL_OUTPUT/complete/EXE_03_2025_A_final.fasta
    output: hybracter_out/flags/aggr_final/EXE_03_2025_A.txt
    jobid: 103
    reason: Missing output files: hybracter_out/flags/aggr_final/EXE_03_2025_A.txt; Input files updated by another job: hybracter_out/FINAL_OUTPUT/complete/EXE_03_2025_A_final.fasta
    wildcards: sample=EXE_03_2025_A
    resources: tmpdir=/tmp, mem_mb=4000, mem_mib=3815, mem=4000MB, time=00:00:05
Shell command: 
        touch hybracter_out/flags/aggr_final/EXE_03_2025_A.txt
        
[Thu Mar 26 11:21:39 2026]
Finished jobid: 103 (Rule: aggregate_finalised_assemblies_rule)
54 of 125 steps (43%) done
Select jobs to execute...
Execute 1 jobs...
[Thu Mar 26 11:21:39 2026]
localrule aggregate_plassembler_input_rule:
    input: hybracter_out/processing/plassembler/EXE_03_2025_A/plassembler_plasmids.fasta
    output: hybracter_out/flags/aggr_plassembler/EXE_03_2025_A.txt
    jobid: 80
    reason: Missing output files: hybracter_out/flags/aggr_plassembler/EXE_03_2025_A.txt; Input files updated by another job: hybracter_out/processing/plassembler/EXE_03_2025_A/plassembler_plasmids.fasta
    wildcards: sample=EXE_03_2025_A
    resources: tmpdir=/tmp, mem_mb=4000, mem_mib=3815, mem=4000MB, time=00:00:05
Shell command: 
        echo hybracter_out/processing/plassembler/EXE_03_2025_A/plassembler_plasmids.fasta
        touch hybracter_out/flags/aggr_plassembler/EXE_03_2025_A.txt
        
[Thu Mar 26 11:21:39 2026]
Finished jobid: 80 (Rule: aggregate_plassembler_input_rule)
55 of 125 steps (44%) done
Select jobs to execute...
Execute 1 jobs...
[Thu Mar 26 11:21:39 2026]
localrule add_sample_plassembler:
    input: hybracter_out/processing/plassembler/EXE_03_2025_A/plassembler_summary.tsv
    output: hybracter_out/supplementary_results/plassembler_individual_summaries/EXE_03_2025_A_with_sample.tsv
    jobid: 163
    reason: Missing output files: hybracter_out/supplementary_results/plassembler_individual_summaries/EXE_03_2025_A_with_sample.tsv; Input files updated by another job: hybracter_out/processing/plassembler/EXE_03_2025_A/plassembler_summary.tsv
    wildcards: sample=EXE_03_2025_A
    resources: tmpdir=/tmp, mem_mb=4000, mem_mib=3815, mem=4000MB, time=00:00:05
Shell command: None
Activating conda environment: ../../../../../miniconda3/envs/hybracter_env/lib/python3.11/site-packages/hybracter/workflow/conda/639f4bf04df38f7c8704ca26e9afdad8_
Select jobs to execute...
Activating conda environment: ../../../../../miniconda3/envs/hybracter_env/lib/python3.11/site-packages/hybracter/workflow/conda/639f4bf04df38f7c8704ca26e9afdad8_
[Thu Mar 26 11:21:40 2026]
Finished jobid: 163 (Rule: add_sample_plassembler)
56 of 125 steps (45%) done
Execute 1 jobs...
[Thu Mar 26 11:21:40 2026]
localrule aggregate_pyrodigal_plassembler_input_rule:
    input: hybracter_out/supplementary_results/plassembler_individual_summaries/EXE_03_2025_A_with_sample.tsv
    output: hybracter_out/flags/aggr_pyrodigal_plassembler/EXE_03_2025_A.txt
    jobid: 92
    reason: Missing output files: hybracter_out/flags/aggr_pyrodigal_plassembler/EXE_03_2025_A.txt; Input files updated by another job: hybracter_out/supplementary_results/plassembler_individual_summaries/EXE_03_2025_A_with_sample.tsv
    wildcards: sample=EXE_03_2025_A
    resources: tmpdir=/tmp, mem_mb=4000, mem_mib=3815, mem=4000MB, time=00:00:05
Shell command: 
        touch hybracter_out/flags/aggr_pyrodigal_plassembler/EXE_03_2025_A.txt
        
[Thu Mar 26 11:21:40 2026]
Finished jobid: 92 (Rule: aggregate_pyrodigal_plassembler_input_rule)
57 of 125 steps (46%) done
Select jobs to execute...
Execute 1 jobs...
[Thu Mar 26 11:21:40 2026]
localrule estimate_lr_coverage:
    input: hybracter_out/processing/qc/seqkit/EXE_13_2025_A_long.txt, hybracter_out/processing/chrom_size/EXE_13_2025_A_lrge_estimated_chromosome_size.txt
    output: hybracter_out/processing/qc/coverage/EXE_13_2025_A_lr.txt
    jobid: 42
    reason: Missing output files: hybracter_out/processing/qc/coverage/EXE_13_2025_A_lr.txt; Input files updated by another job: hybracter_out/processing/qc/seqkit/EXE_13_2025_A_long.txt, hybracter_out/processing/chrom_size/EXE_13_2025_A_lrge_estimated_chromosome_size.txt
    wildcards: sample=EXE_13_2025_A
    resources: tmpdir=/tmp, mem_mb=4000, mem_mib=3815, mem=4000MB, time=00:00:05
Shell command: None
Activating conda environment: ../../../../../miniconda3/envs/hybracter_env/lib/python3.11/site-packages/hybracter/workflow/conda/639f4bf04df38f7c8704ca26e9afdad8_
Select jobs to execute...
Activating conda environment: ../../../../../miniconda3/envs/hybracter_env/lib/python3.11/site-packages/hybracter/workflow/conda/639f4bf04df38f7c8704ca26e9afdad8_
[Thu Mar 26 11:21:41 2026]
Finished jobid: 42 (Rule: estimate_lr_coverage)
58 of 125 steps (46%) done
Execute 1 jobs...
[Thu Mar 26 11:21:41 2026]
localrule assemble:
    input: hybracter_out/processing/qc/EXE_13_2025_A_filt_trim.fastq.gz, hybracter_out/processing/qc/coverage/EXE_13_2025_A_lr.txt
    output: hybracter_out/processing/assemblies/EXE_13_2025_A/assembly.fasta, hybracter_out/processing/assemblies/EXE_13_2025_A/assembly_info.txt, hybracter_out/versions/EXE_13_2025_A/flye.version, hybracter_out/supplementary_results/flye_individual_summaries/EXE_13_2025_A_assembly_info.txt
    log: hybracter_out/stderr/assemble/EXE_13_2025_A.log
    jobid: 53
    benchmark: hybracter_out/benchmarks/assemble/EXE_13_2025_A.txt
    reason: Missing output files: hybracter_out/processing/assemblies/EXE_13_2025_A/assembly.fasta, hybracter_out/supplementary_results/flye_individual_summaries/EXE_13_2025_A_assembly_info.txt, hybracter_out/versions/EXE_13_2025_A/flye.version, hybracter_out/processing/assemblies/EXE_13_2025_A/assembly_info.txt; Input files updated by another job: hybracter_out/processing/qc/EXE_13_2025_A_filt_trim.fastq.gz, hybracter_out/processing/qc/coverage/EXE_13_2025_A_lr.txt
    wildcards: sample=EXE_13_2025_A
    resources: tmpdir=/tmp, mem_mb=32000, mem_mib=30518, mem=32000MB, time=08:00:00
Shell command: 
        if [ "False" = "True" ]; then 
            flye --nano-hq hybracter_out/processing/qc/EXE_13_2025_A_filt_trim.fastq.gz -t 1  --out-dir hybracter_out/processing/assemblies/EXE_13_2025_A None 2> hybracter_out/stderr/assemble/EXE_13_2025_A.log
        else
            flye --nano-hq hybracter_out/processing/qc/EXE_13_2025_A_filt_trim.fastq.gz -t 1  --out-dir hybracter_out/processing/assemblies/EXE_13_2025_A  2> hybracter_out/stderr/assemble/EXE_13_2025_A.log
        fi
        flye --version > hybracter_out/versions/EXE_13_2025_A/flye.version   
        cp hybracter_out/processing/assemblies/EXE_13_2025_A/assembly_info.txt hybracter_out/supplementary_results/flye_individual_summaries/EXE_13_2025_A_assembly_info.txt
        
Activating conda environment: ../../../../../miniconda3/envs/hybracter_env/lib/python3.11/site-packages/hybracter/workflow/conda/867e79b85cea33b7804e36b625a69929_
Select jobs to execute...
[Thu Mar 26 11:38:39 2026]
Finished jobid: 53 (Rule: assemble)
59 of 125 steps (47%) done
Execute 1 jobs...
[Thu Mar 26 11:38:39 2026]
localcheckpoint check_completeness:
    input: hybracter_out/processing/assemblies/EXE_13_2025_A/assembly.fasta, hybracter_out/processing/assemblies/EXE_13_2025_A/assembly_info.txt, hybracter_out/processing/chrom_size/EXE_13_2025_A_lrge_estimated_chromosome_size.txt
    output: hybracter_out/completeness/EXE_13_2025_A.txt
    jobid: 67
    reason: Missing output files: <TBD>; Input files updated by another job: hybracter_out/processing/assemblies/EXE_13_2025_A/assembly_info.txt, hybracter_out/processing/chrom_size/EXE_13_2025_A_lrge_estimated_chromosome_size.txt, hybracter_out/processing/assemblies/EXE_13_2025_A/assembly.fasta
    wildcards: sample=EXE_13_2025_A
    resources: tmpdir=/tmp, mem_mb=4000, mem_mib=3815, mem=4000MB, time=00:00:05
Shell command: None
DAG of jobs will be updated after completion.
Activating conda environment: ../../../../../miniconda3/envs/hybracter_env/lib/python3.11/site-packages/hybracter/workflow/conda/639f4bf04df38f7c8704ca26e9afdad8_
Select jobs to execute...
Activating conda environment: ../../../../../miniconda3/envs/hybracter_env/lib/python3.11/site-packages/hybracter/workflow/conda/639f4bf04df38f7c8704ca26e9afdad8_
[Thu Mar 26 11:38:41 2026]
Finished jobid: 67 (Rule: check_completeness)
60 of 125 steps (48%) done
Updating checkpoint dependencies.
Execute 1 jobs...
[Thu Mar 26 11:38:41 2026]
localrule plassembler_long:
    input: hybracter_out/processing/chrom_size/EXE_13_2025_A_lrge_estimated_chromosome_size.txt, hybracter_out/processing/qc/EXE_13_2025_A_filt_trim.fastq.gz
    output: hybracter_out/processing/plassembler/EXE_13_2025_A/plassembler_plasmids.fasta, hybracter_out/processing/plassembler/EXE_13_2025_A/plassembler_summary.tsv, hybracter_out/versions/EXE_13_2025_A/plassembler.version
    log: hybracter_out/stderr/plassembler_long/EXE_13_2025_A.log
    jobid: 207
    benchmark: hybracter_out/benchmarks/plassembler_long/EXE_13_2025_A.txt
    reason: Missing output files: hybracter_out/processing/plassembler/EXE_13_2025_A/plassembler_summary.tsv, hybracter_out/processing/plassembler/EXE_13_2025_A/plassembler_plasmids.fasta
    wildcards: sample=EXE_13_2025_A
    resources: tmpdir=/tmp, mem_mb=32000, mem_mib=30518, mem=32000MB, time=08:00:00
Shell command: 
        plassembler long -l hybracter_out/processing/qc/EXE_13_2025_A_filt_trim.fastq.gz -o hybracter_out/processing/plassembler/EXE_13_2025_A -d /data/djs217/miniconda3/envs/hybracter_env/lib/python3.11/site-packages/hybracter/workflow/../databases -t 1 -c 2800000 --skip_qc --flye_directory hybracter_out/processing/assemblies/EXE_13_2025_A --depth_filter 0.25 -f 2> hybracter_out/stderr/plassembler_long/EXE_13_2025_A.log
        touch hybracter_out/processing/plassembler/EXE_13_2025_A/plassembler_plasmids.fasta
        touch hybracter_out/processing/plassembler/EXE_13_2025_A/plassembler_summary.tsv
        plassembler --version > hybracter_out/versions/EXE_13_2025_A/plassembler.version

        
Activating conda environment: ../../../../../miniconda3/envs/hybracter_env/lib/python3.11/site-packages/hybracter/workflow/conda/78019da34467f1ccbd2a1e2321558605_
Select jobs to execute...
[Thu Mar 26 13:39:43 2026]
Finished jobid: 207 (Rule: plassembler_long)
61 of 139 steps (44%) done
Execute 1 jobs...
[Thu Mar 26 13:39:43 2026]
localrule extract_chromosome_complete:
    input: hybracter_out/processing/assemblies/EXE_13_2025_A/assembly.fasta, hybracter_out/processing/assemblies/EXE_13_2025_A/assembly_info.txt, hybracter_out/completeness/EXE_13_2025_A.txt, hybracter_out/processing/chrom_size/EXE_13_2025_A_lrge_estimated_chromosome_size.txt
    output: hybracter_out/processing/pre_polish/EXE_13_2025_A_chromosome.fasta, hybracter_out/processing/pre_polish/EXE_13_2025_A_ignore_list.txt
    jobid: 206
    reason: Missing output files: hybracter_out/processing/pre_polish/EXE_13_2025_A_chromosome.fasta, hybracter_out/processing/pre_polish/EXE_13_2025_A_ignore_list.txt
    wildcards: sample=EXE_13_2025_A
    resources: tmpdir=/tmp, mem_mb=4000, mem_mib=3815, mem=4000MB, time=00:00:05
Shell command: None
Activating conda environment: ../../../../../miniconda3/envs/hybracter_env/lib/python3.11/site-packages/hybracter/workflow/conda/639f4bf04df38f7c8704ca26e9afdad8_
Select jobs to execute...
Activating conda environment: ../../../../../miniconda3/envs/hybracter_env/lib/python3.11/site-packages/hybracter/workflow/conda/639f4bf04df38f7c8704ca26e9afdad8_
[Thu Mar 26 13:39:45 2026]
Finished jobid: 206 (Rule: extract_chromosome_complete)
62 of 139 steps (45%) done
Execute 1 jobs...
[Thu Mar 26 13:39:45 2026]
localrule concatenate_chrom_plassembler:
    input: hybracter_out/processing/pre_polish/EXE_13_2025_A_chromosome.fasta, hybracter_out/processing/plassembler/EXE_13_2025_A/plassembler_plasmids.fasta
    output: hybracter_out/processing/pre_polish/EXE_13_2025_A_chromosome_plus_plasmids.fasta
    jobid: 205
    reason: Missing output files: hybracter_out/processing/pre_polish/EXE_13_2025_A_chromosome_plus_plasmids.fasta; Input files updated by another job: hybracter_out/processing/pre_polish/EXE_13_2025_A_chromosome.fasta, hybracter_out/processing/plassembler/EXE_13_2025_A/plassembler_plasmids.fasta
    wildcards: sample=EXE_13_2025_A
    resources: tmpdir=/tmp, mem_mb=4000, mem_mib=3815, mem=4000MB, time=00:00:05
Shell command: 
        cat hybracter_out/processing/pre_polish/EXE_13_2025_A_chromosome.fasta hybracter_out/processing/plassembler/EXE_13_2025_A/plassembler_plasmids.fasta > hybracter_out/processing/pre_polish/EXE_13_2025_A_chromosome_plus_plasmids.fasta
        
[Thu Mar 26 13:39:45 2026]
Finished jobid: 205 (Rule: concatenate_chrom_plassembler)
63 of 139 steps (45%) done
Select jobs to execute...
Execute 1 jobs...
[Thu Mar 26 13:39:45 2026]
localrule medaka_round_1:
    input: hybracter_out/processing/pre_polish/EXE_13_2025_A_chromosome_plus_plasmids.fasta, hybracter_out/processing/qc/EXE_13_2025_A_filt_trim.fastq.gz
    output: hybracter_out/processing/complete/medaka_rd_1/EXE_13_2025_A/consensus.fasta, hybracter_out/versions/EXE_13_2025_A/medaka_complete.version
    log: hybracter_out/stderr/medaka_round_1/EXE_13_2025_A.log
    jobid: 204
    benchmark: hybracter_out/benchmarks/medaka_round_1/EXE_13_2025_A.txt
    reason: Missing output files: hybracter_out/processing/complete/medaka_rd_1/EXE_13_2025_A/consensus.fasta; Input files updated by another job: hybracter_out/processing/pre_polish/EXE_13_2025_A_chromosome_plus_plasmids.fasta
    wildcards: sample=EXE_13_2025_A
    resources: tmpdir=/tmp, mem_mb=32000, mem_mib=30518, mem=32000MB, time=08:00:00
Shell command: 
        export CUDA_VISIBLE_DEVICES=""
        if [ "True" = "True" ]; then
           # from v 0.10.0, hybracter supports --bacteria
            medaka_consensus -i hybracter_out/processing/qc/EXE_13_2025_A_filt_trim.fastq.gz -d hybracter_out/processing/pre_polish/EXE_13_2025_A_chromosome_plus_plasmids.fasta -o hybracter_out/processing/complete/medaka_rd_1/EXE_13_2025_A --bacteria  -t 1 2> hybracter_out/stderr/medaka_round_1/EXE_13_2025_A.log
            medaka --version > hybracter_out/versions/EXE_13_2025_A/medaka_complete.version
            touch hybracter_out/processing/complete/medaka_rd_1/EXE_13_2025_A/calls_to_draft.bam
            rm hybracter_out/processing/complete/medaka_rd_1/EXE_13_2025_A/calls_to_draft.bam
            touch hybracter_out/processing/complete/medaka_rd_1/EXE_13_2025_A/consensus_probs.hdf
            rm hybracter_out/processing/complete/medaka_rd_1/EXE_13_2025_A/consensus_probs.hdf
        else
           
            medaka_consensus -i hybracter_out/processing/qc/EXE_13_2025_A_filt_trim.fastq.gz -d hybracter_out/processing/pre_polish/EXE_13_2025_A_chromosome_plus_plasmids.fasta -o hybracter_out/processing/complete/medaka_rd_1/EXE_13_2025_A -m r1041_e82_400bps_sup_v5.0.0 -t 1 2> hybracter_out/stderr/medaka_round_1/EXE_13_2025_A.log
            medaka --version > hybracter_out/versions/EXE_13_2025_A/medaka_complete.version
            touch hybracter_out/processing/complete/medaka_rd_1/EXE_13_2025_A/calls_to_draft.bam
            rm hybracter_out/processing/complete/medaka_rd_1/EXE_13_2025_A/calls_to_draft.bam
            touch hybracter_out/processing/complete/medaka_rd_1/EXE_13_2025_A/consensus_probs.hdf
            rm hybracter_out/processing/complete/medaka_rd_1/EXE_13_2025_A/consensus_probs.hdf
        fi
        
Activating conda environment: ../../../../../miniconda3/envs/hybracter_env/lib/python3.11/site-packages/hybracter/workflow/conda/7aafc1085ca44eee01942c03ca74ecad_
Select jobs to execute...
[Thu Mar 26 13:43:51 2026]
Finished jobid: 204 (Rule: medaka_round_1)
64 of 139 steps (46%) done
Execute 1 jobs...
[Thu Mar 26 13:43:51 2026]
localrule medaka_round_1_extract_intermediate_assembly:
    input: hybracter_out/processing/complete/medaka_rd_1/EXE_13_2025_A/consensus.fasta, hybracter_out/completeness/EXE_13_2025_A.txt, hybracter_out/processing/assemblies/EXE_13_2025_A/assembly_info.txt, hybracter_out/processing/chrom_size/EXE_13_2025_A_lrge_estimated_chromosome_size.txt
    output: hybracter_out/supplementary_results/intermediate_chromosome_assemblies/EXE_13_2025_A/EXE_13_2025_A_medaka_rd_1.fasta, hybracter_out/processing/complete/medaka_rd_1/EXE_13_2025_A_ignore_list.txt
    jobid: 203
    reason: Missing output files: hybracter_out/supplementary_results/intermediate_chromosome_assemblies/EXE_13_2025_A/EXE_13_2025_A_medaka_rd_1.fasta; Input files updated by another job: hybracter_out/processing/complete/medaka_rd_1/EXE_13_2025_A/consensus.fasta
    wildcards: sample=EXE_13_2025_A
    resources: tmpdir=/tmp, mem_mb=4000, mem_mib=3815, mem=4000MB, time=00:00:05
Shell command: None
Select jobs to execute...
Activating conda environment: ../../../../../miniconda3/envs/hybracter_env/lib/python3.11/site-packages/hybracter/workflow/conda/639f4bf04df38f7c8704ca26e9afdad8_
Activating conda environment: ../../../../../miniconda3/envs/hybracter_env/lib/python3.11/site-packages/hybracter/workflow/conda/639f4bf04df38f7c8704ca26e9afdad8_
[Thu Mar 26 13:43:53 2026]
Finished jobid: 203 (Rule: medaka_round_1_extract_intermediate_assembly)
65 of 139 steps (47%) done
Execute 1 jobs...
[Thu Mar 26 13:43:53 2026]
localrule dnaapler_pre_chrom:
    input: hybracter_out/processing/pre_polish/EXE_13_2025_A_chromosome.fasta, hybracter_out/processing/pre_polish/EXE_13_2025_A_ignore_list.txt
    output: hybracter_out/processing/complete/dnaapler/EXE_13_2025_A_pre_chrom/EXE_13_2025_A_reoriented.fasta
    log: hybracter_out/stderr/dnaapler/EXE_13_2025_A_pre_chrom.log
    jobid: 212
    benchmark: hybracter_out/benchmarks/dnaapler/EXE_13_2025_A_pre_chrom.txt
    reason: Missing output files: hybracter_out/processing/complete/dnaapler/EXE_13_2025_A_pre_chrom/EXE_13_2025_A_reoriented.fasta; Input files updated by another job: hybracter_out/processing/pre_polish/EXE_13_2025_A_chromosome.fasta, hybracter_out/processing/pre_polish/EXE_13_2025_A_ignore_list.txt
    wildcards: sample=EXE_13_2025_A
    resources: tmpdir=/tmp, mem_mb=16000, mem_mib=15259, mem=16000MB, time=08:00:00
Shell command: 
        dnaapler all -i hybracter_out/processing/pre_polish/EXE_13_2025_A_chromosome.fasta -o hybracter_out/processing/complete/dnaapler/EXE_13_2025_A_pre_chrom --ignore hybracter_out/processing/pre_polish/EXE_13_2025_A_ignore_list.txt -p EXE_13_2025_A -t 1 -a nearest --db dnaa,cog1474,repa -f 2> hybracter_out/stderr/dnaapler/EXE_13_2025_A_pre_chrom.log
        
Activating conda environment: ../../../../../miniconda3/envs/hybracter_env/lib/python3.11/site-packages/hybracter/workflow/conda/2e20c9685892c8c53c04f44043c92cbf_
Select jobs to execute...
[Thu Mar 26 13:45:29 2026]
Finished jobid: 212 (Rule: dnaapler_pre_chrom)
66 of 139 steps (47%) done
Execute 1 jobs...
[Thu Mar 26 13:45:29 2026]
localrule dnaapler:
    input: hybracter_out/supplementary_results/intermediate_chromosome_assemblies/EXE_13_2025_A/EXE_13_2025_A_medaka_rd_1.fasta, hybracter_out/processing/pre_polish/EXE_13_2025_A_ignore_list.txt
    output: hybracter_out/processing/complete/dnaapler/EXE_13_2025_A/EXE_13_2025_A_reoriented.fasta, hybracter_out/versions/EXE_13_2025_A/dnaapler.version
    log: hybracter_out/stderr/dnaapler/EXE_13_2025_A.log
    jobid: 202
    benchmark: hybracter_out/benchmarks/dnaapler/EXE_13_2025_A.txt
    reason: Missing output files: hybracter_out/processing/complete/dnaapler/EXE_13_2025_A/EXE_13_2025_A_reoriented.fasta; Input files updated by another job: hybracter_out/supplementary_results/intermediate_chromosome_assemblies/EXE_13_2025_A/EXE_13_2025_A_medaka_rd_1.fasta, hybracter_out/processing/pre_polish/EXE_13_2025_A_ignore_list.txt
    wildcards: sample=EXE_13_2025_A
    resources: tmpdir=/tmp, mem_mb=16000, mem_mib=15259, mem=16000MB, time=08:00:00
Shell command: 
        dnaapler all -i hybracter_out/supplementary_results/intermediate_chromosome_assemblies/EXE_13_2025_A/EXE_13_2025_A_medaka_rd_1.fasta -o hybracter_out/processing/complete/dnaapler/EXE_13_2025_A --ignore hybracter_out/processing/pre_polish/EXE_13_2025_A_ignore_list.txt -p EXE_13_2025_A -t 1 -a nearest --db "dnaa,cog1474,repa" -f 2> hybracter_out/stderr/dnaapler/EXE_13_2025_A.log
        dnaapler --version > hybracter_out/versions/EXE_13_2025_A/dnaapler.version
        
Activating conda environment: ../../../../../miniconda3/envs/hybracter_env/lib/python3.11/site-packages/hybracter/workflow/conda/2e20c9685892c8c53c04f44043c92cbf_
Select jobs to execute...
[Thu Mar 26 13:47:03 2026]
Finished jobid: 202 (Rule: dnaapler)
67 of 139 steps (48%) done
Execute 1 jobs...
[Thu Mar 26 13:47:03 2026]
localrule compare_assemblies_medaka_round_1:
    input: hybracter_out/processing/complete/dnaapler/EXE_13_2025_A_pre_chrom/EXE_13_2025_A_reoriented.fasta, hybracter_out/processing/complete/dnaapler/EXE_13_2025_A/EXE_13_2025_A_reoriented.fasta
    output: hybracter_out/supplementary_results/comparisons/EXE_13_2025_A/medaka_round_1_vs_pre_polish.txt
    jobid: 211
    reason: Missing output files: hybracter_out/supplementary_results/comparisons/EXE_13_2025_A/medaka_round_1_vs_pre_polish.txt; Input files updated by another job: hybracter_out/processing/complete/dnaapler/EXE_13_2025_A/EXE_13_2025_A_reoriented.fasta, hybracter_out/processing/complete/dnaapler/EXE_13_2025_A_pre_chrom/EXE_13_2025_A_reoriented.fasta
    wildcards: sample=EXE_13_2025_A
    resources: tmpdir=/tmp, mem_mb=16000, mem_mib=15259, mem=16000MB, time=08:00:00
Shell command: None
Activating conda environment: ../../../../../miniconda3/envs/hybracter_env/lib/python3.11/site-packages/hybracter/workflow/conda/639f4bf04df38f7c8704ca26e9afdad8_
Select jobs to execute...
Activating conda environment: ../../../../../miniconda3/envs/hybracter_env/lib/python3.11/site-packages/hybracter/workflow/conda/639f4bf04df38f7c8704ca26e9afdad8_
[Thu Mar 26 13:47:08 2026]
Finished jobid: 211 (Rule: compare_assemblies_medaka_round_1)
68 of 139 steps (49%) done
Execute 1 jobs...
[Thu Mar 26 13:47:08 2026]
localrule concatenate_intermediate_dnaapler_with_plassembler:
    input: hybracter_out/processing/complete/dnaapler/EXE_13_2025_A/EXE_13_2025_A_reoriented.fasta, hybracter_out/processing/plassembler/EXE_13_2025_A/plassembler_plasmids.fasta
    output: hybracter_out/processing/complete/dnaapler/EXE_13_2025_A/EXE_13_2025_A_reoriented_chrom_and_plasmids.fasta
    jobid: 210
    reason: Missing output files: hybracter_out/processing/complete/dnaapler/EXE_13_2025_A/EXE_13_2025_A_reoriented_chrom_and_plasmids.fasta; Input files updated by another job: hybracter_out/processing/complete/dnaapler/EXE_13_2025_A/EXE_13_2025_A_reoriented.fasta, hybracter_out/processing/plassembler/EXE_13_2025_A/plassembler_plasmids.fasta
    wildcards: sample=EXE_13_2025_A
    resources: tmpdir=/tmp, mem_mb=4000, mem_mib=3815, mem=4000MB, time=00:00:05
Shell command: 
        cat hybracter_out/processing/complete/dnaapler/EXE_13_2025_A/EXE_13_2025_A_reoriented.fasta hybracter_out/processing/plassembler/EXE_13_2025_A/plassembler_plasmids.fasta > hybracter_out/processing/complete/dnaapler/EXE_13_2025_A/EXE_13_2025_A_reoriented_chrom_and_plasmids.fasta
        
[Thu Mar 26 13:47:08 2026]
Finished jobid: 210 (Rule: concatenate_intermediate_dnaapler_with_plassembler)
69 of 139 steps (50%) done
Select jobs to execute...
Execute 1 jobs...
[Thu Mar 26 13:47:08 2026]
localrule medaka_round_2:
    input: hybracter_out/processing/complete/dnaapler/EXE_13_2025_A/EXE_13_2025_A_reoriented_chrom_and_plasmids.fasta, hybracter_out/processing/qc/EXE_13_2025_A_filt_trim.fastq.gz
    output: hybracter_out/processing/complete/medaka_rd_2/EXE_13_2025_A/consensus.fasta
    log: hybracter_out/stderr/medaka_round_2/EXE_13_2025_A.log
    jobid: 209
    benchmark: hybracter_out/benchmarks/medaka_round_2/EXE_13_2025_A.txt
    reason: Missing output files: hybracter_out/processing/complete/medaka_rd_2/EXE_13_2025_A/consensus.fasta; Input files updated by another job: hybracter_out/processing/complete/dnaapler/EXE_13_2025_A/EXE_13_2025_A_reoriented_chrom_and_plasmids.fasta
    wildcards: sample=EXE_13_2025_A
    resources: tmpdir=/tmp, mem_mb=32000, mem_mib=30518, mem=32000MB, time=08:00:00
Shell command: 
        export CUDA_VISIBLE_DEVICES=""
        if [ "True" = "True" ]; then
           # from v 0.10.0, hybracter supports --bacteria
            medaka_consensus -i hybracter_out/processing/qc/EXE_13_2025_A_filt_trim.fastq.gz -d hybracter_out/processing/complete/dnaapler/EXE_13_2025_A/EXE_13_2025_A_reoriented_chrom_and_plasmids.fasta -o hybracter_out/processing/complete/medaka_rd_2/EXE_13_2025_A --bacteria  -t 1 2> hybracter_out/stderr/medaka_round_2/EXE_13_2025_A.log
            touch hybracter_out/processing/complete/medaka_rd_2/EXE_13_2025_A/calls_to_draft.bam
            rm hybracter_out/processing/complete/medaka_rd_2/EXE_13_2025_A/calls_to_draft.bam
            touch hybracter_out/processing/complete/medaka_rd_2/EXE_13_2025_A/consensus_probs.hdf
            rm hybracter_out/processing/complete/medaka_rd_2/EXE_13_2025_A/consensus_probs.hdf
        else
            medaka_consensus -i hybracter_out/processing/qc/EXE_13_2025_A_filt_trim.fastq.gz -d hybracter_out/processing/complete/dnaapler/EXE_13_2025_A/EXE_13_2025_A_reoriented_chrom_and_plasmids.fasta -o hybracter_out/processing/complete/medaka_rd_2/EXE_13_2025_A -m r1041_e82_400bps_sup_v5.0.0 -t 1 2> hybracter_out/stderr/medaka_round_2/EXE_13_2025_A.log
            touch hybracter_out/processing/complete/medaka_rd_2/EXE_13_2025_A/calls_to_draft.bam
            rm hybracter_out/processing/complete/medaka_rd_2/EXE_13_2025_A/calls_to_draft.bam
            touch hybracter_out/processing/complete/medaka_rd_2/EXE_13_2025_A/consensus_probs.hdf
            rm hybracter_out/processing/complete/medaka_rd_2/EXE_13_2025_A/consensus_probs.hdf
        fi
        
Activating conda environment: ../../../../../miniconda3/envs/hybracter_env/lib/python3.11/site-packages/hybracter/workflow/conda/7aafc1085ca44eee01942c03ca74ecad_
Select jobs to execute...
[Thu Mar 26 13:51:14 2026]
Finished jobid: 209 (Rule: medaka_round_2)
70 of 139 steps (50%) done
Execute 1 jobs...
[Thu Mar 26 13:51:14 2026]
localrule medaka_round_2_extract_intermediate_assembly:
    input: hybracter_out/processing/complete/medaka_rd_2/EXE_13_2025_A/consensus.fasta, hybracter_out/completeness/EXE_13_2025_A.txt, hybracter_out/processing/assemblies/EXE_13_2025_A/assembly_info.txt
    output: hybracter_out/supplementary_results/intermediate_chromosome_assemblies/EXE_13_2025_A/EXE_13_2025_A_medaka_rd_2.fasta, hybracter_out/processing/complete/medaka_rd_2/EXE_13_2025_A_ignore_list.txt
    jobid: 208
    reason: Missing output files: hybracter_out/supplementary_results/intermediate_chromosome_assemblies/EXE_13_2025_A/EXE_13_2025_A_medaka_rd_2.fasta; Input files updated by another job: hybracter_out/processing/complete/medaka_rd_2/EXE_13_2025_A/consensus.fasta
    wildcards: sample=EXE_13_2025_A
    resources: tmpdir=/tmp, mem_mb=4000, mem_mib=3815, mem=4000MB, time=00:00:05
Shell command: None
Activating conda environment: ../../../../../miniconda3/envs/hybracter_env/lib/python3.11/site-packages/hybracter/workflow/conda/639f4bf04df38f7c8704ca26e9afdad8_
Select jobs to execute...
Activating conda environment: ../../../../../miniconda3/envs/hybracter_env/lib/python3.11/site-packages/hybracter/workflow/conda/639f4bf04df38f7c8704ca26e9afdad8_
[Thu Mar 26 13:51:15 2026]
Finished jobid: 208 (Rule: medaka_round_2_extract_intermediate_assembly)
71 of 139 steps (51%) done
Execute 1 jobs...
[Thu Mar 26 13:51:15 2026]
localrule compare_assemblies_medaka_round_2:
    input: hybracter_out/processing/complete/dnaapler/EXE_13_2025_A/EXE_13_2025_A_reoriented.fasta, hybracter_out/supplementary_results/intermediate_chromosome_assemblies/EXE_13_2025_A/EXE_13_2025_A_medaka_rd_2.fasta, hybracter_out/supplementary_results/comparisons/EXE_13_2025_A/medaka_round_1_vs_pre_polish.txt
    output: hybracter_out/supplementary_results/comparisons/EXE_13_2025_A/medaka_round_2_vs_medaka_round_1.txt
    jobid: 201
    reason: Missing output files: hybracter_out/supplementary_results/comparisons/EXE_13_2025_A/medaka_round_2_vs_medaka_round_1.txt; Input files updated by another job: hybracter_out/processing/complete/dnaapler/EXE_13_2025_A/EXE_13_2025_A_reoriented.fasta, hybracter_out/supplementary_results/intermediate_chromosome_assemblies/EXE_13_2025_A/EXE_13_2025_A_medaka_rd_2.fasta, hybracter_out/supplementary_results/comparisons/EXE_13_2025_A/medaka_round_1_vs_pre_polish.txt
    wildcards: sample=EXE_13_2025_A
    resources: tmpdir=/tmp, mem_mb=16000, mem_mib=15259, mem=16000MB, time=08:00:00
Shell command: None
Activating conda environment: ../../../../../miniconda3/envs/hybracter_env/lib/python3.11/site-packages/hybracter/workflow/conda/639f4bf04df38f7c8704ca26e9afdad8_
Select jobs to execute...
Activating conda environment: ../../../../../miniconda3/envs/hybracter_env/lib/python3.11/site-packages/hybracter/workflow/conda/639f4bf04df38f7c8704ca26e9afdad8_
[Thu Mar 26 13:51:20 2026]
Finished jobid: 201 (Rule: compare_assemblies_medaka_round_2)
72 of 139 steps (52%) done
Execute 1 jobs...
[Thu Mar 26 13:51:20 2026]
localrule aggregate_finalise_complete:
    input: hybracter_out/processing/complete/dnaapler/EXE_13_2025_A_pre_chrom/EXE_13_2025_A_reoriented.fasta, hybracter_out/processing/complete/dnaapler/EXE_13_2025_A/EXE_13_2025_A_reoriented.fasta, hybracter_out/supplementary_results/intermediate_chromosome_assemblies/EXE_13_2025_A/EXE_13_2025_A_medaka_rd_2.fasta, hybracter_out/processing/plassembler/EXE_13_2025_A/plassembler_plasmids.fasta, hybracter_out/supplementary_results/flye_individual_summaries/EXE_13_2025_A_assembly_info.txt, hybracter_out/supplementary_results/comparisons/EXE_13_2025_A/medaka_round_2_vs_medaka_round_1.txt, hybracter_out/processing/pre_polish/EXE_13_2025_A_ignore_list.txt
    output: hybracter_out/FINAL_OUTPUT/complete/EXE_13_2025_A_chromosome.fasta, hybracter_out/FINAL_OUTPUT/complete/EXE_13_2025_A_final.fasta, hybracter_out/supplementary_results/pyrodigal_mean_length_summaries/complete/EXE_13_2025_A_summary.tsv, hybracter_out/FINAL_OUTPUT/complete/EXE_13_2025_A_summary.tsv, hybracter_out/FINAL_OUTPUT/complete/EXE_13_2025_A_per_contig_stats.tsv, hybracter_out/FINAL_OUTPUT/complete/EXE_13_2025_A_plasmid.fasta
    jobid: 214
    reason: Missing output files: hybracter_out/FINAL_OUTPUT/complete/EXE_13_2025_A_final.fasta; Input files updated by another job: hybracter_out/supplementary_results/comparisons/EXE_13_2025_A/medaka_round_2_vs_medaka_round_1.txt, hybracter_out/supplementary_results/intermediate_chromosome_assemblies/EXE_13_2025_A/EXE_13_2025_A_medaka_rd_2.fasta, hybracter_out/processing/plassembler/EXE_13_2025_A/plassembler_plasmids.fasta, hybracter_out/processing/complete/dnaapler/EXE_13_2025_A_pre_chrom/EXE_13_2025_A_reoriented.fasta, hybracter_out/processing/complete/dnaapler/EXE_13_2025_A/EXE_13_2025_A_reoriented.fasta, hybracter_out/processing/pre_polish/EXE_13_2025_A_ignore_list.txt
    wildcards: sample=EXE_13_2025_A
    resources: tmpdir=/tmp, mem_mb=4000, mem_mib=3815, mem=4000MB, time=00:00:05
Shell command: None
Activating conda environment: ../../../../../miniconda3/envs/hybracter_env/lib/python3.11/site-packages/hybracter/workflow/conda/474e4e1622549f89bad4f85cb93aba39_
Select jobs to execute...
Activating conda environment: ../../../../../miniconda3/envs/hybracter_env/lib/python3.11/site-packages/hybracter/workflow/conda/474e4e1622549f89bad4f85cb93aba39_
[Thu Mar 26 13:51:27 2026]
Finished jobid: 214 (Rule: aggregate_finalise_complete)
73 of 139 steps (53%) done
Execute 1 jobs...
[Thu Mar 26 13:51:27 2026]
localrule aggregate_finalised_assemblies_rule:
    input: hybracter_out/FINAL_OUTPUT/complete/EXE_13_2025_A_final.fasta
    output: hybracter_out/flags/aggr_final/EXE_13_2025_A.txt
    jobid: 105
    reason: Missing output files: hybracter_out/flags/aggr_final/EXE_13_2025_A.txt; Input files updated by another job: hybracter_out/FINAL_OUTPUT/complete/EXE_13_2025_A_final.fasta
    wildcards: sample=EXE_13_2025_A
    resources: tmpdir=/tmp, mem_mb=4000, mem_mib=3815, mem=4000MB, time=00:00:05
Shell command: 
        touch hybracter_out/flags/aggr_final/EXE_13_2025_A.txt
        
Select jobs to execute...
[Thu Mar 26 13:51:27 2026]
Finished jobid: 105 (Rule: aggregate_finalised_assemblies_rule)
74 of 139 steps (53%) done
Execute 1 jobs...
[Thu Mar 26 13:51:27 2026]
localrule aggregate_plassembler_input_rule:
    input: hybracter_out/processing/plassembler/EXE_13_2025_A/plassembler_plasmids.fasta
    output: hybracter_out/flags/aggr_plassembler/EXE_13_2025_A.txt
    jobid: 82
    reason: Missing output files: hybracter_out/flags/aggr_plassembler/EXE_13_2025_A.txt; Input files updated by another job: hybracter_out/processing/plassembler/EXE_13_2025_A/plassembler_plasmids.fasta
    wildcards: sample=EXE_13_2025_A
    resources: tmpdir=/tmp, mem_mb=4000, mem_mib=3815, mem=4000MB, time=00:00:05
Shell command: 
        echo hybracter_out/processing/plassembler/EXE_13_2025_A/plassembler_plasmids.fasta
        touch hybracter_out/flags/aggr_plassembler/EXE_13_2025_A.txt
        
Select jobs to execute...
[Thu Mar 26 13:51:27 2026]
Finished jobid: 82 (Rule: aggregate_plassembler_input_rule)
75 of 139 steps (54%) done
Execute 1 jobs...
[Thu Mar 26 13:51:27 2026]
localrule add_sample_plassembler:
    input: hybracter_out/processing/plassembler/EXE_13_2025_A/plassembler_summary.tsv
    output: hybracter_out/supplementary_results/plassembler_individual_summaries/EXE_13_2025_A_with_sample.tsv
    jobid: 213
    reason: Missing output files: hybracter_out/supplementary_results/plassembler_individual_summaries/EXE_13_2025_A_with_sample.tsv; Input files updated by another job: hybracter_out/processing/plassembler/EXE_13_2025_A/plassembler_summary.tsv
    wildcards: sample=EXE_13_2025_A
    resources: tmpdir=/tmp, mem_mb=4000, mem_mib=3815, mem=4000MB, time=00:00:05
Shell command: None
Select jobs to execute...
Activating conda environment: ../../../../../miniconda3/envs/hybracter_env/lib/python3.11/site-packages/hybracter/workflow/conda/639f4bf04df38f7c8704ca26e9afdad8_
Activating conda environment: ../../../../../miniconda3/envs/hybracter_env/lib/python3.11/site-packages/hybracter/workflow/conda/639f4bf04df38f7c8704ca26e9afdad8_
[Thu Mar 26 13:51:28 2026]
Finished jobid: 213 (Rule: add_sample_plassembler)
76 of 139 steps (55%) done
Execute 1 jobs...
[Thu Mar 26 13:51:28 2026]
localrule aggregate_pyrodigal_plassembler_input_rule:
    input: hybracter_out/supplementary_results/plassembler_individual_summaries/EXE_13_2025_A_with_sample.tsv
    output: hybracter_out/flags/aggr_pyrodigal_plassembler/EXE_13_2025_A.txt
    jobid: 94
    reason: Missing output files: hybracter_out/flags/aggr_pyrodigal_plassembler/EXE_13_2025_A.txt; Input files updated by another job: hybracter_out/supplementary_results/plassembler_individual_summaries/EXE_13_2025_A_with_sample.tsv
    wildcards: sample=EXE_13_2025_A
    resources: tmpdir=/tmp, mem_mb=4000, mem_mib=3815, mem=4000MB, time=00:00:05
Shell command: 
        touch hybracter_out/flags/aggr_pyrodigal_plassembler/EXE_13_2025_A.txt
        
Select jobs to execute...
[Thu Mar 26 13:51:28 2026]
Finished jobid: 94 (Rule: aggregate_pyrodigal_plassembler_input_rule)
77 of 139 steps (55%) done
Execute 1 jobs...
[Thu Mar 26 13:51:28 2026]
localrule aggregate_long_read_polish_input_rule:
    input: hybracter_out/supplementary_results/comparisons/EXE_13_2025_A/medaka_round_2_vs_medaka_round_1.txt
    output: hybracter_out/flags/aggr_long_read_polish/EXE_13_2025_A.txt
    jobid: 66
    reason: Missing output files: hybracter_out/flags/aggr_long_read_polish/EXE_13_2025_A.txt; Input files updated by another job: hybracter_out/supplementary_results/comparisons/EXE_13_2025_A/medaka_round_2_vs_medaka_round_1.txt
    wildcards: sample=EXE_13_2025_A
    resources: tmpdir=/tmp, mem_mb=4000, mem_mib=3815, mem=4000MB, time=00:00:05
Shell command: 
        echo hybracter_out/supplementary_results/comparisons/EXE_13_2025_A/medaka_round_2_vs_medaka_round_1.txt
        touch hybracter_out/flags/aggr_long_read_polish/EXE_13_2025_A.txt
        
[Thu Mar 26 13:51:28 2026]
Finished jobid: 66 (Rule: aggregate_long_read_polish_input_rule)
78 of 139 steps (56%) done
Select jobs to execute...
Execute 1 jobs...
[Thu Mar 26 13:51:28 2026]
localrule estimate_lr_coverage:
    input: hybracter_out/processing/qc/seqkit/EXE_30_2025_R_long.txt, hybracter_out/processing/chrom_size/EXE_30_2025_R_lrge_estimated_chromosome_size.txt
    output: hybracter_out/processing/qc/coverage/EXE_30_2025_R_lr.txt
    jobid: 45
    reason: Missing output files: hybracter_out/processing/qc/coverage/EXE_30_2025_R_lr.txt; Input files updated by another job: hybracter_out/processing/chrom_size/EXE_30_2025_R_lrge_estimated_chromosome_size.txt, hybracter_out/processing/qc/seqkit/EXE_30_2025_R_long.txt
    wildcards: sample=EXE_30_2025_R
    resources: tmpdir=/tmp, mem_mb=4000, mem_mib=3815, mem=4000MB, time=00:00:05
Shell command: None
Activating conda environment: ../../../../../miniconda3/envs/hybracter_env/lib/python3.11/site-packages/hybracter/workflow/conda/639f4bf04df38f7c8704ca26e9afdad8_
Select jobs to execute...
Activating conda environment: ../../../../../miniconda3/envs/hybracter_env/lib/python3.11/site-packages/hybracter/workflow/conda/639f4bf04df38f7c8704ca26e9afdad8_
[Thu Mar 26 13:51:30 2026]
Finished jobid: 45 (Rule: estimate_lr_coverage)
79 of 139 steps (57%) done
Execute 1 jobs...
[Thu Mar 26 13:51:30 2026]
localrule assemble:
    input: hybracter_out/processing/qc/EXE_30_2025_R_filt_trim.fastq.gz, hybracter_out/processing/qc/coverage/EXE_30_2025_R_lr.txt
    output: hybracter_out/processing/assemblies/EXE_30_2025_R/assembly.fasta, hybracter_out/processing/assemblies/EXE_30_2025_R/assembly_info.txt, hybracter_out/versions/EXE_30_2025_R/flye.version, hybracter_out/supplementary_results/flye_individual_summaries/EXE_30_2025_R_assembly_info.txt
    log: hybracter_out/stderr/assemble/EXE_30_2025_R.log
    jobid: 56
    benchmark: hybracter_out/benchmarks/assemble/EXE_30_2025_R.txt
    reason: Missing output files: hybracter_out/processing/assemblies/EXE_30_2025_R/assembly_info.txt, hybracter_out/supplementary_results/flye_individual_summaries/EXE_30_2025_R_assembly_info.txt, hybracter_out/processing/assemblies/EXE_30_2025_R/assembly.fasta, hybracter_out/versions/EXE_30_2025_R/flye.version; Input files updated by another job: hybracter_out/processing/qc/coverage/EXE_30_2025_R_lr.txt, hybracter_out/processing/qc/EXE_30_2025_R_filt_trim.fastq.gz
    wildcards: sample=EXE_30_2025_R
    resources: tmpdir=/tmp, mem_mb=32000, mem_mib=30518, mem=32000MB, time=08:00:00
Shell command: 
        if [ "False" = "True" ]; then 
            flye --nano-hq hybracter_out/processing/qc/EXE_30_2025_R_filt_trim.fastq.gz -t 1  --out-dir hybracter_out/processing/assemblies/EXE_30_2025_R None 2> hybracter_out/stderr/assemble/EXE_30_2025_R.log
        else
            flye --nano-hq hybracter_out/processing/qc/EXE_30_2025_R_filt_trim.fastq.gz -t 1  --out-dir hybracter_out/processing/assemblies/EXE_30_2025_R  2> hybracter_out/stderr/assemble/EXE_30_2025_R.log
        fi
        flye --version > hybracter_out/versions/EXE_30_2025_R/flye.version   
        cp hybracter_out/processing/assemblies/EXE_30_2025_R/assembly_info.txt hybracter_out/supplementary_results/flye_individual_summaries/EXE_30_2025_R_assembly_info.txt
        
Activating conda environment: ../../../../../miniconda3/envs/hybracter_env/lib/python3.11/site-packages/hybracter/workflow/conda/867e79b85cea33b7804e36b625a69929_
Select jobs to execute...
[Thu Mar 26 14:02:20 2026]
Finished jobid: 56 (Rule: assemble)
80 of 139 steps (58%) done
Execute 1 jobs...
[Thu Mar 26 14:02:20 2026]
localcheckpoint check_completeness:
    input: hybracter_out/processing/assemblies/EXE_30_2025_R/assembly.fasta, hybracter_out/processing/assemblies/EXE_30_2025_R/assembly_info.txt, hybracter_out/processing/chrom_size/EXE_30_2025_R_lrge_estimated_chromosome_size.txt
    output: hybracter_out/completeness/EXE_30_2025_R.txt
    jobid: 73
    reason: Missing output files: <TBD>; Input files updated by another job: hybracter_out/processing/chrom_size/EXE_30_2025_R_lrge_estimated_chromosome_size.txt, hybracter_out/processing/assemblies/EXE_30_2025_R/assembly_info.txt, hybracter_out/processing/assemblies/EXE_30_2025_R/assembly.fasta
    wildcards: sample=EXE_30_2025_R
    resources: tmpdir=/tmp, mem_mb=4000, mem_mib=3815, mem=4000MB, time=00:00:05
Shell command: None
DAG of jobs will be updated after completion.
Activating conda environment: ../../../../../miniconda3/envs/hybracter_env/lib/python3.11/site-packages/hybracter/workflow/conda/639f4bf04df38f7c8704ca26e9afdad8_
Select jobs to execute...
Activating conda environment: ../../../../../miniconda3/envs/hybracter_env/lib/python3.11/site-packages/hybracter/workflow/conda/639f4bf04df38f7c8704ca26e9afdad8_
[Thu Mar 26 14:02:22 2026]
Finished jobid: 73 (Rule: check_completeness)
81 of 139 steps (58%) done
Updating checkpoint dependencies.
Execute 1 jobs...
[Thu Mar 26 14:02:22 2026]
localrule plassembler_long:
    input: hybracter_out/processing/chrom_size/EXE_30_2025_R_lrge_estimated_chromosome_size.txt, hybracter_out/processing/qc/EXE_30_2025_R_filt_trim.fastq.gz
    output: hybracter_out/processing/plassembler/EXE_30_2025_R/plassembler_plasmids.fasta, hybracter_out/processing/plassembler/EXE_30_2025_R/plassembler_summary.tsv, hybracter_out/versions/EXE_30_2025_R/plassembler.version
    log: hybracter_out/stderr/plassembler_long/EXE_30_2025_R.log
    jobid: 253
    benchmark: hybracter_out/benchmarks/plassembler_long/EXE_30_2025_R.txt
    reason: Missing output files: hybracter_out/processing/plassembler/EXE_30_2025_R/plassembler_plasmids.fasta, hybracter_out/processing/plassembler/EXE_30_2025_R/plassembler_summary.tsv
    wildcards: sample=EXE_30_2025_R
    resources: tmpdir=/tmp, mem_mb=32000, mem_mib=30518, mem=32000MB, time=08:00:00
Shell command: 
        plassembler long -l hybracter_out/processing/qc/EXE_30_2025_R_filt_trim.fastq.gz -o hybracter_out/processing/plassembler/EXE_30_2025_R -d /data/djs217/miniconda3/envs/hybracter_env/lib/python3.11/site-packages/hybracter/workflow/../databases -t 1 -c 2800000 --skip_qc --flye_directory hybracter_out/processing/assemblies/EXE_30_2025_R --depth_filter 0.25 -f 2> hybracter_out/stderr/plassembler_long/EXE_30_2025_R.log
        touch hybracter_out/processing/plassembler/EXE_30_2025_R/plassembler_plasmids.fasta
        touch hybracter_out/processing/plassembler/EXE_30_2025_R/plassembler_summary.tsv
        plassembler --version > hybracter_out/versions/EXE_30_2025_R/plassembler.version

        
Activating conda environment: ../../../../../miniconda3/envs/hybracter_env/lib/python3.11/site-packages/hybracter/workflow/conda/78019da34467f1ccbd2a1e2321558605_
Select jobs to execute...
[Thu Mar 26 14:52:45 2026]
Finished jobid: 253 (Rule: plassembler_long)
82 of 153 steps (54%) done
Execute 1 jobs...
[Thu Mar 26 14:52:45 2026]
localrule extract_chromosome_complete:
    input: hybracter_out/processing/assemblies/EXE_30_2025_R/assembly.fasta, hybracter_out/processing/assemblies/EXE_30_2025_R/assembly_info.txt, hybracter_out/completeness/EXE_30_2025_R.txt, hybracter_out/processing/chrom_size/EXE_30_2025_R_lrge_estimated_chromosome_size.txt
    output: hybracter_out/processing/pre_polish/EXE_30_2025_R_chromosome.fasta, hybracter_out/processing/pre_polish/EXE_30_2025_R_ignore_list.txt
    jobid: 252
    reason: Missing output files: hybracter_out/processing/pre_polish/EXE_30_2025_R_chromosome.fasta, hybracter_out/processing/pre_polish/EXE_30_2025_R_ignore_list.txt
    wildcards: sample=EXE_30_2025_R
    resources: tmpdir=/tmp, mem_mb=4000, mem_mib=3815, mem=4000MB, time=00:00:05
Shell command: None
Activating conda environment: ../../../../../miniconda3/envs/hybracter_env/lib/python3.11/site-packages/hybracter/workflow/conda/639f4bf04df38f7c8704ca26e9afdad8_
Activating conda environment: ../../../../../miniconda3/envs/hybracter_env/lib/python3.11/site-packages/hybracter/workflow/conda/639f4bf04df38f7c8704ca26e9afdad8_
Select jobs to execute...
[Thu Mar 26 14:52:47 2026]
Finished jobid: 252 (Rule: extract_chromosome_complete)
83 of 153 steps (54%) done
Execute 1 jobs...
[Thu Mar 26 14:52:47 2026]
localrule concatenate_chrom_plassembler:
    input: hybracter_out/processing/pre_polish/EXE_30_2025_R_chromosome.fasta, hybracter_out/processing/plassembler/EXE_30_2025_R/plassembler_plasmids.fasta
    output: hybracter_out/processing/pre_polish/EXE_30_2025_R_chromosome_plus_plasmids.fasta
    jobid: 251
    reason: Missing output files: hybracter_out/processing/pre_polish/EXE_30_2025_R_chromosome_plus_plasmids.fasta; Input files updated by another job: hybracter_out/processing/plassembler/EXE_30_2025_R/plassembler_plasmids.fasta, hybracter_out/processing/pre_polish/EXE_30_2025_R_chromosome.fasta
    wildcards: sample=EXE_30_2025_R
    resources: tmpdir=/tmp, mem_mb=4000, mem_mib=3815, mem=4000MB, time=00:00:05
Shell command: 
        cat hybracter_out/processing/pre_polish/EXE_30_2025_R_chromosome.fasta hybracter_out/processing/plassembler/EXE_30_2025_R/plassembler_plasmids.fasta > hybracter_out/processing/pre_polish/EXE_30_2025_R_chromosome_plus_plasmids.fasta
        
[Thu Mar 26 14:52:47 2026]
Finished jobid: 251 (Rule: concatenate_chrom_plassembler)
84 of 153 steps (55%) done
Select jobs to execute...
Execute 1 jobs...
[Thu Mar 26 14:52:47 2026]
localrule medaka_round_1:
    input: hybracter_out/processing/pre_polish/EXE_30_2025_R_chromosome_plus_plasmids.fasta, hybracter_out/processing/qc/EXE_30_2025_R_filt_trim.fastq.gz
    output: hybracter_out/processing/complete/medaka_rd_1/EXE_30_2025_R/consensus.fasta, hybracter_out/versions/EXE_30_2025_R/medaka_complete.version
    log: hybracter_out/stderr/medaka_round_1/EXE_30_2025_R.log
    jobid: 250
    benchmark: hybracter_out/benchmarks/medaka_round_1/EXE_30_2025_R.txt
    reason: Missing output files: hybracter_out/processing/complete/medaka_rd_1/EXE_30_2025_R/consensus.fasta; Input files updated by another job: hybracter_out/processing/pre_polish/EXE_30_2025_R_chromosome_plus_plasmids.fasta
    wildcards: sample=EXE_30_2025_R
    resources: tmpdir=/tmp, mem_mb=32000, mem_mib=30518, mem=32000MB, time=08:00:00
Shell command: 
        export CUDA_VISIBLE_DEVICES=""
        if [ "True" = "True" ]; then
           # from v 0.10.0, hybracter supports --bacteria
            medaka_consensus -i hybracter_out/processing/qc/EXE_30_2025_R_filt_trim.fastq.gz -d hybracter_out/processing/pre_polish/EXE_30_2025_R_chromosome_plus_plasmids.fasta -o hybracter_out/processing/complete/medaka_rd_1/EXE_30_2025_R --bacteria  -t 1 2> hybracter_out/stderr/medaka_round_1/EXE_30_2025_R.log
            medaka --version > hybracter_out/versions/EXE_30_2025_R/medaka_complete.version
            touch hybracter_out/processing/complete/medaka_rd_1/EXE_30_2025_R/calls_to_draft.bam
            rm hybracter_out/processing/complete/medaka_rd_1/EXE_30_2025_R/calls_to_draft.bam
            touch hybracter_out/processing/complete/medaka_rd_1/EXE_30_2025_R/consensus_probs.hdf
            rm hybracter_out/processing/complete/medaka_rd_1/EXE_30_2025_R/consensus_probs.hdf
        else
           
            medaka_consensus -i hybracter_out/processing/qc/EXE_30_2025_R_filt_trim.fastq.gz -d hybracter_out/processing/pre_polish/EXE_30_2025_R_chromosome_plus_plasmids.fasta -o hybracter_out/processing/complete/medaka_rd_1/EXE_30_2025_R -m r1041_e82_400bps_sup_v5.0.0 -t 1 2> hybracter_out/stderr/medaka_round_1/EXE_30_2025_R.log
            medaka --version > hybracter_out/versions/EXE_30_2025_R/medaka_complete.version
            touch hybracter_out/processing/complete/medaka_rd_1/EXE_30_2025_R/calls_to_draft.bam
            rm hybracter_out/processing/complete/medaka_rd_1/EXE_30_2025_R/calls_to_draft.bam
            touch hybracter_out/processing/complete/medaka_rd_1/EXE_30_2025_R/consensus_probs.hdf
            rm hybracter_out/processing/complete/medaka_rd_1/EXE_30_2025_R/consensus_probs.hdf
        fi
        
Activating conda environment: ../../../../../miniconda3/envs/hybracter_env/lib/python3.11/site-packages/hybracter/workflow/conda/7aafc1085ca44eee01942c03ca74ecad_
Select jobs to execute...
[Thu Mar 26 14:55:42 2026]
Finished jobid: 250 (Rule: medaka_round_1)
85 of 153 steps (56%) done
Execute 1 jobs...
[Thu Mar 26 14:55:42 2026]
localrule medaka_round_1_extract_intermediate_assembly:
    input: hybracter_out/processing/complete/medaka_rd_1/EXE_30_2025_R/consensus.fasta, hybracter_out/completeness/EXE_30_2025_R.txt, hybracter_out/processing/assemblies/EXE_30_2025_R/assembly_info.txt, hybracter_out/processing/chrom_size/EXE_30_2025_R_lrge_estimated_chromosome_size.txt
    output: hybracter_out/supplementary_results/intermediate_chromosome_assemblies/EXE_30_2025_R/EXE_30_2025_R_medaka_rd_1.fasta, hybracter_out/processing/complete/medaka_rd_1/EXE_30_2025_R_ignore_list.txt
    jobid: 249
    reason: Missing output files: hybracter_out/supplementary_results/intermediate_chromosome_assemblies/EXE_30_2025_R/EXE_30_2025_R_medaka_rd_1.fasta; Input files updated by another job: hybracter_out/processing/complete/medaka_rd_1/EXE_30_2025_R/consensus.fasta
    wildcards: sample=EXE_30_2025_R
    resources: tmpdir=/tmp, mem_mb=4000, mem_mib=3815, mem=4000MB, time=00:00:05
Shell command: None
Select jobs to execute...
Activating conda environment: ../../../../../miniconda3/envs/hybracter_env/lib/python3.11/site-packages/hybracter/workflow/conda/639f4bf04df38f7c8704ca26e9afdad8_
Activating conda environment: ../../../../../miniconda3/envs/hybracter_env/lib/python3.11/site-packages/hybracter/workflow/conda/639f4bf04df38f7c8704ca26e9afdad8_
[Thu Mar 26 14:55:44 2026]
Finished jobid: 249 (Rule: medaka_round_1_extract_intermediate_assembly)
86 of 153 steps (56%) done
Execute 1 jobs...
[Thu Mar 26 14:55:44 2026]
localrule dnaapler_pre_chrom:
    input: hybracter_out/processing/pre_polish/EXE_30_2025_R_chromosome.fasta, hybracter_out/processing/pre_polish/EXE_30_2025_R_ignore_list.txt
    output: hybracter_out/processing/complete/dnaapler/EXE_30_2025_R_pre_chrom/EXE_30_2025_R_reoriented.fasta
    log: hybracter_out/stderr/dnaapler/EXE_30_2025_R_pre_chrom.log
    jobid: 258
    benchmark: hybracter_out/benchmarks/dnaapler/EXE_30_2025_R_pre_chrom.txt
    reason: Missing output files: hybracter_out/processing/complete/dnaapler/EXE_30_2025_R_pre_chrom/EXE_30_2025_R_reoriented.fasta; Input files updated by another job: hybracter_out/processing/pre_polish/EXE_30_2025_R_chromosome.fasta, hybracter_out/processing/pre_polish/EXE_30_2025_R_ignore_list.txt
    wildcards: sample=EXE_30_2025_R
    resources: tmpdir=/tmp, mem_mb=16000, mem_mib=15259, mem=16000MB, time=08:00:00
Shell command: 
        dnaapler all -i hybracter_out/processing/pre_polish/EXE_30_2025_R_chromosome.fasta -o hybracter_out/processing/complete/dnaapler/EXE_30_2025_R_pre_chrom --ignore hybracter_out/processing/pre_polish/EXE_30_2025_R_ignore_list.txt -p EXE_30_2025_R -t 1 -a nearest --db dnaa,cog1474,repa -f 2> hybracter_out/stderr/dnaapler/EXE_30_2025_R_pre_chrom.log
        
Activating conda environment: ../../../../../miniconda3/envs/hybracter_env/lib/python3.11/site-packages/hybracter/workflow/conda/2e20c9685892c8c53c04f44043c92cbf_
Select jobs to execute...
[Thu Mar 26 14:57:08 2026]
Finished jobid: 258 (Rule: dnaapler_pre_chrom)
87 of 153 steps (57%) done
Execute 1 jobs...
[Thu Mar 26 14:57:08 2026]
localrule dnaapler:
    input: hybracter_out/supplementary_results/intermediate_chromosome_assemblies/EXE_30_2025_R/EXE_30_2025_R_medaka_rd_1.fasta, hybracter_out/processing/pre_polish/EXE_30_2025_R_ignore_list.txt
    output: hybracter_out/processing/complete/dnaapler/EXE_30_2025_R/EXE_30_2025_R_reoriented.fasta, hybracter_out/versions/EXE_30_2025_R/dnaapler.version
    log: hybracter_out/stderr/dnaapler/EXE_30_2025_R.log
    jobid: 248
    benchmark: hybracter_out/benchmarks/dnaapler/EXE_30_2025_R.txt
    reason: Missing output files: hybracter_out/processing/complete/dnaapler/EXE_30_2025_R/EXE_30_2025_R_reoriented.fasta; Input files updated by another job: hybracter_out/supplementary_results/intermediate_chromosome_assemblies/EXE_30_2025_R/EXE_30_2025_R_medaka_rd_1.fasta, hybracter_out/processing/pre_polish/EXE_30_2025_R_ignore_list.txt
    wildcards: sample=EXE_30_2025_R
    resources: tmpdir=/tmp, mem_mb=16000, mem_mib=15259, mem=16000MB, time=08:00:00
Shell command: 
        dnaapler all -i hybracter_out/supplementary_results/intermediate_chromosome_assemblies/EXE_30_2025_R/EXE_30_2025_R_medaka_rd_1.fasta -o hybracter_out/processing/complete/dnaapler/EXE_30_2025_R --ignore hybracter_out/processing/pre_polish/EXE_30_2025_R_ignore_list.txt -p EXE_30_2025_R -t 1 -a nearest --db "dnaa,cog1474,repa" -f 2> hybracter_out/stderr/dnaapler/EXE_30_2025_R.log
        dnaapler --version > hybracter_out/versions/EXE_30_2025_R/dnaapler.version
        
Activating conda environment: ../../../../../miniconda3/envs/hybracter_env/lib/python3.11/site-packages/hybracter/workflow/conda/2e20c9685892c8c53c04f44043c92cbf_
Select jobs to execute...
[Thu Mar 26 14:58:32 2026]
Finished jobid: 248 (Rule: dnaapler)
88 of 153 steps (58%) done
Execute 1 jobs...
[Thu Mar 26 14:58:32 2026]
localrule compare_assemblies_medaka_round_1:
    input: hybracter_out/processing/complete/dnaapler/EXE_30_2025_R_pre_chrom/EXE_30_2025_R_reoriented.fasta, hybracter_out/processing/complete/dnaapler/EXE_30_2025_R/EXE_30_2025_R_reoriented.fasta
    output: hybracter_out/supplementary_results/comparisons/EXE_30_2025_R/medaka_round_1_vs_pre_polish.txt
    jobid: 257
    reason: Missing output files: hybracter_out/supplementary_results/comparisons/EXE_30_2025_R/medaka_round_1_vs_pre_polish.txt; Input files updated by another job: hybracter_out/processing/complete/dnaapler/EXE_30_2025_R/EXE_30_2025_R_reoriented.fasta, hybracter_out/processing/complete/dnaapler/EXE_30_2025_R_pre_chrom/EXE_30_2025_R_reoriented.fasta
    wildcards: sample=EXE_30_2025_R
    resources: tmpdir=/tmp, mem_mb=16000, mem_mib=15259, mem=16000MB, time=08:00:00
Shell command: None
Select jobs to execute...
Activating conda environment: ../../../../../miniconda3/envs/hybracter_env/lib/python3.11/site-packages/hybracter/workflow/conda/639f4bf04df38f7c8704ca26e9afdad8_
Activating conda environment: ../../../../../miniconda3/envs/hybracter_env/lib/python3.11/site-packages/hybracter/workflow/conda/639f4bf04df38f7c8704ca26e9afdad8_
[Thu Mar 26 14:58:36 2026]
Finished jobid: 257 (Rule: compare_assemblies_medaka_round_1)
89 of 153 steps (58%) done
Execute 1 jobs...
[Thu Mar 26 14:58:36 2026]
localrule concatenate_intermediate_dnaapler_with_plassembler:
    input: hybracter_out/processing/complete/dnaapler/EXE_30_2025_R/EXE_30_2025_R_reoriented.fasta, hybracter_out/processing/plassembler/EXE_30_2025_R/plassembler_plasmids.fasta
    output: hybracter_out/processing/complete/dnaapler/EXE_30_2025_R/EXE_30_2025_R_reoriented_chrom_and_plasmids.fasta
    jobid: 256
    reason: Missing output files: hybracter_out/processing/complete/dnaapler/EXE_30_2025_R/EXE_30_2025_R_reoriented_chrom_and_plasmids.fasta; Input files updated by another job: hybracter_out/processing/plassembler/EXE_30_2025_R/plassembler_plasmids.fasta, hybracter_out/processing/complete/dnaapler/EXE_30_2025_R/EXE_30_2025_R_reoriented.fasta
    wildcards: sample=EXE_30_2025_R
    resources: tmpdir=/tmp, mem_mb=4000, mem_mib=3815, mem=4000MB, time=00:00:05
Shell command: 
        cat hybracter_out/processing/complete/dnaapler/EXE_30_2025_R/EXE_30_2025_R_reoriented.fasta hybracter_out/processing/plassembler/EXE_30_2025_R/plassembler_plasmids.fasta > hybracter_out/processing/complete/dnaapler/EXE_30_2025_R/EXE_30_2025_R_reoriented_chrom_and_plasmids.fasta
        
[Thu Mar 26 14:58:36 2026]
Finished jobid: 256 (Rule: concatenate_intermediate_dnaapler_with_plassembler)
90 of 153 steps (59%) done
Select jobs to execute...
Execute 1 jobs...
[Thu Mar 26 14:58:36 2026]
localrule medaka_round_2:
    input: hybracter_out/processing/complete/dnaapler/EXE_30_2025_R/EXE_30_2025_R_reoriented_chrom_and_plasmids.fasta, hybracter_out/processing/qc/EXE_30_2025_R_filt_trim.fastq.gz
    output: hybracter_out/processing/complete/medaka_rd_2/EXE_30_2025_R/consensus.fasta
    log: hybracter_out/stderr/medaka_round_2/EXE_30_2025_R.log
    jobid: 255
    benchmark: hybracter_out/benchmarks/medaka_round_2/EXE_30_2025_R.txt
    reason: Missing output files: hybracter_out/processing/complete/medaka_rd_2/EXE_30_2025_R/consensus.fasta; Input files updated by another job: hybracter_out/processing/complete/dnaapler/EXE_30_2025_R/EXE_30_2025_R_reoriented_chrom_and_plasmids.fasta
    wildcards: sample=EXE_30_2025_R
    resources: tmpdir=/tmp, mem_mb=32000, mem_mib=30518, mem=32000MB, time=08:00:00
Shell command: 
        export CUDA_VISIBLE_DEVICES=""
        if [ "True" = "True" ]; then
           # from v 0.10.0, hybracter supports --bacteria
            medaka_consensus -i hybracter_out/processing/qc/EXE_30_2025_R_filt_trim.fastq.gz -d hybracter_out/processing/complete/dnaapler/EXE_30_2025_R/EXE_30_2025_R_reoriented_chrom_and_plasmids.fasta -o hybracter_out/processing/complete/medaka_rd_2/EXE_30_2025_R --bacteria  -t 1 2> hybracter_out/stderr/medaka_round_2/EXE_30_2025_R.log
            touch hybracter_out/processing/complete/medaka_rd_2/EXE_30_2025_R/calls_to_draft.bam
            rm hybracter_out/processing/complete/medaka_rd_2/EXE_30_2025_R/calls_to_draft.bam
            touch hybracter_out/processing/complete/medaka_rd_2/EXE_30_2025_R/consensus_probs.hdf
            rm hybracter_out/processing/complete/medaka_rd_2/EXE_30_2025_R/consensus_probs.hdf
        else
            medaka_consensus -i hybracter_out/processing/qc/EXE_30_2025_R_filt_trim.fastq.gz -d hybracter_out/processing/complete/dnaapler/EXE_30_2025_R/EXE_30_2025_R_reoriented_chrom_and_plasmids.fasta -o hybracter_out/processing/complete/medaka_rd_2/EXE_30_2025_R -m r1041_e82_400bps_sup_v5.0.0 -t 1 2> hybracter_out/stderr/medaka_round_2/EXE_30_2025_R.log
            touch hybracter_out/processing/complete/medaka_rd_2/EXE_30_2025_R/calls_to_draft.bam
            rm hybracter_out/processing/complete/medaka_rd_2/EXE_30_2025_R/calls_to_draft.bam
            touch hybracter_out/processing/complete/medaka_rd_2/EXE_30_2025_R/consensus_probs.hdf
            rm hybracter_out/processing/complete/medaka_rd_2/EXE_30_2025_R/consensus_probs.hdf
        fi
        
Activating conda environment: ../../../../../miniconda3/envs/hybracter_env/lib/python3.11/site-packages/hybracter/workflow/conda/7aafc1085ca44eee01942c03ca74ecad_
Select jobs to execute...
[Thu Mar 26 15:01:27 2026]
Finished jobid: 255 (Rule: medaka_round_2)
91 of 153 steps (59%) done
Execute 1 jobs...
[Thu Mar 26 15:01:27 2026]
localrule medaka_round_2_extract_intermediate_assembly:
    input: hybracter_out/processing/complete/medaka_rd_2/EXE_30_2025_R/consensus.fasta, hybracter_out/completeness/EXE_30_2025_R.txt, hybracter_out/processing/assemblies/EXE_30_2025_R/assembly_info.txt
    output: hybracter_out/supplementary_results/intermediate_chromosome_assemblies/EXE_30_2025_R/EXE_30_2025_R_medaka_rd_2.fasta, hybracter_out/processing/complete/medaka_rd_2/EXE_30_2025_R_ignore_list.txt
    jobid: 254
    reason: Missing output files: hybracter_out/supplementary_results/intermediate_chromosome_assemblies/EXE_30_2025_R/EXE_30_2025_R_medaka_rd_2.fasta; Input files updated by another job: hybracter_out/processing/complete/medaka_rd_2/EXE_30_2025_R/consensus.fasta
    wildcards: sample=EXE_30_2025_R
    resources: tmpdir=/tmp, mem_mb=4000, mem_mib=3815, mem=4000MB, time=00:00:05
Shell command: None
Activating conda environment: ../../../../../miniconda3/envs/hybracter_env/lib/python3.11/site-packages/hybracter/workflow/conda/639f4bf04df38f7c8704ca26e9afdad8_
Select jobs to execute...
Activating conda environment: ../../../../../miniconda3/envs/hybracter_env/lib/python3.11/site-packages/hybracter/workflow/conda/639f4bf04df38f7c8704ca26e9afdad8_
[Thu Mar 26 15:01:29 2026]
Finished jobid: 254 (Rule: medaka_round_2_extract_intermediate_assembly)
92 of 153 steps (60%) done
Execute 1 jobs...
[Thu Mar 26 15:01:29 2026]
localrule compare_assemblies_medaka_round_2:
    input: hybracter_out/processing/complete/dnaapler/EXE_30_2025_R/EXE_30_2025_R_reoriented.fasta, hybracter_out/supplementary_results/intermediate_chromosome_assemblies/EXE_30_2025_R/EXE_30_2025_R_medaka_rd_2.fasta, hybracter_out/supplementary_results/comparisons/EXE_30_2025_R/medaka_round_1_vs_pre_polish.txt
    output: hybracter_out/supplementary_results/comparisons/EXE_30_2025_R/medaka_round_2_vs_medaka_round_1.txt
    jobid: 247
    reason: Missing output files: hybracter_out/supplementary_results/comparisons/EXE_30_2025_R/medaka_round_2_vs_medaka_round_1.txt; Input files updated by another job: hybracter_out/supplementary_results/intermediate_chromosome_assemblies/EXE_30_2025_R/EXE_30_2025_R_medaka_rd_2.fasta, hybracter_out/processing/complete/dnaapler/EXE_30_2025_R/EXE_30_2025_R_reoriented.fasta, hybracter_out/supplementary_results/comparisons/EXE_30_2025_R/medaka_round_1_vs_pre_polish.txt
    wildcards: sample=EXE_30_2025_R
    resources: tmpdir=/tmp, mem_mb=16000, mem_mib=15259, mem=16000MB, time=08:00:00
Shell command: None
Activating conda environment: ../../../../../miniconda3/envs/hybracter_env/lib/python3.11/site-packages/hybracter/workflow/conda/639f4bf04df38f7c8704ca26e9afdad8_
Select jobs to execute...
Activating conda environment: ../../../../../miniconda3/envs/hybracter_env/lib/python3.11/site-packages/hybracter/workflow/conda/639f4bf04df38f7c8704ca26e9afdad8_
[Thu Mar 26 15:01:33 2026]
Finished jobid: 247 (Rule: compare_assemblies_medaka_round_2)
93 of 153 steps (61%) done
Execute 1 jobs...
[Thu Mar 26 15:01:33 2026]
localrule aggregate_finalise_complete:
    input: hybracter_out/processing/complete/dnaapler/EXE_30_2025_R_pre_chrom/EXE_30_2025_R_reoriented.fasta, hybracter_out/processing/complete/dnaapler/EXE_30_2025_R/EXE_30_2025_R_reoriented.fasta, hybracter_out/supplementary_results/intermediate_chromosome_assemblies/EXE_30_2025_R/EXE_30_2025_R_medaka_rd_2.fasta, hybracter_out/processing/plassembler/EXE_30_2025_R/plassembler_plasmids.fasta, hybracter_out/supplementary_results/flye_individual_summaries/EXE_30_2025_R_assembly_info.txt, hybracter_out/supplementary_results/comparisons/EXE_30_2025_R/medaka_round_2_vs_medaka_round_1.txt, hybracter_out/processing/pre_polish/EXE_30_2025_R_ignore_list.txt
    output: hybracter_out/FINAL_OUTPUT/complete/EXE_30_2025_R_chromosome.fasta, hybracter_out/FINAL_OUTPUT/complete/EXE_30_2025_R_final.fasta, hybracter_out/supplementary_results/pyrodigal_mean_length_summaries/complete/EXE_30_2025_R_summary.tsv, hybracter_out/FINAL_OUTPUT/complete/EXE_30_2025_R_summary.tsv, hybracter_out/FINAL_OUTPUT/complete/EXE_30_2025_R_per_contig_stats.tsv, hybracter_out/FINAL_OUTPUT/complete/EXE_30_2025_R_plasmid.fasta
    jobid: 260
    reason: Missing output files: hybracter_out/FINAL_OUTPUT/complete/EXE_30_2025_R_final.fasta; Input files updated by another job: hybracter_out/supplementary_results/intermediate_chromosome_assemblies/EXE_30_2025_R/EXE_30_2025_R_medaka_rd_2.fasta, hybracter_out/processing/pre_polish/EXE_30_2025_R_ignore_list.txt, hybracter_out/processing/complete/dnaapler/EXE_30_2025_R_pre_chrom/EXE_30_2025_R_reoriented.fasta, hybracter_out/processing/plassembler/EXE_30_2025_R/plassembler_plasmids.fasta, hybracter_out/processing/complete/dnaapler/EXE_30_2025_R/EXE_30_2025_R_reoriented.fasta, hybracter_out/supplementary_results/comparisons/EXE_30_2025_R/medaka_round_2_vs_medaka_round_1.txt
    wildcards: sample=EXE_30_2025_R
    resources: tmpdir=/tmp, mem_mb=4000, mem_mib=3815, mem=4000MB, time=00:00:05
Shell command: None
Activating conda environment: ../../../../../miniconda3/envs/hybracter_env/lib/python3.11/site-packages/hybracter/workflow/conda/474e4e1622549f89bad4f85cb93aba39_
Select jobs to execute...
Activating conda environment: ../../../../../miniconda3/envs/hybracter_env/lib/python3.11/site-packages/hybracter/workflow/conda/474e4e1622549f89bad4f85cb93aba39_
[Thu Mar 26 15:01:39 2026]
Finished jobid: 260 (Rule: aggregate_finalise_complete)
94 of 153 steps (61%) done
Execute 1 jobs...
[Thu Mar 26 15:01:39 2026]
localrule aggregate_finalised_assemblies_rule:
    input: hybracter_out/FINAL_OUTPUT/complete/EXE_30_2025_R_final.fasta
    output: hybracter_out/flags/aggr_final/EXE_30_2025_R.txt
    jobid: 108
    reason: Missing output files: hybracter_out/flags/aggr_final/EXE_30_2025_R.txt; Input files updated by another job: hybracter_out/FINAL_OUTPUT/complete/EXE_30_2025_R_final.fasta
    wildcards: sample=EXE_30_2025_R
    resources: tmpdir=/tmp, mem_mb=4000, mem_mib=3815, mem=4000MB, time=00:00:05
Shell command: 
        touch hybracter_out/flags/aggr_final/EXE_30_2025_R.txt
        
[Thu Mar 26 15:01:39 2026]
Finished jobid: 108 (Rule: aggregate_finalised_assemblies_rule)
95 of 153 steps (62%) done
Select jobs to execute...
Execute 1 jobs...
[Thu Mar 26 15:01:39 2026]
localrule aggregate_plassembler_input_rule:
    input: hybracter_out/processing/plassembler/EXE_30_2025_R/plassembler_plasmids.fasta
    output: hybracter_out/flags/aggr_plassembler/EXE_30_2025_R.txt
    jobid: 85
    reason: Missing output files: hybracter_out/flags/aggr_plassembler/EXE_30_2025_R.txt; Input files updated by another job: hybracter_out/processing/plassembler/EXE_30_2025_R/plassembler_plasmids.fasta
    wildcards: sample=EXE_30_2025_R
    resources: tmpdir=/tmp, mem_mb=4000, mem_mib=3815, mem=4000MB, time=00:00:05
Shell command: 
        echo hybracter_out/processing/plassembler/EXE_30_2025_R/plassembler_plasmids.fasta
        touch hybracter_out/flags/aggr_plassembler/EXE_30_2025_R.txt
        
[Thu Mar 26 15:01:39 2026]
Finished jobid: 85 (Rule: aggregate_plassembler_input_rule)
96 of 153 steps (63%) done
Select jobs to execute...
Execute 1 jobs...
[Thu Mar 26 15:01:39 2026]
localrule add_sample_plassembler:
    input: hybracter_out/processing/plassembler/EXE_30_2025_R/plassembler_summary.tsv
    output: hybracter_out/supplementary_results/plassembler_individual_summaries/EXE_30_2025_R_with_sample.tsv
    jobid: 259
    reason: Missing output files: hybracter_out/supplementary_results/plassembler_individual_summaries/EXE_30_2025_R_with_sample.tsv; Input files updated by another job: hybracter_out/processing/plassembler/EXE_30_2025_R/plassembler_summary.tsv
    wildcards: sample=EXE_30_2025_R
    resources: tmpdir=/tmp, mem_mb=4000, mem_mib=3815, mem=4000MB, time=00:00:05
Shell command: None
Activating conda environment: ../../../../../miniconda3/envs/hybracter_env/lib/python3.11/site-packages/hybracter/workflow/conda/639f4bf04df38f7c8704ca26e9afdad8_
Select jobs to execute...
Activating conda environment: ../../../../../miniconda3/envs/hybracter_env/lib/python3.11/site-packages/hybracter/workflow/conda/639f4bf04df38f7c8704ca26e9afdad8_
[Thu Mar 26 15:01:40 2026]
Finished jobid: 259 (Rule: add_sample_plassembler)
97 of 153 steps (63%) done
Execute 1 jobs...
[Thu Mar 26 15:01:40 2026]
localrule aggregate_pyrodigal_plassembler_input_rule:
    input: hybracter_out/supplementary_results/plassembler_individual_summaries/EXE_30_2025_R_with_sample.tsv
    output: hybracter_out/flags/aggr_pyrodigal_plassembler/EXE_30_2025_R.txt
    jobid: 97
    reason: Missing output files: hybracter_out/flags/aggr_pyrodigal_plassembler/EXE_30_2025_R.txt; Input files updated by another job: hybracter_out/supplementary_results/plassembler_individual_summaries/EXE_30_2025_R_with_sample.tsv
    wildcards: sample=EXE_30_2025_R
    resources: tmpdir=/tmp, mem_mb=4000, mem_mib=3815, mem=4000MB, time=00:00:05
Shell command: 
        touch hybracter_out/flags/aggr_pyrodigal_plassembler/EXE_30_2025_R.txt
        
Select jobs to execute...
[Thu Mar 26 15:01:41 2026]
Finished jobid: 97 (Rule: aggregate_pyrodigal_plassembler_input_rule)
98 of 153 steps (64%) done
Execute 1 jobs...
[Thu Mar 26 15:01:41 2026]
localrule aggregate_long_read_polish_input_rule:
    input: hybracter_out/supplementary_results/comparisons/EXE_30_2025_R/medaka_round_2_vs_medaka_round_1.txt
    output: hybracter_out/flags/aggr_long_read_polish/EXE_30_2025_R.txt
    jobid: 72
    reason: Missing output files: hybracter_out/flags/aggr_long_read_polish/EXE_30_2025_R.txt; Input files updated by another job: hybracter_out/supplementary_results/comparisons/EXE_30_2025_R/medaka_round_2_vs_medaka_round_1.txt
    wildcards: sample=EXE_30_2025_R
    resources: tmpdir=/tmp, mem_mb=4000, mem_mib=3815, mem=4000MB, time=00:00:05
Shell command: 
        echo hybracter_out/supplementary_results/comparisons/EXE_30_2025_R/medaka_round_2_vs_medaka_round_1.txt
        touch hybracter_out/flags/aggr_long_read_polish/EXE_30_2025_R.txt
        
Select jobs to execute...
[Thu Mar 26 15:01:41 2026]
Finished jobid: 72 (Rule: aggregate_long_read_polish_input_rule)
99 of 153 steps (65%) done
Execute 1 jobs...
[Thu Mar 26 15:01:41 2026]
localrule estimate_lr_coverage:
    input: hybracter_out/processing/qc/seqkit/EXE_01_2025_M_long.txt, hybracter_out/processing/chrom_size/EXE_01_2025_M_lrge_estimated_chromosome_size.txt
    output: hybracter_out/processing/qc/coverage/EXE_01_2025_M_lr.txt
    jobid: 39
    reason: Missing output files: hybracter_out/processing/qc/coverage/EXE_01_2025_M_lr.txt; Input files updated by another job: hybracter_out/processing/chrom_size/EXE_01_2025_M_lrge_estimated_chromosome_size.txt, hybracter_out/processing/qc/seqkit/EXE_01_2025_M_long.txt
    wildcards: sample=EXE_01_2025_M
    resources: tmpdir=/tmp, mem_mb=4000, mem_mib=3815, mem=4000MB, time=00:00:05
Shell command: None
Select jobs to execute...
Activating conda environment: ../../../../../miniconda3/envs/hybracter_env/lib/python3.11/site-packages/hybracter/workflow/conda/639f4bf04df38f7c8704ca26e9afdad8_
Activating conda environment: ../../../../../miniconda3/envs/hybracter_env/lib/python3.11/site-packages/hybracter/workflow/conda/639f4bf04df38f7c8704ca26e9afdad8_
[Thu Mar 26 15:01:42 2026]
Finished jobid: 39 (Rule: estimate_lr_coverage)
100 of 153 steps (65%) done
Execute 1 jobs...
[Thu Mar 26 15:01:42 2026]
localrule assemble:
    input: hybracter_out/processing/qc/EXE_01_2025_M_filt_trim.fastq.gz, hybracter_out/processing/qc/coverage/EXE_01_2025_M_lr.txt
    output: hybracter_out/processing/assemblies/EXE_01_2025_M/assembly.fasta, hybracter_out/processing/assemblies/EXE_01_2025_M/assembly_info.txt, hybracter_out/versions/EXE_01_2025_M/flye.version, hybracter_out/supplementary_results/flye_individual_summaries/EXE_01_2025_M_assembly_info.txt
    log: hybracter_out/stderr/assemble/EXE_01_2025_M.log
    jobid: 50
    benchmark: hybracter_out/benchmarks/assemble/EXE_01_2025_M.txt
    reason: Missing output files: hybracter_out/processing/assemblies/EXE_01_2025_M/assembly.fasta, hybracter_out/versions/EXE_01_2025_M/flye.version, hybracter_out/supplementary_results/flye_individual_summaries/EXE_01_2025_M_assembly_info.txt, hybracter_out/processing/assemblies/EXE_01_2025_M/assembly_info.txt; Input files updated by another job: hybracter_out/processing/qc/coverage/EXE_01_2025_M_lr.txt, hybracter_out/processing/qc/EXE_01_2025_M_filt_trim.fastq.gz
    wildcards: sample=EXE_01_2025_M
    resources: tmpdir=/tmp, mem_mb=32000, mem_mib=30518, mem=32000MB, time=08:00:00
Shell command: 
        if [ "False" = "True" ]; then 
            flye --nano-hq hybracter_out/processing/qc/EXE_01_2025_M_filt_trim.fastq.gz -t 1  --out-dir hybracter_out/processing/assemblies/EXE_01_2025_M None 2> hybracter_out/stderr/assemble/EXE_01_2025_M.log
        else
            flye --nano-hq hybracter_out/processing/qc/EXE_01_2025_M_filt_trim.fastq.gz -t 1  --out-dir hybracter_out/processing/assemblies/EXE_01_2025_M  2> hybracter_out/stderr/assemble/EXE_01_2025_M.log
        fi
        flye --version > hybracter_out/versions/EXE_01_2025_M/flye.version   
        cp hybracter_out/processing/assemblies/EXE_01_2025_M/assembly_info.txt hybracter_out/supplementary_results/flye_individual_summaries/EXE_01_2025_M_assembly_info.txt
        
Activating conda environment: ../../../../../miniconda3/envs/hybracter_env/lib/python3.11/site-packages/hybracter/workflow/conda/867e79b85cea33b7804e36b625a69929_
Select jobs to execute...
[Thu Mar 26 15:19:09 2026]
Finished jobid: 50 (Rule: assemble)
101 of 153 steps (66%) done
Execute 1 jobs...
[Thu Mar 26 15:19:09 2026]
localcheckpoint check_completeness:
    input: hybracter_out/processing/assemblies/EXE_01_2025_M/assembly.fasta, hybracter_out/processing/assemblies/EXE_01_2025_M/assembly_info.txt, hybracter_out/processing/chrom_size/EXE_01_2025_M_lrge_estimated_chromosome_size.txt
    output: hybracter_out/completeness/EXE_01_2025_M.txt
    jobid: 61
    reason: Missing output files: <TBD>; Input files updated by another job: hybracter_out/processing/assemblies/EXE_01_2025_M/assembly.fasta, hybracter_out/processing/assemblies/EXE_01_2025_M/assembly_info.txt, hybracter_out/processing/chrom_size/EXE_01_2025_M_lrge_estimated_chromosome_size.txt
    wildcards: sample=EXE_01_2025_M
    resources: tmpdir=/tmp, mem_mb=4000, mem_mib=3815, mem=4000MB, time=00:00:05
Shell command: None
DAG of jobs will be updated after completion.
Activating conda environment: ../../../../../miniconda3/envs/hybracter_env/lib/python3.11/site-packages/hybracter/workflow/conda/639f4bf04df38f7c8704ca26e9afdad8_
Select jobs to execute...
Activating conda environment: ../../../../../miniconda3/envs/hybracter_env/lib/python3.11/site-packages/hybracter/workflow/conda/639f4bf04df38f7c8704ca26e9afdad8_
[Thu Mar 26 15:19:11 2026]
Finished jobid: 61 (Rule: check_completeness)
102 of 153 steps (67%) done
Updating checkpoint dependencies.
Execute 1 jobs...
[Thu Mar 26 15:19:11 2026]
localrule plassembler_long:
    input: hybracter_out/processing/chrom_size/EXE_01_2025_M_lrge_estimated_chromosome_size.txt, hybracter_out/processing/qc/EXE_01_2025_M_filt_trim.fastq.gz
    output: hybracter_out/processing/plassembler/EXE_01_2025_M/plassembler_plasmids.fasta, hybracter_out/processing/plassembler/EXE_01_2025_M/plassembler_summary.tsv, hybracter_out/versions/EXE_01_2025_M/plassembler.version
    log: hybracter_out/stderr/plassembler_long/EXE_01_2025_M.log
    jobid: 295
    benchmark: hybracter_out/benchmarks/plassembler_long/EXE_01_2025_M.txt
    reason: Missing output files: hybracter_out/processing/plassembler/EXE_01_2025_M/plassembler_summary.tsv, hybracter_out/processing/plassembler/EXE_01_2025_M/plassembler_plasmids.fasta
    wildcards: sample=EXE_01_2025_M
    resources: tmpdir=/tmp, mem_mb=32000, mem_mib=30518, mem=32000MB, time=08:00:00
Shell command: 
        plassembler long -l hybracter_out/processing/qc/EXE_01_2025_M_filt_trim.fastq.gz -o hybracter_out/processing/plassembler/EXE_01_2025_M -d /data/djs217/miniconda3/envs/hybracter_env/lib/python3.11/site-packages/hybracter/workflow/../databases -t 1 -c 2800000 --skip_qc --flye_directory hybracter_out/processing/assemblies/EXE_01_2025_M --depth_filter 0.25 -f 2> hybracter_out/stderr/plassembler_long/EXE_01_2025_M.log
        touch hybracter_out/processing/plassembler/EXE_01_2025_M/plassembler_plasmids.fasta
        touch hybracter_out/processing/plassembler/EXE_01_2025_M/plassembler_summary.tsv
        plassembler --version > hybracter_out/versions/EXE_01_2025_M/plassembler.version

        
Activating conda environment: ../../../../../miniconda3/envs/hybracter_env/lib/python3.11/site-packages/hybracter/workflow/conda/78019da34467f1ccbd2a1e2321558605_
Select jobs to execute...
[Thu Mar 26 16:53:08 2026]
Finished jobid: 295 (Rule: plassembler_long)
103 of 167 steps (62%) done
Execute 1 jobs...
[Thu Mar 26 16:53:08 2026]
localrule extract_chromosome_complete:
    input: hybracter_out/processing/assemblies/EXE_01_2025_M/assembly.fasta, hybracter_out/processing/assemblies/EXE_01_2025_M/assembly_info.txt, hybracter_out/completeness/EXE_01_2025_M.txt, hybracter_out/processing/chrom_size/EXE_01_2025_M_lrge_estimated_chromosome_size.txt
    output: hybracter_out/processing/pre_polish/EXE_01_2025_M_chromosome.fasta, hybracter_out/processing/pre_polish/EXE_01_2025_M_ignore_list.txt
    jobid: 294
    reason: Missing output files: hybracter_out/processing/pre_polish/EXE_01_2025_M_ignore_list.txt, hybracter_out/processing/pre_polish/EXE_01_2025_M_chromosome.fasta
    wildcards: sample=EXE_01_2025_M
    resources: tmpdir=/tmp, mem_mb=4000, mem_mib=3815, mem=4000MB, time=00:00:05
Shell command: None
Select jobs to execute...
Activating conda environment: ../../../../../miniconda3/envs/hybracter_env/lib/python3.11/site-packages/hybracter/workflow/conda/639f4bf04df38f7c8704ca26e9afdad8_
Activating conda environment: ../../../../../miniconda3/envs/hybracter_env/lib/python3.11/site-packages/hybracter/workflow/conda/639f4bf04df38f7c8704ca26e9afdad8_
[Thu Mar 26 16:53:10 2026]
Finished jobid: 294 (Rule: extract_chromosome_complete)
104 of 167 steps (62%) done
Execute 1 jobs...
[Thu Mar 26 16:53:10 2026]
localrule concatenate_chrom_plassembler:
    input: hybracter_out/processing/pre_polish/EXE_01_2025_M_chromosome.fasta, hybracter_out/processing/plassembler/EXE_01_2025_M/plassembler_plasmids.fasta
    output: hybracter_out/processing/pre_polish/EXE_01_2025_M_chromosome_plus_plasmids.fasta
    jobid: 293
    reason: Missing output files: hybracter_out/processing/pre_polish/EXE_01_2025_M_chromosome_plus_plasmids.fasta; Input files updated by another job: hybracter_out/processing/plassembler/EXE_01_2025_M/plassembler_plasmids.fasta, hybracter_out/processing/pre_polish/EXE_01_2025_M_chromosome.fasta
    wildcards: sample=EXE_01_2025_M
    resources: tmpdir=/tmp, mem_mb=4000, mem_mib=3815, mem=4000MB, time=00:00:05
Shell command: 
        cat hybracter_out/processing/pre_polish/EXE_01_2025_M_chromosome.fasta hybracter_out/processing/plassembler/EXE_01_2025_M/plassembler_plasmids.fasta > hybracter_out/processing/pre_polish/EXE_01_2025_M_chromosome_plus_plasmids.fasta
        
[Thu Mar 26 16:53:10 2026]
Finished jobid: 293 (Rule: concatenate_chrom_plassembler)
105 of 167 steps (63%) done
Select jobs to execute...
Execute 1 jobs...
[Thu Mar 26 16:53:10 2026]
localrule medaka_round_1:
    input: hybracter_out/processing/pre_polish/EXE_01_2025_M_chromosome_plus_plasmids.fasta, hybracter_out/processing/qc/EXE_01_2025_M_filt_trim.fastq.gz
    output: hybracter_out/processing/complete/medaka_rd_1/EXE_01_2025_M/consensus.fasta, hybracter_out/versions/EXE_01_2025_M/medaka_complete.version
    log: hybracter_out/stderr/medaka_round_1/EXE_01_2025_M.log
    jobid: 292
    benchmark: hybracter_out/benchmarks/medaka_round_1/EXE_01_2025_M.txt
    reason: Missing output files: hybracter_out/processing/complete/medaka_rd_1/EXE_01_2025_M/consensus.fasta; Input files updated by another job: hybracter_out/processing/pre_polish/EXE_01_2025_M_chromosome_plus_plasmids.fasta
    wildcards: sample=EXE_01_2025_M
    resources: tmpdir=/tmp, mem_mb=32000, mem_mib=30518, mem=32000MB, time=08:00:00
Shell command: 
        export CUDA_VISIBLE_DEVICES=""
        if [ "True" = "True" ]; then
           # from v 0.10.0, hybracter supports --bacteria
            medaka_consensus -i hybracter_out/processing/qc/EXE_01_2025_M_filt_trim.fastq.gz -d hybracter_out/processing/pre_polish/EXE_01_2025_M_chromosome_plus_plasmids.fasta -o hybracter_out/processing/complete/medaka_rd_1/EXE_01_2025_M --bacteria  -t 1 2> hybracter_out/stderr/medaka_round_1/EXE_01_2025_M.log
            medaka --version > hybracter_out/versions/EXE_01_2025_M/medaka_complete.version
            touch hybracter_out/processing/complete/medaka_rd_1/EXE_01_2025_M/calls_to_draft.bam
            rm hybracter_out/processing/complete/medaka_rd_1/EXE_01_2025_M/calls_to_draft.bam
            touch hybracter_out/processing/complete/medaka_rd_1/EXE_01_2025_M/consensus_probs.hdf
            rm hybracter_out/processing/complete/medaka_rd_1/EXE_01_2025_M/consensus_probs.hdf
        else
           
            medaka_consensus -i hybracter_out/processing/qc/EXE_01_2025_M_filt_trim.fastq.gz -d hybracter_out/processing/pre_polish/EXE_01_2025_M_chromosome_plus_plasmids.fasta -o hybracter_out/processing/complete/medaka_rd_1/EXE_01_2025_M -m r1041_e82_400bps_sup_v5.0.0 -t 1 2> hybracter_out/stderr/medaka_round_1/EXE_01_2025_M.log
            medaka --version > hybracter_out/versions/EXE_01_2025_M/medaka_complete.version
            touch hybracter_out/processing/complete/medaka_rd_1/EXE_01_2025_M/calls_to_draft.bam
            rm hybracter_out/processing/complete/medaka_rd_1/EXE_01_2025_M/calls_to_draft.bam
            touch hybracter_out/processing/complete/medaka_rd_1/EXE_01_2025_M/consensus_probs.hdf
            rm hybracter_out/processing/complete/medaka_rd_1/EXE_01_2025_M/consensus_probs.hdf
        fi
        
Activating conda environment: ../../../../../miniconda3/envs/hybracter_env/lib/python3.11/site-packages/hybracter/workflow/conda/7aafc1085ca44eee01942c03ca74ecad_
Select jobs to execute...
[Thu Mar 26 16:56:24 2026]
Finished jobid: 292 (Rule: medaka_round_1)
106 of 167 steps (63%) done
Execute 1 jobs...
[Thu Mar 26 16:56:24 2026]
localrule medaka_round_1_extract_intermediate_assembly:
    input: hybracter_out/processing/complete/medaka_rd_1/EXE_01_2025_M/consensus.fasta, hybracter_out/completeness/EXE_01_2025_M.txt, hybracter_out/processing/assemblies/EXE_01_2025_M/assembly_info.txt, hybracter_out/processing/chrom_size/EXE_01_2025_M_lrge_estimated_chromosome_size.txt
    output: hybracter_out/supplementary_results/intermediate_chromosome_assemblies/EXE_01_2025_M/EXE_01_2025_M_medaka_rd_1.fasta, hybracter_out/processing/complete/medaka_rd_1/EXE_01_2025_M_ignore_list.txt
    jobid: 291
    reason: Missing output files: hybracter_out/supplementary_results/intermediate_chromosome_assemblies/EXE_01_2025_M/EXE_01_2025_M_medaka_rd_1.fasta; Input files updated by another job: hybracter_out/processing/complete/medaka_rd_1/EXE_01_2025_M/consensus.fasta
    wildcards: sample=EXE_01_2025_M
    resources: tmpdir=/tmp, mem_mb=4000, mem_mib=3815, mem=4000MB, time=00:00:05
Shell command: None
Select jobs to execute...
Activating conda environment: ../../../../../miniconda3/envs/hybracter_env/lib/python3.11/site-packages/hybracter/workflow/conda/639f4bf04df38f7c8704ca26e9afdad8_
Activating conda environment: ../../../../../miniconda3/envs/hybracter_env/lib/python3.11/site-packages/hybracter/workflow/conda/639f4bf04df38f7c8704ca26e9afdad8_
[Thu Mar 26 16:56:26 2026]
Finished jobid: 291 (Rule: medaka_round_1_extract_intermediate_assembly)
107 of 167 steps (64%) done
Execute 1 jobs...
[Thu Mar 26 16:56:26 2026]
localrule dnaapler:
    input: hybracter_out/supplementary_results/intermediate_chromosome_assemblies/EXE_01_2025_M/EXE_01_2025_M_medaka_rd_1.fasta, hybracter_out/processing/pre_polish/EXE_01_2025_M_ignore_list.txt
    output: hybracter_out/processing/complete/dnaapler/EXE_01_2025_M/EXE_01_2025_M_reoriented.fasta, hybracter_out/versions/EXE_01_2025_M/dnaapler.version
    log: hybracter_out/stderr/dnaapler/EXE_01_2025_M.log
    jobid: 290
    benchmark: hybracter_out/benchmarks/dnaapler/EXE_01_2025_M.txt
    reason: Missing output files: hybracter_out/processing/complete/dnaapler/EXE_01_2025_M/EXE_01_2025_M_reoriented.fasta; Input files updated by another job: hybracter_out/supplementary_results/intermediate_chromosome_assemblies/EXE_01_2025_M/EXE_01_2025_M_medaka_rd_1.fasta, hybracter_out/processing/pre_polish/EXE_01_2025_M_ignore_list.txt
    wildcards: sample=EXE_01_2025_M
    resources: tmpdir=/tmp, mem_mb=16000, mem_mib=15259, mem=16000MB, time=08:00:00
Shell command: 
        dnaapler all -i hybracter_out/supplementary_results/intermediate_chromosome_assemblies/EXE_01_2025_M/EXE_01_2025_M_medaka_rd_1.fasta -o hybracter_out/processing/complete/dnaapler/EXE_01_2025_M --ignore hybracter_out/processing/pre_polish/EXE_01_2025_M_ignore_list.txt -p EXE_01_2025_M -t 1 -a nearest --db "dnaa,cog1474,repa" -f 2> hybracter_out/stderr/dnaapler/EXE_01_2025_M.log
        dnaapler --version > hybracter_out/versions/EXE_01_2025_M/dnaapler.version
        
Activating conda environment: ../../../../../miniconda3/envs/hybracter_env/lib/python3.11/site-packages/hybracter/workflow/conda/2e20c9685892c8c53c04f44043c92cbf_
Select jobs to execute...
[Thu Mar 26 16:57:40 2026]
Finished jobid: 290 (Rule: dnaapler)
108 of 167 steps (65%) done
Execute 1 jobs...
[Thu Mar 26 16:57:40 2026]
localrule concatenate_intermediate_dnaapler_with_plassembler:
    input: hybracter_out/processing/complete/dnaapler/EXE_01_2025_M/EXE_01_2025_M_reoriented.fasta, hybracter_out/processing/plassembler/EXE_01_2025_M/plassembler_plasmids.fasta
    output: hybracter_out/processing/complete/dnaapler/EXE_01_2025_M/EXE_01_2025_M_reoriented_chrom_and_plasmids.fasta
    jobid: 298
    reason: Missing output files: hybracter_out/processing/complete/dnaapler/EXE_01_2025_M/EXE_01_2025_M_reoriented_chrom_and_plasmids.fasta; Input files updated by another job: hybracter_out/processing/complete/dnaapler/EXE_01_2025_M/EXE_01_2025_M_reoriented.fasta, hybracter_out/processing/plassembler/EXE_01_2025_M/plassembler_plasmids.fasta
    wildcards: sample=EXE_01_2025_M
    resources: tmpdir=/tmp, mem_mb=4000, mem_mib=3815, mem=4000MB, time=00:00:05
Shell command: 
        cat hybracter_out/processing/complete/dnaapler/EXE_01_2025_M/EXE_01_2025_M_reoriented.fasta hybracter_out/processing/plassembler/EXE_01_2025_M/plassembler_plasmids.fasta > hybracter_out/processing/complete/dnaapler/EXE_01_2025_M/EXE_01_2025_M_reoriented_chrom_and_plasmids.fasta
        
[Thu Mar 26 16:57:40 2026]
Finished jobid: 298 (Rule: concatenate_intermediate_dnaapler_with_plassembler)
109 of 167 steps (65%) done
Select jobs to execute...
Execute 1 jobs...
[Thu Mar 26 16:57:40 2026]
localrule medaka_round_2:
    input: hybracter_out/processing/complete/dnaapler/EXE_01_2025_M/EXE_01_2025_M_reoriented_chrom_and_plasmids.fasta, hybracter_out/processing/qc/EXE_01_2025_M_filt_trim.fastq.gz
    output: hybracter_out/processing/complete/medaka_rd_2/EXE_01_2025_M/consensus.fasta
    log: hybracter_out/stderr/medaka_round_2/EXE_01_2025_M.log
    jobid: 297
    benchmark: hybracter_out/benchmarks/medaka_round_2/EXE_01_2025_M.txt
    reason: Missing output files: hybracter_out/processing/complete/medaka_rd_2/EXE_01_2025_M/consensus.fasta; Input files updated by another job: hybracter_out/processing/complete/dnaapler/EXE_01_2025_M/EXE_01_2025_M_reoriented_chrom_and_plasmids.fasta
    wildcards: sample=EXE_01_2025_M
    resources: tmpdir=/tmp, mem_mb=32000, mem_mib=30518, mem=32000MB, time=08:00:00
Shell command: 
        export CUDA_VISIBLE_DEVICES=""
        if [ "True" = "True" ]; then
           # from v 0.10.0, hybracter supports --bacteria
            medaka_consensus -i hybracter_out/processing/qc/EXE_01_2025_M_filt_trim.fastq.gz -d hybracter_out/processing/complete/dnaapler/EXE_01_2025_M/EXE_01_2025_M_reoriented_chrom_and_plasmids.fasta -o hybracter_out/processing/complete/medaka_rd_2/EXE_01_2025_M --bacteria  -t 1 2> hybracter_out/stderr/medaka_round_2/EXE_01_2025_M.log
            touch hybracter_out/processing/complete/medaka_rd_2/EXE_01_2025_M/calls_to_draft.bam
            rm hybracter_out/processing/complete/medaka_rd_2/EXE_01_2025_M/calls_to_draft.bam
            touch hybracter_out/processing/complete/medaka_rd_2/EXE_01_2025_M/consensus_probs.hdf
            rm hybracter_out/processing/complete/medaka_rd_2/EXE_01_2025_M/consensus_probs.hdf
        else
            medaka_consensus -i hybracter_out/processing/qc/EXE_01_2025_M_filt_trim.fastq.gz -d hybracter_out/processing/complete/dnaapler/EXE_01_2025_M/EXE_01_2025_M_reoriented_chrom_and_plasmids.fasta -o hybracter_out/processing/complete/medaka_rd_2/EXE_01_2025_M -m r1041_e82_400bps_sup_v5.0.0 -t 1 2> hybracter_out/stderr/medaka_round_2/EXE_01_2025_M.log
            touch hybracter_out/processing/complete/medaka_rd_2/EXE_01_2025_M/calls_to_draft.bam
            rm hybracter_out/processing/complete/medaka_rd_2/EXE_01_2025_M/calls_to_draft.bam
            touch hybracter_out/processing/complete/medaka_rd_2/EXE_01_2025_M/consensus_probs.hdf
            rm hybracter_out/processing/complete/medaka_rd_2/EXE_01_2025_M/consensus_probs.hdf
        fi
        
Activating conda environment: ../../../../../miniconda3/envs/hybracter_env/lib/python3.11/site-packages/hybracter/workflow/conda/7aafc1085ca44eee01942c03ca74ecad_
Select jobs to execute...
[Thu Mar 26 17:00:53 2026]
Finished jobid: 297 (Rule: medaka_round_2)
110 of 167 steps (66%) done
Execute 1 jobs...
[Thu Mar 26 17:00:53 2026]
localrule medaka_round_2_extract_intermediate_assembly:
    input: hybracter_out/processing/complete/medaka_rd_2/EXE_01_2025_M/consensus.fasta, hybracter_out/completeness/EXE_01_2025_M.txt, hybracter_out/processing/assemblies/EXE_01_2025_M/assembly_info.txt
    output: hybracter_out/supplementary_results/intermediate_chromosome_assemblies/EXE_01_2025_M/EXE_01_2025_M_medaka_rd_2.fasta, hybracter_out/processing/complete/medaka_rd_2/EXE_01_2025_M_ignore_list.txt
    jobid: 296
    reason: Missing output files: hybracter_out/supplementary_results/intermediate_chromosome_assemblies/EXE_01_2025_M/EXE_01_2025_M_medaka_rd_2.fasta; Input files updated by another job: hybracter_out/processing/complete/medaka_rd_2/EXE_01_2025_M/consensus.fasta
    wildcards: sample=EXE_01_2025_M
    resources: tmpdir=/tmp, mem_mb=4000, mem_mib=3815, mem=4000MB, time=00:00:05
Shell command: None
Activating conda environment: ../../../../../miniconda3/envs/hybracter_env/lib/python3.11/site-packages/hybracter/workflow/conda/639f4bf04df38f7c8704ca26e9afdad8_
Select jobs to execute...
Activating conda environment: ../../../../../miniconda3/envs/hybracter_env/lib/python3.11/site-packages/hybracter/workflow/conda/639f4bf04df38f7c8704ca26e9afdad8_
[Thu Mar 26 17:00:54 2026]
Finished jobid: 296 (Rule: medaka_round_2_extract_intermediate_assembly)
111 of 167 steps (66%) done
Execute 1 jobs...
[Thu Mar 26 17:00:54 2026]
localrule dnaapler_pre_chrom:
    input: hybracter_out/processing/pre_polish/EXE_01_2025_M_chromosome.fasta, hybracter_out/processing/pre_polish/EXE_01_2025_M_ignore_list.txt
    output: hybracter_out/processing/complete/dnaapler/EXE_01_2025_M_pre_chrom/EXE_01_2025_M_reoriented.fasta
    log: hybracter_out/stderr/dnaapler/EXE_01_2025_M_pre_chrom.log
    jobid: 300
    benchmark: hybracter_out/benchmarks/dnaapler/EXE_01_2025_M_pre_chrom.txt
    reason: Missing output files: hybracter_out/processing/complete/dnaapler/EXE_01_2025_M_pre_chrom/EXE_01_2025_M_reoriented.fasta; Input files updated by another job: hybracter_out/processing/pre_polish/EXE_01_2025_M_ignore_list.txt, hybracter_out/processing/pre_polish/EXE_01_2025_M_chromosome.fasta
    wildcards: sample=EXE_01_2025_M
    resources: tmpdir=/tmp, mem_mb=16000, mem_mib=15259, mem=16000MB, time=08:00:00
Shell command: 
        dnaapler all -i hybracter_out/processing/pre_polish/EXE_01_2025_M_chromosome.fasta -o hybracter_out/processing/complete/dnaapler/EXE_01_2025_M_pre_chrom --ignore hybracter_out/processing/pre_polish/EXE_01_2025_M_ignore_list.txt -p EXE_01_2025_M -t 1 -a nearest --db dnaa,cog1474,repa -f 2> hybracter_out/stderr/dnaapler/EXE_01_2025_M_pre_chrom.log
        
Activating conda environment: ../../../../../miniconda3/envs/hybracter_env/lib/python3.11/site-packages/hybracter/workflow/conda/2e20c9685892c8c53c04f44043c92cbf_
Select jobs to execute...
[Thu Mar 26 17:02:07 2026]
Finished jobid: 300 (Rule: dnaapler_pre_chrom)
112 of 167 steps (67%) done
Execute 1 jobs...
[Thu Mar 26 17:02:07 2026]
localrule compare_assemblies_medaka_round_1:
    input: hybracter_out/processing/complete/dnaapler/EXE_01_2025_M_pre_chrom/EXE_01_2025_M_reoriented.fasta, hybracter_out/processing/complete/dnaapler/EXE_01_2025_M/EXE_01_2025_M_reoriented.fasta
    output: hybracter_out/supplementary_results/comparisons/EXE_01_2025_M/medaka_round_1_vs_pre_polish.txt
    jobid: 299
    reason: Missing output files: hybracter_out/supplementary_results/comparisons/EXE_01_2025_M/medaka_round_1_vs_pre_polish.txt; Input files updated by another job: hybracter_out/processing/complete/dnaapler/EXE_01_2025_M/EXE_01_2025_M_reoriented.fasta, hybracter_out/processing/complete/dnaapler/EXE_01_2025_M_pre_chrom/EXE_01_2025_M_reoriented.fasta
    wildcards: sample=EXE_01_2025_M
    resources: tmpdir=/tmp, mem_mb=16000, mem_mib=15259, mem=16000MB, time=08:00:00
Shell command: None
Activating conda environment: ../../../../../miniconda3/envs/hybracter_env/lib/python3.11/site-packages/hybracter/workflow/conda/639f4bf04df38f7c8704ca26e9afdad8_
Select jobs to execute...
Activating conda environment: ../../../../../miniconda3/envs/hybracter_env/lib/python3.11/site-packages/hybracter/workflow/conda/639f4bf04df38f7c8704ca26e9afdad8_
[Thu Mar 26 17:02:12 2026]
Finished jobid: 299 (Rule: compare_assemblies_medaka_round_1)
113 of 167 steps (68%) done
Execute 1 jobs...
[Thu Mar 26 17:02:12 2026]
localrule compare_assemblies_medaka_round_2:
    input: hybracter_out/processing/complete/dnaapler/EXE_01_2025_M/EXE_01_2025_M_reoriented.fasta, hybracter_out/supplementary_results/intermediate_chromosome_assemblies/EXE_01_2025_M/EXE_01_2025_M_medaka_rd_2.fasta, hybracter_out/supplementary_results/comparisons/EXE_01_2025_M/medaka_round_1_vs_pre_polish.txt
    output: hybracter_out/supplementary_results/comparisons/EXE_01_2025_M/medaka_round_2_vs_medaka_round_1.txt
    jobid: 289
    reason: Missing output files: hybracter_out/supplementary_results/comparisons/EXE_01_2025_M/medaka_round_2_vs_medaka_round_1.txt; Input files updated by another job: hybracter_out/processing/complete/dnaapler/EXE_01_2025_M/EXE_01_2025_M_reoriented.fasta, hybracter_out/supplementary_results/intermediate_chromosome_assemblies/EXE_01_2025_M/EXE_01_2025_M_medaka_rd_2.fasta, hybracter_out/supplementary_results/comparisons/EXE_01_2025_M/medaka_round_1_vs_pre_polish.txt
    wildcards: sample=EXE_01_2025_M
    resources: tmpdir=/tmp, mem_mb=16000, mem_mib=15259, mem=16000MB, time=08:00:00
Shell command: None
Select jobs to execute...
Activating conda environment: ../../../../../miniconda3/envs/hybracter_env/lib/python3.11/site-packages/hybracter/workflow/conda/639f4bf04df38f7c8704ca26e9afdad8_
Activating conda environment: ../../../../../miniconda3/envs/hybracter_env/lib/python3.11/site-packages/hybracter/workflow/conda/639f4bf04df38f7c8704ca26e9afdad8_
[Thu Mar 26 17:02:16 2026]
Finished jobid: 289 (Rule: compare_assemblies_medaka_round_2)
114 of 167 steps (68%) done
Execute 1 jobs...
[Thu Mar 26 17:02:16 2026]
localrule aggregate_finalise_complete:
    input: hybracter_out/processing/complete/dnaapler/EXE_01_2025_M_pre_chrom/EXE_01_2025_M_reoriented.fasta, hybracter_out/processing/complete/dnaapler/EXE_01_2025_M/EXE_01_2025_M_reoriented.fasta, hybracter_out/supplementary_results/intermediate_chromosome_assemblies/EXE_01_2025_M/EXE_01_2025_M_medaka_rd_2.fasta, hybracter_out/processing/plassembler/EXE_01_2025_M/plassembler_plasmids.fasta, hybracter_out/supplementary_results/flye_individual_summaries/EXE_01_2025_M_assembly_info.txt, hybracter_out/supplementary_results/comparisons/EXE_01_2025_M/medaka_round_2_vs_medaka_round_1.txt, hybracter_out/processing/pre_polish/EXE_01_2025_M_ignore_list.txt
    output: hybracter_out/FINAL_OUTPUT/complete/EXE_01_2025_M_chromosome.fasta, hybracter_out/FINAL_OUTPUT/complete/EXE_01_2025_M_final.fasta, hybracter_out/supplementary_results/pyrodigal_mean_length_summaries/complete/EXE_01_2025_M_summary.tsv, hybracter_out/FINAL_OUTPUT/complete/EXE_01_2025_M_summary.tsv, hybracter_out/FINAL_OUTPUT/complete/EXE_01_2025_M_per_contig_stats.tsv, hybracter_out/FINAL_OUTPUT/complete/EXE_01_2025_M_plasmid.fasta
    jobid: 302
    reason: Missing output files: hybracter_out/FINAL_OUTPUT/complete/EXE_01_2025_M_final.fasta; Input files updated by another job: hybracter_out/processing/plassembler/EXE_01_2025_M/plassembler_plasmids.fasta, hybracter_out/supplementary_results/intermediate_chromosome_assemblies/EXE_01_2025_M/EXE_01_2025_M_medaka_rd_2.fasta, hybracter_out/processing/pre_polish/EXE_01_2025_M_ignore_list.txt, hybracter_out/processing/complete/dnaapler/EXE_01_2025_M/EXE_01_2025_M_reoriented.fasta, hybracter_out/processing/complete/dnaapler/EXE_01_2025_M_pre_chrom/EXE_01_2025_M_reoriented.fasta, hybracter_out/supplementary_results/comparisons/EXE_01_2025_M/medaka_round_2_vs_medaka_round_1.txt
    wildcards: sample=EXE_01_2025_M
    resources: tmpdir=/tmp, mem_mb=4000, mem_mib=3815, mem=4000MB, time=00:00:05
Shell command: None
Select jobs to execute...
Activating conda environment: ../../../../../miniconda3/envs/hybracter_env/lib/python3.11/site-packages/hybracter/workflow/conda/474e4e1622549f89bad4f85cb93aba39_
Activating conda environment: ../../../../../miniconda3/envs/hybracter_env/lib/python3.11/site-packages/hybracter/workflow/conda/474e4e1622549f89bad4f85cb93aba39_
[Thu Mar 26 17:02:21 2026]
Finished jobid: 302 (Rule: aggregate_finalise_complete)
115 of 167 steps (69%) done
Execute 1 jobs...
[Thu Mar 26 17:02:21 2026]
localrule aggregate_finalised_assemblies_rule:
    input: hybracter_out/FINAL_OUTPUT/complete/EXE_01_2025_M_final.fasta
    output: hybracter_out/flags/aggr_final/EXE_01_2025_M.txt
    jobid: 102
    reason: Missing output files: hybracter_out/flags/aggr_final/EXE_01_2025_M.txt; Input files updated by another job: hybracter_out/FINAL_OUTPUT/complete/EXE_01_2025_M_final.fasta
    wildcards: sample=EXE_01_2025_M
    resources: tmpdir=/tmp, mem_mb=4000, mem_mib=3815, mem=4000MB, time=00:00:05
Shell command: 
        touch hybracter_out/flags/aggr_final/EXE_01_2025_M.txt
        
[Thu Mar 26 17:02:21 2026]
Finished jobid: 102 (Rule: aggregate_finalised_assemblies_rule)
116 of 167 steps (69%) done
Select jobs to execute...
Execute 1 jobs...
[Thu Mar 26 17:02:21 2026]
localrule aggregate_plassembler_input_rule:
    input: hybracter_out/processing/plassembler/EXE_01_2025_M/plassembler_plasmids.fasta
    output: hybracter_out/flags/aggr_plassembler/EXE_01_2025_M.txt
    jobid: 79
    reason: Missing output files: hybracter_out/flags/aggr_plassembler/EXE_01_2025_M.txt; Input files updated by another job: hybracter_out/processing/plassembler/EXE_01_2025_M/plassembler_plasmids.fasta
    wildcards: sample=EXE_01_2025_M
    resources: tmpdir=/tmp, mem_mb=4000, mem_mib=3815, mem=4000MB, time=00:00:05
Shell command: 
        echo hybracter_out/processing/plassembler/EXE_01_2025_M/plassembler_plasmids.fasta
        touch hybracter_out/flags/aggr_plassembler/EXE_01_2025_M.txt
        
[Thu Mar 26 17:02:21 2026]
Finished jobid: 79 (Rule: aggregate_plassembler_input_rule)
117 of 167 steps (70%) done
Select jobs to execute...
Execute 1 jobs...
[Thu Mar 26 17:02:21 2026]
localrule add_sample_plassembler:
    input: hybracter_out/processing/plassembler/EXE_01_2025_M/plassembler_summary.tsv
    output: hybracter_out/supplementary_results/plassembler_individual_summaries/EXE_01_2025_M_with_sample.tsv
    jobid: 301
    reason: Missing output files: hybracter_out/supplementary_results/plassembler_individual_summaries/EXE_01_2025_M_with_sample.tsv; Input files updated by another job: hybracter_out/processing/plassembler/EXE_01_2025_M/plassembler_summary.tsv
    wildcards: sample=EXE_01_2025_M
    resources: tmpdir=/tmp, mem_mb=4000, mem_mib=3815, mem=4000MB, time=00:00:05
Shell command: None
Activating conda environment: ../../../../../miniconda3/envs/hybracter_env/lib/python3.11/site-packages/hybracter/workflow/conda/639f4bf04df38f7c8704ca26e9afdad8_
Select jobs to execute...
Activating conda environment: ../../../../../miniconda3/envs/hybracter_env/lib/python3.11/site-packages/hybracter/workflow/conda/639f4bf04df38f7c8704ca26e9afdad8_
[Thu Mar 26 17:02:23 2026]
Finished jobid: 301 (Rule: add_sample_plassembler)
118 of 167 steps (71%) done
Execute 1 jobs...
[Thu Mar 26 17:02:23 2026]
localrule aggregate_pyrodigal_plassembler_input_rule:
    input: hybracter_out/supplementary_results/plassembler_individual_summaries/EXE_01_2025_M_with_sample.tsv
    output: hybracter_out/flags/aggr_pyrodigal_plassembler/EXE_01_2025_M.txt
    jobid: 91
    reason: Missing output files: hybracter_out/flags/aggr_pyrodigal_plassembler/EXE_01_2025_M.txt; Input files updated by another job: hybracter_out/supplementary_results/plassembler_individual_summaries/EXE_01_2025_M_with_sample.tsv
    wildcards: sample=EXE_01_2025_M
    resources: tmpdir=/tmp, mem_mb=4000, mem_mib=3815, mem=4000MB, time=00:00:05
Shell command: 
        touch hybracter_out/flags/aggr_pyrodigal_plassembler/EXE_01_2025_M.txt
        
[Thu Mar 26 17:02:23 2026]
Finished jobid: 91 (Rule: aggregate_pyrodigal_plassembler_input_rule)
119 of 167 steps (71%) done
Select jobs to execute...
Execute 1 jobs...
[Thu Mar 26 17:02:23 2026]
localrule aggregate_long_read_polish_input_rule:
    input: hybracter_out/supplementary_results/comparisons/EXE_01_2025_M/medaka_round_2_vs_medaka_round_1.txt
    output: hybracter_out/flags/aggr_long_read_polish/EXE_01_2025_M.txt
    jobid: 60
    reason: Missing output files: hybracter_out/flags/aggr_long_read_polish/EXE_01_2025_M.txt; Input files updated by another job: hybracter_out/supplementary_results/comparisons/EXE_01_2025_M/medaka_round_2_vs_medaka_round_1.txt
    wildcards: sample=EXE_01_2025_M
    resources: tmpdir=/tmp, mem_mb=4000, mem_mib=3815, mem=4000MB, time=00:00:05
Shell command: 
        echo hybracter_out/supplementary_results/comparisons/EXE_01_2025_M/medaka_round_2_vs_medaka_round_1.txt
        touch hybracter_out/flags/aggr_long_read_polish/EXE_01_2025_M.txt
        
[Thu Mar 26 17:02:23 2026]
Finished jobid: 60 (Rule: aggregate_long_read_polish_input_rule)
120 of 167 steps (72%) done
Select jobs to execute...
Execute 1 jobs...
[Thu Mar 26 17:02:23 2026]
localrule estimate_lr_coverage:
    input: hybracter_out/processing/qc/seqkit/EXE_33_2024_E_long.txt, hybracter_out/processing/chrom_size/EXE_33_2024_E_lrge_estimated_chromosome_size.txt
    output: hybracter_out/processing/qc/coverage/EXE_33_2024_E_lr.txt
    jobid: 47
    reason: Missing output files: hybracter_out/processing/qc/coverage/EXE_33_2024_E_lr.txt; Input files updated by another job: hybracter_out/processing/qc/seqkit/EXE_33_2024_E_long.txt, hybracter_out/processing/chrom_size/EXE_33_2024_E_lrge_estimated_chromosome_size.txt
    wildcards: sample=EXE_33_2024_E
    resources: tmpdir=/tmp, mem_mb=4000, mem_mib=3815, mem=4000MB, time=00:00:05
Shell command: None
Activating conda environment: ../../../../../miniconda3/envs/hybracter_env/lib/python3.11/site-packages/hybracter/workflow/conda/639f4bf04df38f7c8704ca26e9afdad8_
Select jobs to execute...
Activating conda environment: ../../../../../miniconda3/envs/hybracter_env/lib/python3.11/site-packages/hybracter/workflow/conda/639f4bf04df38f7c8704ca26e9afdad8_
[Thu Mar 26 17:02:25 2026]
Finished jobid: 47 (Rule: estimate_lr_coverage)
121 of 167 steps (72%) done
Execute 1 jobs...
[Thu Mar 26 17:02:25 2026]
localrule assemble:
    input: hybracter_out/processing/qc/EXE_33_2024_E_filt_trim.fastq.gz, hybracter_out/processing/qc/coverage/EXE_33_2024_E_lr.txt
    output: hybracter_out/processing/assemblies/EXE_33_2024_E/assembly.fasta, hybracter_out/processing/assemblies/EXE_33_2024_E/assembly_info.txt, hybracter_out/versions/EXE_33_2024_E/flye.version, hybracter_out/supplementary_results/flye_individual_summaries/EXE_33_2024_E_assembly_info.txt
    log: hybracter_out/stderr/assemble/EXE_33_2024_E.log
    jobid: 58
    benchmark: hybracter_out/benchmarks/assemble/EXE_33_2024_E.txt
    reason: Missing output files: hybracter_out/supplementary_results/flye_individual_summaries/EXE_33_2024_E_assembly_info.txt, hybracter_out/processing/assemblies/EXE_33_2024_E/assembly_info.txt, hybracter_out/processing/assemblies/EXE_33_2024_E/assembly.fasta, hybracter_out/versions/EXE_33_2024_E/flye.version; Input files updated by another job: hybracter_out/processing/qc/EXE_33_2024_E_filt_trim.fastq.gz, hybracter_out/processing/qc/coverage/EXE_33_2024_E_lr.txt
    wildcards: sample=EXE_33_2024_E
    resources: tmpdir=/tmp, mem_mb=32000, mem_mib=30518, mem=32000MB, time=08:00:00
Shell command: 
        if [ "False" = "True" ]; then 
            flye --nano-hq hybracter_out/processing/qc/EXE_33_2024_E_filt_trim.fastq.gz -t 1  --out-dir hybracter_out/processing/assemblies/EXE_33_2024_E None 2> hybracter_out/stderr/assemble/EXE_33_2024_E.log
        else
            flye --nano-hq hybracter_out/processing/qc/EXE_33_2024_E_filt_trim.fastq.gz -t 1  --out-dir hybracter_out/processing/assemblies/EXE_33_2024_E  2> hybracter_out/stderr/assemble/EXE_33_2024_E.log
        fi
        flye --version > hybracter_out/versions/EXE_33_2024_E/flye.version   
        cp hybracter_out/processing/assemblies/EXE_33_2024_E/assembly_info.txt hybracter_out/supplementary_results/flye_individual_summaries/EXE_33_2024_E_assembly_info.txt
        
Activating conda environment: ../../../../../miniconda3/envs/hybracter_env/lib/python3.11/site-packages/hybracter/workflow/conda/867e79b85cea33b7804e36b625a69929_
Select jobs to execute...
[Thu Mar 26 17:24:08 2026]
Finished jobid: 58 (Rule: assemble)
122 of 167 steps (73%) done
Execute 1 jobs...
[Thu Mar 26 17:24:08 2026]
localcheckpoint check_completeness:
    input: hybracter_out/processing/assemblies/EXE_33_2024_E/assembly.fasta, hybracter_out/processing/assemblies/EXE_33_2024_E/assembly_info.txt, hybracter_out/processing/chrom_size/EXE_33_2024_E_lrge_estimated_chromosome_size.txt
    output: hybracter_out/completeness/EXE_33_2024_E.txt
    jobid: 77
    reason: Missing output files: <TBD>; Input files updated by another job: hybracter_out/processing/assemblies/EXE_33_2024_E/assembly_info.txt, hybracter_out/processing/assemblies/EXE_33_2024_E/assembly.fasta, hybracter_out/processing/chrom_size/EXE_33_2024_E_lrge_estimated_chromosome_size.txt
    wildcards: sample=EXE_33_2024_E
    resources: tmpdir=/tmp, mem_mb=4000, mem_mib=3815, mem=4000MB, time=00:00:05
Shell command: None
DAG of jobs will be updated after completion.
Activating conda environment: ../../../../../miniconda3/envs/hybracter_env/lib/python3.11/site-packages/hybracter/workflow/conda/639f4bf04df38f7c8704ca26e9afdad8_
Select jobs to execute...
Activating conda environment: ../../../../../miniconda3/envs/hybracter_env/lib/python3.11/site-packages/hybracter/workflow/conda/639f4bf04df38f7c8704ca26e9afdad8_
[Thu Mar 26 17:24:10 2026]
Finished jobid: 77 (Rule: check_completeness)
123 of 167 steps (74%) done
Updating checkpoint dependencies.
Execute 1 jobs...
[Thu Mar 26 17:24:10 2026]
localrule plassembler_long:
    input: hybracter_out/processing/chrom_size/EXE_33_2024_E_lrge_estimated_chromosome_size.txt, hybracter_out/processing/qc/EXE_33_2024_E_filt_trim.fastq.gz
    output: hybracter_out/processing/plassembler/EXE_33_2024_E/plassembler_plasmids.fasta, hybracter_out/processing/plassembler/EXE_33_2024_E/plassembler_summary.tsv, hybracter_out/versions/EXE_33_2024_E/plassembler.version
    log: hybracter_out/stderr/plassembler_long/EXE_33_2024_E.log
    jobid: 333
    benchmark: hybracter_out/benchmarks/plassembler_long/EXE_33_2024_E.txt
    reason: Missing output files: hybracter_out/processing/plassembler/EXE_33_2024_E/plassembler_summary.tsv, hybracter_out/processing/plassembler/EXE_33_2024_E/plassembler_plasmids.fasta
    wildcards: sample=EXE_33_2024_E
    resources: tmpdir=/tmp, mem_mb=32000, mem_mib=30518, mem=32000MB, time=08:00:00
Shell command: 
        plassembler long -l hybracter_out/processing/qc/EXE_33_2024_E_filt_trim.fastq.gz -o hybracter_out/processing/plassembler/EXE_33_2024_E -d /data/djs217/miniconda3/envs/hybracter_env/lib/python3.11/site-packages/hybracter/workflow/../databases -t 1 -c 2800000 --skip_qc --flye_directory hybracter_out/processing/assemblies/EXE_33_2024_E --depth_filter 0.25 -f 2> hybracter_out/stderr/plassembler_long/EXE_33_2024_E.log
        touch hybracter_out/processing/plassembler/EXE_33_2024_E/plassembler_plasmids.fasta
        touch hybracter_out/processing/plassembler/EXE_33_2024_E/plassembler_summary.tsv
        plassembler --version > hybracter_out/versions/EXE_33_2024_E/plassembler.version

        
Activating conda environment: ../../../../../miniconda3/envs/hybracter_env/lib/python3.11/site-packages/hybracter/workflow/conda/78019da34467f1ccbd2a1e2321558605_
Select jobs to execute...
[Thu Mar 26 18:52:05 2026]
Finished jobid: 333 (Rule: plassembler_long)
124 of 181 steps (69%) done
Execute 1 jobs...
[Thu Mar 26 18:52:05 2026]
localrule extract_chromosome_complete:
    input: hybracter_out/processing/assemblies/EXE_33_2024_E/assembly.fasta, hybracter_out/processing/assemblies/EXE_33_2024_E/assembly_info.txt, hybracter_out/completeness/EXE_33_2024_E.txt, hybracter_out/processing/chrom_size/EXE_33_2024_E_lrge_estimated_chromosome_size.txt
    output: hybracter_out/processing/pre_polish/EXE_33_2024_E_chromosome.fasta, hybracter_out/processing/pre_polish/EXE_33_2024_E_ignore_list.txt
    jobid: 332
    reason: Missing output files: hybracter_out/processing/pre_polish/EXE_33_2024_E_ignore_list.txt, hybracter_out/processing/pre_polish/EXE_33_2024_E_chromosome.fasta
    wildcards: sample=EXE_33_2024_E
    resources: tmpdir=/tmp, mem_mb=4000, mem_mib=3815, mem=4000MB, time=00:00:05
Shell command: None
Activating conda environment: ../../../../../miniconda3/envs/hybracter_env/lib/python3.11/site-packages/hybracter/workflow/conda/639f4bf04df38f7c8704ca26e9afdad8_
Select jobs to execute...
Activating conda environment: ../../../../../miniconda3/envs/hybracter_env/lib/python3.11/site-packages/hybracter/workflow/conda/639f4bf04df38f7c8704ca26e9afdad8_
[Thu Mar 26 18:52:09 2026]
Finished jobid: 332 (Rule: extract_chromosome_complete)
125 of 181 steps (69%) done
Execute 1 jobs...
[Thu Mar 26 18:52:09 2026]
localrule concatenate_chrom_plassembler:
    input: hybracter_out/processing/pre_polish/EXE_33_2024_E_chromosome.fasta, hybracter_out/processing/plassembler/EXE_33_2024_E/plassembler_plasmids.fasta
    output: hybracter_out/processing/pre_polish/EXE_33_2024_E_chromosome_plus_plasmids.fasta
    jobid: 331
    reason: Missing output files: hybracter_out/processing/pre_polish/EXE_33_2024_E_chromosome_plus_plasmids.fasta; Input files updated by another job: hybracter_out/processing/pre_polish/EXE_33_2024_E_chromosome.fasta, hybracter_out/processing/plassembler/EXE_33_2024_E/plassembler_plasmids.fasta
    wildcards: sample=EXE_33_2024_E
    resources: tmpdir=/tmp, mem_mb=4000, mem_mib=3815, mem=4000MB, time=00:00:05
Shell command: 
        cat hybracter_out/processing/pre_polish/EXE_33_2024_E_chromosome.fasta hybracter_out/processing/plassembler/EXE_33_2024_E/plassembler_plasmids.fasta > hybracter_out/processing/pre_polish/EXE_33_2024_E_chromosome_plus_plasmids.fasta
        
Select jobs to execute...
[Thu Mar 26 18:52:09 2026]
Finished jobid: 331 (Rule: concatenate_chrom_plassembler)
126 of 181 steps (70%) done
Execute 1 jobs...
[Thu Mar 26 18:52:09 2026]
localrule medaka_round_1:
    input: hybracter_out/processing/pre_polish/EXE_33_2024_E_chromosome_plus_plasmids.fasta, hybracter_out/processing/qc/EXE_33_2024_E_filt_trim.fastq.gz
    output: hybracter_out/processing/complete/medaka_rd_1/EXE_33_2024_E/consensus.fasta, hybracter_out/versions/EXE_33_2024_E/medaka_complete.version
    log: hybracter_out/stderr/medaka_round_1/EXE_33_2024_E.log
    jobid: 330
    benchmark: hybracter_out/benchmarks/medaka_round_1/EXE_33_2024_E.txt
    reason: Missing output files: hybracter_out/processing/complete/medaka_rd_1/EXE_33_2024_E/consensus.fasta; Input files updated by another job: hybracter_out/processing/pre_polish/EXE_33_2024_E_chromosome_plus_plasmids.fasta
    wildcards: sample=EXE_33_2024_E
    resources: tmpdir=/tmp, mem_mb=32000, mem_mib=30518, mem=32000MB, time=08:00:00
Shell command: 
        export CUDA_VISIBLE_DEVICES=""
        if [ "True" = "True" ]; then
           # from v 0.10.0, hybracter supports --bacteria
            medaka_consensus -i hybracter_out/processing/qc/EXE_33_2024_E_filt_trim.fastq.gz -d hybracter_out/processing/pre_polish/EXE_33_2024_E_chromosome_plus_plasmids.fasta -o hybracter_out/processing/complete/medaka_rd_1/EXE_33_2024_E --bacteria  -t 1 2> hybracter_out/stderr/medaka_round_1/EXE_33_2024_E.log
            medaka --version > hybracter_out/versions/EXE_33_2024_E/medaka_complete.version
            touch hybracter_out/processing/complete/medaka_rd_1/EXE_33_2024_E/calls_to_draft.bam
            rm hybracter_out/processing/complete/medaka_rd_1/EXE_33_2024_E/calls_to_draft.bam
            touch hybracter_out/processing/complete/medaka_rd_1/EXE_33_2024_E/consensus_probs.hdf
            rm hybracter_out/processing/complete/medaka_rd_1/EXE_33_2024_E/consensus_probs.hdf
        else
           
            medaka_consensus -i hybracter_out/processing/qc/EXE_33_2024_E_filt_trim.fastq.gz -d hybracter_out/processing/pre_polish/EXE_33_2024_E_chromosome_plus_plasmids.fasta -o hybracter_out/processing/complete/medaka_rd_1/EXE_33_2024_E -m r1041_e82_400bps_sup_v5.0.0 -t 1 2> hybracter_out/stderr/medaka_round_1/EXE_33_2024_E.log
            medaka --version > hybracter_out/versions/EXE_33_2024_E/medaka_complete.version
            touch hybracter_out/processing/complete/medaka_rd_1/EXE_33_2024_E/calls_to_draft.bam
            rm hybracter_out/processing/complete/medaka_rd_1/EXE_33_2024_E/calls_to_draft.bam
            touch hybracter_out/processing/complete/medaka_rd_1/EXE_33_2024_E/consensus_probs.hdf
            rm hybracter_out/processing/complete/medaka_rd_1/EXE_33_2024_E/consensus_probs.hdf
        fi
        
Activating conda environment: ../../../../../miniconda3/envs/hybracter_env/lib/python3.11/site-packages/hybracter/workflow/conda/7aafc1085ca44eee01942c03ca74ecad_
Select jobs to execute...
[Thu Mar 26 18:55:56 2026]
Finished jobid: 330 (Rule: medaka_round_1)
127 of 181 steps (70%) done
Execute 1 jobs...
[Thu Mar 26 18:55:56 2026]
localrule medaka_round_1_extract_intermediate_assembly:
    input: hybracter_out/processing/complete/medaka_rd_1/EXE_33_2024_E/consensus.fasta, hybracter_out/completeness/EXE_33_2024_E.txt, hybracter_out/processing/assemblies/EXE_33_2024_E/assembly_info.txt, hybracter_out/processing/chrom_size/EXE_33_2024_E_lrge_estimated_chromosome_size.txt
    output: hybracter_out/supplementary_results/intermediate_chromosome_assemblies/EXE_33_2024_E/EXE_33_2024_E_medaka_rd_1.fasta, hybracter_out/processing/complete/medaka_rd_1/EXE_33_2024_E_ignore_list.txt
    jobid: 329
    reason: Missing output files: hybracter_out/supplementary_results/intermediate_chromosome_assemblies/EXE_33_2024_E/EXE_33_2024_E_medaka_rd_1.fasta; Input files updated by another job: hybracter_out/processing/complete/medaka_rd_1/EXE_33_2024_E/consensus.fasta
    wildcards: sample=EXE_33_2024_E
    resources: tmpdir=/tmp, mem_mb=4000, mem_mib=3815, mem=4000MB, time=00:00:05
Shell command: None
Activating conda environment: ../../../../../miniconda3/envs/hybracter_env/lib/python3.11/site-packages/hybracter/workflow/conda/639f4bf04df38f7c8704ca26e9afdad8_
Select jobs to execute...
Activating conda environment: ../../../../../miniconda3/envs/hybracter_env/lib/python3.11/site-packages/hybracter/workflow/conda/639f4bf04df38f7c8704ca26e9afdad8_
[Thu Mar 26 18:55:58 2026]
Finished jobid: 329 (Rule: medaka_round_1_extract_intermediate_assembly)
128 of 181 steps (71%) done
Execute 1 jobs...
[Thu Mar 26 18:55:58 2026]
localrule dnaapler:
    input: hybracter_out/supplementary_results/intermediate_chromosome_assemblies/EXE_33_2024_E/EXE_33_2024_E_medaka_rd_1.fasta, hybracter_out/processing/pre_polish/EXE_33_2024_E_ignore_list.txt
    output: hybracter_out/processing/complete/dnaapler/EXE_33_2024_E/EXE_33_2024_E_reoriented.fasta, hybracter_out/versions/EXE_33_2024_E/dnaapler.version
    log: hybracter_out/stderr/dnaapler/EXE_33_2024_E.log
    jobid: 328
    benchmark: hybracter_out/benchmarks/dnaapler/EXE_33_2024_E.txt
    reason: Missing output files: hybracter_out/processing/complete/dnaapler/EXE_33_2024_E/EXE_33_2024_E_reoriented.fasta; Input files updated by another job: hybracter_out/supplementary_results/intermediate_chromosome_assemblies/EXE_33_2024_E/EXE_33_2024_E_medaka_rd_1.fasta, hybracter_out/processing/pre_polish/EXE_33_2024_E_ignore_list.txt
    wildcards: sample=EXE_33_2024_E
    resources: tmpdir=/tmp, mem_mb=16000, mem_mib=15259, mem=16000MB, time=08:00:00
Shell command: 
        dnaapler all -i hybracter_out/supplementary_results/intermediate_chromosome_assemblies/EXE_33_2024_E/EXE_33_2024_E_medaka_rd_1.fasta -o hybracter_out/processing/complete/dnaapler/EXE_33_2024_E --ignore hybracter_out/processing/pre_polish/EXE_33_2024_E_ignore_list.txt -p EXE_33_2024_E -t 1 -a nearest --db "dnaa,cog1474,repa" -f 2> hybracter_out/stderr/dnaapler/EXE_33_2024_E.log
        dnaapler --version > hybracter_out/versions/EXE_33_2024_E/dnaapler.version
        
Activating conda environment: ../../../../../miniconda3/envs/hybracter_env/lib/python3.11/site-packages/hybracter/workflow/conda/2e20c9685892c8c53c04f44043c92cbf_
Select jobs to execute...
[Thu Mar 26 18:57:20 2026]
Finished jobid: 328 (Rule: dnaapler)
129 of 181 steps (71%) done
Execute 1 jobs...
[Thu Mar 26 18:57:20 2026]
localrule concatenate_intermediate_dnaapler_with_plassembler:
    input: hybracter_out/processing/complete/dnaapler/EXE_33_2024_E/EXE_33_2024_E_reoriented.fasta, hybracter_out/processing/plassembler/EXE_33_2024_E/plassembler_plasmids.fasta
    output: hybracter_out/processing/complete/dnaapler/EXE_33_2024_E/EXE_33_2024_E_reoriented_chrom_and_plasmids.fasta
    jobid: 336
    reason: Missing output files: hybracter_out/processing/complete/dnaapler/EXE_33_2024_E/EXE_33_2024_E_reoriented_chrom_and_plasmids.fasta; Input files updated by another job: hybracter_out/processing/plassembler/EXE_33_2024_E/plassembler_plasmids.fasta, hybracter_out/processing/complete/dnaapler/EXE_33_2024_E/EXE_33_2024_E_reoriented.fasta
    wildcards: sample=EXE_33_2024_E
    resources: tmpdir=/tmp, mem_mb=4000, mem_mib=3815, mem=4000MB, time=00:00:05
Shell command: 
        cat hybracter_out/processing/complete/dnaapler/EXE_33_2024_E/EXE_33_2024_E_reoriented.fasta hybracter_out/processing/plassembler/EXE_33_2024_E/plassembler_plasmids.fasta > hybracter_out/processing/complete/dnaapler/EXE_33_2024_E/EXE_33_2024_E_reoriented_chrom_and_plasmids.fasta
        
[Thu Mar 26 18:57:20 2026]
Finished jobid: 336 (Rule: concatenate_intermediate_dnaapler_with_plassembler)
130 of 181 steps (72%) done
Select jobs to execute...
Execute 1 jobs...
[Thu Mar 26 18:57:20 2026]
localrule medaka_round_2:
    input: hybracter_out/processing/complete/dnaapler/EXE_33_2024_E/EXE_33_2024_E_reoriented_chrom_and_plasmids.fasta, hybracter_out/processing/qc/EXE_33_2024_E_filt_trim.fastq.gz
    output: hybracter_out/processing/complete/medaka_rd_2/EXE_33_2024_E/consensus.fasta
    log: hybracter_out/stderr/medaka_round_2/EXE_33_2024_E.log
    jobid: 335
    benchmark: hybracter_out/benchmarks/medaka_round_2/EXE_33_2024_E.txt
    reason: Missing output files: hybracter_out/processing/complete/medaka_rd_2/EXE_33_2024_E/consensus.fasta; Input files updated by another job: hybracter_out/processing/complete/dnaapler/EXE_33_2024_E/EXE_33_2024_E_reoriented_chrom_and_plasmids.fasta
    wildcards: sample=EXE_33_2024_E
    resources: tmpdir=/tmp, mem_mb=32000, mem_mib=30518, mem=32000MB, time=08:00:00
Shell command: 
        export CUDA_VISIBLE_DEVICES=""
        if [ "True" = "True" ]; then
           # from v 0.10.0, hybracter supports --bacteria
            medaka_consensus -i hybracter_out/processing/qc/EXE_33_2024_E_filt_trim.fastq.gz -d hybracter_out/processing/complete/dnaapler/EXE_33_2024_E/EXE_33_2024_E_reoriented_chrom_and_plasmids.fasta -o hybracter_out/processing/complete/medaka_rd_2/EXE_33_2024_E --bacteria  -t 1 2> hybracter_out/stderr/medaka_round_2/EXE_33_2024_E.log
            touch hybracter_out/processing/complete/medaka_rd_2/EXE_33_2024_E/calls_to_draft.bam
            rm hybracter_out/processing/complete/medaka_rd_2/EXE_33_2024_E/calls_to_draft.bam
            touch hybracter_out/processing/complete/medaka_rd_2/EXE_33_2024_E/consensus_probs.hdf
            rm hybracter_out/processing/complete/medaka_rd_2/EXE_33_2024_E/consensus_probs.hdf
        else
            medaka_consensus -i hybracter_out/processing/qc/EXE_33_2024_E_filt_trim.fastq.gz -d hybracter_out/processing/complete/dnaapler/EXE_33_2024_E/EXE_33_2024_E_reoriented_chrom_and_plasmids.fasta -o hybracter_out/processing/complete/medaka_rd_2/EXE_33_2024_E -m r1041_e82_400bps_sup_v5.0.0 -t 1 2> hybracter_out/stderr/medaka_round_2/EXE_33_2024_E.log
            touch hybracter_out/processing/complete/medaka_rd_2/EXE_33_2024_E/calls_to_draft.bam
            rm hybracter_out/processing/complete/medaka_rd_2/EXE_33_2024_E/calls_to_draft.bam
            touch hybracter_out/processing/complete/medaka_rd_2/EXE_33_2024_E/consensus_probs.hdf
            rm hybracter_out/processing/complete/medaka_rd_2/EXE_33_2024_E/consensus_probs.hdf
        fi
        
Activating conda environment: ../../../../../miniconda3/envs/hybracter_env/lib/python3.11/site-packages/hybracter/workflow/conda/7aafc1085ca44eee01942c03ca74ecad_
Select jobs to execute...
[Thu Mar 26 19:00:57 2026]
Finished jobid: 335 (Rule: medaka_round_2)
131 of 181 steps (72%) done
Execute 1 jobs...
[Thu Mar 26 19:00:57 2026]
localrule medaka_round_2_extract_intermediate_assembly:
    input: hybracter_out/processing/complete/medaka_rd_2/EXE_33_2024_E/consensus.fasta, hybracter_out/completeness/EXE_33_2024_E.txt, hybracter_out/processing/assemblies/EXE_33_2024_E/assembly_info.txt
    output: hybracter_out/supplementary_results/intermediate_chromosome_assemblies/EXE_33_2024_E/EXE_33_2024_E_medaka_rd_2.fasta, hybracter_out/processing/complete/medaka_rd_2/EXE_33_2024_E_ignore_list.txt
    jobid: 334
    reason: Missing output files: hybracter_out/supplementary_results/intermediate_chromosome_assemblies/EXE_33_2024_E/EXE_33_2024_E_medaka_rd_2.fasta; Input files updated by another job: hybracter_out/processing/complete/medaka_rd_2/EXE_33_2024_E/consensus.fasta
    wildcards: sample=EXE_33_2024_E
    resources: tmpdir=/tmp, mem_mb=4000, mem_mib=3815, mem=4000MB, time=00:00:05
Shell command: None
Activating conda environment: ../../../../../miniconda3/envs/hybracter_env/lib/python3.11/site-packages/hybracter/workflow/conda/639f4bf04df38f7c8704ca26e9afdad8_
Select jobs to execute...
Activating conda environment: ../../../../../miniconda3/envs/hybracter_env/lib/python3.11/site-packages/hybracter/workflow/conda/639f4bf04df38f7c8704ca26e9afdad8_
[Thu Mar 26 19:00:59 2026]
Finished jobid: 334 (Rule: medaka_round_2_extract_intermediate_assembly)
132 of 181 steps (73%) done
Execute 1 jobs...
[Thu Mar 26 19:00:59 2026]
localrule dnaapler_pre_chrom:
    input: hybracter_out/processing/pre_polish/EXE_33_2024_E_chromosome.fasta, hybracter_out/processing/pre_polish/EXE_33_2024_E_ignore_list.txt
    output: hybracter_out/processing/complete/dnaapler/EXE_33_2024_E_pre_chrom/EXE_33_2024_E_reoriented.fasta
    log: hybracter_out/stderr/dnaapler/EXE_33_2024_E_pre_chrom.log
    jobid: 338
    benchmark: hybracter_out/benchmarks/dnaapler/EXE_33_2024_E_pre_chrom.txt
    reason: Missing output files: hybracter_out/processing/complete/dnaapler/EXE_33_2024_E_pre_chrom/EXE_33_2024_E_reoriented.fasta; Input files updated by another job: hybracter_out/processing/pre_polish/EXE_33_2024_E_chromosome.fasta, hybracter_out/processing/pre_polish/EXE_33_2024_E_ignore_list.txt
    wildcards: sample=EXE_33_2024_E
    resources: tmpdir=/tmp, mem_mb=16000, mem_mib=15259, mem=16000MB, time=08:00:00
Shell command: 
        dnaapler all -i hybracter_out/processing/pre_polish/EXE_33_2024_E_chromosome.fasta -o hybracter_out/processing/complete/dnaapler/EXE_33_2024_E_pre_chrom --ignore hybracter_out/processing/pre_polish/EXE_33_2024_E_ignore_list.txt -p EXE_33_2024_E -t 1 -a nearest --db dnaa,cog1474,repa -f 2> hybracter_out/stderr/dnaapler/EXE_33_2024_E_pre_chrom.log
        
Activating conda environment: ../../../../../miniconda3/envs/hybracter_env/lib/python3.11/site-packages/hybracter/workflow/conda/2e20c9685892c8c53c04f44043c92cbf_
Select jobs to execute...
[Thu Mar 26 19:02:22 2026]
Finished jobid: 338 (Rule: dnaapler_pre_chrom)
133 of 181 steps (73%) done
Execute 1 jobs...
[Thu Mar 26 19:02:22 2026]
localrule compare_assemblies_medaka_round_1:
    input: hybracter_out/processing/complete/dnaapler/EXE_33_2024_E_pre_chrom/EXE_33_2024_E_reoriented.fasta, hybracter_out/processing/complete/dnaapler/EXE_33_2024_E/EXE_33_2024_E_reoriented.fasta
    output: hybracter_out/supplementary_results/comparisons/EXE_33_2024_E/medaka_round_1_vs_pre_polish.txt
    jobid: 337
    reason: Missing output files: hybracter_out/supplementary_results/comparisons/EXE_33_2024_E/medaka_round_1_vs_pre_polish.txt; Input files updated by another job: hybracter_out/processing/complete/dnaapler/EXE_33_2024_E/EXE_33_2024_E_reoriented.fasta, hybracter_out/processing/complete/dnaapler/EXE_33_2024_E_pre_chrom/EXE_33_2024_E_reoriented.fasta
    wildcards: sample=EXE_33_2024_E
    resources: tmpdir=/tmp, mem_mb=16000, mem_mib=15259, mem=16000MB, time=08:00:00
Shell command: None
Activating conda environment: ../../../../../miniconda3/envs/hybracter_env/lib/python3.11/site-packages/hybracter/workflow/conda/639f4bf04df38f7c8704ca26e9afdad8_
Select jobs to execute...
Activating conda environment: ../../../../../miniconda3/envs/hybracter_env/lib/python3.11/site-packages/hybracter/workflow/conda/639f4bf04df38f7c8704ca26e9afdad8_
[Thu Mar 26 19:02:26 2026]
Finished jobid: 337 (Rule: compare_assemblies_medaka_round_1)
134 of 181 steps (74%) done
Execute 1 jobs...
[Thu Mar 26 19:02:26 2026]
localrule compare_assemblies_medaka_round_2:
    input: hybracter_out/processing/complete/dnaapler/EXE_33_2024_E/EXE_33_2024_E_reoriented.fasta, hybracter_out/supplementary_results/intermediate_chromosome_assemblies/EXE_33_2024_E/EXE_33_2024_E_medaka_rd_2.fasta, hybracter_out/supplementary_results/comparisons/EXE_33_2024_E/medaka_round_1_vs_pre_polish.txt
    output: hybracter_out/supplementary_results/comparisons/EXE_33_2024_E/medaka_round_2_vs_medaka_round_1.txt
    jobid: 327
    reason: Missing output files: hybracter_out/supplementary_results/comparisons/EXE_33_2024_E/medaka_round_2_vs_medaka_round_1.txt; Input files updated by another job: hybracter_out/processing/complete/dnaapler/EXE_33_2024_E/EXE_33_2024_E_reoriented.fasta, hybracter_out/supplementary_results/comparisons/EXE_33_2024_E/medaka_round_1_vs_pre_polish.txt, hybracter_out/supplementary_results/intermediate_chromosome_assemblies/EXE_33_2024_E/EXE_33_2024_E_medaka_rd_2.fasta
    wildcards: sample=EXE_33_2024_E
    resources: tmpdir=/tmp, mem_mb=16000, mem_mib=15259, mem=16000MB, time=08:00:00
Shell command: None
Select jobs to execute...
Activating conda environment: ../../../../../miniconda3/envs/hybracter_env/lib/python3.11/site-packages/hybracter/workflow/conda/639f4bf04df38f7c8704ca26e9afdad8_
Activating conda environment: ../../../../../miniconda3/envs/hybracter_env/lib/python3.11/site-packages/hybracter/workflow/conda/639f4bf04df38f7c8704ca26e9afdad8_
[Thu Mar 26 19:02:30 2026]
Finished jobid: 327 (Rule: compare_assemblies_medaka_round_2)
135 of 181 steps (75%) done
Execute 1 jobs...
[Thu Mar 26 19:02:30 2026]
localrule aggregate_finalise_complete:
    input: hybracter_out/processing/complete/dnaapler/EXE_33_2024_E_pre_chrom/EXE_33_2024_E_reoriented.fasta, hybracter_out/processing/complete/dnaapler/EXE_33_2024_E/EXE_33_2024_E_reoriented.fasta, hybracter_out/supplementary_results/intermediate_chromosome_assemblies/EXE_33_2024_E/EXE_33_2024_E_medaka_rd_2.fasta, hybracter_out/processing/plassembler/EXE_33_2024_E/plassembler_plasmids.fasta, hybracter_out/supplementary_results/flye_individual_summaries/EXE_33_2024_E_assembly_info.txt, hybracter_out/supplementary_results/comparisons/EXE_33_2024_E/medaka_round_2_vs_medaka_round_1.txt, hybracter_out/processing/pre_polish/EXE_33_2024_E_ignore_list.txt
    output: hybracter_out/FINAL_OUTPUT/complete/EXE_33_2024_E_chromosome.fasta, hybracter_out/FINAL_OUTPUT/complete/EXE_33_2024_E_final.fasta, hybracter_out/supplementary_results/pyrodigal_mean_length_summaries/complete/EXE_33_2024_E_summary.tsv, hybracter_out/FINAL_OUTPUT/complete/EXE_33_2024_E_summary.tsv, hybracter_out/FINAL_OUTPUT/complete/EXE_33_2024_E_per_contig_stats.tsv, hybracter_out/FINAL_OUTPUT/complete/EXE_33_2024_E_plasmid.fasta
    jobid: 340
    reason: Missing output files: hybracter_out/FINAL_OUTPUT/complete/EXE_33_2024_E_final.fasta; Input files updated by another job: hybracter_out/processing/complete/dnaapler/EXE_33_2024_E/EXE_33_2024_E_reoriented.fasta, hybracter_out/processing/pre_polish/EXE_33_2024_E_ignore_list.txt, hybracter_out/processing/plassembler/EXE_33_2024_E/plassembler_plasmids.fasta, hybracter_out/processing/complete/dnaapler/EXE_33_2024_E_pre_chrom/EXE_33_2024_E_reoriented.fasta, hybracter_out/supplementary_results/comparisons/EXE_33_2024_E/medaka_round_2_vs_medaka_round_1.txt, hybracter_out/supplementary_results/intermediate_chromosome_assemblies/EXE_33_2024_E/EXE_33_2024_E_medaka_rd_2.fasta
    wildcards: sample=EXE_33_2024_E
    resources: tmpdir=/tmp, mem_mb=4000, mem_mib=3815, mem=4000MB, time=00:00:05
Shell command: None
Select jobs to execute...
Activating conda environment: ../../../../../miniconda3/envs/hybracter_env/lib/python3.11/site-packages/hybracter/workflow/conda/474e4e1622549f89bad4f85cb93aba39_
Activating conda environment: ../../../../../miniconda3/envs/hybracter_env/lib/python3.11/site-packages/hybracter/workflow/conda/474e4e1622549f89bad4f85cb93aba39_
[Thu Mar 26 19:02:36 2026]
Finished jobid: 340 (Rule: aggregate_finalise_complete)
136 of 181 steps (75%) done
Execute 1 jobs...
[Thu Mar 26 19:02:36 2026]
localrule aggregate_finalised_assemblies_rule:
    input: hybracter_out/FINAL_OUTPUT/complete/EXE_33_2024_E_final.fasta
    output: hybracter_out/flags/aggr_final/EXE_33_2024_E.txt
    jobid: 110
    reason: Missing output files: hybracter_out/flags/aggr_final/EXE_33_2024_E.txt; Input files updated by another job: hybracter_out/FINAL_OUTPUT/complete/EXE_33_2024_E_final.fasta
    wildcards: sample=EXE_33_2024_E
    resources: tmpdir=/tmp, mem_mb=4000, mem_mib=3815, mem=4000MB, time=00:00:05
Shell command: 
        touch hybracter_out/flags/aggr_final/EXE_33_2024_E.txt
        
Select jobs to execute...
[Thu Mar 26 19:02:36 2026]
Finished jobid: 110 (Rule: aggregate_finalised_assemblies_rule)
137 of 181 steps (76%) done
Execute 1 jobs...
[Thu Mar 26 19:02:36 2026]
localrule aggregate_plassembler_input_rule:
    input: hybracter_out/processing/plassembler/EXE_33_2024_E/plassembler_plasmids.fasta
    output: hybracter_out/flags/aggr_plassembler/EXE_33_2024_E.txt
    jobid: 87
    reason: Missing output files: hybracter_out/flags/aggr_plassembler/EXE_33_2024_E.txt; Input files updated by another job: hybracter_out/processing/plassembler/EXE_33_2024_E/plassembler_plasmids.fasta
    wildcards: sample=EXE_33_2024_E
    resources: tmpdir=/tmp, mem_mb=4000, mem_mib=3815, mem=4000MB, time=00:00:05
Shell command: 
        echo hybracter_out/processing/plassembler/EXE_33_2024_E/plassembler_plasmids.fasta
        touch hybracter_out/flags/aggr_plassembler/EXE_33_2024_E.txt
        
Select jobs to execute...
[Thu Mar 26 19:02:36 2026]
Finished jobid: 87 (Rule: aggregate_plassembler_input_rule)
138 of 181 steps (76%) done
Execute 1 jobs...
[Thu Mar 26 19:02:36 2026]
localrule add_sample_plassembler:
    input: hybracter_out/processing/plassembler/EXE_33_2024_E/plassembler_summary.tsv
    output: hybracter_out/supplementary_results/plassembler_individual_summaries/EXE_33_2024_E_with_sample.tsv
    jobid: 339
    reason: Missing output files: hybracter_out/supplementary_results/plassembler_individual_summaries/EXE_33_2024_E_with_sample.tsv; Input files updated by another job: hybracter_out/processing/plassembler/EXE_33_2024_E/plassembler_summary.tsv
    wildcards: sample=EXE_33_2024_E
    resources: tmpdir=/tmp, mem_mb=4000, mem_mib=3815, mem=4000MB, time=00:00:05
Shell command: None
Select jobs to execute...
Activating conda environment: ../../../../../miniconda3/envs/hybracter_env/lib/python3.11/site-packages/hybracter/workflow/conda/639f4bf04df38f7c8704ca26e9afdad8_
Activating conda environment: ../../../../../miniconda3/envs/hybracter_env/lib/python3.11/site-packages/hybracter/workflow/conda/639f4bf04df38f7c8704ca26e9afdad8_
[Thu Mar 26 19:02:37 2026]
Finished jobid: 339 (Rule: add_sample_plassembler)
139 of 181 steps (77%) done
Execute 1 jobs...
[Thu Mar 26 19:02:37 2026]
localrule aggregate_pyrodigal_plassembler_input_rule:
    input: hybracter_out/supplementary_results/plassembler_individual_summaries/EXE_33_2024_E_with_sample.tsv
    output: hybracter_out/flags/aggr_pyrodigal_plassembler/EXE_33_2024_E.txt
    jobid: 99
    reason: Missing output files: hybracter_out/flags/aggr_pyrodigal_plassembler/EXE_33_2024_E.txt; Input files updated by another job: hybracter_out/supplementary_results/plassembler_individual_summaries/EXE_33_2024_E_with_sample.tsv
    wildcards: sample=EXE_33_2024_E
    resources: tmpdir=/tmp, mem_mb=4000, mem_mib=3815, mem=4000MB, time=00:00:05
Shell command: 
        touch hybracter_out/flags/aggr_pyrodigal_plassembler/EXE_33_2024_E.txt
        
[Thu Mar 26 19:02:38 2026]
Finished jobid: 99 (Rule: aggregate_pyrodigal_plassembler_input_rule)
140 of 181 steps (77%) done
Select jobs to execute...
Execute 1 jobs...
[Thu Mar 26 19:02:38 2026]
localrule estimate_lr_coverage:
    input: hybracter_out/processing/qc/seqkit/EXE_08_2024_A_long.txt, hybracter_out/processing/chrom_size/EXE_08_2024_A_lrge_estimated_chromosome_size.txt
    output: hybracter_out/processing/qc/coverage/EXE_08_2024_A_lr.txt
    jobid: 41
    reason: Missing output files: hybracter_out/processing/qc/coverage/EXE_08_2024_A_lr.txt; Input files updated by another job: hybracter_out/processing/qc/seqkit/EXE_08_2024_A_long.txt, hybracter_out/processing/chrom_size/EXE_08_2024_A_lrge_estimated_chromosome_size.txt
    wildcards: sample=EXE_08_2024_A
    resources: tmpdir=/tmp, mem_mb=4000, mem_mib=3815, mem=4000MB, time=00:00:05
Shell command: None
Activating conda environment: ../../../../../miniconda3/envs/hybracter_env/lib/python3.11/site-packages/hybracter/workflow/conda/639f4bf04df38f7c8704ca26e9afdad8_
Select jobs to execute...
Activating conda environment: ../../../../../miniconda3/envs/hybracter_env/lib/python3.11/site-packages/hybracter/workflow/conda/639f4bf04df38f7c8704ca26e9afdad8_
[Thu Mar 26 19:02:39 2026]
Finished jobid: 41 (Rule: estimate_lr_coverage)
141 of 181 steps (78%) done
Execute 1 jobs...
[Thu Mar 26 19:02:39 2026]
localrule assemble:
    input: hybracter_out/processing/qc/EXE_08_2024_A_filt_trim.fastq.gz, hybracter_out/processing/qc/coverage/EXE_08_2024_A_lr.txt
    output: hybracter_out/processing/assemblies/EXE_08_2024_A/assembly.fasta, hybracter_out/processing/assemblies/EXE_08_2024_A/assembly_info.txt, hybracter_out/versions/EXE_08_2024_A/flye.version, hybracter_out/supplementary_results/flye_individual_summaries/EXE_08_2024_A_assembly_info.txt
    log: hybracter_out/stderr/assemble/EXE_08_2024_A.log
    jobid: 52
    benchmark: hybracter_out/benchmarks/assemble/EXE_08_2024_A.txt
    reason: Missing output files: hybracter_out/supplementary_results/flye_individual_summaries/EXE_08_2024_A_assembly_info.txt, hybracter_out/processing/assemblies/EXE_08_2024_A/assembly_info.txt, hybracter_out/processing/assemblies/EXE_08_2024_A/assembly.fasta, hybracter_out/versions/EXE_08_2024_A/flye.version; Input files updated by another job: hybracter_out/processing/qc/EXE_08_2024_A_filt_trim.fastq.gz, hybracter_out/processing/qc/coverage/EXE_08_2024_A_lr.txt
    wildcards: sample=EXE_08_2024_A
    resources: tmpdir=/tmp, mem_mb=32000, mem_mib=30518, mem=32000MB, time=08:00:00
Shell command: 
        if [ "False" = "True" ]; then 
            flye --nano-hq hybracter_out/processing/qc/EXE_08_2024_A_filt_trim.fastq.gz -t 1  --out-dir hybracter_out/processing/assemblies/EXE_08_2024_A None 2> hybracter_out/stderr/assemble/EXE_08_2024_A.log
        else
            flye --nano-hq hybracter_out/processing/qc/EXE_08_2024_A_filt_trim.fastq.gz -t 1  --out-dir hybracter_out/processing/assemblies/EXE_08_2024_A  2> hybracter_out/stderr/assemble/EXE_08_2024_A.log
        fi
        flye --version > hybracter_out/versions/EXE_08_2024_A/flye.version   
        cp hybracter_out/processing/assemblies/EXE_08_2024_A/assembly_info.txt hybracter_out/supplementary_results/flye_individual_summaries/EXE_08_2024_A_assembly_info.txt
        
Activating conda environment: ../../../../../miniconda3/envs/hybracter_env/lib/python3.11/site-packages/hybracter/workflow/conda/867e79b85cea33b7804e36b625a69929_
Select jobs to execute...
[Thu Mar 26 19:19:30 2026]
Finished jobid: 52 (Rule: assemble)
142 of 181 steps (78%) done
Execute 1 jobs...
[Thu Mar 26 19:19:30 2026]
localcheckpoint check_completeness:
    input: hybracter_out/processing/assemblies/EXE_08_2024_A/assembly.fasta, hybracter_out/processing/assemblies/EXE_08_2024_A/assembly_info.txt, hybracter_out/processing/chrom_size/EXE_08_2024_A_lrge_estimated_chromosome_size.txt
    output: hybracter_out/completeness/EXE_08_2024_A.txt
    jobid: 65
    reason: Missing output files: <TBD>; Input files updated by another job: hybracter_out/processing/chrom_size/EXE_08_2024_A_lrge_estimated_chromosome_size.txt, hybracter_out/processing/assemblies/EXE_08_2024_A/assembly_info.txt, hybracter_out/processing/assemblies/EXE_08_2024_A/assembly.fasta
    wildcards: sample=EXE_08_2024_A
    resources: tmpdir=/tmp, mem_mb=4000, mem_mib=3815, mem=4000MB, time=00:00:05
Shell command: None
DAG of jobs will be updated after completion.
Activating conda environment: ../../../../../miniconda3/envs/hybracter_env/lib/python3.11/site-packages/hybracter/workflow/conda/639f4bf04df38f7c8704ca26e9afdad8_
Select jobs to execute...
Activating conda environment: ../../../../../miniconda3/envs/hybracter_env/lib/python3.11/site-packages/hybracter/workflow/conda/639f4bf04df38f7c8704ca26e9afdad8_
[Thu Mar 26 19:19:31 2026]
Finished jobid: 65 (Rule: check_completeness)
143 of 181 steps (79%) done
Updating checkpoint dependencies.
Execute 1 jobs...
[Thu Mar 26 19:19:31 2026]
localrule plassembler_long:
    input: hybracter_out/processing/chrom_size/EXE_08_2024_A_lrge_estimated_chromosome_size.txt, hybracter_out/processing/qc/EXE_08_2024_A_filt_trim.fastq.gz
    output: hybracter_out/processing/plassembler/EXE_08_2024_A/plassembler_plasmids.fasta, hybracter_out/processing/plassembler/EXE_08_2024_A/plassembler_summary.tsv, hybracter_out/versions/EXE_08_2024_A/plassembler.version
    log: hybracter_out/stderr/plassembler_long/EXE_08_2024_A.log
    jobid: 367
    benchmark: hybracter_out/benchmarks/plassembler_long/EXE_08_2024_A.txt
    reason: Missing output files: hybracter_out/processing/plassembler/EXE_08_2024_A/plassembler_plasmids.fasta, hybracter_out/processing/plassembler/EXE_08_2024_A/plassembler_summary.tsv
    wildcards: sample=EXE_08_2024_A
    resources: tmpdir=/tmp, mem_mb=32000, mem_mib=30518, mem=32000MB, time=08:00:00
Shell command: 
        plassembler long -l hybracter_out/processing/qc/EXE_08_2024_A_filt_trim.fastq.gz -o hybracter_out/processing/plassembler/EXE_08_2024_A -d /data/djs217/miniconda3/envs/hybracter_env/lib/python3.11/site-packages/hybracter/workflow/../databases -t 1 -c 2800000 --skip_qc --flye_directory hybracter_out/processing/assemblies/EXE_08_2024_A --depth_filter 0.25 -f 2> hybracter_out/stderr/plassembler_long/EXE_08_2024_A.log
        touch hybracter_out/processing/plassembler/EXE_08_2024_A/plassembler_plasmids.fasta
        touch hybracter_out/processing/plassembler/EXE_08_2024_A/plassembler_summary.tsv
        plassembler --version > hybracter_out/versions/EXE_08_2024_A/plassembler.version

        
Activating conda environment: ../../../../../miniconda3/envs/hybracter_env/lib/python3.11/site-packages/hybracter/workflow/conda/78019da34467f1ccbd2a1e2321558605_
Select jobs to execute...
[Thu Mar 26 20:42:56 2026]
Finished jobid: 367 (Rule: plassembler_long)
144 of 195 steps (74%) done
Execute 1 jobs...
[Thu Mar 26 20:42:56 2026]
localrule extract_chromosome_complete:
    input: hybracter_out/processing/assemblies/EXE_08_2024_A/assembly.fasta, hybracter_out/processing/assemblies/EXE_08_2024_A/assembly_info.txt, hybracter_out/completeness/EXE_08_2024_A.txt, hybracter_out/processing/chrom_size/EXE_08_2024_A_lrge_estimated_chromosome_size.txt
    output: hybracter_out/processing/pre_polish/EXE_08_2024_A_chromosome.fasta, hybracter_out/processing/pre_polish/EXE_08_2024_A_ignore_list.txt
    jobid: 366
    reason: Missing output files: hybracter_out/processing/pre_polish/EXE_08_2024_A_chromosome.fasta, hybracter_out/processing/pre_polish/EXE_08_2024_A_ignore_list.txt
    wildcards: sample=EXE_08_2024_A
    resources: tmpdir=/tmp, mem_mb=4000, mem_mib=3815, mem=4000MB, time=00:00:05
Shell command: None
Activating conda environment: ../../../../../miniconda3/envs/hybracter_env/lib/python3.11/site-packages/hybracter/workflow/conda/639f4bf04df38f7c8704ca26e9afdad8_
Select jobs to execute...
Activating conda environment: ../../../../../miniconda3/envs/hybracter_env/lib/python3.11/site-packages/hybracter/workflow/conda/639f4bf04df38f7c8704ca26e9afdad8_
[Thu Mar 26 20:43:01 2026]
Finished jobid: 366 (Rule: extract_chromosome_complete)
145 of 195 steps (74%) done
Execute 1 jobs...
[Thu Mar 26 20:43:01 2026]
localrule concatenate_chrom_plassembler:
    input: hybracter_out/processing/pre_polish/EXE_08_2024_A_chromosome.fasta, hybracter_out/processing/plassembler/EXE_08_2024_A/plassembler_plasmids.fasta
    output: hybracter_out/processing/pre_polish/EXE_08_2024_A_chromosome_plus_plasmids.fasta
    jobid: 365
    reason: Missing output files: hybracter_out/processing/pre_polish/EXE_08_2024_A_chromosome_plus_plasmids.fasta; Input files updated by another job: hybracter_out/processing/pre_polish/EXE_08_2024_A_chromosome.fasta, hybracter_out/processing/plassembler/EXE_08_2024_A/plassembler_plasmids.fasta
    wildcards: sample=EXE_08_2024_A
    resources: tmpdir=/tmp, mem_mb=4000, mem_mib=3815, mem=4000MB, time=00:00:05
Shell command: 
        cat hybracter_out/processing/pre_polish/EXE_08_2024_A_chromosome.fasta hybracter_out/processing/plassembler/EXE_08_2024_A/plassembler_plasmids.fasta > hybracter_out/processing/pre_polish/EXE_08_2024_A_chromosome_plus_plasmids.fasta
        
[Thu Mar 26 20:43:01 2026]
Finished jobid: 365 (Rule: concatenate_chrom_plassembler)
146 of 195 steps (75%) done
Select jobs to execute...
Execute 1 jobs...
[Thu Mar 26 20:43:01 2026]
localrule medaka_round_1:
    input: hybracter_out/processing/pre_polish/EXE_08_2024_A_chromosome_plus_plasmids.fasta, hybracter_out/processing/qc/EXE_08_2024_A_filt_trim.fastq.gz
    output: hybracter_out/processing/complete/medaka_rd_1/EXE_08_2024_A/consensus.fasta, hybracter_out/versions/EXE_08_2024_A/medaka_complete.version
    log: hybracter_out/stderr/medaka_round_1/EXE_08_2024_A.log
    jobid: 364
    benchmark: hybracter_out/benchmarks/medaka_round_1/EXE_08_2024_A.txt
    reason: Missing output files: hybracter_out/processing/complete/medaka_rd_1/EXE_08_2024_A/consensus.fasta; Input files updated by another job: hybracter_out/processing/pre_polish/EXE_08_2024_A_chromosome_plus_plasmids.fasta
    wildcards: sample=EXE_08_2024_A
    resources: tmpdir=/tmp, mem_mb=32000, mem_mib=30518, mem=32000MB, time=08:00:00
Shell command: 
        export CUDA_VISIBLE_DEVICES=""
        if [ "True" = "True" ]; then
           # from v 0.10.0, hybracter supports --bacteria
            medaka_consensus -i hybracter_out/processing/qc/EXE_08_2024_A_filt_trim.fastq.gz -d hybracter_out/processing/pre_polish/EXE_08_2024_A_chromosome_plus_plasmids.fasta -o hybracter_out/processing/complete/medaka_rd_1/EXE_08_2024_A --bacteria  -t 1 2> hybracter_out/stderr/medaka_round_1/EXE_08_2024_A.log
            medaka --version > hybracter_out/versions/EXE_08_2024_A/medaka_complete.version
            touch hybracter_out/processing/complete/medaka_rd_1/EXE_08_2024_A/calls_to_draft.bam
            rm hybracter_out/processing/complete/medaka_rd_1/EXE_08_2024_A/calls_to_draft.bam
            touch hybracter_out/processing/complete/medaka_rd_1/EXE_08_2024_A/consensus_probs.hdf
            rm hybracter_out/processing/complete/medaka_rd_1/EXE_08_2024_A/consensus_probs.hdf
        else
           
            medaka_consensus -i hybracter_out/processing/qc/EXE_08_2024_A_filt_trim.fastq.gz -d hybracter_out/processing/pre_polish/EXE_08_2024_A_chromosome_plus_plasmids.fasta -o hybracter_out/processing/complete/medaka_rd_1/EXE_08_2024_A -m r1041_e82_400bps_sup_v5.0.0 -t 1 2> hybracter_out/stderr/medaka_round_1/EXE_08_2024_A.log
            medaka --version > hybracter_out/versions/EXE_08_2024_A/medaka_complete.version
            touch hybracter_out/processing/complete/medaka_rd_1/EXE_08_2024_A/calls_to_draft.bam
            rm hybracter_out/processing/complete/medaka_rd_1/EXE_08_2024_A/calls_to_draft.bam
            touch hybracter_out/processing/complete/medaka_rd_1/EXE_08_2024_A/consensus_probs.hdf
            rm hybracter_out/processing/complete/medaka_rd_1/EXE_08_2024_A/consensus_probs.hdf
        fi
        
Activating conda environment: ../../../../../miniconda3/envs/hybracter_env/lib/python3.11/site-packages/hybracter/workflow/conda/7aafc1085ca44eee01942c03ca74ecad_
Select jobs to execute...
[Thu Mar 26 20:47:31 2026]
Finished jobid: 364 (Rule: medaka_round_1)
147 of 195 steps (75%) done
Execute 1 jobs...
[Thu Mar 26 20:47:31 2026]
localrule medaka_round_1_extract_intermediate_assembly:
    input: hybracter_out/processing/complete/medaka_rd_1/EXE_08_2024_A/consensus.fasta, hybracter_out/completeness/EXE_08_2024_A.txt, hybracter_out/processing/assemblies/EXE_08_2024_A/assembly_info.txt, hybracter_out/processing/chrom_size/EXE_08_2024_A_lrge_estimated_chromosome_size.txt
    output: hybracter_out/supplementary_results/intermediate_chromosome_assemblies/EXE_08_2024_A/EXE_08_2024_A_medaka_rd_1.fasta, hybracter_out/processing/complete/medaka_rd_1/EXE_08_2024_A_ignore_list.txt
    jobid: 363
    reason: Missing output files: hybracter_out/supplementary_results/intermediate_chromosome_assemblies/EXE_08_2024_A/EXE_08_2024_A_medaka_rd_1.fasta; Input files updated by another job: hybracter_out/processing/complete/medaka_rd_1/EXE_08_2024_A/consensus.fasta
    wildcards: sample=EXE_08_2024_A
    resources: tmpdir=/tmp, mem_mb=4000, mem_mib=3815, mem=4000MB, time=00:00:05
Shell command: None
Activating conda environment: ../../../../../miniconda3/envs/hybracter_env/lib/python3.11/site-packages/hybracter/workflow/conda/639f4bf04df38f7c8704ca26e9afdad8_
Select jobs to execute...
Activating conda environment: ../../../../../miniconda3/envs/hybracter_env/lib/python3.11/site-packages/hybracter/workflow/conda/639f4bf04df38f7c8704ca26e9afdad8_
[Thu Mar 26 20:47:32 2026]
Finished jobid: 363 (Rule: medaka_round_1_extract_intermediate_assembly)
148 of 195 steps (76%) done
Execute 1 jobs...
[Thu Mar 26 20:47:32 2026]
localrule dnaapler_pre_chrom:
    input: hybracter_out/processing/pre_polish/EXE_08_2024_A_chromosome.fasta, hybracter_out/processing/pre_polish/EXE_08_2024_A_ignore_list.txt
    output: hybracter_out/processing/complete/dnaapler/EXE_08_2024_A_pre_chrom/EXE_08_2024_A_reoriented.fasta
    log: hybracter_out/stderr/dnaapler/EXE_08_2024_A_pre_chrom.log
    jobid: 372
    benchmark: hybracter_out/benchmarks/dnaapler/EXE_08_2024_A_pre_chrom.txt
    reason: Missing output files: hybracter_out/processing/complete/dnaapler/EXE_08_2024_A_pre_chrom/EXE_08_2024_A_reoriented.fasta; Input files updated by another job: hybracter_out/processing/pre_polish/EXE_08_2024_A_chromosome.fasta, hybracter_out/processing/pre_polish/EXE_08_2024_A_ignore_list.txt
    wildcards: sample=EXE_08_2024_A
    resources: tmpdir=/tmp, mem_mb=16000, mem_mib=15259, mem=16000MB, time=08:00:00
Shell command: 
        dnaapler all -i hybracter_out/processing/pre_polish/EXE_08_2024_A_chromosome.fasta -o hybracter_out/processing/complete/dnaapler/EXE_08_2024_A_pre_chrom --ignore hybracter_out/processing/pre_polish/EXE_08_2024_A_ignore_list.txt -p EXE_08_2024_A -t 1 -a nearest --db dnaa,cog1474,repa -f 2> hybracter_out/stderr/dnaapler/EXE_08_2024_A_pre_chrom.log
        
Activating conda environment: ../../../../../miniconda3/envs/hybracter_env/lib/python3.11/site-packages/hybracter/workflow/conda/2e20c9685892c8c53c04f44043c92cbf_
Select jobs to execute...
[Thu Mar 26 20:48:57 2026]
Finished jobid: 372 (Rule: dnaapler_pre_chrom)
149 of 195 steps (76%) done
Execute 1 jobs...
[Thu Mar 26 20:48:57 2026]
localrule dnaapler:
    input: hybracter_out/supplementary_results/intermediate_chromosome_assemblies/EXE_08_2024_A/EXE_08_2024_A_medaka_rd_1.fasta, hybracter_out/processing/pre_polish/EXE_08_2024_A_ignore_list.txt
    output: hybracter_out/processing/complete/dnaapler/EXE_08_2024_A/EXE_08_2024_A_reoriented.fasta, hybracter_out/versions/EXE_08_2024_A/dnaapler.version
    log: hybracter_out/stderr/dnaapler/EXE_08_2024_A.log
    jobid: 362
    benchmark: hybracter_out/benchmarks/dnaapler/EXE_08_2024_A.txt
    reason: Missing output files: hybracter_out/processing/complete/dnaapler/EXE_08_2024_A/EXE_08_2024_A_reoriented.fasta; Input files updated by another job: hybracter_out/supplementary_results/intermediate_chromosome_assemblies/EXE_08_2024_A/EXE_08_2024_A_medaka_rd_1.fasta, hybracter_out/processing/pre_polish/EXE_08_2024_A_ignore_list.txt
    wildcards: sample=EXE_08_2024_A
    resources: tmpdir=/tmp, mem_mb=16000, mem_mib=15259, mem=16000MB, time=08:00:00
Shell command: 
        dnaapler all -i hybracter_out/supplementary_results/intermediate_chromosome_assemblies/EXE_08_2024_A/EXE_08_2024_A_medaka_rd_1.fasta -o hybracter_out/processing/complete/dnaapler/EXE_08_2024_A --ignore hybracter_out/processing/pre_polish/EXE_08_2024_A_ignore_list.txt -p EXE_08_2024_A -t 1 -a nearest --db "dnaa,cog1474,repa" -f 2> hybracter_out/stderr/dnaapler/EXE_08_2024_A.log
        dnaapler --version > hybracter_out/versions/EXE_08_2024_A/dnaapler.version
        
Activating conda environment: ../../../../../miniconda3/envs/hybracter_env/lib/python3.11/site-packages/hybracter/workflow/conda/2e20c9685892c8c53c04f44043c92cbf_
Select jobs to execute...
[Thu Mar 26 20:50:27 2026]
Finished jobid: 362 (Rule: dnaapler)
150 of 195 steps (77%) done
Execute 1 jobs...
[Thu Mar 26 20:50:27 2026]
localrule compare_assemblies_medaka_round_1:
    input: hybracter_out/processing/complete/dnaapler/EXE_08_2024_A_pre_chrom/EXE_08_2024_A_reoriented.fasta, hybracter_out/processing/complete/dnaapler/EXE_08_2024_A/EXE_08_2024_A_reoriented.fasta
    output: hybracter_out/supplementary_results/comparisons/EXE_08_2024_A/medaka_round_1_vs_pre_polish.txt
    jobid: 371
    reason: Missing output files: hybracter_out/supplementary_results/comparisons/EXE_08_2024_A/medaka_round_1_vs_pre_polish.txt; Input files updated by another job: hybracter_out/processing/complete/dnaapler/EXE_08_2024_A_pre_chrom/EXE_08_2024_A_reoriented.fasta, hybracter_out/processing/complete/dnaapler/EXE_08_2024_A/EXE_08_2024_A_reoriented.fasta
    wildcards: sample=EXE_08_2024_A
    resources: tmpdir=/tmp, mem_mb=16000, mem_mib=15259, mem=16000MB, time=08:00:00
Shell command: None
Select jobs to execute...
Activating conda environment: ../../../../../miniconda3/envs/hybracter_env/lib/python3.11/site-packages/hybracter/workflow/conda/639f4bf04df38f7c8704ca26e9afdad8_
Activating conda environment: ../../../../../miniconda3/envs/hybracter_env/lib/python3.11/site-packages/hybracter/workflow/conda/639f4bf04df38f7c8704ca26e9afdad8_
[Thu Mar 26 20:50:30 2026]
Finished jobid: 371 (Rule: compare_assemblies_medaka_round_1)
151 of 195 steps (77%) done
Execute 1 jobs...
[Thu Mar 26 20:50:30 2026]
localrule concatenate_intermediate_dnaapler_with_plassembler:
    input: hybracter_out/processing/complete/dnaapler/EXE_08_2024_A/EXE_08_2024_A_reoriented.fasta, hybracter_out/processing/plassembler/EXE_08_2024_A/plassembler_plasmids.fasta
    output: hybracter_out/processing/complete/dnaapler/EXE_08_2024_A/EXE_08_2024_A_reoriented_chrom_and_plasmids.fasta
    jobid: 370
    reason: Missing output files: hybracter_out/processing/complete/dnaapler/EXE_08_2024_A/EXE_08_2024_A_reoriented_chrom_and_plasmids.fasta; Input files updated by another job: hybracter_out/processing/complete/dnaapler/EXE_08_2024_A/EXE_08_2024_A_reoriented.fasta, hybracter_out/processing/plassembler/EXE_08_2024_A/plassembler_plasmids.fasta
    wildcards: sample=EXE_08_2024_A
    resources: tmpdir=/tmp, mem_mb=4000, mem_mib=3815, mem=4000MB, time=00:00:05
Shell command: 
        cat hybracter_out/processing/complete/dnaapler/EXE_08_2024_A/EXE_08_2024_A_reoriented.fasta hybracter_out/processing/plassembler/EXE_08_2024_A/plassembler_plasmids.fasta > hybracter_out/processing/complete/dnaapler/EXE_08_2024_A/EXE_08_2024_A_reoriented_chrom_and_plasmids.fasta
        
Select jobs to execute...
[Thu Mar 26 20:50:30 2026]
Finished jobid: 370 (Rule: concatenate_intermediate_dnaapler_with_plassembler)
152 of 195 steps (78%) done
Execute 1 jobs...
[Thu Mar 26 20:50:30 2026]
localrule medaka_round_2:
    input: hybracter_out/processing/complete/dnaapler/EXE_08_2024_A/EXE_08_2024_A_reoriented_chrom_and_plasmids.fasta, hybracter_out/processing/qc/EXE_08_2024_A_filt_trim.fastq.gz
    output: hybracter_out/processing/complete/medaka_rd_2/EXE_08_2024_A/consensus.fasta
    log: hybracter_out/stderr/medaka_round_2/EXE_08_2024_A.log
    jobid: 369
    benchmark: hybracter_out/benchmarks/medaka_round_2/EXE_08_2024_A.txt
    reason: Missing output files: hybracter_out/processing/complete/medaka_rd_2/EXE_08_2024_A/consensus.fasta; Input files updated by another job: hybracter_out/processing/complete/dnaapler/EXE_08_2024_A/EXE_08_2024_A_reoriented_chrom_and_plasmids.fasta
    wildcards: sample=EXE_08_2024_A
    resources: tmpdir=/tmp, mem_mb=32000, mem_mib=30518, mem=32000MB, time=08:00:00
Shell command: 
        export CUDA_VISIBLE_DEVICES=""
        if [ "True" = "True" ]; then
           # from v 0.10.0, hybracter supports --bacteria
            medaka_consensus -i hybracter_out/processing/qc/EXE_08_2024_A_filt_trim.fastq.gz -d hybracter_out/processing/complete/dnaapler/EXE_08_2024_A/EXE_08_2024_A_reoriented_chrom_and_plasmids.fasta -o hybracter_out/processing/complete/medaka_rd_2/EXE_08_2024_A --bacteria  -t 1 2> hybracter_out/stderr/medaka_round_2/EXE_08_2024_A.log
            touch hybracter_out/processing/complete/medaka_rd_2/EXE_08_2024_A/calls_to_draft.bam
            rm hybracter_out/processing/complete/medaka_rd_2/EXE_08_2024_A/calls_to_draft.bam
            touch hybracter_out/processing/complete/medaka_rd_2/EXE_08_2024_A/consensus_probs.hdf
            rm hybracter_out/processing/complete/medaka_rd_2/EXE_08_2024_A/consensus_probs.hdf
        else
            medaka_consensus -i hybracter_out/processing/qc/EXE_08_2024_A_filt_trim.fastq.gz -d hybracter_out/processing/complete/dnaapler/EXE_08_2024_A/EXE_08_2024_A_reoriented_chrom_and_plasmids.fasta -o hybracter_out/processing/complete/medaka_rd_2/EXE_08_2024_A -m r1041_e82_400bps_sup_v5.0.0 -t 1 2> hybracter_out/stderr/medaka_round_2/EXE_08_2024_A.log
            touch hybracter_out/processing/complete/medaka_rd_2/EXE_08_2024_A/calls_to_draft.bam
            rm hybracter_out/processing/complete/medaka_rd_2/EXE_08_2024_A/calls_to_draft.bam
            touch hybracter_out/processing/complete/medaka_rd_2/EXE_08_2024_A/consensus_probs.hdf
            rm hybracter_out/processing/complete/medaka_rd_2/EXE_08_2024_A/consensus_probs.hdf
        fi
        
Activating conda environment: ../../../../../miniconda3/envs/hybracter_env/lib/python3.11/site-packages/hybracter/workflow/conda/7aafc1085ca44eee01942c03ca74ecad_
Select jobs to execute...
[Thu Mar 26 20:54:24 2026]
Finished jobid: 369 (Rule: medaka_round_2)
153 of 195 steps (78%) done
Execute 1 jobs...
[Thu Mar 26 20:54:24 2026]
localrule medaka_round_2_extract_intermediate_assembly:
    input: hybracter_out/processing/complete/medaka_rd_2/EXE_08_2024_A/consensus.fasta, hybracter_out/completeness/EXE_08_2024_A.txt, hybracter_out/processing/assemblies/EXE_08_2024_A/assembly_info.txt
    output: hybracter_out/supplementary_results/intermediate_chromosome_assemblies/EXE_08_2024_A/EXE_08_2024_A_medaka_rd_2.fasta, hybracter_out/processing/complete/medaka_rd_2/EXE_08_2024_A_ignore_list.txt
    jobid: 368
    reason: Missing output files: hybracter_out/supplementary_results/intermediate_chromosome_assemblies/EXE_08_2024_A/EXE_08_2024_A_medaka_rd_2.fasta; Input files updated by another job: hybracter_out/processing/complete/medaka_rd_2/EXE_08_2024_A/consensus.fasta
    wildcards: sample=EXE_08_2024_A
    resources: tmpdir=/tmp, mem_mb=4000, mem_mib=3815, mem=4000MB, time=00:00:05
Shell command: None
Activating conda environment: ../../../../../miniconda3/envs/hybracter_env/lib/python3.11/site-packages/hybracter/workflow/conda/639f4bf04df38f7c8704ca26e9afdad8_
Select jobs to execute...
Activating conda environment: ../../../../../miniconda3/envs/hybracter_env/lib/python3.11/site-packages/hybracter/workflow/conda/639f4bf04df38f7c8704ca26e9afdad8_
[Thu Mar 26 20:54:26 2026]
Finished jobid: 368 (Rule: medaka_round_2_extract_intermediate_assembly)
154 of 195 steps (79%) done
Execute 1 jobs...
[Thu Mar 26 20:54:26 2026]
localrule compare_assemblies_medaka_round_2:
    input: hybracter_out/processing/complete/dnaapler/EXE_08_2024_A/EXE_08_2024_A_reoriented.fasta, hybracter_out/supplementary_results/intermediate_chromosome_assemblies/EXE_08_2024_A/EXE_08_2024_A_medaka_rd_2.fasta, hybracter_out/supplementary_results/comparisons/EXE_08_2024_A/medaka_round_1_vs_pre_polish.txt
    output: hybracter_out/supplementary_results/comparisons/EXE_08_2024_A/medaka_round_2_vs_medaka_round_1.txt
    jobid: 361
    reason: Missing output files: hybracter_out/supplementary_results/comparisons/EXE_08_2024_A/medaka_round_2_vs_medaka_round_1.txt; Input files updated by another job: hybracter_out/supplementary_results/comparisons/EXE_08_2024_A/medaka_round_1_vs_pre_polish.txt, hybracter_out/supplementary_results/intermediate_chromosome_assemblies/EXE_08_2024_A/EXE_08_2024_A_medaka_rd_2.fasta, hybracter_out/processing/complete/dnaapler/EXE_08_2024_A/EXE_08_2024_A_reoriented.fasta
    wildcards: sample=EXE_08_2024_A
    resources: tmpdir=/tmp, mem_mb=16000, mem_mib=15259, mem=16000MB, time=08:00:00
Shell command: None
Select jobs to execute...
Activating conda environment: ../../../../../miniconda3/envs/hybracter_env/lib/python3.11/site-packages/hybracter/workflow/conda/639f4bf04df38f7c8704ca26e9afdad8_
Activating conda environment: ../../../../../miniconda3/envs/hybracter_env/lib/python3.11/site-packages/hybracter/workflow/conda/639f4bf04df38f7c8704ca26e9afdad8_
[Thu Mar 26 20:54:29 2026]
Finished jobid: 361 (Rule: compare_assemblies_medaka_round_2)
155 of 195 steps (79%) done
Execute 1 jobs...
[Thu Mar 26 20:54:29 2026]
localrule aggregate_finalise_complete:
    input: hybracter_out/processing/complete/dnaapler/EXE_08_2024_A_pre_chrom/EXE_08_2024_A_reoriented.fasta, hybracter_out/processing/complete/dnaapler/EXE_08_2024_A/EXE_08_2024_A_reoriented.fasta, hybracter_out/supplementary_results/intermediate_chromosome_assemblies/EXE_08_2024_A/EXE_08_2024_A_medaka_rd_2.fasta, hybracter_out/processing/plassembler/EXE_08_2024_A/plassembler_plasmids.fasta, hybracter_out/supplementary_results/flye_individual_summaries/EXE_08_2024_A_assembly_info.txt, hybracter_out/supplementary_results/comparisons/EXE_08_2024_A/medaka_round_2_vs_medaka_round_1.txt, hybracter_out/processing/pre_polish/EXE_08_2024_A_ignore_list.txt
    output: hybracter_out/FINAL_OUTPUT/complete/EXE_08_2024_A_chromosome.fasta, hybracter_out/FINAL_OUTPUT/complete/EXE_08_2024_A_final.fasta, hybracter_out/supplementary_results/pyrodigal_mean_length_summaries/complete/EXE_08_2024_A_summary.tsv, hybracter_out/FINAL_OUTPUT/complete/EXE_08_2024_A_summary.tsv, hybracter_out/FINAL_OUTPUT/complete/EXE_08_2024_A_per_contig_stats.tsv, hybracter_out/FINAL_OUTPUT/complete/EXE_08_2024_A_plasmid.fasta
    jobid: 374
    reason: Missing output files: hybracter_out/FINAL_OUTPUT/complete/EXE_08_2024_A_final.fasta; Input files updated by another job: hybracter_out/processing/complete/dnaapler/EXE_08_2024_A_pre_chrom/EXE_08_2024_A_reoriented.fasta, hybracter_out/supplementary_results/intermediate_chromosome_assemblies/EXE_08_2024_A/EXE_08_2024_A_medaka_rd_2.fasta, hybracter_out/processing/pre_polish/EXE_08_2024_A_ignore_list.txt, hybracter_out/processing/complete/dnaapler/EXE_08_2024_A/EXE_08_2024_A_reoriented.fasta, hybracter_out/processing/plassembler/EXE_08_2024_A/plassembler_plasmids.fasta, hybracter_out/supplementary_results/comparisons/EXE_08_2024_A/medaka_round_2_vs_medaka_round_1.txt
    wildcards: sample=EXE_08_2024_A
    resources: tmpdir=/tmp, mem_mb=4000, mem_mib=3815, mem=4000MB, time=00:00:05
Shell command: None
Select jobs to execute...
Activating conda environment: ../../../../../miniconda3/envs/hybracter_env/lib/python3.11/site-packages/hybracter/workflow/conda/474e4e1622549f89bad4f85cb93aba39_
Activating conda environment: ../../../../../miniconda3/envs/hybracter_env/lib/python3.11/site-packages/hybracter/workflow/conda/474e4e1622549f89bad4f85cb93aba39_
[Thu Mar 26 20:54:38 2026]
Finished jobid: 374 (Rule: aggregate_finalise_complete)
156 of 195 steps (80%) done
Execute 1 jobs...
[Thu Mar 26 20:54:38 2026]
localrule aggregate_finalised_assemblies_rule:
    input: hybracter_out/FINAL_OUTPUT/complete/EXE_08_2024_A_final.fasta
    output: hybracter_out/flags/aggr_final/EXE_08_2024_A.txt
    jobid: 104
    reason: Missing output files: hybracter_out/flags/aggr_final/EXE_08_2024_A.txt; Input files updated by another job: hybracter_out/FINAL_OUTPUT/complete/EXE_08_2024_A_final.fasta
    wildcards: sample=EXE_08_2024_A
    resources: tmpdir=/tmp, mem_mb=4000, mem_mib=3815, mem=4000MB, time=00:00:05
Shell command: 
        touch hybracter_out/flags/aggr_final/EXE_08_2024_A.txt
        
[Thu Mar 26 20:54:38 2026]
Finished jobid: 104 (Rule: aggregate_finalised_assemblies_rule)
157 of 195 steps (81%) done
Select jobs to execute...
Execute 1 jobs...
[Thu Mar 26 20:54:38 2026]
localrule aggregate_plassembler_input_rule:
    input: hybracter_out/processing/plassembler/EXE_08_2024_A/plassembler_plasmids.fasta
    output: hybracter_out/flags/aggr_plassembler/EXE_08_2024_A.txt
    jobid: 81
    reason: Missing output files: hybracter_out/flags/aggr_plassembler/EXE_08_2024_A.txt; Input files updated by another job: hybracter_out/processing/plassembler/EXE_08_2024_A/plassembler_plasmids.fasta
    wildcards: sample=EXE_08_2024_A
    resources: tmpdir=/tmp, mem_mb=4000, mem_mib=3815, mem=4000MB, time=00:00:05
Shell command: 
        echo hybracter_out/processing/plassembler/EXE_08_2024_A/plassembler_plasmids.fasta
        touch hybracter_out/flags/aggr_plassembler/EXE_08_2024_A.txt
        
[Thu Mar 26 20:54:38 2026]
Finished jobid: 81 (Rule: aggregate_plassembler_input_rule)
158 of 195 steps (81%) done
Select jobs to execute...
Execute 1 jobs...
[Thu Mar 26 20:54:38 2026]
localrule add_sample_plassembler:
    input: hybracter_out/processing/plassembler/EXE_08_2024_A/plassembler_summary.tsv
    output: hybracter_out/supplementary_results/plassembler_individual_summaries/EXE_08_2024_A_with_sample.tsv
    jobid: 373
    reason: Missing output files: hybracter_out/supplementary_results/plassembler_individual_summaries/EXE_08_2024_A_with_sample.tsv; Input files updated by another job: hybracter_out/processing/plassembler/EXE_08_2024_A/plassembler_summary.tsv
    wildcards: sample=EXE_08_2024_A
    resources: tmpdir=/tmp, mem_mb=4000, mem_mib=3815, mem=4000MB, time=00:00:05
Shell command: None
Select jobs to execute...
Activating conda environment: ../../../../../miniconda3/envs/hybracter_env/lib/python3.11/site-packages/hybracter/workflow/conda/639f4bf04df38f7c8704ca26e9afdad8_
Activating conda environment: ../../../../../miniconda3/envs/hybracter_env/lib/python3.11/site-packages/hybracter/workflow/conda/639f4bf04df38f7c8704ca26e9afdad8_
[Thu Mar 26 20:54:39 2026]
Finished jobid: 373 (Rule: add_sample_plassembler)
159 of 195 steps (82%) done
Execute 1 jobs...
[Thu Mar 26 20:54:39 2026]
localrule aggregate_pyrodigal_plassembler_input_rule:
    input: hybracter_out/supplementary_results/plassembler_individual_summaries/EXE_08_2024_A_with_sample.tsv
    output: hybracter_out/flags/aggr_pyrodigal_plassembler/EXE_08_2024_A.txt
    jobid: 93
    reason: Missing output files: hybracter_out/flags/aggr_pyrodigal_plassembler/EXE_08_2024_A.txt; Input files updated by another job: hybracter_out/supplementary_results/plassembler_individual_summaries/EXE_08_2024_A_with_sample.tsv
    wildcards: sample=EXE_08_2024_A
    resources: tmpdir=/tmp, mem_mb=4000, mem_mib=3815, mem=4000MB, time=00:00:05
Shell command: 
        touch hybracter_out/flags/aggr_pyrodigal_plassembler/EXE_08_2024_A.txt
        
[Thu Mar 26 20:54:40 2026]
Finished jobid: 93 (Rule: aggregate_pyrodigal_plassembler_input_rule)
160 of 195 steps (82%) done
Select jobs to execute...
Execute 1 jobs...
[Thu Mar 26 20:54:40 2026]
localrule aggregate_long_read_polish_input_rule:
    input: hybracter_out/supplementary_results/comparisons/EXE_08_2024_A/medaka_round_2_vs_medaka_round_1.txt
    output: hybracter_out/flags/aggr_long_read_polish/EXE_08_2024_A.txt
    jobid: 64
    reason: Missing output files: hybracter_out/flags/aggr_long_read_polish/EXE_08_2024_A.txt; Input files updated by another job: hybracter_out/supplementary_results/comparisons/EXE_08_2024_A/medaka_round_2_vs_medaka_round_1.txt
    wildcards: sample=EXE_08_2024_A
    resources: tmpdir=/tmp, mem_mb=4000, mem_mib=3815, mem=4000MB, time=00:00:05
Shell command: 
        echo hybracter_out/supplementary_results/comparisons/EXE_08_2024_A/medaka_round_2_vs_medaka_round_1.txt
        touch hybracter_out/flags/aggr_long_read_polish/EXE_08_2024_A.txt
        
Select jobs to execute...
[Thu Mar 26 20:54:40 2026]
Finished jobid: 64 (Rule: aggregate_long_read_polish_input_rule)
161 of 195 steps (83%) done
Execute 1 jobs...
[Thu Mar 26 20:54:40 2026]
localrule estimate_lr_coverage:
    input: hybracter_out/processing/qc/seqkit/EXE_32_2024_G_long.txt, hybracter_out/processing/chrom_size/EXE_32_2024_G_lrge_estimated_chromosome_size.txt
    output: hybracter_out/processing/qc/coverage/EXE_32_2024_G_lr.txt
    jobid: 46
    reason: Missing output files: hybracter_out/processing/qc/coverage/EXE_32_2024_G_lr.txt; Input files updated by another job: hybracter_out/processing/chrom_size/EXE_32_2024_G_lrge_estimated_chromosome_size.txt, hybracter_out/processing/qc/seqkit/EXE_32_2024_G_long.txt
    wildcards: sample=EXE_32_2024_G
    resources: tmpdir=/tmp, mem_mb=4000, mem_mib=3815, mem=4000MB, time=00:00:05
Shell command: None
Select jobs to execute...
Activating conda environment: ../../../../../miniconda3/envs/hybracter_env/lib/python3.11/site-packages/hybracter/workflow/conda/639f4bf04df38f7c8704ca26e9afdad8_
Activating conda environment: ../../../../../miniconda3/envs/hybracter_env/lib/python3.11/site-packages/hybracter/workflow/conda/639f4bf04df38f7c8704ca26e9afdad8_
[Thu Mar 26 20:54:41 2026]
Finished jobid: 46 (Rule: estimate_lr_coverage)
162 of 195 steps (83%) done
Execute 1 jobs...
[Thu Mar 26 20:54:41 2026]
localrule assemble:
    input: hybracter_out/processing/qc/EXE_32_2024_G_filt_trim.fastq.gz, hybracter_out/processing/qc/coverage/EXE_32_2024_G_lr.txt
    output: hybracter_out/processing/assemblies/EXE_32_2024_G/assembly.fasta, hybracter_out/processing/assemblies/EXE_32_2024_G/assembly_info.txt, hybracter_out/versions/EXE_32_2024_G/flye.version, hybracter_out/supplementary_results/flye_individual_summaries/EXE_32_2024_G_assembly_info.txt
    log: hybracter_out/stderr/assemble/EXE_32_2024_G.log
    jobid: 57
    benchmark: hybracter_out/benchmarks/assemble/EXE_32_2024_G.txt
    reason: Missing output files: hybracter_out/processing/assemblies/EXE_32_2024_G/assembly_info.txt, hybracter_out/supplementary_results/flye_individual_summaries/EXE_32_2024_G_assembly_info.txt, hybracter_out/processing/assemblies/EXE_32_2024_G/assembly.fasta, hybracter_out/versions/EXE_32_2024_G/flye.version; Input files updated by another job: hybracter_out/processing/qc/EXE_32_2024_G_filt_trim.fastq.gz, hybracter_out/processing/qc/coverage/EXE_32_2024_G_lr.txt
    wildcards: sample=EXE_32_2024_G
    resources: tmpdir=/tmp, mem_mb=32000, mem_mib=30518, mem=32000MB, time=08:00:00
Shell command: 
        if [ "False" = "True" ]; then 
            flye --nano-hq hybracter_out/processing/qc/EXE_32_2024_G_filt_trim.fastq.gz -t 1  --out-dir hybracter_out/processing/assemblies/EXE_32_2024_G None 2> hybracter_out/stderr/assemble/EXE_32_2024_G.log
        else
            flye --nano-hq hybracter_out/processing/qc/EXE_32_2024_G_filt_trim.fastq.gz -t 1  --out-dir hybracter_out/processing/assemblies/EXE_32_2024_G  2> hybracter_out/stderr/assemble/EXE_32_2024_G.log
        fi
        flye --version > hybracter_out/versions/EXE_32_2024_G/flye.version   
        cp hybracter_out/processing/assemblies/EXE_32_2024_G/assembly_info.txt hybracter_out/supplementary_results/flye_individual_summaries/EXE_32_2024_G_assembly_info.txt
        
Activating conda environment: ../../../../../miniconda3/envs/hybracter_env/lib/python3.11/site-packages/hybracter/workflow/conda/867e79b85cea33b7804e36b625a69929_
Select jobs to execute...
[Thu Mar 26 21:06:39 2026]
Finished jobid: 57 (Rule: assemble)
163 of 195 steps (84%) done
Execute 1 jobs...
[Thu Mar 26 21:06:39 2026]
localcheckpoint check_completeness:
    input: hybracter_out/processing/assemblies/EXE_32_2024_G/assembly.fasta, hybracter_out/processing/assemblies/EXE_32_2024_G/assembly_info.txt, hybracter_out/processing/chrom_size/EXE_32_2024_G_lrge_estimated_chromosome_size.txt
    output: hybracter_out/completeness/EXE_32_2024_G.txt
    jobid: 75
    reason: Missing output files: <TBD>; Input files updated by another job: hybracter_out/processing/assemblies/EXE_32_2024_G/assembly_info.txt, hybracter_out/processing/chrom_size/EXE_32_2024_G_lrge_estimated_chromosome_size.txt, hybracter_out/processing/assemblies/EXE_32_2024_G/assembly.fasta
    wildcards: sample=EXE_32_2024_G
    resources: tmpdir=/tmp, mem_mb=4000, mem_mib=3815, mem=4000MB, time=00:00:05
Shell command: None
DAG of jobs will be updated after completion.
Select jobs to execute...
Activating conda environment: ../../../../../miniconda3/envs/hybracter_env/lib/python3.11/site-packages/hybracter/workflow/conda/639f4bf04df38f7c8704ca26e9afdad8_
Activating conda environment: ../../../../../miniconda3/envs/hybracter_env/lib/python3.11/site-packages/hybracter/workflow/conda/639f4bf04df38f7c8704ca26e9afdad8_
[Thu Mar 26 21:06:40 2026]
Finished jobid: 75 (Rule: check_completeness)
164 of 195 steps (84%) done
Updating checkpoint dependencies.
Execute 1 jobs...
[Thu Mar 26 21:06:40 2026]
localrule plassembler_long:
    input: hybracter_out/processing/chrom_size/EXE_32_2024_G_lrge_estimated_chromosome_size.txt, hybracter_out/processing/qc/EXE_32_2024_G_filt_trim.fastq.gz
    output: hybracter_out/processing/plassembler/EXE_32_2024_G/plassembler_plasmids.fasta, hybracter_out/processing/plassembler/EXE_32_2024_G/plassembler_summary.tsv, hybracter_out/versions/EXE_32_2024_G/plassembler.version
    log: hybracter_out/stderr/plassembler_long/EXE_32_2024_G.log
    jobid: 397
    benchmark: hybracter_out/benchmarks/plassembler_long/EXE_32_2024_G.txt
    reason: Missing output files: hybracter_out/processing/plassembler/EXE_32_2024_G/plassembler_plasmids.fasta, hybracter_out/processing/plassembler/EXE_32_2024_G/plassembler_summary.tsv
    wildcards: sample=EXE_32_2024_G
    resources: tmpdir=/tmp, mem_mb=32000, mem_mib=30518, mem=32000MB, time=08:00:00
Shell command: 
        plassembler long -l hybracter_out/processing/qc/EXE_32_2024_G_filt_trim.fastq.gz -o hybracter_out/processing/plassembler/EXE_32_2024_G -d /data/djs217/miniconda3/envs/hybracter_env/lib/python3.11/site-packages/hybracter/workflow/../databases -t 1 -c 2800000 --skip_qc --flye_directory hybracter_out/processing/assemblies/EXE_32_2024_G --depth_filter 0.25 -f 2> hybracter_out/stderr/plassembler_long/EXE_32_2024_G.log
        touch hybracter_out/processing/plassembler/EXE_32_2024_G/plassembler_plasmids.fasta
        touch hybracter_out/processing/plassembler/EXE_32_2024_G/plassembler_summary.tsv
        plassembler --version > hybracter_out/versions/EXE_32_2024_G/plassembler.version

        
Activating conda environment: ../../../../../miniconda3/envs/hybracter_env/lib/python3.11/site-packages/hybracter/workflow/conda/78019da34467f1ccbd2a1e2321558605_
Select jobs to execute...
[Thu Mar 26 22:08:39 2026]
Finished jobid: 397 (Rule: plassembler_long)
165 of 209 steps (79%) done
Execute 1 jobs...
[Thu Mar 26 22:08:39 2026]
localrule extract_chromosome_complete:
    input: hybracter_out/processing/assemblies/EXE_32_2024_G/assembly.fasta, hybracter_out/processing/assemblies/EXE_32_2024_G/assembly_info.txt, hybracter_out/completeness/EXE_32_2024_G.txt, hybracter_out/processing/chrom_size/EXE_32_2024_G_lrge_estimated_chromosome_size.txt
    output: hybracter_out/processing/pre_polish/EXE_32_2024_G_chromosome.fasta, hybracter_out/processing/pre_polish/EXE_32_2024_G_ignore_list.txt
    jobid: 396
    reason: Missing output files: hybracter_out/processing/pre_polish/EXE_32_2024_G_ignore_list.txt, hybracter_out/processing/pre_polish/EXE_32_2024_G_chromosome.fasta
    wildcards: sample=EXE_32_2024_G
    resources: tmpdir=/tmp, mem_mb=4000, mem_mib=3815, mem=4000MB, time=00:00:05
Shell command: None
Select jobs to execute...
Activating conda environment: ../../../../../miniconda3/envs/hybracter_env/lib/python3.11/site-packages/hybracter/workflow/conda/639f4bf04df38f7c8704ca26e9afdad8_
Activating conda environment: ../../../../../miniconda3/envs/hybracter_env/lib/python3.11/site-packages/hybracter/workflow/conda/639f4bf04df38f7c8704ca26e9afdad8_
[Thu Mar 26 22:08:43 2026]
Finished jobid: 396 (Rule: extract_chromosome_complete)
166 of 209 steps (79%) done
Execute 1 jobs...
[Thu Mar 26 22:08:43 2026]
localrule concatenate_chrom_plassembler:
    input: hybracter_out/processing/pre_polish/EXE_32_2024_G_chromosome.fasta, hybracter_out/processing/plassembler/EXE_32_2024_G/plassembler_plasmids.fasta
    output: hybracter_out/processing/pre_polish/EXE_32_2024_G_chromosome_plus_plasmids.fasta
    jobid: 395
    reason: Missing output files: hybracter_out/processing/pre_polish/EXE_32_2024_G_chromosome_plus_plasmids.fasta; Input files updated by another job: hybracter_out/processing/plassembler/EXE_32_2024_G/plassembler_plasmids.fasta, hybracter_out/processing/pre_polish/EXE_32_2024_G_chromosome.fasta
    wildcards: sample=EXE_32_2024_G
    resources: tmpdir=/tmp, mem_mb=4000, mem_mib=3815, mem=4000MB, time=00:00:05
Shell command: 
        cat hybracter_out/processing/pre_polish/EXE_32_2024_G_chromosome.fasta hybracter_out/processing/plassembler/EXE_32_2024_G/plassembler_plasmids.fasta > hybracter_out/processing/pre_polish/EXE_32_2024_G_chromosome_plus_plasmids.fasta
        
Select jobs to execute...
[Thu Mar 26 22:08:43 2026]
Finished jobid: 395 (Rule: concatenate_chrom_plassembler)
167 of 209 steps (80%) done
Execute 1 jobs...
[Thu Mar 26 22:08:43 2026]
localrule medaka_round_1:
    input: hybracter_out/processing/pre_polish/EXE_32_2024_G_chromosome_plus_plasmids.fasta, hybracter_out/processing/qc/EXE_32_2024_G_filt_trim.fastq.gz
    output: hybracter_out/processing/complete/medaka_rd_1/EXE_32_2024_G/consensus.fasta, hybracter_out/versions/EXE_32_2024_G/medaka_complete.version
    log: hybracter_out/stderr/medaka_round_1/EXE_32_2024_G.log
    jobid: 394
    benchmark: hybracter_out/benchmarks/medaka_round_1/EXE_32_2024_G.txt
    reason: Missing output files: hybracter_out/processing/complete/medaka_rd_1/EXE_32_2024_G/consensus.fasta; Input files updated by another job: hybracter_out/processing/pre_polish/EXE_32_2024_G_chromosome_plus_plasmids.fasta
    wildcards: sample=EXE_32_2024_G
    resources: tmpdir=/tmp, mem_mb=32000, mem_mib=30518, mem=32000MB, time=08:00:00
Shell command: 
        export CUDA_VISIBLE_DEVICES=""
        if [ "True" = "True" ]; then
           # from v 0.10.0, hybracter supports --bacteria
            medaka_consensus -i hybracter_out/processing/qc/EXE_32_2024_G_filt_trim.fastq.gz -d hybracter_out/processing/pre_polish/EXE_32_2024_G_chromosome_plus_plasmids.fasta -o hybracter_out/processing/complete/medaka_rd_1/EXE_32_2024_G --bacteria  -t 1 2> hybracter_out/stderr/medaka_round_1/EXE_32_2024_G.log
            medaka --version > hybracter_out/versions/EXE_32_2024_G/medaka_complete.version
            touch hybracter_out/processing/complete/medaka_rd_1/EXE_32_2024_G/calls_to_draft.bam
            rm hybracter_out/processing/complete/medaka_rd_1/EXE_32_2024_G/calls_to_draft.bam
            touch hybracter_out/processing/complete/medaka_rd_1/EXE_32_2024_G/consensus_probs.hdf
            rm hybracter_out/processing/complete/medaka_rd_1/EXE_32_2024_G/consensus_probs.hdf
        else
           
            medaka_consensus -i hybracter_out/processing/qc/EXE_32_2024_G_filt_trim.fastq.gz -d hybracter_out/processing/pre_polish/EXE_32_2024_G_chromosome_plus_plasmids.fasta -o hybracter_out/processing/complete/medaka_rd_1/EXE_32_2024_G -m r1041_e82_400bps_sup_v5.0.0 -t 1 2> hybracter_out/stderr/medaka_round_1/EXE_32_2024_G.log
            medaka --version > hybracter_out/versions/EXE_32_2024_G/medaka_complete.version
            touch hybracter_out/processing/complete/medaka_rd_1/EXE_32_2024_G/calls_to_draft.bam
            rm hybracter_out/processing/complete/medaka_rd_1/EXE_32_2024_G/calls_to_draft.bam
            touch hybracter_out/processing/complete/medaka_rd_1/EXE_32_2024_G/consensus_probs.hdf
            rm hybracter_out/processing/complete/medaka_rd_1/EXE_32_2024_G/consensus_probs.hdf
        fi
        
Activating conda environment: ../../../../../miniconda3/envs/hybracter_env/lib/python3.11/site-packages/hybracter/workflow/conda/7aafc1085ca44eee01942c03ca74ecad_
Select jobs to execute...
[Thu Mar 26 22:11:51 2026]
Finished jobid: 394 (Rule: medaka_round_1)
168 of 209 steps (80%) done
Execute 1 jobs...
[Thu Mar 26 22:11:51 2026]
localrule medaka_round_1_extract_intermediate_assembly:
    input: hybracter_out/processing/complete/medaka_rd_1/EXE_32_2024_G/consensus.fasta, hybracter_out/completeness/EXE_32_2024_G.txt, hybracter_out/processing/assemblies/EXE_32_2024_G/assembly_info.txt, hybracter_out/processing/chrom_size/EXE_32_2024_G_lrge_estimated_chromosome_size.txt
    output: hybracter_out/supplementary_results/intermediate_chromosome_assemblies/EXE_32_2024_G/EXE_32_2024_G_medaka_rd_1.fasta, hybracter_out/processing/complete/medaka_rd_1/EXE_32_2024_G_ignore_list.txt
    jobid: 393
    reason: Missing output files: hybracter_out/supplementary_results/intermediate_chromosome_assemblies/EXE_32_2024_G/EXE_32_2024_G_medaka_rd_1.fasta; Input files updated by another job: hybracter_out/processing/complete/medaka_rd_1/EXE_32_2024_G/consensus.fasta
    wildcards: sample=EXE_32_2024_G
    resources: tmpdir=/tmp, mem_mb=4000, mem_mib=3815, mem=4000MB, time=00:00:05
Shell command: None
Select jobs to execute...
Activating conda environment: ../../../../../miniconda3/envs/hybracter_env/lib/python3.11/site-packages/hybracter/workflow/conda/639f4bf04df38f7c8704ca26e9afdad8_
Activating conda environment: ../../../../../miniconda3/envs/hybracter_env/lib/python3.11/site-packages/hybracter/workflow/conda/639f4bf04df38f7c8704ca26e9afdad8_
[Thu Mar 26 22:11:53 2026]
Finished jobid: 393 (Rule: medaka_round_1_extract_intermediate_assembly)
169 of 209 steps (81%) done
Execute 1 jobs...
[Thu Mar 26 22:11:53 2026]
localrule dnaapler:
    input: hybracter_out/supplementary_results/intermediate_chromosome_assemblies/EXE_32_2024_G/EXE_32_2024_G_medaka_rd_1.fasta, hybracter_out/processing/pre_polish/EXE_32_2024_G_ignore_list.txt
    output: hybracter_out/processing/complete/dnaapler/EXE_32_2024_G/EXE_32_2024_G_reoriented.fasta, hybracter_out/versions/EXE_32_2024_G/dnaapler.version
    log: hybracter_out/stderr/dnaapler/EXE_32_2024_G.log
    jobid: 392
    benchmark: hybracter_out/benchmarks/dnaapler/EXE_32_2024_G.txt
    reason: Missing output files: hybracter_out/processing/complete/dnaapler/EXE_32_2024_G/EXE_32_2024_G_reoriented.fasta; Input files updated by another job: hybracter_out/supplementary_results/intermediate_chromosome_assemblies/EXE_32_2024_G/EXE_32_2024_G_medaka_rd_1.fasta, hybracter_out/processing/pre_polish/EXE_32_2024_G_ignore_list.txt
    wildcards: sample=EXE_32_2024_G
    resources: tmpdir=/tmp, mem_mb=16000, mem_mib=15259, mem=16000MB, time=08:00:00
Shell command: 
        dnaapler all -i hybracter_out/supplementary_results/intermediate_chromosome_assemblies/EXE_32_2024_G/EXE_32_2024_G_medaka_rd_1.fasta -o hybracter_out/processing/complete/dnaapler/EXE_32_2024_G --ignore hybracter_out/processing/pre_polish/EXE_32_2024_G_ignore_list.txt -p EXE_32_2024_G -t 1 -a nearest --db "dnaa,cog1474,repa" -f 2> hybracter_out/stderr/dnaapler/EXE_32_2024_G.log
        dnaapler --version > hybracter_out/versions/EXE_32_2024_G/dnaapler.version
        
Activating conda environment: ../../../../../miniconda3/envs/hybracter_env/lib/python3.11/site-packages/hybracter/workflow/conda/2e20c9685892c8c53c04f44043c92cbf_
Select jobs to execute...
[Thu Mar 26 22:13:19 2026]
Finished jobid: 392 (Rule: dnaapler)
170 of 209 steps (81%) done
Execute 1 jobs...
[Thu Mar 26 22:13:19 2026]
localrule concatenate_intermediate_dnaapler_with_plassembler:
    input: hybracter_out/processing/complete/dnaapler/EXE_32_2024_G/EXE_32_2024_G_reoriented.fasta, hybracter_out/processing/plassembler/EXE_32_2024_G/plassembler_plasmids.fasta
    output: hybracter_out/processing/complete/dnaapler/EXE_32_2024_G/EXE_32_2024_G_reoriented_chrom_and_plasmids.fasta
    jobid: 400
    reason: Missing output files: hybracter_out/processing/complete/dnaapler/EXE_32_2024_G/EXE_32_2024_G_reoriented_chrom_and_plasmids.fasta; Input files updated by another job: hybracter_out/processing/plassembler/EXE_32_2024_G/plassembler_plasmids.fasta, hybracter_out/processing/complete/dnaapler/EXE_32_2024_G/EXE_32_2024_G_reoriented.fasta
    wildcards: sample=EXE_32_2024_G
    resources: tmpdir=/tmp, mem_mb=4000, mem_mib=3815, mem=4000MB, time=00:00:05
Shell command: 
        cat hybracter_out/processing/complete/dnaapler/EXE_32_2024_G/EXE_32_2024_G_reoriented.fasta hybracter_out/processing/plassembler/EXE_32_2024_G/plassembler_plasmids.fasta > hybracter_out/processing/complete/dnaapler/EXE_32_2024_G/EXE_32_2024_G_reoriented_chrom_and_plasmids.fasta
        
Select jobs to execute...
[Thu Mar 26 22:13:20 2026]
Finished jobid: 400 (Rule: concatenate_intermediate_dnaapler_with_plassembler)
171 of 209 steps (82%) done
Execute 1 jobs...
[Thu Mar 26 22:13:20 2026]
localrule medaka_round_2:
    input: hybracter_out/processing/complete/dnaapler/EXE_32_2024_G/EXE_32_2024_G_reoriented_chrom_and_plasmids.fasta, hybracter_out/processing/qc/EXE_32_2024_G_filt_trim.fastq.gz
    output: hybracter_out/processing/complete/medaka_rd_2/EXE_32_2024_G/consensus.fasta
    log: hybracter_out/stderr/medaka_round_2/EXE_32_2024_G.log
    jobid: 399
    benchmark: hybracter_out/benchmarks/medaka_round_2/EXE_32_2024_G.txt
    reason: Missing output files: hybracter_out/processing/complete/medaka_rd_2/EXE_32_2024_G/consensus.fasta; Input files updated by another job: hybracter_out/processing/complete/dnaapler/EXE_32_2024_G/EXE_32_2024_G_reoriented_chrom_and_plasmids.fasta
    wildcards: sample=EXE_32_2024_G
    resources: tmpdir=/tmp, mem_mb=32000, mem_mib=30518, mem=32000MB, time=08:00:00
Shell command: 
        export CUDA_VISIBLE_DEVICES=""
        if [ "True" = "True" ]; then
           # from v 0.10.0, hybracter supports --bacteria
            medaka_consensus -i hybracter_out/processing/qc/EXE_32_2024_G_filt_trim.fastq.gz -d hybracter_out/processing/complete/dnaapler/EXE_32_2024_G/EXE_32_2024_G_reoriented_chrom_and_plasmids.fasta -o hybracter_out/processing/complete/medaka_rd_2/EXE_32_2024_G --bacteria  -t 1 2> hybracter_out/stderr/medaka_round_2/EXE_32_2024_G.log
            touch hybracter_out/processing/complete/medaka_rd_2/EXE_32_2024_G/calls_to_draft.bam
            rm hybracter_out/processing/complete/medaka_rd_2/EXE_32_2024_G/calls_to_draft.bam
            touch hybracter_out/processing/complete/medaka_rd_2/EXE_32_2024_G/consensus_probs.hdf
            rm hybracter_out/processing/complete/medaka_rd_2/EXE_32_2024_G/consensus_probs.hdf
        else
            medaka_consensus -i hybracter_out/processing/qc/EXE_32_2024_G_filt_trim.fastq.gz -d hybracter_out/processing/complete/dnaapler/EXE_32_2024_G/EXE_32_2024_G_reoriented_chrom_and_plasmids.fasta -o hybracter_out/processing/complete/medaka_rd_2/EXE_32_2024_G -m r1041_e82_400bps_sup_v5.0.0 -t 1 2> hybracter_out/stderr/medaka_round_2/EXE_32_2024_G.log
            touch hybracter_out/processing/complete/medaka_rd_2/EXE_32_2024_G/calls_to_draft.bam
            rm hybracter_out/processing/complete/medaka_rd_2/EXE_32_2024_G/calls_to_draft.bam
            touch hybracter_out/processing/complete/medaka_rd_2/EXE_32_2024_G/consensus_probs.hdf
            rm hybracter_out/processing/complete/medaka_rd_2/EXE_32_2024_G/consensus_probs.hdf
        fi
        
Activating conda environment: ../../../../../miniconda3/envs/hybracter_env/lib/python3.11/site-packages/hybracter/workflow/conda/7aafc1085ca44eee01942c03ca74ecad_
Select jobs to execute...
[Thu Mar 26 22:16:24 2026]
Finished jobid: 399 (Rule: medaka_round_2)
172 of 209 steps (82%) done
Execute 1 jobs...
[Thu Mar 26 22:16:24 2026]
localrule medaka_round_2_extract_intermediate_assembly:
    input: hybracter_out/processing/complete/medaka_rd_2/EXE_32_2024_G/consensus.fasta, hybracter_out/completeness/EXE_32_2024_G.txt, hybracter_out/processing/assemblies/EXE_32_2024_G/assembly_info.txt
    output: hybracter_out/supplementary_results/intermediate_chromosome_assemblies/EXE_32_2024_G/EXE_32_2024_G_medaka_rd_2.fasta, hybracter_out/processing/complete/medaka_rd_2/EXE_32_2024_G_ignore_list.txt
    jobid: 398
    reason: Missing output files: hybracter_out/supplementary_results/intermediate_chromosome_assemblies/EXE_32_2024_G/EXE_32_2024_G_medaka_rd_2.fasta; Input files updated by another job: hybracter_out/processing/complete/medaka_rd_2/EXE_32_2024_G/consensus.fasta
    wildcards: sample=EXE_32_2024_G
    resources: tmpdir=/tmp, mem_mb=4000, mem_mib=3815, mem=4000MB, time=00:00:05
Shell command: None
Select jobs to execute...
Activating conda environment: ../../../../../miniconda3/envs/hybracter_env/lib/python3.11/site-packages/hybracter/workflow/conda/639f4bf04df38f7c8704ca26e9afdad8_
Activating conda environment: ../../../../../miniconda3/envs/hybracter_env/lib/python3.11/site-packages/hybracter/workflow/conda/639f4bf04df38f7c8704ca26e9afdad8_
[Thu Mar 26 22:16:25 2026]
Finished jobid: 398 (Rule: medaka_round_2_extract_intermediate_assembly)
173 of 209 steps (83%) done
Execute 1 jobs...
[Thu Mar 26 22:16:25 2026]
localrule dnaapler_pre_chrom:
    input: hybracter_out/processing/pre_polish/EXE_32_2024_G_chromosome.fasta, hybracter_out/processing/pre_polish/EXE_32_2024_G_ignore_list.txt
    output: hybracter_out/processing/complete/dnaapler/EXE_32_2024_G_pre_chrom/EXE_32_2024_G_reoriented.fasta
    log: hybracter_out/stderr/dnaapler/EXE_32_2024_G_pre_chrom.log
    jobid: 402
    benchmark: hybracter_out/benchmarks/dnaapler/EXE_32_2024_G_pre_chrom.txt
    reason: Missing output files: hybracter_out/processing/complete/dnaapler/EXE_32_2024_G_pre_chrom/EXE_32_2024_G_reoriented.fasta; Input files updated by another job: hybracter_out/processing/pre_polish/EXE_32_2024_G_ignore_list.txt, hybracter_out/processing/pre_polish/EXE_32_2024_G_chromosome.fasta
    wildcards: sample=EXE_32_2024_G
    resources: tmpdir=/tmp, mem_mb=16000, mem_mib=15259, mem=16000MB, time=08:00:00
Shell command: 
        dnaapler all -i hybracter_out/processing/pre_polish/EXE_32_2024_G_chromosome.fasta -o hybracter_out/processing/complete/dnaapler/EXE_32_2024_G_pre_chrom --ignore hybracter_out/processing/pre_polish/EXE_32_2024_G_ignore_list.txt -p EXE_32_2024_G -t 1 -a nearest --db dnaa,cog1474,repa -f 2> hybracter_out/stderr/dnaapler/EXE_32_2024_G_pre_chrom.log
        
Activating conda environment: ../../../../../miniconda3/envs/hybracter_env/lib/python3.11/site-packages/hybracter/workflow/conda/2e20c9685892c8c53c04f44043c92cbf_
Select jobs to execute...
[Thu Mar 26 22:17:46 2026]
Finished jobid: 402 (Rule: dnaapler_pre_chrom)
174 of 209 steps (83%) done
Execute 1 jobs...
[Thu Mar 26 22:17:46 2026]
localrule compare_assemblies_medaka_round_1:
    input: hybracter_out/processing/complete/dnaapler/EXE_32_2024_G_pre_chrom/EXE_32_2024_G_reoriented.fasta, hybracter_out/processing/complete/dnaapler/EXE_32_2024_G/EXE_32_2024_G_reoriented.fasta
    output: hybracter_out/supplementary_results/comparisons/EXE_32_2024_G/medaka_round_1_vs_pre_polish.txt
    jobid: 401
    reason: Missing output files: hybracter_out/supplementary_results/comparisons/EXE_32_2024_G/medaka_round_1_vs_pre_polish.txt; Input files updated by another job: hybracter_out/processing/complete/dnaapler/EXE_32_2024_G/EXE_32_2024_G_reoriented.fasta, hybracter_out/processing/complete/dnaapler/EXE_32_2024_G_pre_chrom/EXE_32_2024_G_reoriented.fasta
    wildcards: sample=EXE_32_2024_G
    resources: tmpdir=/tmp, mem_mb=16000, mem_mib=15259, mem=16000MB, time=08:00:00
Shell command: None
Activating conda environment: ../../../../../miniconda3/envs/hybracter_env/lib/python3.11/site-packages/hybracter/workflow/conda/639f4bf04df38f7c8704ca26e9afdad8_
Select jobs to execute...
Activating conda environment: ../../../../../miniconda3/envs/hybracter_env/lib/python3.11/site-packages/hybracter/workflow/conda/639f4bf04df38f7c8704ca26e9afdad8_
[Thu Mar 26 22:17:49 2026]
Finished jobid: 401 (Rule: compare_assemblies_medaka_round_1)
175 of 209 steps (84%) done
Execute 1 jobs...
[Thu Mar 26 22:17:49 2026]
localrule compare_assemblies_medaka_round_2:
    input: hybracter_out/processing/complete/dnaapler/EXE_32_2024_G/EXE_32_2024_G_reoriented.fasta, hybracter_out/supplementary_results/intermediate_chromosome_assemblies/EXE_32_2024_G/EXE_32_2024_G_medaka_rd_2.fasta, hybracter_out/supplementary_results/comparisons/EXE_32_2024_G/medaka_round_1_vs_pre_polish.txt
    output: hybracter_out/supplementary_results/comparisons/EXE_32_2024_G/medaka_round_2_vs_medaka_round_1.txt
    jobid: 391
    reason: Missing output files: hybracter_out/supplementary_results/comparisons/EXE_32_2024_G/medaka_round_2_vs_medaka_round_1.txt; Input files updated by another job: hybracter_out/supplementary_results/intermediate_chromosome_assemblies/EXE_32_2024_G/EXE_32_2024_G_medaka_rd_2.fasta, hybracter_out/processing/complete/dnaapler/EXE_32_2024_G/EXE_32_2024_G_reoriented.fasta, hybracter_out/supplementary_results/comparisons/EXE_32_2024_G/medaka_round_1_vs_pre_polish.txt
    wildcards: sample=EXE_32_2024_G
    resources: tmpdir=/tmp, mem_mb=16000, mem_mib=15259, mem=16000MB, time=08:00:00
Shell command: None
Select jobs to execute...
Activating conda environment: ../../../../../miniconda3/envs/hybracter_env/lib/python3.11/site-packages/hybracter/workflow/conda/639f4bf04df38f7c8704ca26e9afdad8_
Activating conda environment: ../../../../../miniconda3/envs/hybracter_env/lib/python3.11/site-packages/hybracter/workflow/conda/639f4bf04df38f7c8704ca26e9afdad8_
[Thu Mar 26 22:17:54 2026]
Finished jobid: 391 (Rule: compare_assemblies_medaka_round_2)
176 of 209 steps (84%) done
Execute 1 jobs...
[Thu Mar 26 22:17:54 2026]
localrule aggregate_finalise_complete:
    input: hybracter_out/processing/complete/dnaapler/EXE_32_2024_G_pre_chrom/EXE_32_2024_G_reoriented.fasta, hybracter_out/processing/complete/dnaapler/EXE_32_2024_G/EXE_32_2024_G_reoriented.fasta, hybracter_out/supplementary_results/intermediate_chromosome_assemblies/EXE_32_2024_G/EXE_32_2024_G_medaka_rd_2.fasta, hybracter_out/processing/plassembler/EXE_32_2024_G/plassembler_plasmids.fasta, hybracter_out/supplementary_results/flye_individual_summaries/EXE_32_2024_G_assembly_info.txt, hybracter_out/supplementary_results/comparisons/EXE_32_2024_G/medaka_round_2_vs_medaka_round_1.txt, hybracter_out/processing/pre_polish/EXE_32_2024_G_ignore_list.txt
    output: hybracter_out/FINAL_OUTPUT/complete/EXE_32_2024_G_chromosome.fasta, hybracter_out/FINAL_OUTPUT/complete/EXE_32_2024_G_final.fasta, hybracter_out/supplementary_results/pyrodigal_mean_length_summaries/complete/EXE_32_2024_G_summary.tsv, hybracter_out/FINAL_OUTPUT/complete/EXE_32_2024_G_summary.tsv, hybracter_out/FINAL_OUTPUT/complete/EXE_32_2024_G_per_contig_stats.tsv, hybracter_out/FINAL_OUTPUT/complete/EXE_32_2024_G_plasmid.fasta
    jobid: 404
    reason: Missing output files: hybracter_out/FINAL_OUTPUT/complete/EXE_32_2024_G_final.fasta; Input files updated by another job: hybracter_out/processing/plassembler/EXE_32_2024_G/plassembler_plasmids.fasta, hybracter_out/supplementary_results/comparisons/EXE_32_2024_G/medaka_round_2_vs_medaka_round_1.txt, hybracter_out/supplementary_results/intermediate_chromosome_assemblies/EXE_32_2024_G/EXE_32_2024_G_medaka_rd_2.fasta, hybracter_out/processing/pre_polish/EXE_32_2024_G_ignore_list.txt, hybracter_out/processing/complete/dnaapler/EXE_32_2024_G/EXE_32_2024_G_reoriented.fasta, hybracter_out/processing/complete/dnaapler/EXE_32_2024_G_pre_chrom/EXE_32_2024_G_reoriented.fasta
    wildcards: sample=EXE_32_2024_G
    resources: tmpdir=/tmp, mem_mb=4000, mem_mib=3815, mem=4000MB, time=00:00:05
Shell command: None
Activating conda environment: ../../../../../miniconda3/envs/hybracter_env/lib/python3.11/site-packages/hybracter/workflow/conda/474e4e1622549f89bad4f85cb93aba39_
Select jobs to execute...
Activating conda environment: ../../../../../miniconda3/envs/hybracter_env/lib/python3.11/site-packages/hybracter/workflow/conda/474e4e1622549f89bad4f85cb93aba39_
[Thu Mar 26 22:18:04 2026]
Finished jobid: 404 (Rule: aggregate_finalise_complete)
177 of 209 steps (85%) done
Execute 1 jobs...
[Thu Mar 26 22:18:04 2026]
localrule aggregate_finalised_assemblies_rule:
    input: hybracter_out/FINAL_OUTPUT/complete/EXE_32_2024_G_final.fasta
    output: hybracter_out/flags/aggr_final/EXE_32_2024_G.txt
    jobid: 109
    reason: Missing output files: hybracter_out/flags/aggr_final/EXE_32_2024_G.txt; Input files updated by another job: hybracter_out/FINAL_OUTPUT/complete/EXE_32_2024_G_final.fasta
    wildcards: sample=EXE_32_2024_G
    resources: tmpdir=/tmp, mem_mb=4000, mem_mib=3815, mem=4000MB, time=00:00:05
Shell command: 
        touch hybracter_out/flags/aggr_final/EXE_32_2024_G.txt
        
[Thu Mar 26 22:18:04 2026]
Finished jobid: 109 (Rule: aggregate_finalised_assemblies_rule)
178 of 209 steps (85%) done
Select jobs to execute...
Execute 1 jobs...
[Thu Mar 26 22:18:04 2026]
localrule aggregate_plassembler_input_rule:
    input: hybracter_out/processing/plassembler/EXE_32_2024_G/plassembler_plasmids.fasta
    output: hybracter_out/flags/aggr_plassembler/EXE_32_2024_G.txt
    jobid: 86
    reason: Missing output files: hybracter_out/flags/aggr_plassembler/EXE_32_2024_G.txt; Input files updated by another job: hybracter_out/processing/plassembler/EXE_32_2024_G/plassembler_plasmids.fasta
    wildcards: sample=EXE_32_2024_G
    resources: tmpdir=/tmp, mem_mb=4000, mem_mib=3815, mem=4000MB, time=00:00:05
Shell command: 
        echo hybracter_out/processing/plassembler/EXE_32_2024_G/plassembler_plasmids.fasta
        touch hybracter_out/flags/aggr_plassembler/EXE_32_2024_G.txt
        
[Thu Mar 26 22:18:04 2026]
Finished jobid: 86 (Rule: aggregate_plassembler_input_rule)
179 of 209 steps (86%) done
Select jobs to execute...
Execute 1 jobs...
[Thu Mar 26 22:18:04 2026]
localrule add_sample_plassembler:
    input: hybracter_out/processing/plassembler/EXE_32_2024_G/plassembler_summary.tsv
    output: hybracter_out/supplementary_results/plassembler_individual_summaries/EXE_32_2024_G_with_sample.tsv
    jobid: 403
    reason: Missing output files: hybracter_out/supplementary_results/plassembler_individual_summaries/EXE_32_2024_G_with_sample.tsv; Input files updated by another job: hybracter_out/processing/plassembler/EXE_32_2024_G/plassembler_summary.tsv
    wildcards: sample=EXE_32_2024_G
    resources: tmpdir=/tmp, mem_mb=4000, mem_mib=3815, mem=4000MB, time=00:00:05
Shell command: None
Select jobs to execute...
Activating conda environment: ../../../../../miniconda3/envs/hybracter_env/lib/python3.11/site-packages/hybracter/workflow/conda/639f4bf04df38f7c8704ca26e9afdad8_
Activating conda environment: ../../../../../miniconda3/envs/hybracter_env/lib/python3.11/site-packages/hybracter/workflow/conda/639f4bf04df38f7c8704ca26e9afdad8_
[Thu Mar 26 22:18:05 2026]
Finished jobid: 403 (Rule: add_sample_plassembler)
180 of 209 steps (86%) done
Execute 1 jobs...
[Thu Mar 26 22:18:05 2026]
localrule aggregate_pyrodigal_plassembler_input_rule:
    input: hybracter_out/supplementary_results/plassembler_individual_summaries/EXE_32_2024_G_with_sample.tsv
    output: hybracter_out/flags/aggr_pyrodigal_plassembler/EXE_32_2024_G.txt
    jobid: 98
    reason: Missing output files: hybracter_out/flags/aggr_pyrodigal_plassembler/EXE_32_2024_G.txt; Input files updated by another job: hybracter_out/supplementary_results/plassembler_individual_summaries/EXE_32_2024_G_with_sample.tsv
    wildcards: sample=EXE_32_2024_G
    resources: tmpdir=/tmp, mem_mb=4000, mem_mib=3815, mem=4000MB, time=00:00:05
Shell command: 
        touch hybracter_out/flags/aggr_pyrodigal_plassembler/EXE_32_2024_G.txt
        
Select jobs to execute...
[Thu Mar 26 22:18:05 2026]
Finished jobid: 98 (Rule: aggregate_pyrodigal_plassembler_input_rule)
181 of 209 steps (87%) done
Execute 1 jobs...
[Thu Mar 26 22:18:05 2026]
localrule estimate_lr_coverage:
    input: hybracter_out/processing/qc/seqkit/EXE_23_2025_L_long.txt, hybracter_out/processing/chrom_size/EXE_23_2025_L_lrge_estimated_chromosome_size.txt
    output: hybracter_out/processing/qc/coverage/EXE_23_2025_L_lr.txt
    jobid: 44
    reason: Missing output files: hybracter_out/processing/qc/coverage/EXE_23_2025_L_lr.txt; Input files updated by another job: hybracter_out/processing/chrom_size/EXE_23_2025_L_lrge_estimated_chromosome_size.txt, hybracter_out/processing/qc/seqkit/EXE_23_2025_L_long.txt
    wildcards: sample=EXE_23_2025_L
    resources: tmpdir=/tmp, mem_mb=4000, mem_mib=3815, mem=4000MB, time=00:00:05
Shell command: None
Activating conda environment: ../../../../../miniconda3/envs/hybracter_env/lib/python3.11/site-packages/hybracter/workflow/conda/639f4bf04df38f7c8704ca26e9afdad8_
Select jobs to execute...
Activating conda environment: ../../../../../miniconda3/envs/hybracter_env/lib/python3.11/site-packages/hybracter/workflow/conda/639f4bf04df38f7c8704ca26e9afdad8_
[Thu Mar 26 22:18:06 2026]
Finished jobid: 44 (Rule: estimate_lr_coverage)
182 of 209 steps (87%) done
Execute 1 jobs...
[Thu Mar 26 22:18:06 2026]
localrule assemble:
    input: hybracter_out/processing/qc/EXE_23_2025_L_filt_trim.fastq.gz, hybracter_out/processing/qc/coverage/EXE_23_2025_L_lr.txt
    output: hybracter_out/processing/assemblies/EXE_23_2025_L/assembly.fasta, hybracter_out/processing/assemblies/EXE_23_2025_L/assembly_info.txt, hybracter_out/versions/EXE_23_2025_L/flye.version, hybracter_out/supplementary_results/flye_individual_summaries/EXE_23_2025_L_assembly_info.txt
    log: hybracter_out/stderr/assemble/EXE_23_2025_L.log
    jobid: 55
    benchmark: hybracter_out/benchmarks/assemble/EXE_23_2025_L.txt
    reason: Missing output files: hybracter_out/supplementary_results/flye_individual_summaries/EXE_23_2025_L_assembly_info.txt, hybracter_out/processing/assemblies/EXE_23_2025_L/assembly.fasta, hybracter_out/processing/assemblies/EXE_23_2025_L/assembly_info.txt, hybracter_out/versions/EXE_23_2025_L/flye.version; Input files updated by another job: hybracter_out/processing/qc/EXE_23_2025_L_filt_trim.fastq.gz, hybracter_out/processing/qc/coverage/EXE_23_2025_L_lr.txt
    wildcards: sample=EXE_23_2025_L
    resources: tmpdir=/tmp, mem_mb=32000, mem_mib=30518, mem=32000MB, time=08:00:00
Shell command: 
        if [ "False" = "True" ]; then 
            flye --nano-hq hybracter_out/processing/qc/EXE_23_2025_L_filt_trim.fastq.gz -t 1  --out-dir hybracter_out/processing/assemblies/EXE_23_2025_L None 2> hybracter_out/stderr/assemble/EXE_23_2025_L.log
        else
            flye --nano-hq hybracter_out/processing/qc/EXE_23_2025_L_filt_trim.fastq.gz -t 1  --out-dir hybracter_out/processing/assemblies/EXE_23_2025_L  2> hybracter_out/stderr/assemble/EXE_23_2025_L.log
        fi
        flye --version > hybracter_out/versions/EXE_23_2025_L/flye.version   
        cp hybracter_out/processing/assemblies/EXE_23_2025_L/assembly_info.txt hybracter_out/supplementary_results/flye_individual_summaries/EXE_23_2025_L_assembly_info.txt
        
Activating conda environment: ../../../../../miniconda3/envs/hybracter_env/lib/python3.11/site-packages/hybracter/workflow/conda/867e79b85cea33b7804e36b625a69929_
Select jobs to execute...
[Thu Mar 26 22:30:37 2026]
Finished jobid: 55 (Rule: assemble)
183 of 209 steps (88%) done
Execute 1 jobs...
[Thu Mar 26 22:30:37 2026]
localcheckpoint check_completeness:
    input: hybracter_out/processing/assemblies/EXE_23_2025_L/assembly.fasta, hybracter_out/processing/assemblies/EXE_23_2025_L/assembly_info.txt, hybracter_out/processing/chrom_size/EXE_23_2025_L_lrge_estimated_chromosome_size.txt
    output: hybracter_out/completeness/EXE_23_2025_L.txt
    jobid: 71
    reason: Missing output files: <TBD>; Input files updated by another job: hybracter_out/processing/chrom_size/EXE_23_2025_L_lrge_estimated_chromosome_size.txt, hybracter_out/processing/assemblies/EXE_23_2025_L/assembly.fasta, hybracter_out/processing/assemblies/EXE_23_2025_L/assembly_info.txt
    wildcards: sample=EXE_23_2025_L
    resources: tmpdir=/tmp, mem_mb=4000, mem_mib=3815, mem=4000MB, time=00:00:05
Shell command: None
DAG of jobs will be updated after completion.
Select jobs to execute...
Activating conda environment: ../../../../../miniconda3/envs/hybracter_env/lib/python3.11/site-packages/hybracter/workflow/conda/639f4bf04df38f7c8704ca26e9afdad8_
Activating conda environment: ../../../../../miniconda3/envs/hybracter_env/lib/python3.11/site-packages/hybracter/workflow/conda/639f4bf04df38f7c8704ca26e9afdad8_
[Thu Mar 26 22:30:38 2026]
Finished jobid: 71 (Rule: check_completeness)
184 of 209 steps (88%) done
Updating checkpoint dependencies.
Execute 1 jobs...
[Thu Mar 26 22:30:38 2026]
localrule plassembler_long:
    input: hybracter_out/processing/chrom_size/EXE_23_2025_L_lrge_estimated_chromosome_size.txt, hybracter_out/processing/qc/EXE_23_2025_L_filt_trim.fastq.gz
    output: hybracter_out/processing/plassembler/EXE_23_2025_L/plassembler_plasmids.fasta, hybracter_out/processing/plassembler/EXE_23_2025_L/plassembler_summary.tsv, hybracter_out/versions/EXE_23_2025_L/plassembler.version
    log: hybracter_out/stderr/plassembler_long/EXE_23_2025_L.log
    jobid: 423
    benchmark: hybracter_out/benchmarks/plassembler_long/EXE_23_2025_L.txt
    reason: Missing output files: hybracter_out/processing/plassembler/EXE_23_2025_L/plassembler_summary.tsv, hybracter_out/processing/plassembler/EXE_23_2025_L/plassembler_plasmids.fasta
    wildcards: sample=EXE_23_2025_L
    resources: tmpdir=/tmp, mem_mb=32000, mem_mib=30518, mem=32000MB, time=08:00:00
Shell command: 
        plassembler long -l hybracter_out/processing/qc/EXE_23_2025_L_filt_trim.fastq.gz -o hybracter_out/processing/plassembler/EXE_23_2025_L -d /data/djs217/miniconda3/envs/hybracter_env/lib/python3.11/site-packages/hybracter/workflow/../databases -t 1 -c 2800000 --skip_qc --flye_directory hybracter_out/processing/assemblies/EXE_23_2025_L --depth_filter 0.25 -f 2> hybracter_out/stderr/plassembler_long/EXE_23_2025_L.log
        touch hybracter_out/processing/plassembler/EXE_23_2025_L/plassembler_plasmids.fasta
        touch hybracter_out/processing/plassembler/EXE_23_2025_L/plassembler_summary.tsv
        plassembler --version > hybracter_out/versions/EXE_23_2025_L/plassembler.version

        
Activating conda environment: ../../../../../miniconda3/envs/hybracter_env/lib/python3.11/site-packages/hybracter/workflow/conda/78019da34467f1ccbd2a1e2321558605_
Select jobs to execute...
[Fri Mar 27 00:06:28 2026]
Finished jobid: 423 (Rule: plassembler_long)
185 of 223 steps (83%) done
Execute 1 jobs...
[Fri Mar 27 00:06:28 2026]
localrule extract_chromosome_complete:
    input: hybracter_out/processing/assemblies/EXE_23_2025_L/assembly.fasta, hybracter_out/processing/assemblies/EXE_23_2025_L/assembly_info.txt, hybracter_out/completeness/EXE_23_2025_L.txt, hybracter_out/processing/chrom_size/EXE_23_2025_L_lrge_estimated_chromosome_size.txt
    output: hybracter_out/processing/pre_polish/EXE_23_2025_L_chromosome.fasta, hybracter_out/processing/pre_polish/EXE_23_2025_L_ignore_list.txt
    jobid: 422
    reason: Missing output files: hybracter_out/processing/pre_polish/EXE_23_2025_L_chromosome.fasta, hybracter_out/processing/pre_polish/EXE_23_2025_L_ignore_list.txt
    wildcards: sample=EXE_23_2025_L
    resources: tmpdir=/tmp, mem_mb=4000, mem_mib=3815, mem=4000MB, time=00:00:05
Shell command: None
Activating conda environment: ../../../../../miniconda3/envs/hybracter_env/lib/python3.11/site-packages/hybracter/workflow/conda/639f4bf04df38f7c8704ca26e9afdad8_
Select jobs to execute...
Activating conda environment: ../../../../../miniconda3/envs/hybracter_env/lib/python3.11/site-packages/hybracter/workflow/conda/639f4bf04df38f7c8704ca26e9afdad8_
[Fri Mar 27 00:06:30 2026]
Finished jobid: 422 (Rule: extract_chromosome_complete)
186 of 223 steps (83%) done
Execute 1 jobs...
[Fri Mar 27 00:06:30 2026]
localrule concatenate_chrom_plassembler:
    input: hybracter_out/processing/pre_polish/EXE_23_2025_L_chromosome.fasta, hybracter_out/processing/plassembler/EXE_23_2025_L/plassembler_plasmids.fasta
    output: hybracter_out/processing/pre_polish/EXE_23_2025_L_chromosome_plus_plasmids.fasta
    jobid: 421
    reason: Missing output files: hybracter_out/processing/pre_polish/EXE_23_2025_L_chromosome_plus_plasmids.fasta; Input files updated by another job: hybracter_out/processing/plassembler/EXE_23_2025_L/plassembler_plasmids.fasta, hybracter_out/processing/pre_polish/EXE_23_2025_L_chromosome.fasta
    wildcards: sample=EXE_23_2025_L
    resources: tmpdir=/tmp, mem_mb=4000, mem_mib=3815, mem=4000MB, time=00:00:05
Shell command: 
        cat hybracter_out/processing/pre_polish/EXE_23_2025_L_chromosome.fasta hybracter_out/processing/plassembler/EXE_23_2025_L/plassembler_plasmids.fasta > hybracter_out/processing/pre_polish/EXE_23_2025_L_chromosome_plus_plasmids.fasta
        
[Fri Mar 27 00:06:30 2026]
Finished jobid: 421 (Rule: concatenate_chrom_plassembler)
187 of 223 steps (84%) done
Select jobs to execute...
Execute 1 jobs...
[Fri Mar 27 00:06:30 2026]
localrule medaka_round_1:
    input: hybracter_out/processing/pre_polish/EXE_23_2025_L_chromosome_plus_plasmids.fasta, hybracter_out/processing/qc/EXE_23_2025_L_filt_trim.fastq.gz
    output: hybracter_out/processing/complete/medaka_rd_1/EXE_23_2025_L/consensus.fasta, hybracter_out/versions/EXE_23_2025_L/medaka_complete.version
    log: hybracter_out/stderr/medaka_round_1/EXE_23_2025_L.log
    jobid: 420
    benchmark: hybracter_out/benchmarks/medaka_round_1/EXE_23_2025_L.txt
    reason: Missing output files: hybracter_out/processing/complete/medaka_rd_1/EXE_23_2025_L/consensus.fasta; Input files updated by another job: hybracter_out/processing/pre_polish/EXE_23_2025_L_chromosome_plus_plasmids.fasta
    wildcards: sample=EXE_23_2025_L
    resources: tmpdir=/tmp, mem_mb=32000, mem_mib=30518, mem=32000MB, time=08:00:00
Shell command: 
        export CUDA_VISIBLE_DEVICES=""
        if [ "True" = "True" ]; then
           # from v 0.10.0, hybracter supports --bacteria
            medaka_consensus -i hybracter_out/processing/qc/EXE_23_2025_L_filt_trim.fastq.gz -d hybracter_out/processing/pre_polish/EXE_23_2025_L_chromosome_plus_plasmids.fasta -o hybracter_out/processing/complete/medaka_rd_1/EXE_23_2025_L --bacteria  -t 1 2> hybracter_out/stderr/medaka_round_1/EXE_23_2025_L.log
            medaka --version > hybracter_out/versions/EXE_23_2025_L/medaka_complete.version
            touch hybracter_out/processing/complete/medaka_rd_1/EXE_23_2025_L/calls_to_draft.bam
            rm hybracter_out/processing/complete/medaka_rd_1/EXE_23_2025_L/calls_to_draft.bam
            touch hybracter_out/processing/complete/medaka_rd_1/EXE_23_2025_L/consensus_probs.hdf
            rm hybracter_out/processing/complete/medaka_rd_1/EXE_23_2025_L/consensus_probs.hdf
        else
           
            medaka_consensus -i hybracter_out/processing/qc/EXE_23_2025_L_filt_trim.fastq.gz -d hybracter_out/processing/pre_polish/EXE_23_2025_L_chromosome_plus_plasmids.fasta -o hybracter_out/processing/complete/medaka_rd_1/EXE_23_2025_L -m r1041_e82_400bps_sup_v5.0.0 -t 1 2> hybracter_out/stderr/medaka_round_1/EXE_23_2025_L.log
            medaka --version > hybracter_out/versions/EXE_23_2025_L/medaka_complete.version
            touch hybracter_out/processing/complete/medaka_rd_1/EXE_23_2025_L/calls_to_draft.bam
            rm hybracter_out/processing/complete/medaka_rd_1/EXE_23_2025_L/calls_to_draft.bam
            touch hybracter_out/processing/complete/medaka_rd_1/EXE_23_2025_L/consensus_probs.hdf
            rm hybracter_out/processing/complete/medaka_rd_1/EXE_23_2025_L/consensus_probs.hdf
        fi
        
Activating conda environment: ../../../../../miniconda3/envs/hybracter_env/lib/python3.11/site-packages/hybracter/workflow/conda/7aafc1085ca44eee01942c03ca74ecad_
Select jobs to execute...
[Fri Mar 27 00:09:46 2026]
Finished jobid: 420 (Rule: medaka_round_1)
188 of 223 steps (84%) done
Execute 1 jobs...
[Fri Mar 27 00:09:46 2026]
localrule medaka_round_1_extract_intermediate_assembly:
    input: hybracter_out/processing/complete/medaka_rd_1/EXE_23_2025_L/consensus.fasta, hybracter_out/completeness/EXE_23_2025_L.txt, hybracter_out/processing/assemblies/EXE_23_2025_L/assembly_info.txt, hybracter_out/processing/chrom_size/EXE_23_2025_L_lrge_estimated_chromosome_size.txt
    output: hybracter_out/supplementary_results/intermediate_chromosome_assemblies/EXE_23_2025_L/EXE_23_2025_L_medaka_rd_1.fasta, hybracter_out/processing/complete/medaka_rd_1/EXE_23_2025_L_ignore_list.txt
    jobid: 419
    reason: Missing output files: hybracter_out/supplementary_results/intermediate_chromosome_assemblies/EXE_23_2025_L/EXE_23_2025_L_medaka_rd_1.fasta; Input files updated by another job: hybracter_out/processing/complete/medaka_rd_1/EXE_23_2025_L/consensus.fasta
    wildcards: sample=EXE_23_2025_L
    resources: tmpdir=/tmp, mem_mb=4000, mem_mib=3815, mem=4000MB, time=00:00:05
Shell command: None
Select jobs to execute...
Activating conda environment: ../../../../../miniconda3/envs/hybracter_env/lib/python3.11/site-packages/hybracter/workflow/conda/639f4bf04df38f7c8704ca26e9afdad8_
Activating conda environment: ../../../../../miniconda3/envs/hybracter_env/lib/python3.11/site-packages/hybracter/workflow/conda/639f4bf04df38f7c8704ca26e9afdad8_
[Fri Mar 27 00:09:48 2026]
Finished jobid: 419 (Rule: medaka_round_1_extract_intermediate_assembly)
189 of 223 steps (85%) done
Execute 1 jobs...
[Fri Mar 27 00:09:48 2026]
localrule dnaapler:
    input: hybracter_out/supplementary_results/intermediate_chromosome_assemblies/EXE_23_2025_L/EXE_23_2025_L_medaka_rd_1.fasta, hybracter_out/processing/pre_polish/EXE_23_2025_L_ignore_list.txt
    output: hybracter_out/processing/complete/dnaapler/EXE_23_2025_L/EXE_23_2025_L_reoriented.fasta, hybracter_out/versions/EXE_23_2025_L/dnaapler.version
    log: hybracter_out/stderr/dnaapler/EXE_23_2025_L.log
    jobid: 418
    benchmark: hybracter_out/benchmarks/dnaapler/EXE_23_2025_L.txt
    reason: Missing output files: hybracter_out/processing/complete/dnaapler/EXE_23_2025_L/EXE_23_2025_L_reoriented.fasta; Input files updated by another job: hybracter_out/supplementary_results/intermediate_chromosome_assemblies/EXE_23_2025_L/EXE_23_2025_L_medaka_rd_1.fasta, hybracter_out/processing/pre_polish/EXE_23_2025_L_ignore_list.txt
    wildcards: sample=EXE_23_2025_L
    resources: tmpdir=/tmp, mem_mb=16000, mem_mib=15259, mem=16000MB, time=08:00:00
Shell command: 
        dnaapler all -i hybracter_out/supplementary_results/intermediate_chromosome_assemblies/EXE_23_2025_L/EXE_23_2025_L_medaka_rd_1.fasta -o hybracter_out/processing/complete/dnaapler/EXE_23_2025_L --ignore hybracter_out/processing/pre_polish/EXE_23_2025_L_ignore_list.txt -p EXE_23_2025_L -t 1 -a nearest --db "dnaa,cog1474,repa" -f 2> hybracter_out/stderr/dnaapler/EXE_23_2025_L.log
        dnaapler --version > hybracter_out/versions/EXE_23_2025_L/dnaapler.version
        
Activating conda environment: ../../../../../miniconda3/envs/hybracter_env/lib/python3.11/site-packages/hybracter/workflow/conda/2e20c9685892c8c53c04f44043c92cbf_
Select jobs to execute...
[Fri Mar 27 00:11:08 2026]
Finished jobid: 418 (Rule: dnaapler)
190 of 223 steps (85%) done
Execute 1 jobs...
[Fri Mar 27 00:11:08 2026]
localrule concatenate_intermediate_dnaapler_with_plassembler:
    input: hybracter_out/processing/complete/dnaapler/EXE_23_2025_L/EXE_23_2025_L_reoriented.fasta, hybracter_out/processing/plassembler/EXE_23_2025_L/plassembler_plasmids.fasta
    output: hybracter_out/processing/complete/dnaapler/EXE_23_2025_L/EXE_23_2025_L_reoriented_chrom_and_plasmids.fasta
    jobid: 426
    reason: Missing output files: hybracter_out/processing/complete/dnaapler/EXE_23_2025_L/EXE_23_2025_L_reoriented_chrom_and_plasmids.fasta; Input files updated by another job: hybracter_out/processing/complete/dnaapler/EXE_23_2025_L/EXE_23_2025_L_reoriented.fasta, hybracter_out/processing/plassembler/EXE_23_2025_L/plassembler_plasmids.fasta
    wildcards: sample=EXE_23_2025_L
    resources: tmpdir=/tmp, mem_mb=4000, mem_mib=3815, mem=4000MB, time=00:00:05
Shell command: 
        cat hybracter_out/processing/complete/dnaapler/EXE_23_2025_L/EXE_23_2025_L_reoriented.fasta hybracter_out/processing/plassembler/EXE_23_2025_L/plassembler_plasmids.fasta > hybracter_out/processing/complete/dnaapler/EXE_23_2025_L/EXE_23_2025_L_reoriented_chrom_and_plasmids.fasta
        
Select jobs to execute...
[Fri Mar 27 00:11:08 2026]
Finished jobid: 426 (Rule: concatenate_intermediate_dnaapler_with_plassembler)
191 of 223 steps (86%) done
Execute 1 jobs...
[Fri Mar 27 00:11:08 2026]
localrule medaka_round_2:
    input: hybracter_out/processing/complete/dnaapler/EXE_23_2025_L/EXE_23_2025_L_reoriented_chrom_and_plasmids.fasta, hybracter_out/processing/qc/EXE_23_2025_L_filt_trim.fastq.gz
    output: hybracter_out/processing/complete/medaka_rd_2/EXE_23_2025_L/consensus.fasta
    log: hybracter_out/stderr/medaka_round_2/EXE_23_2025_L.log
    jobid: 425
    benchmark: hybracter_out/benchmarks/medaka_round_2/EXE_23_2025_L.txt
    reason: Missing output files: hybracter_out/processing/complete/medaka_rd_2/EXE_23_2025_L/consensus.fasta; Input files updated by another job: hybracter_out/processing/complete/dnaapler/EXE_23_2025_L/EXE_23_2025_L_reoriented_chrom_and_plasmids.fasta
    wildcards: sample=EXE_23_2025_L
    resources: tmpdir=/tmp, mem_mb=32000, mem_mib=30518, mem=32000MB, time=08:00:00
Shell command: 
        export CUDA_VISIBLE_DEVICES=""
        if [ "True" = "True" ]; then
           # from v 0.10.0, hybracter supports --bacteria
            medaka_consensus -i hybracter_out/processing/qc/EXE_23_2025_L_filt_trim.fastq.gz -d hybracter_out/processing/complete/dnaapler/EXE_23_2025_L/EXE_23_2025_L_reoriented_chrom_and_plasmids.fasta -o hybracter_out/processing/complete/medaka_rd_2/EXE_23_2025_L --bacteria  -t 1 2> hybracter_out/stderr/medaka_round_2/EXE_23_2025_L.log
            touch hybracter_out/processing/complete/medaka_rd_2/EXE_23_2025_L/calls_to_draft.bam
            rm hybracter_out/processing/complete/medaka_rd_2/EXE_23_2025_L/calls_to_draft.bam
            touch hybracter_out/processing/complete/medaka_rd_2/EXE_23_2025_L/consensus_probs.hdf
            rm hybracter_out/processing/complete/medaka_rd_2/EXE_23_2025_L/consensus_probs.hdf
        else
            medaka_consensus -i hybracter_out/processing/qc/EXE_23_2025_L_filt_trim.fastq.gz -d hybracter_out/processing/complete/dnaapler/EXE_23_2025_L/EXE_23_2025_L_reoriented_chrom_and_plasmids.fasta -o hybracter_out/processing/complete/medaka_rd_2/EXE_23_2025_L -m r1041_e82_400bps_sup_v5.0.0 -t 1 2> hybracter_out/stderr/medaka_round_2/EXE_23_2025_L.log
            touch hybracter_out/processing/complete/medaka_rd_2/EXE_23_2025_L/calls_to_draft.bam
            rm hybracter_out/processing/complete/medaka_rd_2/EXE_23_2025_L/calls_to_draft.bam
            touch hybracter_out/processing/complete/medaka_rd_2/EXE_23_2025_L/consensus_probs.hdf
            rm hybracter_out/processing/complete/medaka_rd_2/EXE_23_2025_L/consensus_probs.hdf
        fi
        
Activating conda environment: ../../../../../miniconda3/envs/hybracter_env/lib/python3.11/site-packages/hybracter/workflow/conda/7aafc1085ca44eee01942c03ca74ecad_
Select jobs to execute...
[Fri Mar 27 00:14:15 2026]
Finished jobid: 425 (Rule: medaka_round_2)
192 of 223 steps (86%) done
Execute 1 jobs...
[Fri Mar 27 00:14:15 2026]
localrule medaka_round_2_extract_intermediate_assembly:
    input: hybracter_out/processing/complete/medaka_rd_2/EXE_23_2025_L/consensus.fasta, hybracter_out/completeness/EXE_23_2025_L.txt, hybracter_out/processing/assemblies/EXE_23_2025_L/assembly_info.txt
    output: hybracter_out/supplementary_results/intermediate_chromosome_assemblies/EXE_23_2025_L/EXE_23_2025_L_medaka_rd_2.fasta, hybracter_out/processing/complete/medaka_rd_2/EXE_23_2025_L_ignore_list.txt
    jobid: 424
    reason: Missing output files: hybracter_out/supplementary_results/intermediate_chromosome_assemblies/EXE_23_2025_L/EXE_23_2025_L_medaka_rd_2.fasta; Input files updated by another job: hybracter_out/processing/complete/medaka_rd_2/EXE_23_2025_L/consensus.fasta
    wildcards: sample=EXE_23_2025_L
    resources: tmpdir=/tmp, mem_mb=4000, mem_mib=3815, mem=4000MB, time=00:00:05
Shell command: None
Select jobs to execute...
Activating conda environment: ../../../../../miniconda3/envs/hybracter_env/lib/python3.11/site-packages/hybracter/workflow/conda/639f4bf04df38f7c8704ca26e9afdad8_
Activating conda environment: ../../../../../miniconda3/envs/hybracter_env/lib/python3.11/site-packages/hybracter/workflow/conda/639f4bf04df38f7c8704ca26e9afdad8_
[Fri Mar 27 00:14:16 2026]
Finished jobid: 424 (Rule: medaka_round_2_extract_intermediate_assembly)
193 of 223 steps (87%) done
Execute 1 jobs...
[Fri Mar 27 00:14:16 2026]
localrule dnaapler_pre_chrom:
    input: hybracter_out/processing/pre_polish/EXE_23_2025_L_chromosome.fasta, hybracter_out/processing/pre_polish/EXE_23_2025_L_ignore_list.txt
    output: hybracter_out/processing/complete/dnaapler/EXE_23_2025_L_pre_chrom/EXE_23_2025_L_reoriented.fasta
    log: hybracter_out/stderr/dnaapler/EXE_23_2025_L_pre_chrom.log
    jobid: 428
    benchmark: hybracter_out/benchmarks/dnaapler/EXE_23_2025_L_pre_chrom.txt
    reason: Missing output files: hybracter_out/processing/complete/dnaapler/EXE_23_2025_L_pre_chrom/EXE_23_2025_L_reoriented.fasta; Input files updated by another job: hybracter_out/processing/pre_polish/EXE_23_2025_L_chromosome.fasta, hybracter_out/processing/pre_polish/EXE_23_2025_L_ignore_list.txt
    wildcards: sample=EXE_23_2025_L
    resources: tmpdir=/tmp, mem_mb=16000, mem_mib=15259, mem=16000MB, time=08:00:00
Shell command: 
        dnaapler all -i hybracter_out/processing/pre_polish/EXE_23_2025_L_chromosome.fasta -o hybracter_out/processing/complete/dnaapler/EXE_23_2025_L_pre_chrom --ignore hybracter_out/processing/pre_polish/EXE_23_2025_L_ignore_list.txt -p EXE_23_2025_L -t 1 -a nearest --db dnaa,cog1474,repa -f 2> hybracter_out/stderr/dnaapler/EXE_23_2025_L_pre_chrom.log
        
Activating conda environment: ../../../../../miniconda3/envs/hybracter_env/lib/python3.11/site-packages/hybracter/workflow/conda/2e20c9685892c8c53c04f44043c92cbf_
Select jobs to execute...
[Fri Mar 27 00:15:36 2026]
Finished jobid: 428 (Rule: dnaapler_pre_chrom)
194 of 223 steps (87%) done
Execute 1 jobs...
[Fri Mar 27 00:15:36 2026]
localrule compare_assemblies_medaka_round_1:
    input: hybracter_out/processing/complete/dnaapler/EXE_23_2025_L_pre_chrom/EXE_23_2025_L_reoriented.fasta, hybracter_out/processing/complete/dnaapler/EXE_23_2025_L/EXE_23_2025_L_reoriented.fasta
    output: hybracter_out/supplementary_results/comparisons/EXE_23_2025_L/medaka_round_1_vs_pre_polish.txt
    jobid: 427
    reason: Missing output files: hybracter_out/supplementary_results/comparisons/EXE_23_2025_L/medaka_round_1_vs_pre_polish.txt; Input files updated by another job: hybracter_out/processing/complete/dnaapler/EXE_23_2025_L/EXE_23_2025_L_reoriented.fasta, hybracter_out/processing/complete/dnaapler/EXE_23_2025_L_pre_chrom/EXE_23_2025_L_reoriented.fasta
    wildcards: sample=EXE_23_2025_L
    resources: tmpdir=/tmp, mem_mb=16000, mem_mib=15259, mem=16000MB, time=08:00:00
Shell command: None
Select jobs to execute...
Activating conda environment: ../../../../../miniconda3/envs/hybracter_env/lib/python3.11/site-packages/hybracter/workflow/conda/639f4bf04df38f7c8704ca26e9afdad8_
Activating conda environment: ../../../../../miniconda3/envs/hybracter_env/lib/python3.11/site-packages/hybracter/workflow/conda/639f4bf04df38f7c8704ca26e9afdad8_
[Fri Mar 27 00:15:40 2026]
Finished jobid: 427 (Rule: compare_assemblies_medaka_round_1)
195 of 223 steps (87%) done
Execute 1 jobs...
[Fri Mar 27 00:15:40 2026]
localrule compare_assemblies_medaka_round_2:
    input: hybracter_out/processing/complete/dnaapler/EXE_23_2025_L/EXE_23_2025_L_reoriented.fasta, hybracter_out/supplementary_results/intermediate_chromosome_assemblies/EXE_23_2025_L/EXE_23_2025_L_medaka_rd_2.fasta, hybracter_out/supplementary_results/comparisons/EXE_23_2025_L/medaka_round_1_vs_pre_polish.txt
    output: hybracter_out/supplementary_results/comparisons/EXE_23_2025_L/medaka_round_2_vs_medaka_round_1.txt
    jobid: 417
    reason: Missing output files: hybracter_out/supplementary_results/comparisons/EXE_23_2025_L/medaka_round_2_vs_medaka_round_1.txt; Input files updated by another job: hybracter_out/supplementary_results/intermediate_chromosome_assemblies/EXE_23_2025_L/EXE_23_2025_L_medaka_rd_2.fasta, hybracter_out/supplementary_results/comparisons/EXE_23_2025_L/medaka_round_1_vs_pre_polish.txt, hybracter_out/processing/complete/dnaapler/EXE_23_2025_L/EXE_23_2025_L_reoriented.fasta
    wildcards: sample=EXE_23_2025_L
    resources: tmpdir=/tmp, mem_mb=16000, mem_mib=15259, mem=16000MB, time=08:00:00
Shell command: None
Select jobs to execute...
Activating conda environment: ../../../../../miniconda3/envs/hybracter_env/lib/python3.11/site-packages/hybracter/workflow/conda/639f4bf04df38f7c8704ca26e9afdad8_
Activating conda environment: ../../../../../miniconda3/envs/hybracter_env/lib/python3.11/site-packages/hybracter/workflow/conda/639f4bf04df38f7c8704ca26e9afdad8_
[Fri Mar 27 00:15:44 2026]
Finished jobid: 417 (Rule: compare_assemblies_medaka_round_2)
196 of 223 steps (88%) done
Execute 1 jobs...
[Fri Mar 27 00:15:44 2026]
localrule aggregate_finalise_complete:
    input: hybracter_out/processing/complete/dnaapler/EXE_23_2025_L_pre_chrom/EXE_23_2025_L_reoriented.fasta, hybracter_out/processing/complete/dnaapler/EXE_23_2025_L/EXE_23_2025_L_reoriented.fasta, hybracter_out/supplementary_results/intermediate_chromosome_assemblies/EXE_23_2025_L/EXE_23_2025_L_medaka_rd_2.fasta, hybracter_out/processing/plassembler/EXE_23_2025_L/plassembler_plasmids.fasta, hybracter_out/supplementary_results/flye_individual_summaries/EXE_23_2025_L_assembly_info.txt, hybracter_out/supplementary_results/comparisons/EXE_23_2025_L/medaka_round_2_vs_medaka_round_1.txt, hybracter_out/processing/pre_polish/EXE_23_2025_L_ignore_list.txt
    output: hybracter_out/FINAL_OUTPUT/complete/EXE_23_2025_L_chromosome.fasta, hybracter_out/FINAL_OUTPUT/complete/EXE_23_2025_L_final.fasta, hybracter_out/supplementary_results/pyrodigal_mean_length_summaries/complete/EXE_23_2025_L_summary.tsv, hybracter_out/FINAL_OUTPUT/complete/EXE_23_2025_L_summary.tsv, hybracter_out/FINAL_OUTPUT/complete/EXE_23_2025_L_per_contig_stats.tsv, hybracter_out/FINAL_OUTPUT/complete/EXE_23_2025_L_plasmid.fasta
    jobid: 430
    reason: Missing output files: hybracter_out/FINAL_OUTPUT/complete/EXE_23_2025_L_final.fasta; Input files updated by another job: hybracter_out/supplementary_results/comparisons/EXE_23_2025_L/medaka_round_2_vs_medaka_round_1.txt, hybracter_out/processing/complete/dnaapler/EXE_23_2025_L/EXE_23_2025_L_reoriented.fasta, hybracter_out/processing/plassembler/EXE_23_2025_L/plassembler_plasmids.fasta, hybracter_out/supplementary_results/intermediate_chromosome_assemblies/EXE_23_2025_L/EXE_23_2025_L_medaka_rd_2.fasta, hybracter_out/processing/complete/dnaapler/EXE_23_2025_L_pre_chrom/EXE_23_2025_L_reoriented.fasta, hybracter_out/processing/pre_polish/EXE_23_2025_L_ignore_list.txt
    wildcards: sample=EXE_23_2025_L
    resources: tmpdir=/tmp, mem_mb=4000, mem_mib=3815, mem=4000MB, time=00:00:05
Shell command: None
Select jobs to execute...
Activating conda environment: ../../../../../miniconda3/envs/hybracter_env/lib/python3.11/site-packages/hybracter/workflow/conda/474e4e1622549f89bad4f85cb93aba39_
Activating conda environment: ../../../../../miniconda3/envs/hybracter_env/lib/python3.11/site-packages/hybracter/workflow/conda/474e4e1622549f89bad4f85cb93aba39_
[Fri Mar 27 00:15:56 2026]
Finished jobid: 430 (Rule: aggregate_finalise_complete)
197 of 223 steps (88%) done
Execute 1 jobs...
[Fri Mar 27 00:15:56 2026]
localrule aggregate_finalised_assemblies_rule:
    input: hybracter_out/FINAL_OUTPUT/complete/EXE_23_2025_L_final.fasta
    output: hybracter_out/flags/aggr_final/EXE_23_2025_L.txt
    jobid: 107
    reason: Missing output files: hybracter_out/flags/aggr_final/EXE_23_2025_L.txt; Input files updated by another job: hybracter_out/FINAL_OUTPUT/complete/EXE_23_2025_L_final.fasta
    wildcards: sample=EXE_23_2025_L
    resources: tmpdir=/tmp, mem_mb=4000, mem_mib=3815, mem=4000MB, time=00:00:05
Shell command: 
        touch hybracter_out/flags/aggr_final/EXE_23_2025_L.txt
        
Select jobs to execute...
[Fri Mar 27 00:15:56 2026]
Finished jobid: 107 (Rule: aggregate_finalised_assemblies_rule)
198 of 223 steps (89%) done
Execute 1 jobs...
[Fri Mar 27 00:15:56 2026]
localrule aggregate_plassembler_input_rule:
    input: hybracter_out/processing/plassembler/EXE_23_2025_L/plassembler_plasmids.fasta
    output: hybracter_out/flags/aggr_plassembler/EXE_23_2025_L.txt
    jobid: 84
    reason: Missing output files: hybracter_out/flags/aggr_plassembler/EXE_23_2025_L.txt; Input files updated by another job: hybracter_out/processing/plassembler/EXE_23_2025_L/plassembler_plasmids.fasta
    wildcards: sample=EXE_23_2025_L
    resources: tmpdir=/tmp, mem_mb=4000, mem_mib=3815, mem=4000MB, time=00:00:05
Shell command: 
        echo hybracter_out/processing/plassembler/EXE_23_2025_L/plassembler_plasmids.fasta
        touch hybracter_out/flags/aggr_plassembler/EXE_23_2025_L.txt
        
Select jobs to execute...
[Fri Mar 27 00:15:56 2026]
Finished jobid: 84 (Rule: aggregate_plassembler_input_rule)
199 of 223 steps (89%) done
Execute 1 jobs...
[Fri Mar 27 00:15:56 2026]
localrule add_sample_plassembler:
    input: hybracter_out/processing/plassembler/EXE_23_2025_L/plassembler_summary.tsv
    output: hybracter_out/supplementary_results/plassembler_individual_summaries/EXE_23_2025_L_with_sample.tsv
    jobid: 429
    reason: Missing output files: hybracter_out/supplementary_results/plassembler_individual_summaries/EXE_23_2025_L_with_sample.tsv; Input files updated by another job: hybracter_out/processing/plassembler/EXE_23_2025_L/plassembler_summary.tsv
    wildcards: sample=EXE_23_2025_L
    resources: tmpdir=/tmp, mem_mb=4000, mem_mib=3815, mem=4000MB, time=00:00:05
Shell command: None
Select jobs to execute...
Activating conda environment: ../../../../../miniconda3/envs/hybracter_env/lib/python3.11/site-packages/hybracter/workflow/conda/639f4bf04df38f7c8704ca26e9afdad8_
Activating conda environment: ../../../../../miniconda3/envs/hybracter_env/lib/python3.11/site-packages/hybracter/workflow/conda/639f4bf04df38f7c8704ca26e9afdad8_
[Fri Mar 27 00:15:57 2026]
Finished jobid: 429 (Rule: add_sample_plassembler)
200 of 223 steps (90%) done
Execute 1 jobs...
[Fri Mar 27 00:15:57 2026]
localrule aggregate_pyrodigal_plassembler_input_rule:
    input: hybracter_out/supplementary_results/plassembler_individual_summaries/EXE_23_2025_L_with_sample.tsv
    output: hybracter_out/flags/aggr_pyrodigal_plassembler/EXE_23_2025_L.txt
    jobid: 96
    reason: Missing output files: hybracter_out/flags/aggr_pyrodigal_plassembler/EXE_23_2025_L.txt; Input files updated by another job: hybracter_out/supplementary_results/plassembler_individual_summaries/EXE_23_2025_L_with_sample.tsv
    wildcards: sample=EXE_23_2025_L
    resources: tmpdir=/tmp, mem_mb=4000, mem_mib=3815, mem=4000MB, time=00:00:05
Shell command: 
        touch hybracter_out/flags/aggr_pyrodigal_plassembler/EXE_23_2025_L.txt
        
[Fri Mar 27 00:15:57 2026]
Finished jobid: 96 (Rule: aggregate_pyrodigal_plassembler_input_rule)
201 of 223 steps (90%) done
Select jobs to execute...
Execute 1 jobs...
[Fri Mar 27 00:15:57 2026]
localrule aggregate_long_read_polish_input_rule:
    input: hybracter_out/supplementary_results/comparisons/EXE_23_2025_L/medaka_round_2_vs_medaka_round_1.txt
    output: hybracter_out/flags/aggr_long_read_polish/EXE_23_2025_L.txt
    jobid: 70
    reason: Missing output files: hybracter_out/flags/aggr_long_read_polish/EXE_23_2025_L.txt; Input files updated by another job: hybracter_out/supplementary_results/comparisons/EXE_23_2025_L/medaka_round_2_vs_medaka_round_1.txt
    wildcards: sample=EXE_23_2025_L
    resources: tmpdir=/tmp, mem_mb=4000, mem_mib=3815, mem=4000MB, time=00:00:05
Shell command: 
        echo hybracter_out/supplementary_results/comparisons/EXE_23_2025_L/medaka_round_2_vs_medaka_round_1.txt
        touch hybracter_out/flags/aggr_long_read_polish/EXE_23_2025_L.txt
        
Select jobs to execute...
[Fri Mar 27 00:15:57 2026]
Finished jobid: 70 (Rule: aggregate_long_read_polish_input_rule)
202 of 223 steps (91%) done
Execute 1 jobs...
[Fri Mar 27 00:15:57 2026]
localrule estimate_lr_coverage:
    input: hybracter_out/processing/qc/seqkit/EXE_20_2025_B_long.txt, hybracter_out/processing/chrom_size/EXE_20_2025_B_lrge_estimated_chromosome_size.txt
    output: hybracter_out/processing/qc/coverage/EXE_20_2025_B_lr.txt
    jobid: 43
    reason: Missing output files: hybracter_out/processing/qc/coverage/EXE_20_2025_B_lr.txt; Input files updated by another job: hybracter_out/processing/qc/seqkit/EXE_20_2025_B_long.txt, hybracter_out/processing/chrom_size/EXE_20_2025_B_lrge_estimated_chromosome_size.txt
    wildcards: sample=EXE_20_2025_B
    resources: tmpdir=/tmp, mem_mb=4000, mem_mib=3815, mem=4000MB, time=00:00:05
Shell command: None
Select jobs to execute...
Activating conda environment: ../../../../../miniconda3/envs/hybracter_env/lib/python3.11/site-packages/hybracter/workflow/conda/639f4bf04df38f7c8704ca26e9afdad8_
Activating conda environment: ../../../../../miniconda3/envs/hybracter_env/lib/python3.11/site-packages/hybracter/workflow/conda/639f4bf04df38f7c8704ca26e9afdad8_
[Fri Mar 27 00:15:59 2026]
Finished jobid: 43 (Rule: estimate_lr_coverage)
203 of 223 steps (91%) done
Execute 1 jobs...
[Fri Mar 27 00:15:59 2026]
localrule assemble:
    input: hybracter_out/processing/qc/EXE_20_2025_B_filt_trim.fastq.gz, hybracter_out/processing/qc/coverage/EXE_20_2025_B_lr.txt
    output: hybracter_out/processing/assemblies/EXE_20_2025_B/assembly.fasta, hybracter_out/processing/assemblies/EXE_20_2025_B/assembly_info.txt, hybracter_out/versions/EXE_20_2025_B/flye.version, hybracter_out/supplementary_results/flye_individual_summaries/EXE_20_2025_B_assembly_info.txt
    log: hybracter_out/stderr/assemble/EXE_20_2025_B.log
    jobid: 54
    benchmark: hybracter_out/benchmarks/assemble/EXE_20_2025_B.txt
    reason: Missing output files: hybracter_out/versions/EXE_20_2025_B/flye.version, hybracter_out/processing/assemblies/EXE_20_2025_B/assembly.fasta, hybracter_out/processing/assemblies/EXE_20_2025_B/assembly_info.txt, hybracter_out/supplementary_results/flye_individual_summaries/EXE_20_2025_B_assembly_info.txt; Input files updated by another job: hybracter_out/processing/qc/coverage/EXE_20_2025_B_lr.txt, hybracter_out/processing/qc/EXE_20_2025_B_filt_trim.fastq.gz
    wildcards: sample=EXE_20_2025_B
    resources: tmpdir=/tmp, mem_mb=32000, mem_mib=30518, mem=32000MB, time=08:00:00
Shell command: 
        if [ "False" = "True" ]; then 
            flye --nano-hq hybracter_out/processing/qc/EXE_20_2025_B_filt_trim.fastq.gz -t 1  --out-dir hybracter_out/processing/assemblies/EXE_20_2025_B None 2> hybracter_out/stderr/assemble/EXE_20_2025_B.log
        else
            flye --nano-hq hybracter_out/processing/qc/EXE_20_2025_B_filt_trim.fastq.gz -t 1  --out-dir hybracter_out/processing/assemblies/EXE_20_2025_B  2> hybracter_out/stderr/assemble/EXE_20_2025_B.log
        fi
        flye --version > hybracter_out/versions/EXE_20_2025_B/flye.version   
        cp hybracter_out/processing/assemblies/EXE_20_2025_B/assembly_info.txt hybracter_out/supplementary_results/flye_individual_summaries/EXE_20_2025_B_assembly_info.txt
        
Activating conda environment: ../../../../../miniconda3/envs/hybracter_env/lib/python3.11/site-packages/hybracter/workflow/conda/867e79b85cea33b7804e36b625a69929_
Select jobs to execute...
[Fri Mar 27 00:30:44 2026]
Finished jobid: 54 (Rule: assemble)
204 of 223 steps (91%) done
Execute 1 jobs...
[Fri Mar 27 00:30:44 2026]
localrule aggr_assemble:
    input: hybracter_out/processing/assemblies/EXE_01_2025_M/assembly.fasta, hybracter_out/processing/assemblies/EXE_03_2025_A/assembly.fasta, hybracter_out/processing/assemblies/EXE_08_2024_A/assembly.fasta, hybracter_out/processing/assemblies/EXE_13_2025_A/assembly.fasta, hybracter_out/processing/assemblies/EXE_20_2025_B/assembly.fasta, hybracter_out/processing/assemblies/EXE_23_2025_L/assembly.fasta, hybracter_out/processing/assemblies/EXE_30_2025_R/assembly.fasta, hybracter_out/processing/assemblies/EXE_32_2024_G/assembly.fasta, hybracter_out/processing/assemblies/EXE_33_2024_E/assembly.fasta, hybracter_out/processing/assemblies/EXE_01_2025_M/assembly_info.txt, hybracter_out/processing/assemblies/EXE_03_2025_A/assembly_info.txt, hybracter_out/processing/assemblies/EXE_08_2024_A/assembly_info.txt, hybracter_out/processing/assemblies/EXE_13_2025_A/assembly_info.txt, hybracter_out/processing/assemblies/EXE_20_2025_B/assembly_info.txt, hybracter_out/processing/assemblies/EXE_23_2025_L/assembly_info.txt, hybracter_out/processing/assemblies/EXE_30_2025_R/assembly_info.txt, hybracter_out/processing/assemblies/EXE_32_2024_G/assembly_info.txt, hybracter_out/processing/assemblies/EXE_33_2024_E/assembly_info.txt, hybracter_out/supplementary_results/flye_individual_summaries/EXE_01_2025_M_assembly_info.txt, hybracter_out/supplementary_results/flye_individual_summaries/EXE_03_2025_A_assembly_info.txt, hybracter_out/supplementary_results/flye_individual_summaries/EXE_08_2024_A_assembly_info.txt, hybracter_out/supplementary_results/flye_individual_summaries/EXE_13_2025_A_assembly_info.txt, hybracter_out/supplementary_results/flye_individual_summaries/EXE_20_2025_B_assembly_info.txt, hybracter_out/supplementary_results/flye_individual_summaries/EXE_23_2025_L_assembly_info.txt, hybracter_out/supplementary_results/flye_individual_summaries/EXE_30_2025_R_assembly_info.txt, hybracter_out/supplementary_results/flye_individual_summaries/EXE_32_2024_G_assembly_info.txt, hybracter_out/supplementary_results/flye_individual_summaries/EXE_33_2024_E_assembly_info.txt, hybracter_out/versions/EXE_01_2025_M/flye.version, hybracter_out/versions/EXE_03_2025_A/flye.version, hybracter_out/versions/EXE_08_2024_A/flye.version, hybracter_out/versions/EXE_13_2025_A/flye.version, hybracter_out/versions/EXE_20_2025_B/flye.version, hybracter_out/versions/EXE_23_2025_L/flye.version, hybracter_out/versions/EXE_30_2025_R/flye.version, hybracter_out/versions/EXE_32_2024_G/flye.version, hybracter_out/versions/EXE_33_2024_E/flye.version
    output: hybracter_out/flags/aggr_assemble.flag
    jobid: 49
    reason: Missing output files: hybracter_out/flags/aggr_assemble.flag; Input files updated by another job: hybracter_out/versions/EXE_30_2025_R/flye.version, hybracter_out/versions/EXE_23_2025_L/flye.version, hybracter_out/processing/assemblies/EXE_01_2025_M/assembly.fasta, hybracter_out/processing/assemblies/EXE_20_2025_B/assembly_info.txt, hybracter_out/supplementary_results/flye_individual_summaries/EXE_08_2024_A_assembly_info.txt, hybracter_out/versions/EXE_33_2024_E/flye.version, hybracter_out/supplementary_results/flye_individual_summaries/EXE_33_2024_E_assembly_info.txt, hybracter_out/versions/EXE_20_2025_B/flye.version, hybracter_out/processing/assemblies/EXE_30_2025_R/assembly_info.txt, hybracter_out/processing/assemblies/EXE_33_2024_E/assembly_info.txt, hybracter_out/supplementary_results/flye_individual_summaries/EXE_13_2025_A_assembly_info.txt, hybracter_out/supplementary_results/flye_individual_summaries/EXE_23_2025_L_assembly_info.txt, hybracter_out/versions/EXE_01_2025_M/flye.version, hybracter_out/processing/assemblies/EXE_33_2024_E/assembly.fasta, hybracter_out/versions/EXE_08_2024_A/flye.version, hybracter_out/processing/assemblies/EXE_32_2024_G/assembly.fasta, hybracter_out/processing/assemblies/EXE_13_2025_A/assembly_info.txt, hybracter_out/versions/EXE_03_2025_A/flye.version, hybracter_out/processing/assemblies/EXE_03_2025_A/assembly.fasta, hybracter_out/processing/assemblies/EXE_13_2025_A/assembly.fasta, hybracter_out/processing/assemblies/EXE_20_2025_B/assembly.fasta, hybracter_out/processing/assemblies/EXE_08_2024_A/assembly_info.txt, hybracter_out/processing/assemblies/EXE_23_2025_L/assembly_info.txt, hybracter_out/processing/assemblies/EXE_32_2024_G/assembly_info.txt, hybracter_out/supplementary_results/flye_individual_summaries/EXE_03_2025_A_assembly_info.txt, hybracter_out/processing/assemblies/EXE_08_2024_A/assembly.fasta, hybracter_out/processing/assemblies/EXE_03_2025_A/assembly_info.txt, hybracter_out/processing/assemblies/EXE_30_2025_R/assembly.fasta, hybracter_out/supplementary_results/flye_individual_summaries/EXE_20_2025_B_assembly_info.txt, hybracter_out/supplementary_results/flye_individual_summaries/EXE_01_2025_M_assembly_info.txt, hybracter_out/versions/EXE_13_2025_A/flye.version, hybracter_out/supplementary_results/flye_individual_summaries/EXE_32_2024_G_assembly_info.txt, hybracter_out/supplementary_results/flye_individual_summaries/EXE_30_2025_R_assembly_info.txt, hybracter_out/processing/assemblies/EXE_01_2025_M/assembly_info.txt, hybracter_out/versions/EXE_32_2024_G/flye.version, hybracter_out/processing/assemblies/EXE_23_2025_L/assembly.fasta
    resources: tmpdir=/tmp, mem_mb=4000, mem_mib=3815, mem=4000MB, time=00:00:05
Shell command: 
        touch hybracter_out/flags/aggr_assemble.flag
        
[Fri Mar 27 00:30:44 2026]
Finished jobid: 49 (Rule: aggr_assemble)
205 of 223 steps (92%) done
Select jobs to execute...
Execute 1 jobs...
[Fri Mar 27 00:30:44 2026]
localcheckpoint check_completeness:
    input: hybracter_out/processing/assemblies/EXE_20_2025_B/assembly.fasta, hybracter_out/processing/assemblies/EXE_20_2025_B/assembly_info.txt, hybracter_out/processing/chrom_size/EXE_20_2025_B_lrge_estimated_chromosome_size.txt
    output: hybracter_out/completeness/EXE_20_2025_B.txt
    jobid: 69
    reason: Missing output files: <TBD>; Input files updated by another job: hybracter_out/processing/assemblies/EXE_20_2025_B/assembly_info.txt, hybracter_out/processing/assemblies/EXE_20_2025_B/assembly.fasta, hybracter_out/processing/chrom_size/EXE_20_2025_B_lrge_estimated_chromosome_size.txt
    wildcards: sample=EXE_20_2025_B
    resources: tmpdir=/tmp, mem_mb=4000, mem_mib=3815, mem=4000MB, time=00:00:05
Shell command: None
DAG of jobs will be updated after completion.
Select jobs to execute...
Activating conda environment: ../../../../../miniconda3/envs/hybracter_env/lib/python3.11/site-packages/hybracter/workflow/conda/639f4bf04df38f7c8704ca26e9afdad8_
Activating conda environment: ../../../../../miniconda3/envs/hybracter_env/lib/python3.11/site-packages/hybracter/workflow/conda/639f4bf04df38f7c8704ca26e9afdad8_
[Fri Mar 27 00:30:45 2026]
Finished jobid: 69 (Rule: check_completeness)
206 of 223 steps (92%) done
Updating checkpoint dependencies.
Removing temporary output hybracter_out/processing/qc/EXE_03_2025_A_filt.fastq.gz.
Removing temporary output hybracter_out/processing/qc/EXE_13_2025_A_filt.fastq.gz.
Removing temporary output hybracter_out/processing/qc/EXE_08_2024_A_filt.fastq.gz.
Removing temporary output hybracter_out/processing/qc/EXE_33_2024_E_filt.fastq.gz.
Removing temporary output hybracter_out/processing/qc/EXE_08_2024_A_filt.fastq.gz.
Removing temporary output hybracter_out/processing/qc/EXE_03_2025_A_filt.fastq.gz.
Removing temporary output hybracter_out/processing/qc/EXE_13_2025_A_filt.fastq.gz.
Removing temporary output hybracter_out/processing/qc/EXE_33_2024_E_filt.fastq.gz.
Removing temporary output hybracter_out/processing/qc/EXE_20_2025_B_filt.fastq.gz.
Removing temporary output hybracter_out/processing/qc/EXE_01_2025_M_filt.fastq.gz.
Removing temporary output hybracter_out/processing/qc/EXE_32_2024_G_filt.fastq.gz.
Removing temporary output hybracter_out/processing/qc/EXE_01_2025_M_filt.fastq.gz.
Removing temporary output hybracter_out/processing/qc/EXE_20_2025_B_filt.fastq.gz.
Removing temporary output hybracter_out/processing/qc/EXE_23_2025_L_filt.fastq.gz.
Removing temporary output hybracter_out/processing/qc/EXE_23_2025_L_filt.fastq.gz.
Removing temporary output hybracter_out/processing/qc/EXE_32_2024_G_filt.fastq.gz.
Removing temporary output hybracter_out/processing/qc/EXE_30_2025_R_filt.fastq.gz.
Removing temporary output hybracter_out/processing/qc/EXE_30_2025_R_filt.fastq.gz.
Execute 1 jobs...
[Fri Mar 27 00:30:46 2026]
localrule plassembler_long:
    input: hybracter_out/processing/chrom_size/EXE_20_2025_B_lrge_estimated_chromosome_size.txt, hybracter_out/processing/qc/EXE_20_2025_B_filt_trim.fastq.gz
    output: hybracter_out/processing/plassembler/EXE_20_2025_B/plassembler_plasmids.fasta, hybracter_out/processing/plassembler/EXE_20_2025_B/plassembler_summary.tsv, hybracter_out/versions/EXE_20_2025_B/plassembler.version
    log: hybracter_out/stderr/plassembler_long/EXE_20_2025_B.log
    jobid: 445
    benchmark: hybracter_out/benchmarks/plassembler_long/EXE_20_2025_B.txt
    reason: Missing output files: hybracter_out/processing/plassembler/EXE_20_2025_B/plassembler_plasmids.fasta, hybracter_out/processing/plassembler/EXE_20_2025_B/plassembler_summary.tsv
    wildcards: sample=EXE_20_2025_B
    resources: tmpdir=/tmp, mem_mb=32000, mem_mib=30518, mem=32000MB, time=08:00:00
Shell command: 
        plassembler long -l hybracter_out/processing/qc/EXE_20_2025_B_filt_trim.fastq.gz -o hybracter_out/processing/plassembler/EXE_20_2025_B -d /data/djs217/miniconda3/envs/hybracter_env/lib/python3.11/site-packages/hybracter/workflow/../databases -t 1 -c 2800000 --skip_qc --flye_directory hybracter_out/processing/assemblies/EXE_20_2025_B --depth_filter 0.25 -f 2> hybracter_out/stderr/plassembler_long/EXE_20_2025_B.log
        touch hybracter_out/processing/plassembler/EXE_20_2025_B/plassembler_plasmids.fasta
        touch hybracter_out/processing/plassembler/EXE_20_2025_B/plassembler_summary.tsv
        plassembler --version > hybracter_out/versions/EXE_20_2025_B/plassembler.version

        
Activating conda environment: ../../../../../miniconda3/envs/hybracter_env/lib/python3.11/site-packages/hybracter/workflow/conda/78019da34467f1ccbd2a1e2321558605_
Select jobs to execute...
[Fri Mar 27 01:53:46 2026]
Finished jobid: 445 (Rule: plassembler_long)
207 of 237 steps (87%) done
Execute 1 jobs...
[Fri Mar 27 01:53:46 2026]
localrule extract_chromosome_complete:
    input: hybracter_out/processing/assemblies/EXE_20_2025_B/assembly.fasta, hybracter_out/processing/assemblies/EXE_20_2025_B/assembly_info.txt, hybracter_out/completeness/EXE_20_2025_B.txt, hybracter_out/processing/chrom_size/EXE_20_2025_B_lrge_estimated_chromosome_size.txt
    output: hybracter_out/processing/pre_polish/EXE_20_2025_B_chromosome.fasta, hybracter_out/processing/pre_polish/EXE_20_2025_B_ignore_list.txt
    jobid: 444
    reason: Missing output files: hybracter_out/processing/pre_polish/EXE_20_2025_B_chromosome.fasta, hybracter_out/processing/pre_polish/EXE_20_2025_B_ignore_list.txt
    wildcards: sample=EXE_20_2025_B
    resources: tmpdir=/tmp, mem_mb=4000, mem_mib=3815, mem=4000MB, time=00:00:05
Shell command: None
Activating conda environment: ../../../../../miniconda3/envs/hybracter_env/lib/python3.11/site-packages/hybracter/workflow/conda/639f4bf04df38f7c8704ca26e9afdad8_
Select jobs to execute...
Activating conda environment: ../../../../../miniconda3/envs/hybracter_env/lib/python3.11/site-packages/hybracter/workflow/conda/639f4bf04df38f7c8704ca26e9afdad8_
[Fri Mar 27 01:53:48 2026]
Finished jobid: 444 (Rule: extract_chromosome_complete)
208 of 237 steps (88%) done
Execute 1 jobs...
[Fri Mar 27 01:53:48 2026]
localrule concatenate_chrom_plassembler:
    input: hybracter_out/processing/pre_polish/EXE_20_2025_B_chromosome.fasta, hybracter_out/processing/plassembler/EXE_20_2025_B/plassembler_plasmids.fasta
    output: hybracter_out/processing/pre_polish/EXE_20_2025_B_chromosome_plus_plasmids.fasta
    jobid: 443
    reason: Missing output files: hybracter_out/processing/pre_polish/EXE_20_2025_B_chromosome_plus_plasmids.fasta; Input files updated by another job: hybracter_out/processing/plassembler/EXE_20_2025_B/plassembler_plasmids.fasta, hybracter_out/processing/pre_polish/EXE_20_2025_B_chromosome.fasta
    wildcards: sample=EXE_20_2025_B
    resources: tmpdir=/tmp, mem_mb=4000, mem_mib=3815, mem=4000MB, time=00:00:05
Shell command: 
        cat hybracter_out/processing/pre_polish/EXE_20_2025_B_chromosome.fasta hybracter_out/processing/plassembler/EXE_20_2025_B/plassembler_plasmids.fasta > hybracter_out/processing/pre_polish/EXE_20_2025_B_chromosome_plus_plasmids.fasta
        
Select jobs to execute...
[Fri Mar 27 01:53:48 2026]
Finished jobid: 443 (Rule: concatenate_chrom_plassembler)
209 of 237 steps (88%) done
Execute 1 jobs...
[Fri Mar 27 01:53:48 2026]
localrule medaka_round_1:
    input: hybracter_out/processing/pre_polish/EXE_20_2025_B_chromosome_plus_plasmids.fasta, hybracter_out/processing/qc/EXE_20_2025_B_filt_trim.fastq.gz
    output: hybracter_out/processing/complete/medaka_rd_1/EXE_20_2025_B/consensus.fasta, hybracter_out/versions/EXE_20_2025_B/medaka_complete.version
    log: hybracter_out/stderr/medaka_round_1/EXE_20_2025_B.log
    jobid: 442
    benchmark: hybracter_out/benchmarks/medaka_round_1/EXE_20_2025_B.txt
    reason: Missing output files: hybracter_out/processing/complete/medaka_rd_1/EXE_20_2025_B/consensus.fasta; Input files updated by another job: hybracter_out/processing/pre_polish/EXE_20_2025_B_chromosome_plus_plasmids.fasta
    wildcards: sample=EXE_20_2025_B
    resources: tmpdir=/tmp, mem_mb=32000, mem_mib=30518, mem=32000MB, time=08:00:00
Shell command: 
        export CUDA_VISIBLE_DEVICES=""
        if [ "True" = "True" ]; then
           # from v 0.10.0, hybracter supports --bacteria
            medaka_consensus -i hybracter_out/processing/qc/EXE_20_2025_B_filt_trim.fastq.gz -d hybracter_out/processing/pre_polish/EXE_20_2025_B_chromosome_plus_plasmids.fasta -o hybracter_out/processing/complete/medaka_rd_1/EXE_20_2025_B --bacteria  -t 1 2> hybracter_out/stderr/medaka_round_1/EXE_20_2025_B.log
            medaka --version > hybracter_out/versions/EXE_20_2025_B/medaka_complete.version
            touch hybracter_out/processing/complete/medaka_rd_1/EXE_20_2025_B/calls_to_draft.bam
            rm hybracter_out/processing/complete/medaka_rd_1/EXE_20_2025_B/calls_to_draft.bam
            touch hybracter_out/processing/complete/medaka_rd_1/EXE_20_2025_B/consensus_probs.hdf
            rm hybracter_out/processing/complete/medaka_rd_1/EXE_20_2025_B/consensus_probs.hdf
        else
           
            medaka_consensus -i hybracter_out/processing/qc/EXE_20_2025_B_filt_trim.fastq.gz -d hybracter_out/processing/pre_polish/EXE_20_2025_B_chromosome_plus_plasmids.fasta -o hybracter_out/processing/complete/medaka_rd_1/EXE_20_2025_B -m r1041_e82_400bps_sup_v5.0.0 -t 1 2> hybracter_out/stderr/medaka_round_1/EXE_20_2025_B.log
            medaka --version > hybracter_out/versions/EXE_20_2025_B/medaka_complete.version
            touch hybracter_out/processing/complete/medaka_rd_1/EXE_20_2025_B/calls_to_draft.bam
            rm hybracter_out/processing/complete/medaka_rd_1/EXE_20_2025_B/calls_to_draft.bam
            touch hybracter_out/processing/complete/medaka_rd_1/EXE_20_2025_B/consensus_probs.hdf
            rm hybracter_out/processing/complete/medaka_rd_1/EXE_20_2025_B/consensus_probs.hdf
        fi
        
Activating conda environment: ../../../../../miniconda3/envs/hybracter_env/lib/python3.11/site-packages/hybracter/workflow/conda/7aafc1085ca44eee01942c03ca74ecad_
Select jobs to execute...
[Fri Mar 27 01:57:17 2026]
Finished jobid: 442 (Rule: medaka_round_1)
210 of 237 steps (89%) done
Execute 1 jobs...
[Fri Mar 27 01:57:17 2026]
localrule medaka_round_1_extract_intermediate_assembly:
    input: hybracter_out/processing/complete/medaka_rd_1/EXE_20_2025_B/consensus.fasta, hybracter_out/completeness/EXE_20_2025_B.txt, hybracter_out/processing/assemblies/EXE_20_2025_B/assembly_info.txt, hybracter_out/processing/chrom_size/EXE_20_2025_B_lrge_estimated_chromosome_size.txt
    output: hybracter_out/supplementary_results/intermediate_chromosome_assemblies/EXE_20_2025_B/EXE_20_2025_B_medaka_rd_1.fasta, hybracter_out/processing/complete/medaka_rd_1/EXE_20_2025_B_ignore_list.txt
    jobid: 441
    reason: Missing output files: hybracter_out/supplementary_results/intermediate_chromosome_assemblies/EXE_20_2025_B/EXE_20_2025_B_medaka_rd_1.fasta; Input files updated by another job: hybracter_out/processing/complete/medaka_rd_1/EXE_20_2025_B/consensus.fasta
    wildcards: sample=EXE_20_2025_B
    resources: tmpdir=/tmp, mem_mb=4000, mem_mib=3815, mem=4000MB, time=00:00:05
Shell command: None
Activating conda environment: ../../../../../miniconda3/envs/hybracter_env/lib/python3.11/site-packages/hybracter/workflow/conda/639f4bf04df38f7c8704ca26e9afdad8_
Select jobs to execute...
Activating conda environment: ../../../../../miniconda3/envs/hybracter_env/lib/python3.11/site-packages/hybracter/workflow/conda/639f4bf04df38f7c8704ca26e9afdad8_
[Fri Mar 27 01:57:18 2026]
Finished jobid: 441 (Rule: medaka_round_1_extract_intermediate_assembly)
211 of 237 steps (89%) done
Execute 1 jobs...
[Fri Mar 27 01:57:18 2026]
localrule dnaapler_pre_chrom:
    input: hybracter_out/processing/pre_polish/EXE_20_2025_B_chromosome.fasta, hybracter_out/processing/pre_polish/EXE_20_2025_B_ignore_list.txt
    output: hybracter_out/processing/complete/dnaapler/EXE_20_2025_B_pre_chrom/EXE_20_2025_B_reoriented.fasta
    log: hybracter_out/stderr/dnaapler/EXE_20_2025_B_pre_chrom.log
    jobid: 450
    benchmark: hybracter_out/benchmarks/dnaapler/EXE_20_2025_B_pre_chrom.txt
    reason: Missing output files: hybracter_out/processing/complete/dnaapler/EXE_20_2025_B_pre_chrom/EXE_20_2025_B_reoriented.fasta; Input files updated by another job: hybracter_out/processing/pre_polish/EXE_20_2025_B_chromosome.fasta, hybracter_out/processing/pre_polish/EXE_20_2025_B_ignore_list.txt
    wildcards: sample=EXE_20_2025_B
    resources: tmpdir=/tmp, mem_mb=16000, mem_mib=15259, mem=16000MB, time=08:00:00
Shell command: 
        dnaapler all -i hybracter_out/processing/pre_polish/EXE_20_2025_B_chromosome.fasta -o hybracter_out/processing/complete/dnaapler/EXE_20_2025_B_pre_chrom --ignore hybracter_out/processing/pre_polish/EXE_20_2025_B_ignore_list.txt -p EXE_20_2025_B -t 1 -a nearest --db dnaa,cog1474,repa -f 2> hybracter_out/stderr/dnaapler/EXE_20_2025_B_pre_chrom.log
        
Activating conda environment: ../../../../../miniconda3/envs/hybracter_env/lib/python3.11/site-packages/hybracter/workflow/conda/2e20c9685892c8c53c04f44043c92cbf_
Select jobs to execute...
[Fri Mar 27 01:58:43 2026]
Finished jobid: 450 (Rule: dnaapler_pre_chrom)
212 of 237 steps (89%) done
Execute 1 jobs...
[Fri Mar 27 01:58:43 2026]
localrule dnaapler:
    input: hybracter_out/supplementary_results/intermediate_chromosome_assemblies/EXE_20_2025_B/EXE_20_2025_B_medaka_rd_1.fasta, hybracter_out/processing/pre_polish/EXE_20_2025_B_ignore_list.txt
    output: hybracter_out/processing/complete/dnaapler/EXE_20_2025_B/EXE_20_2025_B_reoriented.fasta, hybracter_out/versions/EXE_20_2025_B/dnaapler.version
    log: hybracter_out/stderr/dnaapler/EXE_20_2025_B.log
    jobid: 440
    benchmark: hybracter_out/benchmarks/dnaapler/EXE_20_2025_B.txt
    reason: Missing output files: hybracter_out/processing/complete/dnaapler/EXE_20_2025_B/EXE_20_2025_B_reoriented.fasta; Input files updated by another job: hybracter_out/processing/pre_polish/EXE_20_2025_B_ignore_list.txt, hybracter_out/supplementary_results/intermediate_chromosome_assemblies/EXE_20_2025_B/EXE_20_2025_B_medaka_rd_1.fasta
    wildcards: sample=EXE_20_2025_B
    resources: tmpdir=/tmp, mem_mb=16000, mem_mib=15259, mem=16000MB, time=08:00:00
Shell command: 
        dnaapler all -i hybracter_out/supplementary_results/intermediate_chromosome_assemblies/EXE_20_2025_B/EXE_20_2025_B_medaka_rd_1.fasta -o hybracter_out/processing/complete/dnaapler/EXE_20_2025_B --ignore hybracter_out/processing/pre_polish/EXE_20_2025_B_ignore_list.txt -p EXE_20_2025_B -t 1 -a nearest --db "dnaa,cog1474,repa" -f 2> hybracter_out/stderr/dnaapler/EXE_20_2025_B.log
        dnaapler --version > hybracter_out/versions/EXE_20_2025_B/dnaapler.version
        
Activating conda environment: ../../../../../miniconda3/envs/hybracter_env/lib/python3.11/site-packages/hybracter/workflow/conda/2e20c9685892c8c53c04f44043c92cbf_
Select jobs to execute...
[Fri Mar 27 02:00:04 2026]
Finished jobid: 440 (Rule: dnaapler)
213 of 237 steps (90%) done
Execute 1 jobs...
[Fri Mar 27 02:00:04 2026]
localrule compare_assemblies_medaka_round_1:
    input: hybracter_out/processing/complete/dnaapler/EXE_20_2025_B_pre_chrom/EXE_20_2025_B_reoriented.fasta, hybracter_out/processing/complete/dnaapler/EXE_20_2025_B/EXE_20_2025_B_reoriented.fasta
    output: hybracter_out/supplementary_results/comparisons/EXE_20_2025_B/medaka_round_1_vs_pre_polish.txt
    jobid: 449
    reason: Missing output files: hybracter_out/supplementary_results/comparisons/EXE_20_2025_B/medaka_round_1_vs_pre_polish.txt; Input files updated by another job: hybracter_out/processing/complete/dnaapler/EXE_20_2025_B_pre_chrom/EXE_20_2025_B_reoriented.fasta, hybracter_out/processing/complete/dnaapler/EXE_20_2025_B/EXE_20_2025_B_reoriented.fasta
    wildcards: sample=EXE_20_2025_B
    resources: tmpdir=/tmp, mem_mb=16000, mem_mib=15259, mem=16000MB, time=08:00:00
Shell command: None
Activating conda environment: ../../../../../miniconda3/envs/hybracter_env/lib/python3.11/site-packages/hybracter/workflow/conda/639f4bf04df38f7c8704ca26e9afdad8_
Select jobs to execute...
Activating conda environment: ../../../../../miniconda3/envs/hybracter_env/lib/python3.11/site-packages/hybracter/workflow/conda/639f4bf04df38f7c8704ca26e9afdad8_
[Fri Mar 27 02:00:09 2026]
Finished jobid: 449 (Rule: compare_assemblies_medaka_round_1)
214 of 237 steps (90%) done
Execute 1 jobs...
[Fri Mar 27 02:00:09 2026]
localrule concatenate_intermediate_dnaapler_with_plassembler:
    input: hybracter_out/processing/complete/dnaapler/EXE_20_2025_B/EXE_20_2025_B_reoriented.fasta, hybracter_out/processing/plassembler/EXE_20_2025_B/plassembler_plasmids.fasta
    output: hybracter_out/processing/complete/dnaapler/EXE_20_2025_B/EXE_20_2025_B_reoriented_chrom_and_plasmids.fasta
    jobid: 448
    reason: Missing output files: hybracter_out/processing/complete/dnaapler/EXE_20_2025_B/EXE_20_2025_B_reoriented_chrom_and_plasmids.fasta; Input files updated by another job: hybracter_out/processing/plassembler/EXE_20_2025_B/plassembler_plasmids.fasta, hybracter_out/processing/complete/dnaapler/EXE_20_2025_B/EXE_20_2025_B_reoriented.fasta
    wildcards: sample=EXE_20_2025_B
    resources: tmpdir=/tmp, mem_mb=4000, mem_mib=3815, mem=4000MB, time=00:00:05
Shell command: 
        cat hybracter_out/processing/complete/dnaapler/EXE_20_2025_B/EXE_20_2025_B_reoriented.fasta hybracter_out/processing/plassembler/EXE_20_2025_B/plassembler_plasmids.fasta > hybracter_out/processing/complete/dnaapler/EXE_20_2025_B/EXE_20_2025_B_reoriented_chrom_and_plasmids.fasta
        
Select jobs to execute...
[Fri Mar 27 02:00:09 2026]
Finished jobid: 448 (Rule: concatenate_intermediate_dnaapler_with_plassembler)
215 of 237 steps (91%) done
Execute 1 jobs...
[Fri Mar 27 02:00:09 2026]
localrule medaka_round_2:
    input: hybracter_out/processing/complete/dnaapler/EXE_20_2025_B/EXE_20_2025_B_reoriented_chrom_and_plasmids.fasta, hybracter_out/processing/qc/EXE_20_2025_B_filt_trim.fastq.gz
    output: hybracter_out/processing/complete/medaka_rd_2/EXE_20_2025_B/consensus.fasta
    log: hybracter_out/stderr/medaka_round_2/EXE_20_2025_B.log
    jobid: 447
    benchmark: hybracter_out/benchmarks/medaka_round_2/EXE_20_2025_B.txt
    reason: Missing output files: hybracter_out/processing/complete/medaka_rd_2/EXE_20_2025_B/consensus.fasta; Input files updated by another job: hybracter_out/processing/complete/dnaapler/EXE_20_2025_B/EXE_20_2025_B_reoriented_chrom_and_plasmids.fasta
    wildcards: sample=EXE_20_2025_B
    resources: tmpdir=/tmp, mem_mb=32000, mem_mib=30518, mem=32000MB, time=08:00:00
Shell command: 
        export CUDA_VISIBLE_DEVICES=""
        if [ "True" = "True" ]; then
           # from v 0.10.0, hybracter supports --bacteria
            medaka_consensus -i hybracter_out/processing/qc/EXE_20_2025_B_filt_trim.fastq.gz -d hybracter_out/processing/complete/dnaapler/EXE_20_2025_B/EXE_20_2025_B_reoriented_chrom_and_plasmids.fasta -o hybracter_out/processing/complete/medaka_rd_2/EXE_20_2025_B --bacteria  -t 1 2> hybracter_out/stderr/medaka_round_2/EXE_20_2025_B.log
            touch hybracter_out/processing/complete/medaka_rd_2/EXE_20_2025_B/calls_to_draft.bam
            rm hybracter_out/processing/complete/medaka_rd_2/EXE_20_2025_B/calls_to_draft.bam
            touch hybracter_out/processing/complete/medaka_rd_2/EXE_20_2025_B/consensus_probs.hdf
            rm hybracter_out/processing/complete/medaka_rd_2/EXE_20_2025_B/consensus_probs.hdf
        else
            medaka_consensus -i hybracter_out/processing/qc/EXE_20_2025_B_filt_trim.fastq.gz -d hybracter_out/processing/complete/dnaapler/EXE_20_2025_B/EXE_20_2025_B_reoriented_chrom_and_plasmids.fasta -o hybracter_out/processing/complete/medaka_rd_2/EXE_20_2025_B -m r1041_e82_400bps_sup_v5.0.0 -t 1 2> hybracter_out/stderr/medaka_round_2/EXE_20_2025_B.log
            touch hybracter_out/processing/complete/medaka_rd_2/EXE_20_2025_B/calls_to_draft.bam
            rm hybracter_out/processing/complete/medaka_rd_2/EXE_20_2025_B/calls_to_draft.bam
            touch hybracter_out/processing/complete/medaka_rd_2/EXE_20_2025_B/consensus_probs.hdf
            rm hybracter_out/processing/complete/medaka_rd_2/EXE_20_2025_B/consensus_probs.hdf
        fi
        
Activating conda environment: ../../../../../miniconda3/envs/hybracter_env/lib/python3.11/site-packages/hybracter/workflow/conda/7aafc1085ca44eee01942c03ca74ecad_
Select jobs to execute...
[Fri Mar 27 02:03:31 2026]
Finished jobid: 447 (Rule: medaka_round_2)
216 of 237 steps (91%) done
Execute 1 jobs...
[Fri Mar 27 02:03:31 2026]
localrule medaka_round_2_extract_intermediate_assembly:
    input: hybracter_out/processing/complete/medaka_rd_2/EXE_20_2025_B/consensus.fasta, hybracter_out/completeness/EXE_20_2025_B.txt, hybracter_out/processing/assemblies/EXE_20_2025_B/assembly_info.txt
    output: hybracter_out/supplementary_results/intermediate_chromosome_assemblies/EXE_20_2025_B/EXE_20_2025_B_medaka_rd_2.fasta, hybracter_out/processing/complete/medaka_rd_2/EXE_20_2025_B_ignore_list.txt
    jobid: 446
    reason: Missing output files: hybracter_out/supplementary_results/intermediate_chromosome_assemblies/EXE_20_2025_B/EXE_20_2025_B_medaka_rd_2.fasta; Input files updated by another job: hybracter_out/processing/complete/medaka_rd_2/EXE_20_2025_B/consensus.fasta
    wildcards: sample=EXE_20_2025_B
    resources: tmpdir=/tmp, mem_mb=4000, mem_mib=3815, mem=4000MB, time=00:00:05
Shell command: None
Select jobs to execute...
Activating conda environment: ../../../../../miniconda3/envs/hybracter_env/lib/python3.11/site-packages/hybracter/workflow/conda/639f4bf04df38f7c8704ca26e9afdad8_
Activating conda environment: ../../../../../miniconda3/envs/hybracter_env/lib/python3.11/site-packages/hybracter/workflow/conda/639f4bf04df38f7c8704ca26e9afdad8_
[Fri Mar 27 02:03:32 2026]
Finished jobid: 446 (Rule: medaka_round_2_extract_intermediate_assembly)
217 of 237 steps (92%) done
Execute 1 jobs...
[Fri Mar 27 02:03:32 2026]
localrule compare_assemblies_medaka_round_2:
    input: hybracter_out/processing/complete/dnaapler/EXE_20_2025_B/EXE_20_2025_B_reoriented.fasta, hybracter_out/supplementary_results/intermediate_chromosome_assemblies/EXE_20_2025_B/EXE_20_2025_B_medaka_rd_2.fasta, hybracter_out/supplementary_results/comparisons/EXE_20_2025_B/medaka_round_1_vs_pre_polish.txt
    output: hybracter_out/supplementary_results/comparisons/EXE_20_2025_B/medaka_round_2_vs_medaka_round_1.txt
    jobid: 439
    reason: Missing output files: hybracter_out/supplementary_results/comparisons/EXE_20_2025_B/medaka_round_2_vs_medaka_round_1.txt; Input files updated by another job: hybracter_out/supplementary_results/intermediate_chromosome_assemblies/EXE_20_2025_B/EXE_20_2025_B_medaka_rd_2.fasta, hybracter_out/processing/complete/dnaapler/EXE_20_2025_B/EXE_20_2025_B_reoriented.fasta, hybracter_out/supplementary_results/comparisons/EXE_20_2025_B/medaka_round_1_vs_pre_polish.txt
    wildcards: sample=EXE_20_2025_B
    resources: tmpdir=/tmp, mem_mb=16000, mem_mib=15259, mem=16000MB, time=08:00:00
Shell command: None
Select jobs to execute...
Activating conda environment: ../../../../../miniconda3/envs/hybracter_env/lib/python3.11/site-packages/hybracter/workflow/conda/639f4bf04df38f7c8704ca26e9afdad8_
Activating conda environment: ../../../../../miniconda3/envs/hybracter_env/lib/python3.11/site-packages/hybracter/workflow/conda/639f4bf04df38f7c8704ca26e9afdad8_
[Fri Mar 27 02:03:38 2026]
Finished jobid: 439 (Rule: compare_assemblies_medaka_round_2)
218 of 237 steps (92%) done
Execute 1 jobs...
[Fri Mar 27 02:03:38 2026]
localrule aggregate_finalise_complete:
    input: hybracter_out/processing/complete/dnaapler/EXE_20_2025_B_pre_chrom/EXE_20_2025_B_reoriented.fasta, hybracter_out/processing/complete/dnaapler/EXE_20_2025_B/EXE_20_2025_B_reoriented.fasta, hybracter_out/supplementary_results/intermediate_chromosome_assemblies/EXE_20_2025_B/EXE_20_2025_B_medaka_rd_2.fasta, hybracter_out/processing/plassembler/EXE_20_2025_B/plassembler_plasmids.fasta, hybracter_out/supplementary_results/flye_individual_summaries/EXE_20_2025_B_assembly_info.txt, hybracter_out/supplementary_results/comparisons/EXE_20_2025_B/medaka_round_2_vs_medaka_round_1.txt, hybracter_out/processing/pre_polish/EXE_20_2025_B_ignore_list.txt
    output: hybracter_out/FINAL_OUTPUT/complete/EXE_20_2025_B_chromosome.fasta, hybracter_out/FINAL_OUTPUT/complete/EXE_20_2025_B_final.fasta, hybracter_out/supplementary_results/pyrodigal_mean_length_summaries/complete/EXE_20_2025_B_summary.tsv, hybracter_out/FINAL_OUTPUT/complete/EXE_20_2025_B_summary.tsv, hybracter_out/FINAL_OUTPUT/complete/EXE_20_2025_B_per_contig_stats.tsv, hybracter_out/FINAL_OUTPUT/complete/EXE_20_2025_B_plasmid.fasta
    jobid: 452
    reason: Missing output files: hybracter_out/FINAL_OUTPUT/complete/EXE_20_2025_B_final.fasta; Input files updated by another job: hybracter_out/supplementary_results/comparisons/EXE_20_2025_B/medaka_round_2_vs_medaka_round_1.txt, hybracter_out/processing/pre_polish/EXE_20_2025_B_ignore_list.txt, hybracter_out/processing/plassembler/EXE_20_2025_B/plassembler_plasmids.fasta, hybracter_out/supplementary_results/intermediate_chromosome_assemblies/EXE_20_2025_B/EXE_20_2025_B_medaka_rd_2.fasta, hybracter_out/processing/complete/dnaapler/EXE_20_2025_B_pre_chrom/EXE_20_2025_B_reoriented.fasta, hybracter_out/processing/complete/dnaapler/EXE_20_2025_B/EXE_20_2025_B_reoriented.fasta
    wildcards: sample=EXE_20_2025_B
    resources: tmpdir=/tmp, mem_mb=4000, mem_mib=3815, mem=4000MB, time=00:00:05
Shell command: None
Activating conda environment: ../../../../../miniconda3/envs/hybracter_env/lib/python3.11/site-packages/hybracter/workflow/conda/474e4e1622549f89bad4f85cb93aba39_
Select jobs to execute...
Activating conda environment: ../../../../../miniconda3/envs/hybracter_env/lib/python3.11/site-packages/hybracter/workflow/conda/474e4e1622549f89bad4f85cb93aba39_
[Fri Mar 27 02:03:44 2026]
Finished jobid: 452 (Rule: aggregate_finalise_complete)
219 of 237 steps (92%) done
Execute 1 jobs...
[Fri Mar 27 02:03:44 2026]
localrule aggregate_finalised_assemblies_rule:
    input: hybracter_out/FINAL_OUTPUT/complete/EXE_20_2025_B_final.fasta
    output: hybracter_out/flags/aggr_final/EXE_20_2025_B.txt
    jobid: 106
    reason: Missing output files: hybracter_out/flags/aggr_final/EXE_20_2025_B.txt; Input files updated by another job: hybracter_out/FINAL_OUTPUT/complete/EXE_20_2025_B_final.fasta
    wildcards: sample=EXE_20_2025_B
    resources: tmpdir=/tmp, mem_mb=4000, mem_mib=3815, mem=4000MB, time=00:00:05
Shell command: 
        touch hybracter_out/flags/aggr_final/EXE_20_2025_B.txt
        
Select jobs to execute...
[Fri Mar 27 02:03:44 2026]
Finished jobid: 106 (Rule: aggregate_finalised_assemblies_rule)
220 of 237 steps (93%) done
Execute 1 jobs...
[Fri Mar 27 02:03:44 2026]
localrule aggregate_plassembler_input_rule:
    input: hybracter_out/processing/plassembler/EXE_20_2025_B/plassembler_plasmids.fasta
    output: hybracter_out/flags/aggr_plassembler/EXE_20_2025_B.txt
    jobid: 83
    reason: Missing output files: hybracter_out/flags/aggr_plassembler/EXE_20_2025_B.txt; Input files updated by another job: hybracter_out/processing/plassembler/EXE_20_2025_B/plassembler_plasmids.fasta
    wildcards: sample=EXE_20_2025_B
    resources: tmpdir=/tmp, mem_mb=4000, mem_mib=3815, mem=4000MB, time=00:00:05
Shell command: 
        echo hybracter_out/processing/plassembler/EXE_20_2025_B/plassembler_plasmids.fasta
        touch hybracter_out/flags/aggr_plassembler/EXE_20_2025_B.txt
        
Select jobs to execute...
[Fri Mar 27 02:03:44 2026]
Finished jobid: 83 (Rule: aggregate_plassembler_input_rule)
221 of 237 steps (93%) done
Execute 1 jobs...
[Fri Mar 27 02:03:44 2026]
localrule add_sample_plassembler:
    input: hybracter_out/processing/plassembler/EXE_20_2025_B/plassembler_summary.tsv
    output: hybracter_out/supplementary_results/plassembler_individual_summaries/EXE_20_2025_B_with_sample.tsv
    jobid: 451
    reason: Missing output files: hybracter_out/supplementary_results/plassembler_individual_summaries/EXE_20_2025_B_with_sample.tsv; Input files updated by another job: hybracter_out/processing/plassembler/EXE_20_2025_B/plassembler_summary.tsv
    wildcards: sample=EXE_20_2025_B
    resources: tmpdir=/tmp, mem_mb=4000, mem_mib=3815, mem=4000MB, time=00:00:05
Shell command: None
Select jobs to execute...
Activating conda environment: ../../../../../miniconda3/envs/hybracter_env/lib/python3.11/site-packages/hybracter/workflow/conda/639f4bf04df38f7c8704ca26e9afdad8_
Activating conda environment: ../../../../../miniconda3/envs/hybracter_env/lib/python3.11/site-packages/hybracter/workflow/conda/639f4bf04df38f7c8704ca26e9afdad8_
[Fri Mar 27 02:03:45 2026]
Finished jobid: 451 (Rule: add_sample_plassembler)
222 of 237 steps (94%) done
Execute 1 jobs...
[Fri Mar 27 02:03:45 2026]
localrule aggregate_pyrodigal_plassembler_input_rule:
    input: hybracter_out/supplementary_results/plassembler_individual_summaries/EXE_20_2025_B_with_sample.tsv
    output: hybracter_out/flags/aggr_pyrodigal_plassembler/EXE_20_2025_B.txt
    jobid: 95
    reason: Missing output files: hybracter_out/flags/aggr_pyrodigal_plassembler/EXE_20_2025_B.txt; Input files updated by another job: hybracter_out/supplementary_results/plassembler_individual_summaries/EXE_20_2025_B_with_sample.tsv
    wildcards: sample=EXE_20_2025_B
    resources: tmpdir=/tmp, mem_mb=4000, mem_mib=3815, mem=4000MB, time=00:00:05
Shell command: 
        touch hybracter_out/flags/aggr_pyrodigal_plassembler/EXE_20_2025_B.txt
        
[Fri Mar 27 02:03:45 2026]
Finished jobid: 95 (Rule: aggregate_pyrodigal_plassembler_input_rule)
223 of 237 steps (94%) done
Select jobs to execute...
Execute 1 jobs...
[Fri Mar 27 02:03:45 2026]
localrule aggr_seqkit_long:
    input: hybracter_out/processing/qc/seqkit/EXE_01_2025_M_long.txt, hybracter_out/processing/qc/seqkit/EXE_03_2025_A_long.txt, hybracter_out/processing/qc/seqkit/EXE_08_2024_A_long.txt, hybracter_out/processing/qc/seqkit/EXE_13_2025_A_long.txt, hybracter_out/processing/qc/seqkit/EXE_20_2025_B_long.txt, hybracter_out/processing/qc/seqkit/EXE_23_2025_L_long.txt, hybracter_out/processing/qc/seqkit/EXE_30_2025_R_long.txt, hybracter_out/processing/qc/seqkit/EXE_32_2024_G_long.txt, hybracter_out/processing/qc/seqkit/EXE_33_2024_E_long.txt, hybracter_out/processing/qc/coverage/EXE_01_2025_M_lr.txt, hybracter_out/processing/qc/coverage/EXE_03_2025_A_lr.txt, hybracter_out/processing/qc/coverage/EXE_08_2024_A_lr.txt, hybracter_out/processing/qc/coverage/EXE_13_2025_A_lr.txt, hybracter_out/processing/qc/coverage/EXE_20_2025_B_lr.txt, hybracter_out/processing/qc/coverage/EXE_23_2025_L_lr.txt, hybracter_out/processing/qc/coverage/EXE_30_2025_R_lr.txt, hybracter_out/processing/qc/coverage/EXE_32_2024_G_lr.txt, hybracter_out/processing/qc/coverage/EXE_33_2024_E_lr.txt
    output: hybracter_out/flags/aggr_seqkit_long.flag
    jobid: 29
    reason: Missing output files: hybracter_out/flags/aggr_seqkit_long.flag; Input files updated by another job: hybracter_out/processing/qc/coverage/EXE_20_2025_B_lr.txt, hybracter_out/processing/qc/seqkit/EXE_23_2025_L_long.txt, hybracter_out/processing/qc/seqkit/EXE_01_2025_M_long.txt, hybracter_out/processing/qc/coverage/EXE_13_2025_A_lr.txt, hybracter_out/processing/qc/coverage/EXE_23_2025_L_lr.txt, hybracter_out/processing/qc/coverage/EXE_01_2025_M_lr.txt, hybracter_out/processing/qc/coverage/EXE_33_2024_E_lr.txt, hybracter_out/processing/qc/seqkit/EXE_30_2025_R_long.txt, hybracter_out/processing/qc/coverage/EXE_32_2024_G_lr.txt, hybracter_out/processing/qc/seqkit/EXE_20_2025_B_long.txt, hybracter_out/processing/qc/seqkit/EXE_08_2024_A_long.txt, hybracter_out/processing/qc/seqkit/EXE_13_2025_A_long.txt, hybracter_out/processing/qc/coverage/EXE_30_2025_R_lr.txt, hybracter_out/processing/qc/coverage/EXE_03_2025_A_lr.txt, hybracter_out/processing/qc/seqkit/EXE_33_2024_E_long.txt, hybracter_out/processing/qc/coverage/EXE_08_2024_A_lr.txt, hybracter_out/processing/qc/seqkit/EXE_03_2025_A_long.txt, hybracter_out/processing/qc/seqkit/EXE_32_2024_G_long.txt
    resources: tmpdir=/tmp, mem_mb=4000, mem_mib=3815, mem=4000MB, time=00:00:05
Shell command: 
        touch hybracter_out/flags/aggr_seqkit_long.flag
        
[Fri Mar 27 02:03:45 2026]
Finished jobid: 29 (Rule: aggr_seqkit_long)
224 of 237 steps (95%) done
Select jobs to execute...
Execute 1 jobs...
[Fri Mar 27 02:03:45 2026]
localrule aggr_lrge:
    input: hybracter_out/processing/chrom_size/EXE_01_2025_M_lrge_estimated_chromosome_size.txt, hybracter_out/processing/chrom_size/EXE_03_2025_A_lrge_estimated_chromosome_size.txt, hybracter_out/processing/chrom_size/EXE_08_2024_A_lrge_estimated_chromosome_size.txt, hybracter_out/processing/chrom_size/EXE_13_2025_A_lrge_estimated_chromosome_size.txt, hybracter_out/processing/chrom_size/EXE_20_2025_B_lrge_estimated_chromosome_size.txt, hybracter_out/processing/chrom_size/EXE_23_2025_L_lrge_estimated_chromosome_size.txt, hybracter_out/processing/chrom_size/EXE_30_2025_R_lrge_estimated_chromosome_size.txt, hybracter_out/processing/chrom_size/EXE_32_2024_G_lrge_estimated_chromosome_size.txt, hybracter_out/processing/chrom_size/EXE_33_2024_E_lrge_estimated_chromosome_size.txt
    output: hybracter_out/flags/aggr_lrge.flag
    jobid: 48
    reason: Missing output files: hybracter_out/flags/aggr_lrge.flag; Input files updated by another job: hybracter_out/processing/chrom_size/EXE_30_2025_R_lrge_estimated_chromosome_size.txt, hybracter_out/processing/chrom_size/EXE_03_2025_A_lrge_estimated_chromosome_size.txt, hybracter_out/processing/chrom_size/EXE_33_2024_E_lrge_estimated_chromosome_size.txt, hybracter_out/processing/chrom_size/EXE_32_2024_G_lrge_estimated_chromosome_size.txt, hybracter_out/processing/chrom_size/EXE_20_2025_B_lrge_estimated_chromosome_size.txt, hybracter_out/processing/chrom_size/EXE_23_2025_L_lrge_estimated_chromosome_size.txt, hybracter_out/processing/chrom_size/EXE_13_2025_A_lrge_estimated_chromosome_size.txt, hybracter_out/processing/chrom_size/EXE_08_2024_A_lrge_estimated_chromosome_size.txt, hybracter_out/processing/chrom_size/EXE_01_2025_M_lrge_estimated_chromosome_size.txt
    resources: tmpdir=/tmp, mem_mb=4000, mem_mib=3815, mem=4000MB, time=00:00:05
Shell command: 
        touch hybracter_out/flags/aggr_lrge.flag
        
Select jobs to execute...
[Fri Mar 27 02:03:45 2026]
Finished jobid: 48 (Rule: aggr_lrge)
225 of 237 steps (95%) done
Execute 1 jobs...
[Fri Mar 27 02:03:45 2026]
localrule aggregate_long_read_polish_input_rule:
    input: hybracter_out/supplementary_results/comparisons/EXE_20_2025_B/medaka_round_2_vs_medaka_round_1.txt
    output: hybracter_out/flags/aggr_long_read_polish/EXE_20_2025_B.txt
    jobid: 68
    reason: Missing output files: hybracter_out/flags/aggr_long_read_polish/EXE_20_2025_B.txt; Input files updated by another job: hybracter_out/supplementary_results/comparisons/EXE_20_2025_B/medaka_round_2_vs_medaka_round_1.txt
    wildcards: sample=EXE_20_2025_B
    resources: tmpdir=/tmp, mem_mb=4000, mem_mib=3815, mem=4000MB, time=00:00:05
Shell command: 
        echo hybracter_out/supplementary_results/comparisons/EXE_20_2025_B/medaka_round_2_vs_medaka_round_1.txt
        touch hybracter_out/flags/aggr_long_read_polish/EXE_20_2025_B.txt
        
Select jobs to execute...
[Fri Mar 27 02:03:45 2026]
Finished jobid: 68 (Rule: aggregate_long_read_polish_input_rule)
226 of 237 steps (95%) done
Execute 1 jobs...
[Fri Mar 27 02:03:45 2026]
localrule aggregate_long_read_polish_input_rule:
    input: hybracter_out/supplementary_results/comparisons/EXE_33_2024_E/medaka_round_2_vs_medaka_round_1.txt
    output: hybracter_out/flags/aggr_long_read_polish/EXE_33_2024_E.txt
    jobid: 76
    reason: Missing output files: hybracter_out/flags/aggr_long_read_polish/EXE_33_2024_E.txt; Input files updated by another job: hybracter_out/supplementary_results/comparisons/EXE_33_2024_E/medaka_round_2_vs_medaka_round_1.txt
    wildcards: sample=EXE_33_2024_E
    resources: tmpdir=/tmp, mem_mb=4000, mem_mib=3815, mem=4000MB, time=00:00:05
Shell command: 
        echo hybracter_out/supplementary_results/comparisons/EXE_33_2024_E/medaka_round_2_vs_medaka_round_1.txt
        touch hybracter_out/flags/aggr_long_read_polish/EXE_33_2024_E.txt
        
Select jobs to execute...
[Fri Mar 27 02:03:45 2026]
Finished jobid: 76 (Rule: aggregate_long_read_polish_input_rule)
227 of 237 steps (96%) done
Execute 1 jobs...
[Fri Mar 27 02:03:45 2026]
localrule aggregate_long_read_polish_input_rule:
    input: hybracter_out/supplementary_results/comparisons/EXE_32_2024_G/medaka_round_2_vs_medaka_round_1.txt
    output: hybracter_out/flags/aggr_long_read_polish/EXE_32_2024_G.txt
    jobid: 74
    reason: Missing output files: hybracter_out/flags/aggr_long_read_polish/EXE_32_2024_G.txt; Input files updated by another job: hybracter_out/supplementary_results/comparisons/EXE_32_2024_G/medaka_round_2_vs_medaka_round_1.txt
    wildcards: sample=EXE_32_2024_G
    resources: tmpdir=/tmp, mem_mb=4000, mem_mib=3815, mem=4000MB, time=00:00:05
Shell command: 
        echo hybracter_out/supplementary_results/comparisons/EXE_32_2024_G/medaka_round_2_vs_medaka_round_1.txt
        touch hybracter_out/flags/aggr_long_read_polish/EXE_32_2024_G.txt
        
Select jobs to execute...
[Fri Mar 27 02:03:45 2026]
Finished jobid: 74 (Rule: aggregate_long_read_polish_input_rule)
228 of 237 steps (96%) done
Execute 1 jobs...
[Fri Mar 27 02:03:45 2026]
localrule aggregate_long_read_polish_input_rule:
    input: hybracter_out/supplementary_results/comparisons/EXE_03_2025_A/medaka_round_2_vs_medaka_round_1.txt
    output: hybracter_out/flags/aggr_long_read_polish/EXE_03_2025_A.txt
    jobid: 62
    reason: Missing output files: hybracter_out/flags/aggr_long_read_polish/EXE_03_2025_A.txt; Input files updated by another job: hybracter_out/supplementary_results/comparisons/EXE_03_2025_A/medaka_round_2_vs_medaka_round_1.txt
    wildcards: sample=EXE_03_2025_A
    resources: tmpdir=/tmp, mem_mb=4000, mem_mib=3815, mem=4000MB, time=00:00:05
Shell command: 
        echo hybracter_out/supplementary_results/comparisons/EXE_03_2025_A/medaka_round_2_vs_medaka_round_1.txt
        touch hybracter_out/flags/aggr_long_read_polish/EXE_03_2025_A.txt
        
Select jobs to execute...
[Fri Mar 27 02:03:45 2026]
Finished jobid: 62 (Rule: aggregate_long_read_polish_input_rule)
229 of 237 steps (97%) done
Execute 1 jobs...
[Fri Mar 27 02:03:45 2026]
localrule create_final_summary:
    input: hybracter_out/flags/aggr_final/EXE_01_2025_M.txt, hybracter_out/flags/aggr_final/EXE_03_2025_A.txt, hybracter_out/flags/aggr_final/EXE_08_2024_A.txt, hybracter_out/flags/aggr_final/EXE_13_2025_A.txt, hybracter_out/flags/aggr_final/EXE_20_2025_B.txt, hybracter_out/flags/aggr_final/EXE_23_2025_L.txt, hybracter_out/flags/aggr_final/EXE_30_2025_R.txt, hybracter_out/flags/aggr_final/EXE_32_2024_G.txt, hybracter_out/flags/aggr_final/EXE_33_2024_E.txt
    output: hybracter_out/FINAL_OUTPUT/hybracter_summary.tsv
    jobid: 101
    reason: Missing output files: hybracter_out/FINAL_OUTPUT/hybracter_summary.tsv; Input files updated by another job: hybracter_out/flags/aggr_final/EXE_23_2025_L.txt, hybracter_out/flags/aggr_final/EXE_33_2024_E.txt, hybracter_out/flags/aggr_final/EXE_01_2025_M.txt, hybracter_out/flags/aggr_final/EXE_20_2025_B.txt, hybracter_out/flags/aggr_final/EXE_13_2025_A.txt, hybracter_out/flags/aggr_final/EXE_08_2024_A.txt, hybracter_out/flags/aggr_final/EXE_03_2025_A.txt, hybracter_out/flags/aggr_final/EXE_32_2024_G.txt, hybracter_out/flags/aggr_final/EXE_30_2025_R.txt
    resources: tmpdir=/tmp, mem_mb=4000, mem_mib=3815, mem=4000MB, time=00:00:05
Shell command: None
Select jobs to execute...
Activating conda environment: ../../../../../miniconda3/envs/hybracter_env/lib/python3.11/site-packages/hybracter/workflow/conda/639f4bf04df38f7c8704ca26e9afdad8_
Activating conda environment: ../../../../../miniconda3/envs/hybracter_env/lib/python3.11/site-packages/hybracter/workflow/conda/639f4bf04df38f7c8704ca26e9afdad8_
[Fri Mar 27 02:03:47 2026]
Finished jobid: 101 (Rule: create_final_summary)
230 of 237 steps (97%) done
Execute 1 jobs...
[Fri Mar 27 02:03:47 2026]
localrule aggr_final_flag:
    input: hybracter_out/FINAL_OUTPUT/hybracter_summary.tsv
    output: hybracter_out/flags/aggr_final.flag
    jobid: 100
    reason: Missing output files: hybracter_out/flags/aggr_final.flag; Input files updated by another job: hybracter_out/FINAL_OUTPUT/hybracter_summary.tsv
    resources: tmpdir=/tmp, mem_mb=4000, mem_mib=3815, mem=4000MB, time=00:00:05
Shell command: 
        touch hybracter_out/flags/aggr_final.flag
        
[Fri Mar 27 02:03:47 2026]
Finished jobid: 100 (Rule: aggr_final_flag)
231 of 237 steps (97%) done
Select jobs to execute...
Execute 1 jobs...
[Fri Mar 27 02:03:47 2026]
localrule aggr_long_read_polish_flag:
    input: hybracter_out/flags/aggr_long_read_polish/EXE_01_2025_M.txt, hybracter_out/flags/aggr_long_read_polish/EXE_03_2025_A.txt, hybracter_out/flags/aggr_long_read_polish/EXE_08_2024_A.txt, hybracter_out/flags/aggr_long_read_polish/EXE_13_2025_A.txt, hybracter_out/flags/aggr_long_read_polish/EXE_20_2025_B.txt, hybracter_out/flags/aggr_long_read_polish/EXE_23_2025_L.txt, hybracter_out/flags/aggr_long_read_polish/EXE_30_2025_R.txt, hybracter_out/flags/aggr_long_read_polish/EXE_32_2024_G.txt, hybracter_out/flags/aggr_long_read_polish/EXE_33_2024_E.txt
    output: hybracter_out/flags/aggr_long_read_polish.flag
    jobid: 59
    reason: Missing output files: hybracter_out/flags/aggr_long_read_polish.flag; Input files updated by another job: hybracter_out/flags/aggr_long_read_polish/EXE_23_2025_L.txt, hybracter_out/flags/aggr_long_read_polish/EXE_08_2024_A.txt, hybracter_out/flags/aggr_long_read_polish/EXE_13_2025_A.txt, hybracter_out/flags/aggr_long_read_polish/EXE_32_2024_G.txt, hybracter_out/flags/aggr_long_read_polish/EXE_03_2025_A.txt, hybracter_out/flags/aggr_long_read_polish/EXE_33_2024_E.txt, hybracter_out/flags/aggr_long_read_polish/EXE_01_2025_M.txt, hybracter_out/flags/aggr_long_read_polish/EXE_30_2025_R.txt, hybracter_out/flags/aggr_long_read_polish/EXE_20_2025_B.txt
    resources: tmpdir=/tmp, mem_mb=4000, mem_mib=3815, mem=4000MB, time=00:00:05
Shell command: 
        touch hybracter_out/flags/aggr_long_read_polish.flag
        
[Fri Mar 27 02:03:47 2026]
Finished jobid: 59 (Rule: aggr_long_read_polish_flag)
232 of 237 steps (98%) done
Select jobs to execute...
Execute 1 jobs...
[Fri Mar 27 02:03:47 2026]
localrule aggr_pyrodigal_plassembler_flag:
    input: hybracter_out/flags/aggr_pyrodigal_plassembler/EXE_01_2025_M.txt, hybracter_out/flags/aggr_pyrodigal_plassembler/EXE_03_2025_A.txt, hybracter_out/flags/aggr_pyrodigal_plassembler/EXE_08_2024_A.txt, hybracter_out/flags/aggr_pyrodigal_plassembler/EXE_13_2025_A.txt, hybracter_out/flags/aggr_pyrodigal_plassembler/EXE_20_2025_B.txt, hybracter_out/flags/aggr_pyrodigal_plassembler/EXE_23_2025_L.txt, hybracter_out/flags/aggr_pyrodigal_plassembler/EXE_30_2025_R.txt, hybracter_out/flags/aggr_pyrodigal_plassembler/EXE_32_2024_G.txt, hybracter_out/flags/aggr_pyrodigal_plassembler/EXE_33_2024_E.txt
    output: hybracter_out/flags/aggr_pyrodigal_plassembler.flag
    jobid: 90
    reason: Missing output files: hybracter_out/flags/aggr_pyrodigal_plassembler.flag; Input files updated by another job: hybracter_out/flags/aggr_pyrodigal_plassembler/EXE_08_2024_A.txt, hybracter_out/flags/aggr_pyrodigal_plassembler/EXE_03_2025_A.txt, hybracter_out/flags/aggr_pyrodigal_plassembler/EXE_13_2025_A.txt, hybracter_out/flags/aggr_pyrodigal_plassembler/EXE_32_2024_G.txt, hybracter_out/flags/aggr_pyrodigal_plassembler/EXE_23_2025_L.txt, hybracter_out/flags/aggr_pyrodigal_plassembler/EXE_20_2025_B.txt, hybracter_out/flags/aggr_pyrodigal_plassembler/EXE_30_2025_R.txt, hybracter_out/flags/aggr_pyrodigal_plassembler/EXE_01_2025_M.txt, hybracter_out/flags/aggr_pyrodigal_plassembler/EXE_33_2024_E.txt
    resources: tmpdir=/tmp, mem_mb=4000, mem_mib=3815, mem=4000MB, time=00:00:05
Shell command: 
        touch hybracter_out/flags/aggr_pyrodigal_plassembler.flag
        
[Fri Mar 27 02:03:47 2026]
Finished jobid: 90 (Rule: aggr_pyrodigal_plassembler_flag)
233 of 237 steps (98%) done
Select jobs to execute...
Execute 1 jobs...
[Fri Mar 27 02:03:47 2026]
localrule aggr_plassembler_flag:
    input: hybracter_out/flags/aggr_plassembler/EXE_01_2025_M.txt, hybracter_out/flags/aggr_plassembler/EXE_03_2025_A.txt, hybracter_out/flags/aggr_plassembler/EXE_08_2024_A.txt, hybracter_out/flags/aggr_plassembler/EXE_13_2025_A.txt, hybracter_out/flags/aggr_plassembler/EXE_20_2025_B.txt, hybracter_out/flags/aggr_plassembler/EXE_23_2025_L.txt, hybracter_out/flags/aggr_plassembler/EXE_30_2025_R.txt, hybracter_out/flags/aggr_plassembler/EXE_32_2024_G.txt, hybracter_out/flags/aggr_plassembler/EXE_33_2024_E.txt
    output: hybracter_out/flags/aggr_plassembler.flag
    jobid: 78
    reason: Missing output files: hybracter_out/flags/aggr_plassembler.flag; Input files updated by another job: hybracter_out/flags/aggr_plassembler/EXE_32_2024_G.txt, hybracter_out/flags/aggr_plassembler/EXE_08_2024_A.txt, hybracter_out/flags/aggr_plassembler/EXE_13_2025_A.txt, hybracter_out/flags/aggr_plassembler/EXE_23_2025_L.txt, hybracter_out/flags/aggr_plassembler/EXE_01_2025_M.txt, hybracter_out/flags/aggr_plassembler/EXE_33_2024_E.txt, hybracter_out/flags/aggr_plassembler/EXE_03_2025_A.txt, hybracter_out/flags/aggr_plassembler/EXE_30_2025_R.txt, hybracter_out/flags/aggr_plassembler/EXE_20_2025_B.txt
    resources: tmpdir=/tmp, mem_mb=4000, mem_mib=3815, mem=4000MB, time=00:00:05
Shell command: 
        touch hybracter_out/flags/aggr_plassembler.flag
        
[Fri Mar 27 02:03:47 2026]
Finished jobid: 78 (Rule: aggr_plassembler_flag)
234 of 237 steps (99%) done
Select jobs to execute...
Execute 1 jobs...
[Fri Mar 27 02:03:47 2026]
localrule combine_plassembler_info:
    input: hybracter_out/flags/aggr_plassembler.flag
    output: hybracter_out/supplementary_results/plassembler_all_assembly_summary/plassembler_assembly_info.tsv
    jobid: 89
    reason: Missing output files: hybracter_out/supplementary_results/plassembler_all_assembly_summary/plassembler_assembly_info.tsv; Input files updated by another job: hybracter_out/flags/aggr_plassembler.flag
    resources: tmpdir=/tmp, mem_mb=4000, mem_mib=3815, mem=4000MB, time=00:00:05
Shell command: None
Activating conda environment: ../../../../../miniconda3/envs/hybracter_env/lib/python3.11/site-packages/hybracter/workflow/conda/639f4bf04df38f7c8704ca26e9afdad8_
Activating conda environment: ../../../../../miniconda3/envs/hybracter_env/lib/python3.11/site-packages/hybracter/workflow/conda/639f4bf04df38f7c8704ca26e9afdad8_
[Fri Mar 27 02:03:49 2026]
Finished jobid: 89 (Rule: combine_plassembler_info)
235 of 237 steps (99%) done
Select jobs to execute...
Execute 1 jobs...
[Fri Mar 27 02:03:49 2026]
localrule aggr_combine_plassembler_info:
    input: hybracter_out/supplementary_results/plassembler_all_assembly_summary/plassembler_assembly_info.tsv
    output: hybracter_out/flags/aggr_combine_plassembler_info.flag
    jobid: 88
    reason: Missing output files: hybracter_out/flags/aggr_combine_plassembler_info.flag; Input files updated by another job: hybracter_out/supplementary_results/plassembler_all_assembly_summary/plassembler_assembly_info.tsv
    resources: tmpdir=/tmp, mem_mb=4000, mem_mib=3815, mem=4000MB, time=00:00:05
Shell command: 
        touch hybracter_out/flags/aggr_combine_plassembler_info.flag
        
[Fri Mar 27 02:03:49 2026]
Finished jobid: 88 (Rule: aggr_combine_plassembler_info)
236 of 237 steps (99.6%) done
Select jobs to execute...
Execute 1 jobs...
[Fri Mar 27 02:03:49 2026]
localrule all:
    input: hybracter_out/flags/aggr_long_qc.flag, hybracter_out/flags/aggr_seqkit_long.flag, hybracter_out/flags/aggr_lrge.flag, hybracter_out/flags/aggr_assemble.flag, hybracter_out/flags/aggr_long_read_polish.flag, hybracter_out/flags/aggr_plassembler.flag, hybracter_out/flags/aggr_combine_plassembler_info.flag, hybracter_out/flags/aggr_pyrodigal_plassembler.flag, hybracter_out/flags/aggr_final.flag
    jobid: 0
    reason: Input files updated by another job: hybracter_out/flags/aggr_assemble.flag, hybracter_out/flags/aggr_long_qc.flag, hybracter_out/flags/aggr_combine_plassembler_info.flag, hybracter_out/flags/aggr_seqkit_long.flag, hybracter_out/flags/aggr_final.flag, hybracter_out/flags/aggr_long_read_polish.flag, hybracter_out/flags/aggr_lrge.flag, hybracter_out/flags/aggr_plassembler.flag, hybracter_out/flags/aggr_pyrodigal_plassembler.flag
    resources: tmpdir=/tmp
Shell command: None
[Fri Mar 27 02:03:49 2026]
Finished jobid: 0 (Rule: all)
237 of 237 steps (100%) done
Complete log(s): /data/djs217/PROJECTS/vibrio/P0232_251203_11813_10386/12_filtlong/02_hybracter/.snakemake/log/2026-03-26T072633.055039.snakemake.log
[2026:03:27 02:03:50] Snakemake finished successfully
