
Running self-nucmer on /data/djs217/PROJECTS/56_Vibrio_phaME/01_PhaME/03_workdir_jasicida/files/Vibrio_lamellibrachiae_JAMM2626.fna
[RUNNING:] nucmer --maxmatch --nosimplify --prefix=seq_seq2888529 /data/djs217/PROJECTS/56_Vibrio_phaME/01_PhaME/03_workdir_jasicida/files/Vibrio_lamellibrachiae_JAMM2626.fna /data/djs217/PROJECTS/56_Vibrio_phaME/01_PhaME/03_workdir_jasicida/files/Vibrio_lamellibrachiae_JAMM2626.fna 2>/dev/null
[RUNNING:] show-coords -r -I 97 -L 75 -T seq_seq2888529.delta | awk '$1 != $3 || $2 != $4 && $8==$9 {print}' > seq_seq2888529.coords

Running self-nucmer on /data/djs217/PROJECTS/56_Vibrio_phaME/01_PhaME/03_workdir_jasicida/files/Vibrio_cortegadensis_CECT_7227.fna
[RUNNING:] nucmer --maxmatch --nosimplify --prefix=seq_seq2888592 /data/djs217/PROJECTS/56_Vibrio_phaME/01_PhaME/03_workdir_jasicida/files/Vibrio_cortegadensis_CECT_7227.fna /data/djs217/PROJECTS/56_Vibrio_phaME/01_PhaME/03_workdir_jasicida/files/Vibrio_cortegadensis_CECT_7227.fna 2>/dev/null
[RUNNING:] show-coords -r -I 97 -L 75 -T seq_seq2888592.delta | awk '$1 != $3 || $2 != $4 && $8==$9 {print}' > seq_seq2888592.coords

Running self-nucmer on /data/djs217/PROJECTS/56_Vibrio_phaME/01_PhaME/03_workdir_jasicida/files/Vibrio_fluminensis_A621.fna
[RUNNING:] nucmer --maxmatch --nosimplify --prefix=seq_seq2888745 /data/djs217/PROJECTS/56_Vibrio_phaME/01_PhaME/03_workdir_jasicida/files/Vibrio_fluminensis_A621.fna /data/djs217/PROJECTS/56_Vibrio_phaME/01_PhaME/03_workdir_jasicida/files/Vibrio_fluminensis_A621.fna 2>/dev/null
[RUNNING:] show-coords -r -I 97 -L 75 -T seq_seq2888745.delta | awk '$1 != $3 || $2 != $4 && $8==$9 {print}' > seq_seq2888745.coords

Running self-nucmer on /data/djs217/PROJECTS/56_Vibrio_phaME/01_PhaME/03_workdir_jasicida/files/Vibrio_alfacsensis_CAIM_1831.fna
[RUNNING:] nucmer --maxmatch --nosimplify --prefix=seq_seq2888823 /data/djs217/PROJECTS/56_Vibrio_phaME/01_PhaME/03_workdir_jasicida/files/Vibrio_alfacsensis_CAIM_1831.fna /data/djs217/PROJECTS/56_Vibrio_phaME/01_PhaME/03_workdir_jasicida/files/Vibrio_alfacsensis_CAIM_1831.fna 2>/dev/null
[RUNNING:] show-coords -r -I 97 -L 75 -T seq_seq2888823.delta | awk '$1 != $3 || $2 != $4 && $8==$9 {print}' > seq_seq2888823.coords

Running self-nucmer on /data/djs217/PROJECTS/56_Vibrio_phaME/01_PhaME/03_workdir_jasicida/files/Vibrio_scophthalmi_LMG_19158.fna
[RUNNING:] nucmer --maxmatch --nosimplify --prefix=seq_seq2888933 /data/djs217/PROJECTS/56_Vibrio_phaME/01_PhaME/03_workdir_jasicida/files/Vibrio_scophthalmi_LMG_19158.fna /data/djs217/PROJECTS/56_Vibrio_phaME/01_PhaME/03_workdir_jasicida/files/Vibrio_scophthalmi_LMG_19158.fna 2>/dev/null
[RUNNING:] show-coords -r -I 97 -L 75 -T seq_seq2888933.delta | awk '$1 != $3 || $2 != $4 && $8==$9 {print}' > seq_seq2888933.coords

Running self-nucmer on /data/djs217/PROJECTS/56_Vibrio_phaME/01_PhaME/03_workdir_jasicida/files/Vibrio_xiamenensis_CGMCC_1_10228.fna
[RUNNING:] nucmer --maxmatch --nosimplify --prefix=seq_seq2889005 /data/djs217/PROJECTS/56_Vibrio_phaME/01_PhaME/03_workdir_jasicida/files/Vibrio_xiamenensis_CGMCC_1_10228.fna /data/djs217/PROJECTS/56_Vibrio_phaME/01_PhaME/03_workdir_jasicida/files/Vibrio_xiamenensis_CGMCC_1_10228.fna 2>/dev/null
[RUNNING:] show-coords -r -I 97 -L 75 -T seq_seq2889005.delta | awk '$1 != $3 || $2 != $4 && $8==$9 {print}' > seq_seq2889005.coords

Running self-nucmer on /data/djs217/PROJECTS/56_Vibrio_phaME/01_PhaME/03_workdir_jasicida/files/Vibrio_zhanjiangensis_NBRC_108723.fna
[RUNNING:] nucmer --maxmatch --nosimplify --prefix=seq_seq2889085 /data/djs217/PROJECTS/56_Vibrio_phaME/01_PhaME/03_workdir_jasicida/files/Vibrio_zhanjiangensis_NBRC_108723.fna /data/djs217/PROJECTS/56_Vibrio_phaME/01_PhaME/03_workdir_jasicida/files/Vibrio_zhanjiangensis_NBRC_108723.fna 2>/dev/null
[RUNNING:] show-coords -r -I 97 -L 75 -T seq_seq2889085.delta | awk '$1 != $3 || $2 != $4 && $8==$9 {print}' > seq_seq2889085.coords

Running self-nucmer on /data/djs217/PROJECTS/56_Vibrio_phaME/01_PhaME/03_workdir_jasicida/files/11813_EXE_29_2025_V_PBC74148_final.fna
[RUNNING:] nucmer --maxmatch --nosimplify --prefix=seq_seq2889140 /data/djs217/PROJECTS/56_Vibrio_phaME/01_PhaME/03_workdir_jasicida/files/11813_EXE_29_2025_V_PBC74148_final.fna /data/djs217/PROJECTS/56_Vibrio_phaME/01_PhaME/03_workdir_jasicida/files/11813_EXE_29_2025_V_PBC74148_final.fna 2>/dev/null
[RUNNING:] show-coords -r -I 97 -L 75 -T seq_seq2889140.delta | awk '$1 != $3 || $2 != $4 && $8==$9 {print}' > seq_seq2889140.coords

Running self-nucmer on /data/djs217/PROJECTS/56_Vibrio_phaME/01_PhaME/03_workdir_jasicida/files/Vibrio_pomeroyi_LMG_20537.fna
[RUNNING:] nucmer --maxmatch --nosimplify --prefix=seq_seq2889203 /data/djs217/PROJECTS/56_Vibrio_phaME/01_PhaME/03_workdir_jasicida/files/Vibrio_pomeroyi_LMG_20537.fna /data/djs217/PROJECTS/56_Vibrio_phaME/01_PhaME/03_workdir_jasicida/files/Vibrio_pomeroyi_LMG_20537.fna 2>/dev/null
[RUNNING:] show-coords -r -I 97 -L 75 -T seq_seq2889203.delta | awk '$1 != $3 || $2 != $4 && $8==$9 {print}' > seq_seq2889203.coords

Running self-nucmer on /data/djs217/PROJECTS/56_Vibrio_phaME/01_PhaME/03_workdir_jasicida/files/11813_EXE_30_2025_R_PBC74148_final.fna
[RUNNING:] nucmer --maxmatch --nosimplify --prefix=seq_seq2889287 /data/djs217/PROJECTS/56_Vibrio_phaME/01_PhaME/03_workdir_jasicida/files/11813_EXE_30_2025_R_PBC74148_final.fna /data/djs217/PROJECTS/56_Vibrio_phaME/01_PhaME/03_workdir_jasicida/files/11813_EXE_30_2025_R_PBC74148_final.fna 2>/dev/null
[RUNNING:] show-coords -r -I 97 -L 75 -T seq_seq2889287.delta | awk '$1 != $3 || $2 != $4 && $8==$9 {print}' > seq_seq2889287.coords

Running self-nucmer on /data/djs217/PROJECTS/56_Vibrio_phaME/01_PhaME/03_workdir_jasicida/files/11813_EXE_29_2025_K_PBC74148_final.fna
[RUNNING:] nucmer --maxmatch --nosimplify --prefix=seq_seq2889371 /data/djs217/PROJECTS/56_Vibrio_phaME/01_PhaME/03_workdir_jasicida/files/11813_EXE_29_2025_K_PBC74148_final.fna /data/djs217/PROJECTS/56_Vibrio_phaME/01_PhaME/03_workdir_jasicida/files/11813_EXE_29_2025_K_PBC74148_final.fna 2>/dev/null
[RUNNING:] show-coords -r -I 97 -L 75 -T seq_seq2889371.delta | awk '$1 != $3 || $2 != $4 && $8==$9 {print}' > seq_seq2889371.coords

Running self-nucmer on /data/djs217/PROJECTS/56_Vibrio_phaME/01_PhaME/03_workdir_jasicida/files/Vibrio_caribbeanicus_ATCC_BAA_2122.fna
[RUNNING:] nucmer --maxmatch --nosimplify --prefix=seq_seq2889707 /data/djs217/PROJECTS/56_Vibrio_phaME/01_PhaME/03_workdir_jasicida/files/Vibrio_caribbeanicus_ATCC_BAA_2122.fna /data/djs217/PROJECTS/56_Vibrio_phaME/01_PhaME/03_workdir_jasicida/files/Vibrio_caribbeanicus_ATCC_BAA_2122.fna 2>/dev/null
[RUNNING:] show-coords -r -I 97 -L 75 -T seq_seq2889707.delta | awk '$1 != $3 || $2 != $4 && $8==$9 {print}' > seq_seq2889707.coords

Running self-nucmer on /data/djs217/PROJECTS/56_Vibrio_phaME/01_PhaME/03_workdir_jasicida/files/Vibrio_owensii_DY05.fna
[RUNNING:] nucmer --maxmatch --nosimplify --prefix=seq_seq2889801 /data/djs217/PROJECTS/56_Vibrio_phaME/01_PhaME/03_workdir_jasicida/files/Vibrio_owensii_DY05.fna /data/djs217/PROJECTS/56_Vibrio_phaME/01_PhaME/03_workdir_jasicida/files/Vibrio_owensii_DY05.fna 2>/dev/null
[RUNNING:] show-coords -r -I 97 -L 75 -T seq_seq2889801.delta | awk '$1 != $3 || $2 != $4 && $8==$9 {print}' > seq_seq2889801.coords

Running self-nucmer on /data/djs217/PROJECTS/56_Vibrio_phaME/01_PhaME/03_workdir_jasicida/files/Vibrio_tetraodonis_A511.fna
[RUNNING:] nucmer --maxmatch --nosimplify --prefix=seq_seq2889903 /data/djs217/PROJECTS/56_Vibrio_phaME/01_PhaME/03_workdir_jasicida/files/Vibrio_tetraodonis_A511.fna /data/djs217/PROJECTS/56_Vibrio_phaME/01_PhaME/03_workdir_jasicida/files/Vibrio_tetraodonis_A511.fna 2>/dev/null
[RUNNING:] show-coords -r -I 97 -L 75 -T seq_seq2889903.delta | awk '$1 != $3 || $2 != $4 && $8==$9 {print}' > seq_seq2889903.coords

Running self-nucmer on /data/djs217/PROJECTS/56_Vibrio_phaME/01_PhaME/03_workdir_jasicida/files/Vibrio_crassostreae_LMG_22240.fna
[RUNNING:] nucmer --maxmatch --nosimplify --prefix=seq_seq2889957 /data/djs217/PROJECTS/56_Vibrio_phaME/01_PhaME/03_workdir_jasicida/files/Vibrio_crassostreae_LMG_22240.fna /data/djs217/PROJECTS/56_Vibrio_phaME/01_PhaME/03_workdir_jasicida/files/Vibrio_crassostreae_LMG_22240.fna 2>/dev/null
[RUNNING:] show-coords -r -I 97 -L 75 -T seq_seq2889957.delta | awk '$1 != $3 || $2 != $4 && $8==$9 {print}' > seq_seq2889957.coords

Running self-nucmer on /data/djs217/PROJECTS/56_Vibrio_phaME/01_PhaME/03_workdir_jasicida/files/Vibrio_nereis_DSM_19584.fna
[RUNNING:] nucmer --maxmatch --nosimplify --prefix=seq_seq2890110 /data/djs217/PROJECTS/56_Vibrio_phaME/01_PhaME/03_workdir_jasicida/files/Vibrio_nereis_DSM_19584.fna /data/djs217/PROJECTS/56_Vibrio_phaME/01_PhaME/03_workdir_jasicida/files/Vibrio_nereis_DSM_19584.fna 2>/dev/null
[RUNNING:] show-coords -r -I 97 -L 75 -T seq_seq2890110.delta | awk '$1 != $3 || $2 != $4 && $8==$9 {print}' > seq_seq2890110.coords

Running self-nucmer on /data/djs217/PROJECTS/56_Vibrio_phaME/01_PhaME/03_workdir_jasicida/files/11813_EXE_20_2024_J_PBC74148_final.fna
[RUNNING:] nucmer --maxmatch --nosimplify --prefix=seq_seq2890188 /data/djs217/PROJECTS/56_Vibrio_phaME/01_PhaME/03_workdir_jasicida/files/11813_EXE_20_2024_J_PBC74148_final.fna /data/djs217/PROJECTS/56_Vibrio_phaME/01_PhaME/03_workdir_jasicida/files/11813_EXE_20_2024_J_PBC74148_final.fna 2>/dev/null
[RUNNING:] show-coords -r -I 97 -L 75 -T seq_seq2890188.delta | awk '$1 != $3 || $2 != $4 && $8==$9 {print}' > seq_seq2890188.coords

Running self-nucmer on /data/djs217/PROJECTS/56_Vibrio_phaME/01_PhaME/03_workdir_jasicida/files/Vibrio_diabolicus_CNCM_I_1629.fna
[RUNNING:] nucmer --maxmatch --nosimplify --prefix=seq_seq2890264 /data/djs217/PROJECTS/56_Vibrio_phaME/01_PhaME/03_workdir_jasicida/files/Vibrio_diabolicus_CNCM_I_1629.fna /data/djs217/PROJECTS/56_Vibrio_phaME/01_PhaME/03_workdir_jasicida/files/Vibrio_diabolicus_CNCM_I_1629.fna 2>/dev/null
[RUNNING:] show-coords -r -I 97 -L 75 -T seq_seq2890264.delta | awk '$1 != $3 || $2 != $4 && $8==$9 {print}' > seq_seq2890264.coords

Running self-nucmer on /data/djs217/PROJECTS/56_Vibrio_phaME/01_PhaME/03_workdir_jasicida/files/Vibrio_rhizosphaerae_LMG_23790.fna
[RUNNING:] nucmer --maxmatch --nosimplify --prefix=seq_seq2890350 /data/djs217/PROJECTS/56_Vibrio_phaME/01_PhaME/03_workdir_jasicida/files/Vibrio_rhizosphaerae_LMG_23790.fna /data/djs217/PROJECTS/56_Vibrio_phaME/01_PhaME/03_workdir_jasicida/files/Vibrio_rhizosphaerae_LMG_23790.fna 2>/dev/null
[RUNNING:] show-coords -r -I 97 -L 75 -T seq_seq2890350.delta | awk '$1 != $3 || $2 != $4 && $8==$9 {print}' > seq_seq2890350.coords

Running self-nucmer on /data/djs217/PROJECTS/56_Vibrio_phaME/01_PhaME/03_workdir_jasicida/files/Vibrio_proteolyticus_ATCC_15338.fna
[RUNNING:] nucmer --maxmatch --nosimplify --prefix=seq_seq2890428 /data/djs217/PROJECTS/56_Vibrio_phaME/01_PhaME/03_workdir_jasicida/files/Vibrio_proteolyticus_ATCC_15338.fna /data/djs217/PROJECTS/56_Vibrio_phaME/01_PhaME/03_workdir_jasicida/files/Vibrio_proteolyticus_ATCC_15338.fna 2>/dev/null
[RUNNING:] show-coords -r -I 97 -L 75 -T seq_seq2890428.delta | awk '$1 != $3 || $2 != $4 && $8==$9 {print}' > seq_seq2890428.coords

Running self-nucmer on /data/djs217/PROJECTS/56_Vibrio_phaME/01_PhaME/03_workdir_jasicida/files/11813_EXE_30_2025_L_PBC74148_final.fna
[RUNNING:] nucmer --maxmatch --nosimplify --prefix=seq_seq2890520 /data/djs217/PROJECTS/56_Vibrio_phaME/01_PhaME/03_workdir_jasicida/files/11813_EXE_30_2025_L_PBC74148_final.fna /data/djs217/PROJECTS/56_Vibrio_phaME/01_PhaME/03_workdir_jasicida/files/11813_EXE_30_2025_L_PBC74148_final.fna 2>/dev/null
[RUNNING:] show-coords -r -I 97 -L 75 -T seq_seq2890520.delta | awk '$1 != $3 || $2 != $4 && $8==$9 {print}' > seq_seq2890520.coords

Running self-nucmer on /data/djs217/PROJECTS/56_Vibrio_phaME/01_PhaME/03_workdir_jasicida/files/11813_EXE_09_2024_B_PBC74148_final.fna
[RUNNING:] nucmer --maxmatch --nosimplify --prefix=seq_seq2890592 /data/djs217/PROJECTS/56_Vibrio_phaME/01_PhaME/03_workdir_jasicida/files/11813_EXE_09_2024_B_PBC74148_final.fna /data/djs217/PROJECTS/56_Vibrio_phaME/01_PhaME/03_workdir_jasicida/files/11813_EXE_09_2024_B_PBC74148_final.fna 2>/dev/null
[RUNNING:] show-coords -r -I 97 -L 75 -T seq_seq2890592.delta | awk '$1 != $3 || $2 != $4 && $8==$9 {print}' > seq_seq2890592.coords

Running self-nucmer on /data/djs217/PROJECTS/56_Vibrio_phaME/01_PhaME/03_workdir_jasicida/files/11813_EX_23_2024_K_PBC74148_final.fna
[RUNNING:] nucmer --maxmatch --nosimplify --prefix=seq_seq2890690 /data/djs217/PROJECTS/56_Vibrio_phaME/01_PhaME/03_workdir_jasicida/files/11813_EX_23_2024_K_PBC74148_final.fna /data/djs217/PROJECTS/56_Vibrio_phaME/01_PhaME/03_workdir_jasicida/files/11813_EX_23_2024_K_PBC74148_final.fna 2>/dev/null
[RUNNING:] show-coords -r -I 97 -L 75 -T seq_seq2890690.delta | awk '$1 != $3 || $2 != $4 && $8==$9 {print}' > seq_seq2890690.coords

Running self-nucmer on /data/djs217/PROJECTS/56_Vibrio_phaME/01_PhaME/03_workdir_jasicida/files/11813_EXE_28_2025_W_PBC74148_final.fna
[RUNNING:] nucmer --maxmatch --nosimplify --prefix=seq_seq2890794 /data/djs217/PROJECTS/56_Vibrio_phaME/01_PhaME/03_workdir_jasicida/files/11813_EXE_28_2025_W_PBC74148_final.fna /data/djs217/PROJECTS/56_Vibrio_phaME/01_PhaME/03_workdir_jasicida/files/11813_EXE_28_2025_W_PBC74148_final.fna 2>/dev/null
[RUNNING:] show-coords -r -I 97 -L 75 -T seq_seq2890794.delta | awk '$1 != $3 || $2 != $4 && $8==$9 {print}' > seq_seq2890794.coords

Running self-nucmer on /data/djs217/PROJECTS/56_Vibrio_phaME/01_PhaME/03_workdir_jasicida/files/EXE_01_2025_M_final.fna
[RUNNING:] nucmer --maxmatch --nosimplify --prefix=seq_seq2890885 /data/djs217/PROJECTS/56_Vibrio_phaME/01_PhaME/03_workdir_jasicida/files/EXE_01_2025_M_final.fna /data/djs217/PROJECTS/56_Vibrio_phaME/01_PhaME/03_workdir_jasicida/files/EXE_01_2025_M_final.fna 2>/dev/null
[RUNNING:] show-coords -r -I 97 -L 75 -T seq_seq2890885.delta | awk '$1 != $3 || $2 != $4 && $8==$9 {print}' > seq_seq2890885.coords

Running self-nucmer on /data/djs217/PROJECTS/56_Vibrio_phaME/01_PhaME/03_workdir_jasicida/files/Vibrio_anguillarum_NCTC12159.fna
[RUNNING:] nucmer --maxmatch --nosimplify --prefix=seq_seq2890989 /data/djs217/PROJECTS/56_Vibrio_phaME/01_PhaME/03_workdir_jasicida/files/Vibrio_anguillarum_NCTC12159.fna /data/djs217/PROJECTS/56_Vibrio_phaME/01_PhaME/03_workdir_jasicida/files/Vibrio_anguillarum_NCTC12159.fna 2>/dev/null
[RUNNING:] show-coords -r -I 97 -L 75 -T seq_seq2890989.delta | awk '$1 != $3 || $2 != $4 && $8==$9 {print}' > seq_seq2890989.coords

Running self-nucmer on /data/djs217/PROJECTS/56_Vibrio_phaME/01_PhaME/03_workdir_jasicida/files/Vibrio_marisflavi_CECT_7928.fna
[RUNNING:] nucmer --maxmatch --nosimplify --prefix=seq_seq2891373 /data/djs217/PROJECTS/56_Vibrio_phaME/01_PhaME/03_workdir_jasicida/files/Vibrio_marisflavi_CECT_7928.fna /data/djs217/PROJECTS/56_Vibrio_phaME/01_PhaME/03_workdir_jasicida/files/Vibrio_marisflavi_CECT_7928.fna 2>/dev/null
[RUNNING:] show-coords -r -I 97 -L 75 -T seq_seq2891373.delta | awk '$1 != $3 || $2 != $4 && $8==$9 {print}' > seq_seq2891373.coords

Running self-nucmer on /data/djs217/PROJECTS/56_Vibrio_phaME/01_PhaME/03_workdir_jasicida/files/EXE_33_2024_E_final.fna
[RUNNING:] nucmer --maxmatch --nosimplify --prefix=seq_seq2891444 /data/djs217/PROJECTS/56_Vibrio_phaME/01_PhaME/03_workdir_jasicida/files/EXE_33_2024_E_final.fna /data/djs217/PROJECTS/56_Vibrio_phaME/01_PhaME/03_workdir_jasicida/files/EXE_33_2024_E_final.fna 2>/dev/null
[RUNNING:] show-coords -r -I 97 -L 75 -T seq_seq2891444.delta | awk '$1 != $3 || $2 != $4 && $8==$9 {print}' > seq_seq2891444.coords

Running self-nucmer on /data/djs217/PROJECTS/56_Vibrio_phaME/01_PhaME/03_workdir_jasicida/files/Vibrio_galatheae_S2757.fna
[RUNNING:] nucmer --maxmatch --nosimplify --prefix=seq_seq2891545 /data/djs217/PROJECTS/56_Vibrio_phaME/01_PhaME/03_workdir_jasicida/files/Vibrio_galatheae_S2757.fna /data/djs217/PROJECTS/56_Vibrio_phaME/01_PhaME/03_workdir_jasicida/files/Vibrio_galatheae_S2757.fna 2>/dev/null
[RUNNING:] show-coords -r -I 97 -L 75 -T seq_seq2891545.delta | awk '$1 != $3 || $2 != $4 && $8==$9 {print}' > seq_seq2891545.coords

Running self-nucmer on /data/djs217/PROJECTS/56_Vibrio_phaME/01_PhaME/03_workdir_jasicida/files/11813_EXE22_2025_IVF5LA_PBC74148_final.fna
[RUNNING:] nucmer --maxmatch --nosimplify --prefix=seq_seq2891596 /data/djs217/PROJECTS/56_Vibrio_phaME/01_PhaME/03_workdir_jasicida/files/11813_EXE22_2025_IVF5LA_PBC74148_final.fna /data/djs217/PROJECTS/56_Vibrio_phaME/01_PhaME/03_workdir_jasicida/files/11813_EXE22_2025_IVF5LA_PBC74148_final.fna 2>/dev/null
[RUNNING:] show-coords -r -I 97 -L 75 -T seq_seq2891596.delta | awk '$1 != $3 || $2 != $4 && $8==$9 {print}' > seq_seq2891596.coords

Running self-nucmer on /data/djs217/PROJECTS/56_Vibrio_phaME/01_PhaME/03_workdir_jasicida/files/Vibrio_clamense_JAMM0920.fna
[RUNNING:] nucmer --maxmatch --nosimplify --prefix=seq_seq2891705 /data/djs217/PROJECTS/56_Vibrio_phaME/01_PhaME/03_workdir_jasicida/files/Vibrio_clamense_JAMM0920.fna /data/djs217/PROJECTS/56_Vibrio_phaME/01_PhaME/03_workdir_jasicida/files/Vibrio_clamense_JAMM0920.fna 2>/dev/null
[RUNNING:] show-coords -r -I 97 -L 75 -T seq_seq2891705.delta | awk '$1 != $3 || $2 != $4 && $8==$9 {print}' > seq_seq2891705.coords

Running self-nucmer on /data/djs217/PROJECTS/56_Vibrio_phaME/01_PhaME/03_workdir_jasicida/files/11813_EXE_03_2025_A_PBC74148_final.fna
[RUNNING:] nucmer --maxmatch --nosimplify --prefix=seq_seq2891916 /data/djs217/PROJECTS/56_Vibrio_phaME/01_PhaME/03_workdir_jasicida/files/11813_EXE_03_2025_A_PBC74148_final.fna /data/djs217/PROJECTS/56_Vibrio_phaME/01_PhaME/03_workdir_jasicida/files/11813_EXE_03_2025_A_PBC74148_final.fna 2>/dev/null
[RUNNING:] show-coords -r -I 97 -L 75 -T seq_seq2891916.delta | awk '$1 != $3 || $2 != $4 && $8==$9 {print}' > seq_seq2891916.coords

Running self-nucmer on /data/djs217/PROJECTS/56_Vibrio_phaME/01_PhaME/03_workdir_jasicida/files/Vibrio_kyushuensis_JAMM1822.fna
[RUNNING:] nucmer --maxmatch --nosimplify --prefix=seq_seq2891967 /data/djs217/PROJECTS/56_Vibrio_phaME/01_PhaME/03_workdir_jasicida/files/Vibrio_kyushuensis_JAMM1822.fna /data/djs217/PROJECTS/56_Vibrio_phaME/01_PhaME/03_workdir_jasicida/files/Vibrio_kyushuensis_JAMM1822.fna 2>/dev/null
[RUNNING:] show-coords -r -I 97 -L 75 -T seq_seq2891967.delta | awk '$1 != $3 || $2 != $4 && $8==$9 {print}' > seq_seq2891967.coords

Running self-nucmer on /data/djs217/PROJECTS/56_Vibrio_phaME/01_PhaME/03_workdir_jasicida/files/Vibrio_chanodichtyis_DSL_7.fna
[RUNNING:] nucmer --maxmatch --nosimplify --prefix=seq_seq2892050 /data/djs217/PROJECTS/56_Vibrio_phaME/01_PhaME/03_workdir_jasicida/files/Vibrio_chanodichtyis_DSL_7.fna /data/djs217/PROJECTS/56_Vibrio_phaME/01_PhaME/03_workdir_jasicida/files/Vibrio_chanodichtyis_DSL_7.fna 2>/dev/null
[RUNNING:] show-coords -r -I 97 -L 75 -T seq_seq2892050.delta | awk '$1 != $3 || $2 != $4 && $8==$9 {print}' > seq_seq2892050.coords

Running self-nucmer on /data/djs217/PROJECTS/56_Vibrio_phaME/01_PhaME/03_workdir_jasicida/files/Vibrio_campbellii_CAIM_519.fna
[RUNNING:] nucmer --maxmatch --nosimplify --prefix=seq_seq2892127 /data/djs217/PROJECTS/56_Vibrio_phaME/01_PhaME/03_workdir_jasicida/files/Vibrio_campbellii_CAIM_519.fna /data/djs217/PROJECTS/56_Vibrio_phaME/01_PhaME/03_workdir_jasicida/files/Vibrio_campbellii_CAIM_519.fna 2>/dev/null
[RUNNING:] show-coords -r -I 97 -L 75 -T seq_seq2892127.delta | awk '$1 != $3 || $2 != $4 && $8==$9 {print}' > seq_seq2892127.coords

Running self-nucmer on /data/djs217/PROJECTS/56_Vibrio_phaME/01_PhaME/03_workdir_jasicida/files/Vibrio_halioticoli_IAM_14596.fna
[RUNNING:] nucmer --maxmatch --nosimplify --prefix=seq_seq2892210 /data/djs217/PROJECTS/56_Vibrio_phaME/01_PhaME/03_workdir_jasicida/files/Vibrio_halioticoli_IAM_14596.fna /data/djs217/PROJECTS/56_Vibrio_phaME/01_PhaME/03_workdir_jasicida/files/Vibrio_halioticoli_IAM_14596.fna 2>/dev/null
[RUNNING:] show-coords -r -I 97 -L 75 -T seq_seq2892210.delta | awk '$1 != $3 || $2 != $4 && $8==$9 {print}' > seq_seq2892210.coords

Running self-nucmer on /data/djs217/PROJECTS/56_Vibrio_phaME/01_PhaME/03_workdir_jasicida/files/Vibrio_rotiferianus_CAIM_577.fna
[RUNNING:] nucmer --maxmatch --nosimplify --prefix=seq_seq2892299 /data/djs217/PROJECTS/56_Vibrio_phaME/01_PhaME/03_workdir_jasicida/files/Vibrio_rotiferianus_CAIM_577.fna /data/djs217/PROJECTS/56_Vibrio_phaME/01_PhaME/03_workdir_jasicida/files/Vibrio_rotiferianus_CAIM_577.fna 2>/dev/null
[RUNNING:] show-coords -r -I 97 -L 75 -T seq_seq2892299.delta | awk '$1 != $3 || $2 != $4 && $8==$9 {print}' > seq_seq2892299.coords

Running self-nucmer on /data/djs217/PROJECTS/56_Vibrio_phaME/01_PhaME/03_workdir_jasicida/files/Vibrio_paracholerae_EDC_792.fna
[RUNNING:] nucmer --maxmatch --nosimplify --prefix=seq_seq2892417 /data/djs217/PROJECTS/56_Vibrio_phaME/01_PhaME/03_workdir_jasicida/files/Vibrio_paracholerae_EDC_792.fna /data/djs217/PROJECTS/56_Vibrio_phaME/01_PhaME/03_workdir_jasicida/files/Vibrio_paracholerae_EDC_792.fna 2>/dev/null
[RUNNING:] show-coords -r -I 97 -L 75 -T seq_seq2892417.delta | awk '$1 != $3 || $2 != $4 && $8==$9 {print}' > seq_seq2892417.coords

Running self-nucmer on /data/djs217/PROJECTS/56_Vibrio_phaME/01_PhaME/03_workdir_jasicida/files/Vibrio_lentus_40M4T.fna
[RUNNING:] nucmer --maxmatch --nosimplify --prefix=seq_seq2892534 /data/djs217/PROJECTS/56_Vibrio_phaME/01_PhaME/03_workdir_jasicida/files/Vibrio_lentus_40M4T.fna /data/djs217/PROJECTS/56_Vibrio_phaME/01_PhaME/03_workdir_jasicida/files/Vibrio_lentus_40M4T.fna 2>/dev/null
[RUNNING:] show-coords -r -I 97 -L 75 -T seq_seq2892534.delta | awk '$1 != $3 || $2 != $4 && $8==$9 {print}' > seq_seq2892534.coords

Running self-nucmer on /data/djs217/PROJECTS/56_Vibrio_phaME/01_PhaME/03_workdir_jasicida/files/11813_EXE_26_2025_C_PBC74148_final.fna
[RUNNING:] nucmer --maxmatch --nosimplify --prefix=seq_seq2892679 /data/djs217/PROJECTS/56_Vibrio_phaME/01_PhaME/03_workdir_jasicida/files/11813_EXE_26_2025_C_PBC74148_final.fna /data/djs217/PROJECTS/56_Vibrio_phaME/01_PhaME/03_workdir_jasicida/files/11813_EXE_26_2025_C_PBC74148_final.fna 2>/dev/null
[RUNNING:] show-coords -r -I 97 -L 75 -T seq_seq2892679.delta | awk '$1 != $3 || $2 != $4 && $8==$9 {print}' > seq_seq2892679.coords

Running self-nucmer on /data/djs217/PROJECTS/56_Vibrio_phaME/01_PhaME/03_workdir_jasicida/files/11813_EXE_33_2024_F_PBC74148_final.fna
[RUNNING:] nucmer --maxmatch --nosimplify --prefix=seq_seq2892780 /data/djs217/PROJECTS/56_Vibrio_phaME/01_PhaME/03_workdir_jasicida/files/11813_EXE_33_2024_F_PBC74148_final.fna /data/djs217/PROJECTS/56_Vibrio_phaME/01_PhaME/03_workdir_jasicida/files/11813_EXE_33_2024_F_PBC74148_final.fna 2>/dev/null
[RUNNING:] show-coords -r -I 97 -L 75 -T seq_seq2892780.delta | awk '$1 != $3 || $2 != $4 && $8==$9 {print}' > seq_seq2892780.coords

Running self-nucmer on /data/djs217/PROJECTS/56_Vibrio_phaME/01_PhaME/03_workdir_jasicida/files/Vibrio_chemaguriensis_Iso1.fna
[RUNNING:] nucmer --maxmatch --nosimplify --prefix=seq_seq2892881 /data/djs217/PROJECTS/56_Vibrio_phaME/01_PhaME/03_workdir_jasicida/files/Vibrio_chemaguriensis_Iso1.fna /data/djs217/PROJECTS/56_Vibrio_phaME/01_PhaME/03_workdir_jasicida/files/Vibrio_chemaguriensis_Iso1.fna 2>/dev/null
[RUNNING:] show-coords -r -I 97 -L 75 -T seq_seq2892881.delta | awk '$1 != $3 || $2 != $4 && $8==$9 {print}' > seq_seq2892881.coords

Running self-nucmer on /data/djs217/PROJECTS/56_Vibrio_phaME/01_PhaME/03_workdir_jasicida/files/Vibrio_inusitatus_LMG_23434.fna
[RUNNING:] nucmer --maxmatch --nosimplify --prefix=seq_seq2892963 /data/djs217/PROJECTS/56_Vibrio_phaME/01_PhaME/03_workdir_jasicida/files/Vibrio_inusitatus_LMG_23434.fna /data/djs217/PROJECTS/56_Vibrio_phaME/01_PhaME/03_workdir_jasicida/files/Vibrio_inusitatus_LMG_23434.fna 2>/dev/null
[RUNNING:] show-coords -r -I 97 -L 75 -T seq_seq2892963.delta | awk '$1 != $3 || $2 != $4 && $8==$9 {print}' > seq_seq2892963.coords

Running self-nucmer on /data/djs217/PROJECTS/56_Vibrio_phaME/01_PhaME/03_workdir_jasicida/files/Vibrio_ulleungensis_188UL20_2.fna
[RUNNING:] nucmer --maxmatch --nosimplify --prefix=seq_seq2893064 /data/djs217/PROJECTS/56_Vibrio_phaME/01_PhaME/03_workdir_jasicida/files/Vibrio_ulleungensis_188UL20_2.fna /data/djs217/PROJECTS/56_Vibrio_phaME/01_PhaME/03_workdir_jasicida/files/Vibrio_ulleungensis_188UL20_2.fna 2>/dev/null
[RUNNING:] show-coords -r -I 97 -L 75 -T seq_seq2893064.delta | awk '$1 != $3 || $2 != $4 && $8==$9 {print}' > seq_seq2893064.coords

Running self-nucmer on /data/djs217/PROJECTS/56_Vibrio_phaME/01_PhaME/03_workdir_jasicida/files/Vibrio_gallaecicus_CECT_7244.fna
[RUNNING:] nucmer --maxmatch --nosimplify --prefix=seq_seq2893136 /data/djs217/PROJECTS/56_Vibrio_phaME/01_PhaME/03_workdir_jasicida/files/Vibrio_gallaecicus_CECT_7244.fna /data/djs217/PROJECTS/56_Vibrio_phaME/01_PhaME/03_workdir_jasicida/files/Vibrio_gallaecicus_CECT_7244.fna 2>/dev/null
[RUNNING:] show-coords -r -I 97 -L 75 -T seq_seq2893136.delta | awk '$1 != $3 || $2 != $4 && $8==$9 {print}' > seq_seq2893136.coords

Running self-nucmer on /data/djs217/PROJECTS/56_Vibrio_phaME/01_PhaME/03_workdir_jasicida/files/Vibrio_pelagius_ATCC_25916.fna
[RUNNING:] nucmer --maxmatch --nosimplify --prefix=seq_seq2893349 /data/djs217/PROJECTS/56_Vibrio_phaME/01_PhaME/03_workdir_jasicida/files/Vibrio_pelagius_ATCC_25916.fna /data/djs217/PROJECTS/56_Vibrio_phaME/01_PhaME/03_workdir_jasicida/files/Vibrio_pelagius_ATCC_25916.fna 2>/dev/null
[RUNNING:] show-coords -r -I 97 -L 75 -T seq_seq2893349.delta | awk '$1 != $3 || $2 != $4 && $8==$9 {print}' > seq_seq2893349.coords

Running self-nucmer on /data/djs217/PROJECTS/56_Vibrio_phaME/01_PhaME/03_workdir_jasicida/files/11813_EXE_22_2025_DG1LF_PBC7_final.fna
[RUNNING:] nucmer --maxmatch --nosimplify --prefix=seq_seq2893444 /data/djs217/PROJECTS/56_Vibrio_phaME/01_PhaME/03_workdir_jasicida/files/11813_EXE_22_2025_DG1LF_PBC7_final.fna /data/djs217/PROJECTS/56_Vibrio_phaME/01_PhaME/03_workdir_jasicida/files/11813_EXE_22_2025_DG1LF_PBC7_final.fna 2>/dev/null
[RUNNING:] show-coords -r -I 97 -L 75 -T seq_seq2893444.delta | awk '$1 != $3 || $2 != $4 && $8==$9 {print}' > seq_seq2893444.coords

Running self-nucmer on /data/djs217/PROJECTS/56_Vibrio_phaME/01_PhaME/03_workdir_jasicida/files/11671_EXE_02_2024_3B2_unicycler.fna
[RUNNING:] nucmer --maxmatch --nosimplify --prefix=seq_seq2893600 /data/djs217/PROJECTS/56_Vibrio_phaME/01_PhaME/03_workdir_jasicida/files/11671_EXE_02_2024_3B2_unicycler.fna /data/djs217/PROJECTS/56_Vibrio_phaME/01_PhaME/03_workdir_jasicida/files/11671_EXE_02_2024_3B2_unicycler.fna 2>/dev/null
[RUNNING:] show-coords -r -I 97 -L 75 -T seq_seq2893600.delta | awk '$1 != $3 || $2 != $4 && $8==$9 {print}' > seq_seq2893600.coords

Running self-nucmer on /data/djs217/PROJECTS/56_Vibrio_phaME/01_PhaME/03_workdir_jasicida/files/Vibrio_hepatarius_DSM_19134.fna
[RUNNING:] nucmer --maxmatch --nosimplify --prefix=seq_seq2893680 /data/djs217/PROJECTS/56_Vibrio_phaME/01_PhaME/03_workdir_jasicida/files/Vibrio_hepatarius_DSM_19134.fna /data/djs217/PROJECTS/56_Vibrio_phaME/01_PhaME/03_workdir_jasicida/files/Vibrio_hepatarius_DSM_19134.fna 2>/dev/null
[RUNNING:] show-coords -r -I 97 -L 75 -T seq_seq2893680.delta | awk '$1 != $3 || $2 != $4 && $8==$9 {print}' > seq_seq2893680.coords

Running self-nucmer on /data/djs217/PROJECTS/56_Vibrio_phaME/01_PhaME/03_workdir_jasicida/files/Vibrio_maerlii_G62.fna
[RUNNING:] nucmer --maxmatch --nosimplify --prefix=seq_seq2893761 /data/djs217/PROJECTS/56_Vibrio_phaME/01_PhaME/03_workdir_jasicida/files/Vibrio_maerlii_G62.fna /data/djs217/PROJECTS/56_Vibrio_phaME/01_PhaME/03_workdir_jasicida/files/Vibrio_maerlii_G62.fna 2>/dev/null
[RUNNING:] show-coords -r -I 97 -L 75 -T seq_seq2893761.delta | awk '$1 != $3 || $2 != $4 && $8==$9 {print}' > seq_seq2893761.coords

Running self-nucmer on /data/djs217/PROJECTS/56_Vibrio_phaME/01_PhaME/03_workdir_jasicida/files/Vibrio_sinaloensis_CECT_7298.fna
[RUNNING:] nucmer --maxmatch --nosimplify --prefix=seq_seq2893984 /data/djs217/PROJECTS/56_Vibrio_phaME/01_PhaME/03_workdir_jasicida/files/Vibrio_sinaloensis_CECT_7298.fna /data/djs217/PROJECTS/56_Vibrio_phaME/01_PhaME/03_workdir_jasicida/files/Vibrio_sinaloensis_CECT_7298.fna 2>/dev/null
[RUNNING:] show-coords -r -I 97 -L 75 -T seq_seq2893984.delta | awk '$1 != $3 || $2 != $4 && $8==$9 {print}' > seq_seq2893984.coords

Running self-nucmer on /data/djs217/PROJECTS/56_Vibrio_phaME/01_PhaME/03_workdir_jasicida/files/Vibrio_casei_DSM_22364.fna
[RUNNING:] nucmer --maxmatch --nosimplify --prefix=seq_seq2894083 /data/djs217/PROJECTS/56_Vibrio_phaME/01_PhaME/03_workdir_jasicida/files/Vibrio_casei_DSM_22364.fna /data/djs217/PROJECTS/56_Vibrio_phaME/01_PhaME/03_workdir_jasicida/files/Vibrio_casei_DSM_22364.fna 2>/dev/null
[RUNNING:] show-coords -r -I 97 -L 75 -T seq_seq2894083.delta | awk '$1 != $3 || $2 != $4 && $8==$9 {print}' > seq_seq2894083.coords

Running self-nucmer on /data/djs217/PROJECTS/56_Vibrio_phaME/01_PhaME/03_workdir_jasicida/files/11813_EXE_23_2025_L_PBC74148_final.fna
[RUNNING:] nucmer --maxmatch --nosimplify --prefix=seq_seq2894184 /data/djs217/PROJECTS/56_Vibrio_phaME/01_PhaME/03_workdir_jasicida/files/11813_EXE_23_2025_L_PBC74148_final.fna /data/djs217/PROJECTS/56_Vibrio_phaME/01_PhaME/03_workdir_jasicida/files/11813_EXE_23_2025_L_PBC74148_final.fna 2>/dev/null
[RUNNING:] show-coords -r -I 97 -L 75 -T seq_seq2894184.delta | awk '$1 != $3 || $2 != $4 && $8==$9 {print}' > seq_seq2894184.coords

Running self-nucmer on /data/djs217/PROJECTS/56_Vibrio_phaME/01_PhaME/03_workdir_jasicida/files/Vibrio_mimicus_NCTC11435.fna
[RUNNING:] nucmer --maxmatch --nosimplify --prefix=seq_seq2894305 /data/djs217/PROJECTS/56_Vibrio_phaME/01_PhaME/03_workdir_jasicida/files/Vibrio_mimicus_NCTC11435.fna /data/djs217/PROJECTS/56_Vibrio_phaME/01_PhaME/03_workdir_jasicida/files/Vibrio_mimicus_NCTC11435.fna 2>/dev/null
[RUNNING:] show-coords -r -I 97 -L 75 -T seq_seq2894305.delta | awk '$1 != $3 || $2 != $4 && $8==$9 {print}' > seq_seq2894305.coords

Running self-nucmer on /data/djs217/PROJECTS/56_Vibrio_phaME/01_PhaME/03_workdir_jasicida/files/Vibrio_tapetis_subsp__quintayensis_CECT_8851.fna
[RUNNING:] nucmer --maxmatch --nosimplify --prefix=seq_seq2894602 /data/djs217/PROJECTS/56_Vibrio_phaME/01_PhaME/03_workdir_jasicida/files/Vibrio_tapetis_subsp__quintayensis_CECT_8851.fna /data/djs217/PROJECTS/56_Vibrio_phaME/01_PhaME/03_workdir_jasicida/files/Vibrio_tapetis_subsp__quintayensis_CECT_8851.fna 2>/dev/null
[RUNNING:] show-coords -r -I 97 -L 75 -T seq_seq2894602.delta | awk '$1 != $3 || $2 != $4 && $8==$9 {print}' > seq_seq2894602.coords

Running self-nucmer on /data/djs217/PROJECTS/56_Vibrio_phaME/01_PhaME/03_workdir_jasicida/files/Vibrio_tasmaniensis_LMG_20012.fna
[RUNNING:] nucmer --maxmatch --nosimplify --prefix=seq_seq2894690 /data/djs217/PROJECTS/56_Vibrio_phaME/01_PhaME/03_workdir_jasicida/files/Vibrio_tasmaniensis_LMG_20012.fna /data/djs217/PROJECTS/56_Vibrio_phaME/01_PhaME/03_workdir_jasicida/files/Vibrio_tasmaniensis_LMG_20012.fna 2>/dev/null
[RUNNING:] show-coords -r -I 97 -L 75 -T seq_seq2894690.delta | awk '$1 != $3 || $2 != $4 && $8==$9 {print}' > seq_seq2894690.coords

Running self-nucmer on /data/djs217/PROJECTS/56_Vibrio_phaME/01_PhaME/03_workdir_jasicida/files/11813_EXE_33_2024_E_PBC74148_final.fna
[RUNNING:] nucmer --maxmatch --nosimplify --prefix=seq_seq2894836 /data/djs217/PROJECTS/56_Vibrio_phaME/01_PhaME/03_workdir_jasicida/files/11813_EXE_33_2024_E_PBC74148_final.fna /data/djs217/PROJECTS/56_Vibrio_phaME/01_PhaME/03_workdir_jasicida/files/11813_EXE_33_2024_E_PBC74148_final.fna 2>/dev/null
[RUNNING:] show-coords -r -I 97 -L 75 -T seq_seq2894836.delta | awk '$1 != $3 || $2 != $4 && $8==$9 {print}' > seq_seq2894836.coords

Running self-nucmer on /data/djs217/PROJECTS/56_Vibrio_phaME/01_PhaME/03_workdir_jasicida/files/Vibrio_fluvialis_ATCC_33809.fna
[RUNNING:] nucmer --maxmatch --nosimplify --prefix=seq_seq2894938 /data/djs217/PROJECTS/56_Vibrio_phaME/01_PhaME/03_workdir_jasicida/files/Vibrio_fluvialis_ATCC_33809.fna /data/djs217/PROJECTS/56_Vibrio_phaME/01_PhaME/03_workdir_jasicida/files/Vibrio_fluvialis_ATCC_33809.fna 2>/dev/null
[RUNNING:] show-coords -r -I 97 -L 75 -T seq_seq2894938.delta | awk '$1 != $3 || $2 != $4 && $8==$9 {print}' > seq_seq2894938.coords

Running self-nucmer on /data/djs217/PROJECTS/56_Vibrio_phaME/01_PhaME/03_workdir_jasicida/files/Vibrio_chagasii_LMG_21353.fna
[RUNNING:] nucmer --maxmatch --nosimplify --prefix=seq_seq2895014 /data/djs217/PROJECTS/56_Vibrio_phaME/01_PhaME/03_workdir_jasicida/files/Vibrio_chagasii_LMG_21353.fna /data/djs217/PROJECTS/56_Vibrio_phaME/01_PhaME/03_workdir_jasicida/files/Vibrio_chagasii_LMG_21353.fna 2>/dev/null
[RUNNING:] show-coords -r -I 97 -L 75 -T seq_seq2895014.delta | awk '$1 != $3 || $2 != $4 && $8==$9 {print}' > seq_seq2895014.coords

Running self-nucmer on /data/djs217/PROJECTS/56_Vibrio_phaME/01_PhaME/03_workdir_jasicida/files/Vibrio_apostichopi_FE10.fna
[RUNNING:] nucmer --maxmatch --nosimplify --prefix=seq_seq2895144 /data/djs217/PROJECTS/56_Vibrio_phaME/01_PhaME/03_workdir_jasicida/files/Vibrio_apostichopi_FE10.fna /data/djs217/PROJECTS/56_Vibrio_phaME/01_PhaME/03_workdir_jasicida/files/Vibrio_apostichopi_FE10.fna 2>/dev/null
[RUNNING:] show-coords -r -I 97 -L 75 -T seq_seq2895144.delta | awk '$1 != $3 || $2 != $4 && $8==$9 {print}' > seq_seq2895144.coords

Running self-nucmer on /data/djs217/PROJECTS/56_Vibrio_phaME/01_PhaME/03_workdir_jasicida/files/Vibrio_orientalis_CIP_102891.fna
[RUNNING:] nucmer --maxmatch --nosimplify --prefix=seq_seq2895254 /data/djs217/PROJECTS/56_Vibrio_phaME/01_PhaME/03_workdir_jasicida/files/Vibrio_orientalis_CIP_102891.fna /data/djs217/PROJECTS/56_Vibrio_phaME/01_PhaME/03_workdir_jasicida/files/Vibrio_orientalis_CIP_102891.fna 2>/dev/null
[RUNNING:] show-coords -r -I 97 -L 75 -T seq_seq2895254.delta | awk '$1 != $3 || $2 != $4 && $8==$9 {print}' > seq_seq2895254.coords

Running self-nucmer on /data/djs217/PROJECTS/56_Vibrio_phaME/01_PhaME/03_workdir_jasicida/files/Vibrio_amylolyticus_ZSDE26.fna
[RUNNING:] nucmer --maxmatch --nosimplify --prefix=seq_seq2895362 /data/djs217/PROJECTS/56_Vibrio_phaME/01_PhaME/03_workdir_jasicida/files/Vibrio_amylolyticus_ZSDE26.fna /data/djs217/PROJECTS/56_Vibrio_phaME/01_PhaME/03_workdir_jasicida/files/Vibrio_amylolyticus_ZSDE26.fna 2>/dev/null
[RUNNING:] show-coords -r -I 97 -L 75 -T seq_seq2895362.delta | awk '$1 != $3 || $2 != $4 && $8==$9 {print}' > seq_seq2895362.coords

Running self-nucmer on /data/djs217/PROJECTS/56_Vibrio_phaME/01_PhaME/03_workdir_jasicida/files/Vibrio_qinghaiensis_Q67.fna
[RUNNING:] nucmer --maxmatch --nosimplify --prefix=seq_seq2895444 /data/djs217/PROJECTS/56_Vibrio_phaME/01_PhaME/03_workdir_jasicida/files/Vibrio_qinghaiensis_Q67.fna /data/djs217/PROJECTS/56_Vibrio_phaME/01_PhaME/03_workdir_jasicida/files/Vibrio_qinghaiensis_Q67.fna 2>/dev/null
[RUNNING:] show-coords -r -I 97 -L 75 -T seq_seq2895444.delta | awk '$1 != $3 || $2 != $4 && $8==$9 {print}' > seq_seq2895444.coords

Running self-nucmer on /data/djs217/PROJECTS/56_Vibrio_phaME/01_PhaME/03_workdir_jasicida/files/EXE_30_2025_R_final.fna
[RUNNING:] nucmer --maxmatch --nosimplify --prefix=seq_seq2895946 /data/djs217/PROJECTS/56_Vibrio_phaME/01_PhaME/03_workdir_jasicida/files/EXE_30_2025_R_final.fna /data/djs217/PROJECTS/56_Vibrio_phaME/01_PhaME/03_workdir_jasicida/files/EXE_30_2025_R_final.fna 2>/dev/null
[RUNNING:] show-coords -r -I 97 -L 75 -T seq_seq2895946.delta | awk '$1 != $3 || $2 != $4 && $8==$9 {print}' > seq_seq2895946.coords

Running self-nucmer on /data/djs217/PROJECTS/56_Vibrio_phaME/01_PhaME/03_workdir_jasicida/files/Vibrio_misgurnus_GVC.fna
[RUNNING:] nucmer --maxmatch --nosimplify --prefix=seq_seq2896031 /data/djs217/PROJECTS/56_Vibrio_phaME/01_PhaME/03_workdir_jasicida/files/Vibrio_misgurnus_GVC.fna /data/djs217/PROJECTS/56_Vibrio_phaME/01_PhaME/03_workdir_jasicida/files/Vibrio_misgurnus_GVC.fna 2>/dev/null
[RUNNING:] show-coords -r -I 97 -L 75 -T seq_seq2896031.delta | awk '$1 != $3 || $2 != $4 && $8==$9 {print}' > seq_seq2896031.coords

Running self-nucmer on /data/djs217/PROJECTS/56_Vibrio_phaME/01_PhaME/03_workdir_jasicida/files/11671_Guernsey_unicycler.fna
[RUNNING:] nucmer --maxmatch --nosimplify --prefix=seq_seq2896122 /data/djs217/PROJECTS/56_Vibrio_phaME/01_PhaME/03_workdir_jasicida/files/11671_Guernsey_unicycler.fna /data/djs217/PROJECTS/56_Vibrio_phaME/01_PhaME/03_workdir_jasicida/files/11671_Guernsey_unicycler.fna 2>/dev/null
[RUNNING:] show-coords -r -I 97 -L 75 -T seq_seq2896122.delta | awk '$1 != $3 || $2 != $4 && $8==$9 {print}' > seq_seq2896122.coords

Running self-nucmer on /data/djs217/PROJECTS/56_Vibrio_phaME/01_PhaME/03_workdir_jasicida/files/Vibrio_diazotrophicus_ATCC_33466.fna
[RUNNING:] nucmer --maxmatch --nosimplify --prefix=seq_seq2896220 /data/djs217/PROJECTS/56_Vibrio_phaME/01_PhaME/03_workdir_jasicida/files/Vibrio_diazotrophicus_ATCC_33466.fna /data/djs217/PROJECTS/56_Vibrio_phaME/01_PhaME/03_workdir_jasicida/files/Vibrio_diazotrophicus_ATCC_33466.fna 2>/dev/null
[RUNNING:] show-coords -r -I 97 -L 75 -T seq_seq2896220.delta | awk '$1 != $3 || $2 != $4 && $8==$9 {print}' > seq_seq2896220.coords

Running self-nucmer on /data/djs217/PROJECTS/56_Vibrio_phaME/01_PhaME/03_workdir_jasicida/files/11813_EXE_22_2025_DG3A_PBC74148_barcode18_final.fna
[RUNNING:] nucmer --maxmatch --nosimplify --prefix=seq_seq2896309 /data/djs217/PROJECTS/56_Vibrio_phaME/01_PhaME/03_workdir_jasicida/files/11813_EXE_22_2025_DG3A_PBC74148_barcode18_final.fna /data/djs217/PROJECTS/56_Vibrio_phaME/01_PhaME/03_workdir_jasicida/files/11813_EXE_22_2025_DG3A_PBC74148_barcode18_final.fna 2>/dev/null
[RUNNING:] show-coords -r -I 97 -L 75 -T seq_seq2896309.delta | awk '$1 != $3 || $2 != $4 && $8==$9 {print}' > seq_seq2896309.coords

Running self-nucmer on /data/djs217/PROJECTS/56_Vibrio_phaME/01_PhaME/03_workdir_jasicida/files/Vibrio_cincinnatiensis_NCTC12012.fna
[RUNNING:] nucmer --maxmatch --nosimplify --prefix=seq_seq2896467 /data/djs217/PROJECTS/56_Vibrio_phaME/01_PhaME/03_workdir_jasicida/files/Vibrio_cincinnatiensis_NCTC12012.fna /data/djs217/PROJECTS/56_Vibrio_phaME/01_PhaME/03_workdir_jasicida/files/Vibrio_cincinnatiensis_NCTC12012.fna 2>/dev/null
[RUNNING:] show-coords -r -I 97 -L 75 -T seq_seq2896467.delta | awk '$1 != $3 || $2 != $4 && $8==$9 {print}' > seq_seq2896467.coords

Running self-nucmer on /data/djs217/PROJECTS/56_Vibrio_phaME/01_PhaME/03_workdir_jasicida/files/11671_EXE_19_2024_C_unicycler.fna
[RUNNING:] nucmer --maxmatch --nosimplify --prefix=seq_seq2896548 /data/djs217/PROJECTS/56_Vibrio_phaME/01_PhaME/03_workdir_jasicida/files/11671_EXE_19_2024_C_unicycler.fna /data/djs217/PROJECTS/56_Vibrio_phaME/01_PhaME/03_workdir_jasicida/files/11671_EXE_19_2024_C_unicycler.fna 2>/dev/null
[RUNNING:] show-coords -r -I 97 -L 75 -T seq_seq2896548.delta | awk '$1 != $3 || $2 != $4 && $8==$9 {print}' > seq_seq2896548.coords

Running self-nucmer on /data/djs217/PROJECTS/56_Vibrio_phaME/01_PhaME/03_workdir_jasicida/files/Vibrio_salilacus_DSG_S6.fna
[RUNNING:] nucmer --maxmatch --nosimplify --prefix=seq_seq2896618 /data/djs217/PROJECTS/56_Vibrio_phaME/01_PhaME/03_workdir_jasicida/files/Vibrio_salilacus_DSG_S6.fna /data/djs217/PROJECTS/56_Vibrio_phaME/01_PhaME/03_workdir_jasicida/files/Vibrio_salilacus_DSG_S6.fna 2>/dev/null
[RUNNING:] show-coords -r -I 97 -L 75 -T seq_seq2896618.delta | awk '$1 != $3 || $2 != $4 && $8==$9 {print}' > seq_seq2896618.coords

Running self-nucmer on /data/djs217/PROJECTS/56_Vibrio_phaME/01_PhaME/03_workdir_jasicida/files/11671_EXE_26_2024_C_unicycler.fna
[RUNNING:] nucmer --maxmatch --nosimplify --prefix=seq_seq2896665 /data/djs217/PROJECTS/56_Vibrio_phaME/01_PhaME/03_workdir_jasicida/files/11671_EXE_26_2024_C_unicycler.fna /data/djs217/PROJECTS/56_Vibrio_phaME/01_PhaME/03_workdir_jasicida/files/11671_EXE_26_2024_C_unicycler.fna 2>/dev/null
[RUNNING:] show-coords -r -I 97 -L 75 -T seq_seq2896665.delta | awk '$1 != $3 || $2 != $4 && $8==$9 {print}' > seq_seq2896665.coords

Running self-nucmer on /data/djs217/PROJECTS/56_Vibrio_phaME/01_PhaME/03_workdir_jasicida/files/11813_EXE_24_2025_E_PBC74148_final.fna
[RUNNING:] nucmer --maxmatch --nosimplify --prefix=seq_seq2896744 /data/djs217/PROJECTS/56_Vibrio_phaME/01_PhaME/03_workdir_jasicida/files/11813_EXE_24_2025_E_PBC74148_final.fna /data/djs217/PROJECTS/56_Vibrio_phaME/01_PhaME/03_workdir_jasicida/files/11813_EXE_24_2025_E_PBC74148_final.fna 2>/dev/null
[RUNNING:] show-coords -r -I 97 -L 75 -T seq_seq2896744.delta | awk '$1 != $3 || $2 != $4 && $8==$9 {print}' > seq_seq2896744.coords

Running self-nucmer on /data/djs217/PROJECTS/56_Vibrio_phaME/01_PhaME/03_workdir_jasicida/files/Vibrio_floridensis_IRLE0018.fna
[RUNNING:] nucmer --maxmatch --nosimplify --prefix=seq_seq2896767 /data/djs217/PROJECTS/56_Vibrio_phaME/01_PhaME/03_workdir_jasicida/files/Vibrio_floridensis_IRLE0018.fna /data/djs217/PROJECTS/56_Vibrio_phaME/01_PhaME/03_workdir_jasicida/files/Vibrio_floridensis_IRLE0018.fna 2>/dev/null
[RUNNING:] show-coords -r -I 97 -L 75 -T seq_seq2896767.delta | awk '$1 != $3 || $2 != $4 && $8==$9 {print}' > seq_seq2896767.coords

Running self-nucmer on /data/djs217/PROJECTS/56_Vibrio_phaME/01_PhaME/03_workdir_jasicida/files/Vibrio_metschnikovii_NCTC8443.fna
[RUNNING:] nucmer --maxmatch --nosimplify --prefix=seq_seq2896875 /data/djs217/PROJECTS/56_Vibrio_phaME/01_PhaME/03_workdir_jasicida/files/Vibrio_metschnikovii_NCTC8443.fna /data/djs217/PROJECTS/56_Vibrio_phaME/01_PhaME/03_workdir_jasicida/files/Vibrio_metschnikovii_NCTC8443.fna 2>/dev/null
[RUNNING:] show-coords -r -I 97 -L 75 -T seq_seq2896875.delta | awk '$1 != $3 || $2 != $4 && $8==$9 {print}' > seq_seq2896875.coords

Running self-nucmer on /data/djs217/PROJECTS/56_Vibrio_phaME/01_PhaME/03_workdir_jasicida/files/11671_EXE_45_2024_E_unicycler.fna
[RUNNING:] nucmer --maxmatch --nosimplify --prefix=seq_seq2896958 /data/djs217/PROJECTS/56_Vibrio_phaME/01_PhaME/03_workdir_jasicida/files/11671_EXE_45_2024_E_unicycler.fna /data/djs217/PROJECTS/56_Vibrio_phaME/01_PhaME/03_workdir_jasicida/files/11671_EXE_45_2024_E_unicycler.fna 2>/dev/null
[RUNNING:] show-coords -r -I 97 -L 75 -T seq_seq2896958.delta | awk '$1 != $3 || $2 != $4 && $8==$9 {print}' > seq_seq2896958.coords

Running self-nucmer on /data/djs217/PROJECTS/56_Vibrio_phaME/01_PhaME/03_workdir_jasicida/files/Vibrio_neonatus_JCM_21521.fna
[RUNNING:] nucmer --maxmatch --nosimplify --prefix=seq_seq2897060 /data/djs217/PROJECTS/56_Vibrio_phaME/01_PhaME/03_workdir_jasicida/files/Vibrio_neonatus_JCM_21521.fna /data/djs217/PROJECTS/56_Vibrio_phaME/01_PhaME/03_workdir_jasicida/files/Vibrio_neonatus_JCM_21521.fna 2>/dev/null
[RUNNING:] show-coords -r -I 97 -L 75 -T seq_seq2897060.delta | awk '$1 != $3 || $2 != $4 && $8==$9 {print}' > seq_seq2897060.coords

Running self-nucmer on /data/djs217/PROJECTS/56_Vibrio_phaME/01_PhaME/03_workdir_jasicida/files/Vibrio_aestuarianus_LMG_7909.fna
[RUNNING:] nucmer --maxmatch --nosimplify --prefix=seq_seq2897161 /data/djs217/PROJECTS/56_Vibrio_phaME/01_PhaME/03_workdir_jasicida/files/Vibrio_aestuarianus_LMG_7909.fna /data/djs217/PROJECTS/56_Vibrio_phaME/01_PhaME/03_workdir_jasicida/files/Vibrio_aestuarianus_LMG_7909.fna 2>/dev/null
[RUNNING:] show-coords -r -I 97 -L 75 -T seq_seq2897161.delta | awk '$1 != $3 || $2 != $4 && $8==$9 {print}' > seq_seq2897161.coords

Running self-nucmer on /data/djs217/PROJECTS/56_Vibrio_phaME/01_PhaME/03_workdir_jasicida/files/11671_EXE_25_2024_H_unicycler.fna
[RUNNING:] nucmer --maxmatch --nosimplify --prefix=seq_seq2897254 /data/djs217/PROJECTS/56_Vibrio_phaME/01_PhaME/03_workdir_jasicida/files/11671_EXE_25_2024_H_unicycler.fna /data/djs217/PROJECTS/56_Vibrio_phaME/01_PhaME/03_workdir_jasicida/files/11671_EXE_25_2024_H_unicycler.fna 2>/dev/null
[RUNNING:] show-coords -r -I 97 -L 75 -T seq_seq2897254.delta | awk '$1 != $3 || $2 != $4 && $8==$9 {print}' > seq_seq2897254.coords

Running self-nucmer on /data/djs217/PROJECTS/56_Vibrio_phaME/01_PhaME/03_workdir_jasicida/files/Vibrio_aquaticus_BEI207.fna
[RUNNING:] nucmer --maxmatch --nosimplify --prefix=seq_seq2897354 /data/djs217/PROJECTS/56_Vibrio_phaME/01_PhaME/03_workdir_jasicida/files/Vibrio_aquaticus_BEI207.fna /data/djs217/PROJECTS/56_Vibrio_phaME/01_PhaME/03_workdir_jasicida/files/Vibrio_aquaticus_BEI207.fna 2>/dev/null
[RUNNING:] show-coords -r -I 97 -L 75 -T seq_seq2897354.delta | awk '$1 != $3 || $2 != $4 && $8==$9 {print}' > seq_seq2897354.coords

Running self-nucmer on /data/djs217/PROJECTS/56_Vibrio_phaME/01_PhaME/03_workdir_jasicida/files/11813_EXE_26_2025_A_PBC74148_final.fna
[RUNNING:] nucmer --maxmatch --nosimplify --prefix=seq_seq2897450 /data/djs217/PROJECTS/56_Vibrio_phaME/01_PhaME/03_workdir_jasicida/files/11813_EXE_26_2025_A_PBC74148_final.fna /data/djs217/PROJECTS/56_Vibrio_phaME/01_PhaME/03_workdir_jasicida/files/11813_EXE_26_2025_A_PBC74148_final.fna 2>/dev/null
[RUNNING:] show-coords -r -I 97 -L 75 -T seq_seq2897450.delta | awk '$1 != $3 || $2 != $4 && $8==$9 {print}' > seq_seq2897450.coords

Running self-nucmer on /data/djs217/PROJECTS/56_Vibrio_phaME/01_PhaME/03_workdir_jasicida/files/Vibrio_gangliei_DSM_104291.fna
[RUNNING:] nucmer --maxmatch --nosimplify --prefix=seq_seq2897588 /data/djs217/PROJECTS/56_Vibrio_phaME/01_PhaME/03_workdir_jasicida/files/Vibrio_gangliei_DSM_104291.fna /data/djs217/PROJECTS/56_Vibrio_phaME/01_PhaME/03_workdir_jasicida/files/Vibrio_gangliei_DSM_104291.fna 2>/dev/null
[RUNNING:] show-coords -r -I 97 -L 75 -T seq_seq2897588.delta | awk '$1 != $3 || $2 != $4 && $8==$9 {print}' > seq_seq2897588.coords

Running self-nucmer on /data/djs217/PROJECTS/56_Vibrio_phaME/01_PhaME/03_workdir_jasicida/files/Vibrio_antiquarius_EX25.fna
[RUNNING:] nucmer --maxmatch --nosimplify --prefix=seq_seq2897687 /data/djs217/PROJECTS/56_Vibrio_phaME/01_PhaME/03_workdir_jasicida/files/Vibrio_antiquarius_EX25.fna /data/djs217/PROJECTS/56_Vibrio_phaME/01_PhaME/03_workdir_jasicida/files/Vibrio_antiquarius_EX25.fna 2>/dev/null
[RUNNING:] show-coords -r -I 97 -L 75 -T seq_seq2897687.delta | awk '$1 != $3 || $2 != $4 && $8==$9 {print}' > seq_seq2897687.coords

Running self-nucmer on /data/djs217/PROJECTS/56_Vibrio_phaME/01_PhaME/03_workdir_jasicida/files/Vibrio_navarrensis_ATCC_51183.fna
[RUNNING:] nucmer --maxmatch --nosimplify --prefix=seq_seq2897774 /data/djs217/PROJECTS/56_Vibrio_phaME/01_PhaME/03_workdir_jasicida/files/Vibrio_navarrensis_ATCC_51183.fna /data/djs217/PROJECTS/56_Vibrio_phaME/01_PhaME/03_workdir_jasicida/files/Vibrio_navarrensis_ATCC_51183.fna 2>/dev/null
[RUNNING:] show-coords -r -I 97 -L 75 -T seq_seq2897774.delta | awk '$1 != $3 || $2 != $4 && $8==$9 {print}' > seq_seq2897774.coords

Running self-nucmer on /data/djs217/PROJECTS/56_Vibrio_phaME/01_PhaME/03_workdir_jasicida/files/Vibrio_ishigakensis_JCM_19231.fna
[RUNNING:] nucmer --maxmatch --nosimplify --prefix=seq_seq2897963 /data/djs217/PROJECTS/56_Vibrio_phaME/01_PhaME/03_workdir_jasicida/files/Vibrio_ishigakensis_JCM_19231.fna /data/djs217/PROJECTS/56_Vibrio_phaME/01_PhaME/03_workdir_jasicida/files/Vibrio_ishigakensis_JCM_19231.fna 2>/dev/null
[RUNNING:] show-coords -r -I 97 -L 75 -T seq_seq2897963.delta | awk '$1 != $3 || $2 != $4 && $8==$9 {print}' > seq_seq2897963.coords

Running self-nucmer on /data/djs217/PROJECTS/56_Vibrio_phaME/01_PhaME/03_workdir_jasicida/files/11813_EXE_01_2024_7_PBC74148_final.fna
[RUNNING:] nucmer --maxmatch --nosimplify --prefix=seq_seq2898041 /data/djs217/PROJECTS/56_Vibrio_phaME/01_PhaME/03_workdir_jasicida/files/11813_EXE_01_2024_7_PBC74148_final.fna /data/djs217/PROJECTS/56_Vibrio_phaME/01_PhaME/03_workdir_jasicida/files/11813_EXE_01_2024_7_PBC74148_final.fna 2>/dev/null
[RUNNING:] show-coords -r -I 97 -L 75 -T seq_seq2898041.delta | awk '$1 != $3 || $2 != $4 && $8==$9 {print}' > seq_seq2898041.coords

Running self-nucmer on /data/djs217/PROJECTS/56_Vibrio_phaME/01_PhaME/03_workdir_jasicida/files/Vibrio_europaeus_PP_638.fna
[RUNNING:] nucmer --maxmatch --nosimplify --prefix=seq_seq2898117 /data/djs217/PROJECTS/56_Vibrio_phaME/01_PhaME/03_workdir_jasicida/files/Vibrio_europaeus_PP_638.fna /data/djs217/PROJECTS/56_Vibrio_phaME/01_PhaME/03_workdir_jasicida/files/Vibrio_europaeus_PP_638.fna 2>/dev/null
[RUNNING:] show-coords -r -I 97 -L 75 -T seq_seq2898117.delta | awk '$1 != $3 || $2 != $4 && $8==$9 {print}' > seq_seq2898117.coords

Running self-nucmer on /data/djs217/PROJECTS/56_Vibrio_phaME/01_PhaME/03_workdir_jasicida/files/Vibrio_pacinii_DSM_19139.fna
[RUNNING:] nucmer --maxmatch --nosimplify --prefix=seq_seq2898250 /data/djs217/PROJECTS/56_Vibrio_phaME/01_PhaME/03_workdir_jasicida/files/Vibrio_pacinii_DSM_19139.fna /data/djs217/PROJECTS/56_Vibrio_phaME/01_PhaME/03_workdir_jasicida/files/Vibrio_pacinii_DSM_19139.fna 2>/dev/null
[RUNNING:] show-coords -r -I 97 -L 75 -T seq_seq2898250.delta | awk '$1 != $3 || $2 != $4 && $8==$9 {print}' > seq_seq2898250.coords

Running self-nucmer on /data/djs217/PROJECTS/56_Vibrio_phaME/01_PhaME/03_workdir_jasicida/files/Vibrio_tubiashii_ATCC_19109.fna
[RUNNING:] nucmer --maxmatch --nosimplify --prefix=seq_seq2898382 /data/djs217/PROJECTS/56_Vibrio_phaME/01_PhaME/03_workdir_jasicida/files/Vibrio_tubiashii_ATCC_19109.fna /data/djs217/PROJECTS/56_Vibrio_phaME/01_PhaME/03_workdir_jasicida/files/Vibrio_tubiashii_ATCC_19109.fna 2>/dev/null
[RUNNING:] show-coords -r -I 97 -L 75 -T seq_seq2898382.delta | awk '$1 != $3 || $2 != $4 && $8==$9 {print}' > seq_seq2898382.coords

Running self-nucmer on /data/djs217/PROJECTS/56_Vibrio_phaME/01_PhaME/03_workdir_jasicida/files/11813_EXE_19_2024_M_PBC74148_final.fna
[RUNNING:] nucmer --maxmatch --nosimplify --prefix=seq_seq2898548 /data/djs217/PROJECTS/56_Vibrio_phaME/01_PhaME/03_workdir_jasicida/files/11813_EXE_19_2024_M_PBC74148_final.fna /data/djs217/PROJECTS/56_Vibrio_phaME/01_PhaME/03_workdir_jasicida/files/11813_EXE_19_2024_M_PBC74148_final.fna 2>/dev/null
[RUNNING:] show-coords -r -I 97 -L 75 -T seq_seq2898548.delta | awk '$1 != $3 || $2 != $4 && $8==$9 {print}' > seq_seq2898548.coords

Running self-nucmer on /data/djs217/PROJECTS/56_Vibrio_phaME/01_PhaME/03_workdir_jasicida/files/Vibrio_albus_E4404.fna
[RUNNING:] nucmer --maxmatch --nosimplify --prefix=seq_seq2898641 /data/djs217/PROJECTS/56_Vibrio_phaME/01_PhaME/03_workdir_jasicida/files/Vibrio_albus_E4404.fna /data/djs217/PROJECTS/56_Vibrio_phaME/01_PhaME/03_workdir_jasicida/files/Vibrio_albus_E4404.fna 2>/dev/null
[RUNNING:] show-coords -r -I 97 -L 75 -T seq_seq2898641.delta | awk '$1 != $3 || $2 != $4 && $8==$9 {print}' > seq_seq2898641.coords

Running self-nucmer on /data/djs217/PROJECTS/56_Vibrio_phaME/01_PhaME/03_workdir_jasicida/files/Vibrio_rarus_LMG_23674.fna
[RUNNING:] nucmer --maxmatch --nosimplify --prefix=seq_seq2898722 /data/djs217/PROJECTS/56_Vibrio_phaME/01_PhaME/03_workdir_jasicida/files/Vibrio_rarus_LMG_23674.fna /data/djs217/PROJECTS/56_Vibrio_phaME/01_PhaME/03_workdir_jasicida/files/Vibrio_rarus_LMG_23674.fna 2>/dev/null
[RUNNING:] show-coords -r -I 97 -L 75 -T seq_seq2898722.delta | awk '$1 != $3 || $2 != $4 && $8==$9 {print}' > seq_seq2898722.coords

Running self-nucmer on /data/djs217/PROJECTS/56_Vibrio_phaME/01_PhaME/03_workdir_jasicida/files/Vibrio_sinus_S4M6.fna
[RUNNING:] nucmer --maxmatch --nosimplify --prefix=seq_seq2898820 /data/djs217/PROJECTS/56_Vibrio_phaME/01_PhaME/03_workdir_jasicida/files/Vibrio_sinus_S4M6.fna /data/djs217/PROJECTS/56_Vibrio_phaME/01_PhaME/03_workdir_jasicida/files/Vibrio_sinus_S4M6.fna 2>/dev/null
[RUNNING:] show-coords -r -I 97 -L 75 -T seq_seq2898820.delta | awk '$1 != $3 || $2 != $4 && $8==$9 {print}' > seq_seq2898820.coords

Running self-nucmer on /data/djs217/PROJECTS/56_Vibrio_phaME/01_PhaME/03_workdir_jasicida/files/Vibrio_mediterranei_.fna
[RUNNING:] nucmer --maxmatch --nosimplify --prefix=seq_seq2898906 /data/djs217/PROJECTS/56_Vibrio_phaME/01_PhaME/03_workdir_jasicida/files/Vibrio_mediterranei_.fna /data/djs217/PROJECTS/56_Vibrio_phaME/01_PhaME/03_workdir_jasicida/files/Vibrio_mediterranei_.fna 2>/dev/null
[RUNNING:] show-coords -r -I 97 -L 75 -T seq_seq2898906.delta | awk '$1 != $3 || $2 != $4 && $8==$9 {print}' > seq_seq2898906.coords

Running self-nucmer on /data/djs217/PROJECTS/56_Vibrio_phaME/01_PhaME/03_workdir_jasicida/files/11813_EXE_30_2024_F_PBC74148_final.fna
[RUNNING:] nucmer --maxmatch --nosimplify --prefix=seq_seq2899018 /data/djs217/PROJECTS/56_Vibrio_phaME/01_PhaME/03_workdir_jasicida/files/11813_EXE_30_2024_F_PBC74148_final.fna /data/djs217/PROJECTS/56_Vibrio_phaME/01_PhaME/03_workdir_jasicida/files/11813_EXE_30_2024_F_PBC74148_final.fna 2>/dev/null
[RUNNING:] show-coords -r -I 97 -L 75 -T seq_seq2899018.delta | awk '$1 != $3 || $2 != $4 && $8==$9 {print}' > seq_seq2899018.coords

Running self-nucmer on /data/djs217/PROJECTS/56_Vibrio_phaME/01_PhaME/03_workdir_jasicida/files/Vibrio_neptunius_KCTC_12702.fna
[RUNNING:] nucmer --maxmatch --nosimplify --prefix=seq_seq2899126 /data/djs217/PROJECTS/56_Vibrio_phaME/01_PhaME/03_workdir_jasicida/files/Vibrio_neptunius_KCTC_12702.fna /data/djs217/PROJECTS/56_Vibrio_phaME/01_PhaME/03_workdir_jasicida/files/Vibrio_neptunius_KCTC_12702.fna 2>/dev/null
[RUNNING:] show-coords -r -I 97 -L 75 -T seq_seq2899126.delta | awk '$1 != $3 || $2 != $4 && $8==$9 {print}' > seq_seq2899126.coords

Running self-nucmer on /data/djs217/PROJECTS/56_Vibrio_phaME/01_PhaME/03_workdir_jasicida/files/11813_EXE_30_2025_S_PBC74148_final.fna
[RUNNING:] nucmer --maxmatch --nosimplify --prefix=seq_seq2899233 /data/djs217/PROJECTS/56_Vibrio_phaME/01_PhaME/03_workdir_jasicida/files/11813_EXE_30_2025_S_PBC74148_final.fna /data/djs217/PROJECTS/56_Vibrio_phaME/01_PhaME/03_workdir_jasicida/files/11813_EXE_30_2025_S_PBC74148_final.fna 2>/dev/null
[RUNNING:] show-coords -r -I 97 -L 75 -T seq_seq2899233.delta | awk '$1 != $3 || $2 != $4 && $8==$9 {print}' > seq_seq2899233.coords

Running self-nucmer on /data/djs217/PROJECTS/56_Vibrio_phaME/01_PhaME/03_workdir_jasicida/files/Vibrio_plantisponsor_MSSRF60.fna
[RUNNING:] nucmer --maxmatch --nosimplify --prefix=seq_seq2899314 /data/djs217/PROJECTS/56_Vibrio_phaME/01_PhaME/03_workdir_jasicida/files/Vibrio_plantisponsor_MSSRF60.fna /data/djs217/PROJECTS/56_Vibrio_phaME/01_PhaME/03_workdir_jasicida/files/Vibrio_plantisponsor_MSSRF60.fna 2>/dev/null
[RUNNING:] show-coords -r -I 97 -L 75 -T seq_seq2899314.delta | awk '$1 != $3 || $2 != $4 && $8==$9 {print}' > seq_seq2899314.coords

Running self-nucmer on /data/djs217/PROJECTS/56_Vibrio_phaME/01_PhaME/03_workdir_jasicida/files/Vibrio_satsumensis_JAMM0822.fna
[RUNNING:] nucmer --maxmatch --nosimplify --prefix=seq_seq2899393 /data/djs217/PROJECTS/56_Vibrio_phaME/01_PhaME/03_workdir_jasicida/files/Vibrio_satsumensis_JAMM0822.fna /data/djs217/PROJECTS/56_Vibrio_phaME/01_PhaME/03_workdir_jasicida/files/Vibrio_satsumensis_JAMM0822.fna 2>/dev/null
[RUNNING:] show-coords -r -I 97 -L 75 -T seq_seq2899393.delta | awk '$1 != $3 || $2 != $4 && $8==$9 {print}' > seq_seq2899393.coords

Running self-nucmer on /data/djs217/PROJECTS/56_Vibrio_phaME/01_PhaME/03_workdir_jasicida/files/Vibrio_olivae_CECT_8064.fna
[RUNNING:] nucmer --maxmatch --nosimplify --prefix=seq_seq2899502 /data/djs217/PROJECTS/56_Vibrio_phaME/01_PhaME/03_workdir_jasicida/files/Vibrio_olivae_CECT_8064.fna /data/djs217/PROJECTS/56_Vibrio_phaME/01_PhaME/03_workdir_jasicida/files/Vibrio_olivae_CECT_8064.fna 2>/dev/null
[RUNNING:] show-coords -r -I 97 -L 75 -T seq_seq2899502.delta | awk '$1 != $3 || $2 != $4 && $8==$9 {print}' > seq_seq2899502.coords

Running self-nucmer on /data/djs217/PROJECTS/56_Vibrio_phaME/01_PhaME/03_workdir_jasicida/files/Vibrio_aphrogenes_CA_1004.fna
[RUNNING:] nucmer --maxmatch --nosimplify --prefix=seq_seq2899575 /data/djs217/PROJECTS/56_Vibrio_phaME/01_PhaME/03_workdir_jasicida/files/Vibrio_aphrogenes_CA_1004.fna /data/djs217/PROJECTS/56_Vibrio_phaME/01_PhaME/03_workdir_jasicida/files/Vibrio_aphrogenes_CA_1004.fna 2>/dev/null
[RUNNING:] show-coords -r -I 97 -L 75 -T seq_seq2899575.delta | awk '$1 != $3 || $2 != $4 && $8==$9 {print}' > seq_seq2899575.coords

Running self-nucmer on /data/djs217/PROJECTS/56_Vibrio_phaME/01_PhaME/03_workdir_jasicida/files/Vibrio_agarivorans_CECT_5085.fna
[RUNNING:] nucmer --maxmatch --nosimplify --prefix=seq_seq2899674 /data/djs217/PROJECTS/56_Vibrio_phaME/01_PhaME/03_workdir_jasicida/files/Vibrio_agarivorans_CECT_5085.fna /data/djs217/PROJECTS/56_Vibrio_phaME/01_PhaME/03_workdir_jasicida/files/Vibrio_agarivorans_CECT_5085.fna 2>/dev/null
[RUNNING:] show-coords -r -I 97 -L 75 -T seq_seq2899674.delta | awk '$1 != $3 || $2 != $4 && $8==$9 {print}' > seq_seq2899674.coords

Running self-nucmer on /data/djs217/PROJECTS/56_Vibrio_phaME/01_PhaME/03_workdir_jasicida/files/Vibrio_hippocampi_CECT_8226.fna
[RUNNING:] nucmer --maxmatch --nosimplify --prefix=seq_seq2899767 /data/djs217/PROJECTS/56_Vibrio_phaME/01_PhaME/03_workdir_jasicida/files/Vibrio_hippocampi_CECT_8226.fna /data/djs217/PROJECTS/56_Vibrio_phaME/01_PhaME/03_workdir_jasicida/files/Vibrio_hippocampi_CECT_8226.fna 2>/dev/null
[RUNNING:] show-coords -r -I 97 -L 75 -T seq_seq2899767.delta | awk '$1 != $3 || $2 != $4 && $8==$9 {print}' > seq_seq2899767.coords

Running self-nucmer on /data/djs217/PROJECTS/56_Vibrio_phaME/01_PhaME/03_workdir_jasicida/files/Vibrio_sagamiensis_NBRC_104589.fna
[RUNNING:] nucmer --maxmatch --nosimplify --prefix=seq_seq2899860 /data/djs217/PROJECTS/56_Vibrio_phaME/01_PhaME/03_workdir_jasicida/files/Vibrio_sagamiensis_NBRC_104589.fna /data/djs217/PROJECTS/56_Vibrio_phaME/01_PhaME/03_workdir_jasicida/files/Vibrio_sagamiensis_NBRC_104589.fna 2>/dev/null
[RUNNING:] show-coords -r -I 97 -L 75 -T seq_seq2899860.delta | awk '$1 != $3 || $2 != $4 && $8==$9 {print}' > seq_seq2899860.coords

Running self-nucmer on /data/djs217/PROJECTS/56_Vibrio_phaME/01_PhaME/03_workdir_jasicida/files/Vibrio_methylphosphonaticus_S4B1.fna
[RUNNING:] nucmer --maxmatch --nosimplify --prefix=seq_seq2899930 /data/djs217/PROJECTS/56_Vibrio_phaME/01_PhaME/03_workdir_jasicida/files/Vibrio_methylphosphonaticus_S4B1.fna /data/djs217/PROJECTS/56_Vibrio_phaME/01_PhaME/03_workdir_jasicida/files/Vibrio_methylphosphonaticus_S4B1.fna 2>/dev/null
[RUNNING:] show-coords -r -I 97 -L 75 -T seq_seq2899930.delta | awk '$1 != $3 || $2 != $4 && $8==$9 {print}' > seq_seq2899930.coords

Running self-nucmer on /data/djs217/PROJECTS/56_Vibrio_phaME/01_PhaME/03_workdir_jasicida/files/Vibrio_gelatinilyticus_ZSDZ34.fna
[RUNNING:] nucmer --maxmatch --nosimplify --prefix=seq_seq2900031 /data/djs217/PROJECTS/56_Vibrio_phaME/01_PhaME/03_workdir_jasicida/files/Vibrio_gelatinilyticus_ZSDZ34.fna /data/djs217/PROJECTS/56_Vibrio_phaME/01_PhaME/03_workdir_jasicida/files/Vibrio_gelatinilyticus_ZSDZ34.fna 2>/dev/null
[RUNNING:] show-coords -r -I 97 -L 75 -T seq_seq2900031.delta | awk '$1 != $3 || $2 != $4 && $8==$9 {print}' > seq_seq2900031.coords

Running self-nucmer on /data/djs217/PROJECTS/56_Vibrio_phaME/01_PhaME/03_workdir_jasicida/files/Vibrio_viridaestus_LJC006.fna
[RUNNING:] nucmer --maxmatch --nosimplify --prefix=seq_seq2900104 /data/djs217/PROJECTS/56_Vibrio_phaME/01_PhaME/03_workdir_jasicida/files/Vibrio_viridaestus_LJC006.fna /data/djs217/PROJECTS/56_Vibrio_phaME/01_PhaME/03_workdir_jasicida/files/Vibrio_viridaestus_LJC006.fna 2>/dev/null
[RUNNING:] show-coords -r -I 97 -L 75 -T seq_seq2900104.delta | awk '$1 != $3 || $2 != $4 && $8==$9 {print}' > seq_seq2900104.coords

Running self-nucmer on /data/djs217/PROJECTS/56_Vibrio_phaME/01_PhaME/03_workdir_jasicida/files/Vibrio_sinensis_BEI233.fna
[RUNNING:] nucmer --maxmatch --nosimplify --prefix=seq_seq2900176 /data/djs217/PROJECTS/56_Vibrio_phaME/01_PhaME/03_workdir_jasicida/files/Vibrio_sinensis_BEI233.fna /data/djs217/PROJECTS/56_Vibrio_phaME/01_PhaME/03_workdir_jasicida/files/Vibrio_sinensis_BEI233.fna 2>/dev/null
[RUNNING:] show-coords -r -I 97 -L 75 -T seq_seq2900176.delta | awk '$1 != $3 || $2 != $4 && $8==$9 {print}' > seq_seq2900176.coords

Running self-nucmer on /data/djs217/PROJECTS/56_Vibrio_phaME/01_PhaME/03_workdir_jasicida/files/Vibrio_fortis_LMG_21557.fna
[RUNNING:] nucmer --maxmatch --nosimplify --prefix=seq_seq2900256 /data/djs217/PROJECTS/56_Vibrio_phaME/01_PhaME/03_workdir_jasicida/files/Vibrio_fortis_LMG_21557.fna /data/djs217/PROJECTS/56_Vibrio_phaME/01_PhaME/03_workdir_jasicida/files/Vibrio_fortis_LMG_21557.fna 2>/dev/null
[RUNNING:] show-coords -r -I 97 -L 75 -T seq_seq2900256.delta | awk '$1 != $3 || $2 != $4 && $8==$9 {print}' > seq_seq2900256.coords

Running self-nucmer on /data/djs217/PROJECTS/56_Vibrio_phaME/01_PhaME/03_workdir_jasicida/files/Vibrio_pectenicida_LMG_19642.fna
[RUNNING:] nucmer --maxmatch --nosimplify --prefix=seq_seq2900324 /data/djs217/PROJECTS/56_Vibrio_phaME/01_PhaME/03_workdir_jasicida/files/Vibrio_pectenicida_LMG_19642.fna /data/djs217/PROJECTS/56_Vibrio_phaME/01_PhaME/03_workdir_jasicida/files/Vibrio_pectenicida_LMG_19642.fna 2>/dev/null
[RUNNING:] show-coords -r -I 97 -L 75 -T seq_seq2900324.delta | awk '$1 != $3 || $2 != $4 && $8==$9 {print}' > seq_seq2900324.coords

Running self-nucmer on /data/djs217/PROJECTS/56_Vibrio_phaME/01_PhaME/03_workdir_jasicida/files/Vibrio_natriegens_CCUG_16371.fna
[RUNNING:] nucmer --maxmatch --nosimplify --prefix=seq_seq2900412 /data/djs217/PROJECTS/56_Vibrio_phaME/01_PhaME/03_workdir_jasicida/files/Vibrio_natriegens_CCUG_16371.fna /data/djs217/PROJECTS/56_Vibrio_phaME/01_PhaME/03_workdir_jasicida/files/Vibrio_natriegens_CCUG_16371.fna 2>/dev/null
[RUNNING:] show-coords -r -I 97 -L 75 -T seq_seq2900412.delta | awk '$1 != $3 || $2 != $4 && $8==$9 {print}' > seq_seq2900412.coords

Running self-nucmer on /data/djs217/PROJECTS/56_Vibrio_phaME/01_PhaME/03_workdir_jasicida/files/Vibrio_barjaei_3062.fna
[RUNNING:] nucmer --maxmatch --nosimplify --prefix=seq_seq2900487 /data/djs217/PROJECTS/56_Vibrio_phaME/01_PhaME/03_workdir_jasicida/files/Vibrio_barjaei_3062.fna /data/djs217/PROJECTS/56_Vibrio_phaME/01_PhaME/03_workdir_jasicida/files/Vibrio_barjaei_3062.fna 2>/dev/null
[RUNNING:] show-coords -r -I 97 -L 75 -T seq_seq2900487.delta | awk '$1 != $3 || $2 != $4 && $8==$9 {print}' > seq_seq2900487.coords

Running self-nucmer on /data/djs217/PROJECTS/56_Vibrio_phaME/01_PhaME/03_workdir_jasicida/files/11671_EXE_22_2024_B_unicycler.fna
[RUNNING:] nucmer --maxmatch --nosimplify --prefix=seq_seq2900568 /data/djs217/PROJECTS/56_Vibrio_phaME/01_PhaME/03_workdir_jasicida/files/11671_EXE_22_2024_B_unicycler.fna /data/djs217/PROJECTS/56_Vibrio_phaME/01_PhaME/03_workdir_jasicida/files/11671_EXE_22_2024_B_unicycler.fna 2>/dev/null
[RUNNING:] show-coords -r -I 97 -L 75 -T seq_seq2900568.delta | awk '$1 != $3 || $2 != $4 && $8==$9 {print}' > seq_seq2900568.coords

Running self-nucmer on /data/djs217/PROJECTS/56_Vibrio_phaME/01_PhaME/03_workdir_jasicida/files/Vibrio_kanaloae_LMG_20539.fna
[RUNNING:] nucmer --maxmatch --nosimplify --prefix=seq_seq2900717 /data/djs217/PROJECTS/56_Vibrio_phaME/01_PhaME/03_workdir_jasicida/files/Vibrio_kanaloae_LMG_20539.fna /data/djs217/PROJECTS/56_Vibrio_phaME/01_PhaME/03_workdir_jasicida/files/Vibrio_kanaloae_LMG_20539.fna 2>/dev/null
[RUNNING:] show-coords -r -I 97 -L 75 -T seq_seq2900717.delta | awk '$1 != $3 || $2 != $4 && $8==$9 {print}' > seq_seq2900717.coords

Running self-nucmer on /data/djs217/PROJECTS/56_Vibrio_phaME/01_PhaME/03_workdir_jasicida/files/11813_EXE_34_2024_C_PBC74148_final.fna
[RUNNING:] nucmer --maxmatch --nosimplify --prefix=seq_seq2900816 /data/djs217/PROJECTS/56_Vibrio_phaME/01_PhaME/03_workdir_jasicida/files/11813_EXE_34_2024_C_PBC74148_final.fna /data/djs217/PROJECTS/56_Vibrio_phaME/01_PhaME/03_workdir_jasicida/files/11813_EXE_34_2024_C_PBC74148_final.fna 2>/dev/null
[RUNNING:] show-coords -r -I 97 -L 75 -T seq_seq2900816.delta | awk '$1 != $3 || $2 != $4 && $8==$9 {print}' > seq_seq2900816.coords

Running self-nucmer on /data/djs217/PROJECTS/56_Vibrio_phaME/01_PhaME/03_workdir_jasicida/files/Vibrio_rumoiensis_FERM_P_14531.fna
[RUNNING:] nucmer --maxmatch --nosimplify --prefix=seq_seq2900907 /data/djs217/PROJECTS/56_Vibrio_phaME/01_PhaME/03_workdir_jasicida/files/Vibrio_rumoiensis_FERM_P_14531.fna /data/djs217/PROJECTS/56_Vibrio_phaME/01_PhaME/03_workdir_jasicida/files/Vibrio_rumoiensis_FERM_P_14531.fna 2>/dev/null
[RUNNING:] show-coords -r -I 97 -L 75 -T seq_seq2900907.delta | awk '$1 != $3 || $2 != $4 && $8==$9 {print}' > seq_seq2900907.coords

Running self-nucmer on /data/djs217/PROJECTS/56_Vibrio_phaME/01_PhaME/03_workdir_jasicida/files/Vibrio_mytili_type_strain__CIP103929.fna
[RUNNING:] nucmer --maxmatch --nosimplify --prefix=seq_seq2900995 /data/djs217/PROJECTS/56_Vibrio_phaME/01_PhaME/03_workdir_jasicida/files/Vibrio_mytili_type_strain__CIP103929.fna /data/djs217/PROJECTS/56_Vibrio_phaME/01_PhaME/03_workdir_jasicida/files/Vibrio_mytili_type_strain__CIP103929.fna 2>/dev/null
[RUNNING:] show-coords -r -I 97 -L 75 -T seq_seq2900995.delta | awk '$1 != $3 || $2 != $4 && $8==$9 {print}' > seq_seq2900995.coords

Running self-nucmer on /data/djs217/PROJECTS/56_Vibrio_phaME/01_PhaME/03_workdir_jasicida/files/Vibrio_palustris_CECT_9027.fna
[RUNNING:] nucmer --maxmatch --nosimplify --prefix=seq_seq2901070 /data/djs217/PROJECTS/56_Vibrio_phaME/01_PhaME/03_workdir_jasicida/files/Vibrio_palustris_CECT_9027.fna /data/djs217/PROJECTS/56_Vibrio_phaME/01_PhaME/03_workdir_jasicida/files/Vibrio_palustris_CECT_9027.fna 2>/dev/null
[RUNNING:] show-coords -r -I 97 -L 75 -T seq_seq2901070.delta | awk '$1 != $3 || $2 != $4 && $8==$9 {print}' > seq_seq2901070.coords

Running self-nucmer on /data/djs217/PROJECTS/56_Vibrio_phaME/01_PhaME/03_workdir_jasicida/files/Vibrio_syngnathi_K08M4.fna
[RUNNING:] nucmer --maxmatch --nosimplify --prefix=seq_seq2901119 /data/djs217/PROJECTS/56_Vibrio_phaME/01_PhaME/03_workdir_jasicida/files/Vibrio_syngnathi_K08M4.fna /data/djs217/PROJECTS/56_Vibrio_phaME/01_PhaME/03_workdir_jasicida/files/Vibrio_syngnathi_K08M4.fna 2>/dev/null
[RUNNING:] show-coords -r -I 97 -L 75 -T seq_seq2901119.delta | awk '$1 != $3 || $2 != $4 && $8==$9 {print}' > seq_seq2901119.coords

Running self-nucmer on /data/djs217/PROJECTS/56_Vibrio_phaME/01_PhaME/03_workdir_jasicida/files/Vibrio_bivalvicida_605.fna
[RUNNING:] nucmer --maxmatch --nosimplify --prefix=seq_seq2901251 /data/djs217/PROJECTS/56_Vibrio_phaME/01_PhaME/03_workdir_jasicida/files/Vibrio_bivalvicida_605.fna /data/djs217/PROJECTS/56_Vibrio_phaME/01_PhaME/03_workdir_jasicida/files/Vibrio_bivalvicida_605.fna 2>/dev/null
[RUNNING:] show-coords -r -I 97 -L 75 -T seq_seq2901251.delta | awk '$1 != $3 || $2 != $4 && $8==$9 {print}' > seq_seq2901251.coords

Running self-nucmer on /data/djs217/PROJECTS/56_Vibrio_phaME/01_PhaME/03_workdir_jasicida/files/11813_EXE_22_2025_T1A_PBC74148_final.fna
[RUNNING:] nucmer --maxmatch --nosimplify --prefix=seq_seq2901360 /data/djs217/PROJECTS/56_Vibrio_phaME/01_PhaME/03_workdir_jasicida/files/11813_EXE_22_2025_T1A_PBC74148_final.fna /data/djs217/PROJECTS/56_Vibrio_phaME/01_PhaME/03_workdir_jasicida/files/11813_EXE_22_2025_T1A_PBC74148_final.fna 2>/dev/null
[RUNNING:] show-coords -r -I 97 -L 75 -T seq_seq2901360.delta | awk '$1 != $3 || $2 != $4 && $8==$9 {print}' > seq_seq2901360.coords

Running self-nucmer on /data/djs217/PROJECTS/56_Vibrio_phaME/01_PhaME/03_workdir_jasicida/files/11813_EXE_21_2025_F_PBC74148_final.fna
[RUNNING:] nucmer --maxmatch --nosimplify --prefix=seq_seq2901447 /data/djs217/PROJECTS/56_Vibrio_phaME/01_PhaME/03_workdir_jasicida/files/11813_EXE_21_2025_F_PBC74148_final.fna /data/djs217/PROJECTS/56_Vibrio_phaME/01_PhaME/03_workdir_jasicida/files/11813_EXE_21_2025_F_PBC74148_final.fna 2>/dev/null
[RUNNING:] show-coords -r -I 97 -L 75 -T seq_seq2901447.delta | awk '$1 != $3 || $2 != $4 && $8==$9 {print}' > seq_seq2901447.coords

Running self-nucmer on /data/djs217/PROJECTS/56_Vibrio_phaME/01_PhaME/03_workdir_jasicida/files/Vibrio_algivorus_SA2.fna
[RUNNING:] nucmer --maxmatch --nosimplify --prefix=seq_seq2901551 /data/djs217/PROJECTS/56_Vibrio_phaME/01_PhaME/03_workdir_jasicida/files/Vibrio_algivorus_SA2.fna /data/djs217/PROJECTS/56_Vibrio_phaME/01_PhaME/03_workdir_jasicida/files/Vibrio_algivorus_SA2.fna 2>/dev/null
[RUNNING:] show-coords -r -I 97 -L 75 -T seq_seq2901551.delta | awk '$1 != $3 || $2 != $4 && $8==$9 {print}' > seq_seq2901551.coords

Running self-nucmer on /data/djs217/PROJECTS/56_Vibrio_phaME/01_PhaME/03_workdir_jasicida/files/Vibrio_echinoideorum_DSM_107264.fna
[RUNNING:] nucmer --maxmatch --nosimplify --prefix=seq_seq2901704 /data/djs217/PROJECTS/56_Vibrio_phaME/01_PhaME/03_workdir_jasicida/files/Vibrio_echinoideorum_DSM_107264.fna /data/djs217/PROJECTS/56_Vibrio_phaME/01_PhaME/03_workdir_jasicida/files/Vibrio_echinoideorum_DSM_107264.fna 2>/dev/null
[RUNNING:] show-coords -r -I 97 -L 75 -T seq_seq2901704.delta | awk '$1 != $3 || $2 != $4 && $8==$9 {print}' > seq_seq2901704.coords

Running self-nucmer on /data/djs217/PROJECTS/56_Vibrio_phaME/01_PhaME/03_workdir_jasicida/files/Vibrio_atypicus_DSM_25292.fna
[RUNNING:] nucmer --maxmatch --nosimplify --prefix=seq_seq2901831 /data/djs217/PROJECTS/56_Vibrio_phaME/01_PhaME/03_workdir_jasicida/files/Vibrio_atypicus_DSM_25292.fna /data/djs217/PROJECTS/56_Vibrio_phaME/01_PhaME/03_workdir_jasicida/files/Vibrio_atypicus_DSM_25292.fna 2>/dev/null
[RUNNING:] show-coords -r -I 97 -L 75 -T seq_seq2901831.delta | awk '$1 != $3 || $2 != $4 && $8==$9 {print}' > seq_seq2901831.coords

Running self-nucmer on /data/djs217/PROJECTS/56_Vibrio_phaME/01_PhaME/03_workdir_jasicida/files/11671_EXE_04_2024_1A1_unicycler.fna
[RUNNING:] nucmer --maxmatch --nosimplify --prefix=seq_seq2901916 /data/djs217/PROJECTS/56_Vibrio_phaME/01_PhaME/03_workdir_jasicida/files/11671_EXE_04_2024_1A1_unicycler.fna /data/djs217/PROJECTS/56_Vibrio_phaME/01_PhaME/03_workdir_jasicida/files/11671_EXE_04_2024_1A1_unicycler.fna 2>/dev/null
[RUNNING:] show-coords -r -I 97 -L 75 -T seq_seq2901916.delta | awk '$1 != $3 || $2 != $4 && $8==$9 {print}' > seq_seq2901916.coords

Running self-nucmer on /data/djs217/PROJECTS/56_Vibrio_phaME/01_PhaME/03_workdir_jasicida/files/11813_EXE_27_2025_D_PBC74148_final.fna
[RUNNING:] nucmer --maxmatch --nosimplify --prefix=seq_seq2902027 /data/djs217/PROJECTS/56_Vibrio_phaME/01_PhaME/03_workdir_jasicida/files/11813_EXE_27_2025_D_PBC74148_final.fna /data/djs217/PROJECTS/56_Vibrio_phaME/01_PhaME/03_workdir_jasicida/files/11813_EXE_27_2025_D_PBC74148_final.fna 2>/dev/null
[RUNNING:] show-coords -r -I 97 -L 75 -T seq_seq2902027.delta | awk '$1 != $3 || $2 != $4 && $8==$9 {print}' > seq_seq2902027.coords

Running self-nucmer on /data/djs217/PROJECTS/56_Vibrio_phaME/01_PhaME/03_workdir_jasicida/files/EXE_08_2024_A_final.fna
[RUNNING:] nucmer --maxmatch --nosimplify --prefix=seq_seq2902128 /data/djs217/PROJECTS/56_Vibrio_phaME/01_PhaME/03_workdir_jasicida/files/EXE_08_2024_A_final.fna /data/djs217/PROJECTS/56_Vibrio_phaME/01_PhaME/03_workdir_jasicida/files/EXE_08_2024_A_final.fna 2>/dev/null
[RUNNING:] show-coords -r -I 97 -L 75 -T seq_seq2902128.delta | awk '$1 != $3 || $2 != $4 && $8==$9 {print}' > seq_seq2902128.coords

Running self-nucmer on /data/djs217/PROJECTS/56_Vibrio_phaME/01_PhaME/03_workdir_jasicida/files/Vibrio_intestinalis_YLB_11.fna
[RUNNING:] nucmer --maxmatch --nosimplify --prefix=seq_seq2902225 /data/djs217/PROJECTS/56_Vibrio_phaME/01_PhaME/03_workdir_jasicida/files/Vibrio_intestinalis_YLB_11.fna /data/djs217/PROJECTS/56_Vibrio_phaME/01_PhaME/03_workdir_jasicida/files/Vibrio_intestinalis_YLB_11.fna 2>/dev/null
[RUNNING:] show-coords -r -I 97 -L 75 -T seq_seq2902225.delta | awk '$1 != $3 || $2 != $4 && $8==$9 {print}' > seq_seq2902225.coords

Running self-nucmer on /data/djs217/PROJECTS/56_Vibrio_phaME/01_PhaME/03_workdir_jasicida/files/Vibrio_iocasae_HN007.fna
[RUNNING:] nucmer --maxmatch --nosimplify --prefix=seq_seq2902317 /data/djs217/PROJECTS/56_Vibrio_phaME/01_PhaME/03_workdir_jasicida/files/Vibrio_iocasae_HN007.fna /data/djs217/PROJECTS/56_Vibrio_phaME/01_PhaME/03_workdir_jasicida/files/Vibrio_iocasae_HN007.fna 2>/dev/null
[RUNNING:] show-coords -r -I 97 -L 75 -T seq_seq2902317.delta | awk '$1 != $3 || $2 != $4 && $8==$9 {print}' > seq_seq2902317.coords

Running self-nucmer on /data/djs217/PROJECTS/56_Vibrio_phaME/01_PhaME/03_workdir_jasicida/files/Vibrio_panuliri_JCM_19500.fna
[RUNNING:] nucmer --maxmatch --nosimplify --prefix=seq_seq2902397 /data/djs217/PROJECTS/56_Vibrio_phaME/01_PhaME/03_workdir_jasicida/files/Vibrio_panuliri_JCM_19500.fna /data/djs217/PROJECTS/56_Vibrio_phaME/01_PhaME/03_workdir_jasicida/files/Vibrio_panuliri_JCM_19500.fna 2>/dev/null
[RUNNING:] show-coords -r -I 97 -L 75 -T seq_seq2902397.delta | awk '$1 != $3 || $2 != $4 && $8==$9 {print}' > seq_seq2902397.coords

Running self-nucmer on /data/djs217/PROJECTS/56_Vibrio_phaME/01_PhaME/03_workdir_jasicida/files/Vibrio_hangzhouensis_CGMCC_1_7062.fna
[RUNNING:] nucmer --maxmatch --nosimplify --prefix=seq_seq2902482 /data/djs217/PROJECTS/56_Vibrio_phaME/01_PhaME/03_workdir_jasicida/files/Vibrio_hangzhouensis_CGMCC_1_7062.fna /data/djs217/PROJECTS/56_Vibrio_phaME/01_PhaME/03_workdir_jasicida/files/Vibrio_hangzhouensis_CGMCC_1_7062.fna 2>/dev/null
[RUNNING:] show-coords -r -I 97 -L 75 -T seq_seq2902482.delta | awk '$1 != $3 || $2 != $4 && $8==$9 {print}' > seq_seq2902482.coords

Running self-nucmer on /data/djs217/PROJECTS/56_Vibrio_phaME/01_PhaME/03_workdir_jasicida/files/Vibrio_cionasavignyae_JAMM2507.fna
[RUNNING:] nucmer --maxmatch --nosimplify --prefix=seq_seq2902583 /data/djs217/PROJECTS/56_Vibrio_phaME/01_PhaME/03_workdir_jasicida/files/Vibrio_cionasavignyae_JAMM2507.fna /data/djs217/PROJECTS/56_Vibrio_phaME/01_PhaME/03_workdir_jasicida/files/Vibrio_cionasavignyae_JAMM2507.fna 2>/dev/null
[RUNNING:] show-coords -r -I 97 -L 75 -T seq_seq2902583.delta | awk '$1 != $3 || $2 != $4 && $8==$9 {print}' > seq_seq2902583.coords

Running self-nucmer on /data/djs217/PROJECTS/56_Vibrio_phaME/01_PhaME/03_workdir_jasicida/files/Vibrio_rhodolitus_G98.fna
[RUNNING:] nucmer --maxmatch --nosimplify --prefix=seq_seq2902707 /data/djs217/PROJECTS/56_Vibrio_phaME/01_PhaME/03_workdir_jasicida/files/Vibrio_rhodolitus_G98.fna /data/djs217/PROJECTS/56_Vibrio_phaME/01_PhaME/03_workdir_jasicida/files/Vibrio_rhodolitus_G98.fna 2>/dev/null
[RUNNING:] show-coords -r -I 97 -L 75 -T seq_seq2902707.delta | awk '$1 != $3 || $2 != $4 && $8==$9 {print}' > seq_seq2902707.coords

Running self-nucmer on /data/djs217/PROJECTS/56_Vibrio_phaME/01_PhaME/03_workdir_jasicida/files/Vibrio_azureus_LC2_005.fna
[RUNNING:] nucmer --maxmatch --nosimplify --prefix=seq_seq2902808 /data/djs217/PROJECTS/56_Vibrio_phaME/01_PhaME/03_workdir_jasicida/files/Vibrio_azureus_LC2_005.fna /data/djs217/PROJECTS/56_Vibrio_phaME/01_PhaME/03_workdir_jasicida/files/Vibrio_azureus_LC2_005.fna 2>/dev/null
[RUNNING:] show-coords -r -I 97 -L 75 -T seq_seq2902808.delta | awk '$1 != $3 || $2 != $4 && $8==$9 {print}' > seq_seq2902808.coords

Running self-nucmer on /data/djs217/PROJECTS/56_Vibrio_phaME/01_PhaME/03_workdir_jasicida/files/Vibrio_cyclitrophicus_LMG_21359.fna
[RUNNING:] nucmer --maxmatch --nosimplify --prefix=seq_seq2902974 /data/djs217/PROJECTS/56_Vibrio_phaME/01_PhaME/03_workdir_jasicida/files/Vibrio_cyclitrophicus_LMG_21359.fna /data/djs217/PROJECTS/56_Vibrio_phaME/01_PhaME/03_workdir_jasicida/files/Vibrio_cyclitrophicus_LMG_21359.fna 2>/dev/null
[RUNNING:] show-coords -r -I 97 -L 75 -T seq_seq2902974.delta | awk '$1 != $3 || $2 != $4 && $8==$9 {print}' > seq_seq2902974.coords

Running self-nucmer on /data/djs217/PROJECTS/56_Vibrio_phaME/01_PhaME/03_workdir_jasicida/files/11813_EXE_01_2025_M_PBC74148_final.fna
[RUNNING:] nucmer --maxmatch --nosimplify --prefix=seq_seq2903091 /data/djs217/PROJECTS/56_Vibrio_phaME/01_PhaME/03_workdir_jasicida/files/11813_EXE_01_2025_M_PBC74148_final.fna /data/djs217/PROJECTS/56_Vibrio_phaME/01_PhaME/03_workdir_jasicida/files/11813_EXE_01_2025_M_PBC74148_final.fna 2>/dev/null
[RUNNING:] show-coords -r -I 97 -L 75 -T seq_seq2903091.delta | awk '$1 != $3 || $2 != $4 && $8==$9 {print}' > seq_seq2903091.coords

Running self-nucmer on /data/djs217/PROJECTS/56_Vibrio_phaME/01_PhaME/03_workdir_jasicida/files/Vibrio_renipiscarius_DCR_1_4_2.fna
[RUNNING:] nucmer --maxmatch --nosimplify --prefix=seq_seq2903142 /data/djs217/PROJECTS/56_Vibrio_phaME/01_PhaME/03_workdir_jasicida/files/Vibrio_renipiscarius_DCR_1_4_2.fna /data/djs217/PROJECTS/56_Vibrio_phaME/01_PhaME/03_workdir_jasicida/files/Vibrio_renipiscarius_DCR_1_4_2.fna 2>/dev/null
[RUNNING:] show-coords -r -I 97 -L 75 -T seq_seq2903142.delta | awk '$1 != $3 || $2 != $4 && $8==$9 {print}' > seq_seq2903142.coords

Running self-nucmer on /data/djs217/PROJECTS/56_Vibrio_phaME/01_PhaME/03_workdir_jasicida/files/11813_EXE_05_2024_A_PBC74148_final.fna
[RUNNING:] nucmer --maxmatch --nosimplify --prefix=seq_seq2903235 /data/djs217/PROJECTS/56_Vibrio_phaME/01_PhaME/03_workdir_jasicida/files/11813_EXE_05_2024_A_PBC74148_final.fna /data/djs217/PROJECTS/56_Vibrio_phaME/01_PhaME/03_workdir_jasicida/files/11813_EXE_05_2024_A_PBC74148_final.fna 2>/dev/null
[RUNNING:] show-coords -r -I 97 -L 75 -T seq_seq2903235.delta | awk '$1 != $3 || $2 != $4 && $8==$9 {print}' > seq_seq2903235.coords

Running self-nucmer on /data/djs217/PROJECTS/56_Vibrio_phaME/01_PhaME/03_workdir_jasicida/files/Vibrio_profundi_TP187.fna
[RUNNING:] nucmer --maxmatch --nosimplify --prefix=seq_seq2903385 /data/djs217/PROJECTS/56_Vibrio_phaME/01_PhaME/03_workdir_jasicida/files/Vibrio_profundi_TP187.fna /data/djs217/PROJECTS/56_Vibrio_phaME/01_PhaME/03_workdir_jasicida/files/Vibrio_profundi_TP187.fna 2>/dev/null
[RUNNING:] show-coords -r -I 97 -L 75 -T seq_seq2903385.delta | awk '$1 != $3 || $2 != $4 && $8==$9 {print}' > seq_seq2903385.coords

Running self-nucmer on /data/djs217/PROJECTS/56_Vibrio_phaME/01_PhaME/03_workdir_jasicida/files/EXE_32_2024_G_final.fna
[RUNNING:] nucmer --maxmatch --nosimplify --prefix=seq_seq2903468 /data/djs217/PROJECTS/56_Vibrio_phaME/01_PhaME/03_workdir_jasicida/files/EXE_32_2024_G_final.fna /data/djs217/PROJECTS/56_Vibrio_phaME/01_PhaME/03_workdir_jasicida/files/EXE_32_2024_G_final.fna 2>/dev/null
[RUNNING:] show-coords -r -I 97 -L 75 -T seq_seq2903468.delta | awk '$1 != $3 || $2 != $4 && $8==$9 {print}' > seq_seq2903468.coords

Running self-nucmer on /data/djs217/PROJECTS/56_Vibrio_phaME/01_PhaME/03_workdir_jasicida/files/Vibrio_ouci_BEI176.fna
[RUNNING:] nucmer --maxmatch --nosimplify --prefix=seq_seq2903591 /data/djs217/PROJECTS/56_Vibrio_phaME/01_PhaME/03_workdir_jasicida/files/Vibrio_ouci_BEI176.fna /data/djs217/PROJECTS/56_Vibrio_phaME/01_PhaME/03_workdir_jasicida/files/Vibrio_ouci_BEI176.fna 2>/dev/null
[RUNNING:] show-coords -r -I 97 -L 75 -T seq_seq2903591.delta | awk '$1 != $3 || $2 != $4 && $8==$9 {print}' > seq_seq2903591.coords

Running self-nucmer on /data/djs217/PROJECTS/56_Vibrio_phaME/01_PhaME/03_workdir_jasicida/files/11813_EXE_27_2025_A_PBC74148_final.fna
[RUNNING:] nucmer --maxmatch --nosimplify --prefix=seq_seq2903848 /data/djs217/PROJECTS/56_Vibrio_phaME/01_PhaME/03_workdir_jasicida/files/11813_EXE_27_2025_A_PBC74148_final.fna /data/djs217/PROJECTS/56_Vibrio_phaME/01_PhaME/03_workdir_jasicida/files/11813_EXE_27_2025_A_PBC74148_final.fna 2>/dev/null
[RUNNING:] show-coords -r -I 97 -L 75 -T seq_seq2903848.delta | awk '$1 != $3 || $2 != $4 && $8==$9 {print}' > seq_seq2903848.coords

Running self-nucmer on /data/djs217/PROJECTS/56_Vibrio_phaME/01_PhaME/03_workdir_jasicida/files/Vibrio_thalassae_KCTC_32373.fna
[RUNNING:] nucmer --maxmatch --nosimplify --prefix=seq_seq2903987 /data/djs217/PROJECTS/56_Vibrio_phaME/01_PhaME/03_workdir_jasicida/files/Vibrio_thalassae_KCTC_32373.fna /data/djs217/PROJECTS/56_Vibrio_phaME/01_PhaME/03_workdir_jasicida/files/Vibrio_thalassae_KCTC_32373.fna 2>/dev/null
[RUNNING:] show-coords -r -I 97 -L 75 -T seq_seq2903987.delta | awk '$1 != $3 || $2 != $4 && $8==$9 {print}' > seq_seq2903987.coords

Running self-nucmer on /data/djs217/PROJECTS/56_Vibrio_phaME/01_PhaME/03_workdir_jasicida/files/Vibrio_ezurae_HDS1_1.fna
[RUNNING:] nucmer --maxmatch --nosimplify --prefix=seq_seq2904303 /data/djs217/PROJECTS/56_Vibrio_phaME/01_PhaME/03_workdir_jasicida/files/Vibrio_ezurae_HDS1_1.fna /data/djs217/PROJECTS/56_Vibrio_phaME/01_PhaME/03_workdir_jasicida/files/Vibrio_ezurae_HDS1_1.fna 2>/dev/null
[RUNNING:] show-coords -r -I 97 -L 75 -T seq_seq2904303.delta | awk '$1 != $3 || $2 != $4 && $8==$9 {print}' > seq_seq2904303.coords

Running self-nucmer on /data/djs217/PROJECTS/56_Vibrio_phaME/01_PhaME/03_workdir_jasicida/files/Vibrio_chaetopteri_CB1_14.fna
[RUNNING:] nucmer --maxmatch --nosimplify --prefix=seq_seq2904365 /data/djs217/PROJECTS/56_Vibrio_phaME/01_PhaME/03_workdir_jasicida/files/Vibrio_chaetopteri_CB1_14.fna /data/djs217/PROJECTS/56_Vibrio_phaME/01_PhaME/03_workdir_jasicida/files/Vibrio_chaetopteri_CB1_14.fna 2>/dev/null
[RUNNING:] show-coords -r -I 97 -L 75 -T seq_seq2904365.delta | awk '$1 != $3 || $2 != $4 && $8==$9 {print}' > seq_seq2904365.coords

Running self-nucmer on /data/djs217/PROJECTS/56_Vibrio_phaME/01_PhaME/03_workdir_jasicida/files/Vibrio_atlanticus_CECT_7223.fna
[RUNNING:] nucmer --maxmatch --nosimplify --prefix=seq_seq2904458 /data/djs217/PROJECTS/56_Vibrio_phaME/01_PhaME/03_workdir_jasicida/files/Vibrio_atlanticus_CECT_7223.fna /data/djs217/PROJECTS/56_Vibrio_phaME/01_PhaME/03_workdir_jasicida/files/Vibrio_atlanticus_CECT_7223.fna 2>/dev/null
[RUNNING:] show-coords -r -I 97 -L 75 -T seq_seq2904458.delta | awk '$1 != $3 || $2 != $4 && $8==$9 {print}' > seq_seq2904458.coords

Running self-nucmer on /data/djs217/PROJECTS/56_Vibrio_phaME/01_PhaME/03_workdir_jasicida/files/EXE_03_2025_A_final.fna
[RUNNING:] nucmer --maxmatch --nosimplify --prefix=seq_seq2904599 /data/djs217/PROJECTS/56_Vibrio_phaME/01_PhaME/03_workdir_jasicida/files/EXE_03_2025_A_final.fna /data/djs217/PROJECTS/56_Vibrio_phaME/01_PhaME/03_workdir_jasicida/files/EXE_03_2025_A_final.fna 2>/dev/null
[RUNNING:] show-coords -r -I 97 -L 75 -T seq_seq2904599.delta | awk '$1 != $3 || $2 != $4 && $8==$9 {print}' > seq_seq2904599.coords

Running self-nucmer on /data/djs217/PROJECTS/56_Vibrio_phaME/01_PhaME/03_workdir_jasicida/files/Vibrio_gigantis_LMG_22741.fna
[RUNNING:] nucmer --maxmatch --nosimplify --prefix=seq_seq2904698 /data/djs217/PROJECTS/56_Vibrio_phaME/01_PhaME/03_workdir_jasicida/files/Vibrio_gigantis_LMG_22741.fna /data/djs217/PROJECTS/56_Vibrio_phaME/01_PhaME/03_workdir_jasicida/files/Vibrio_gigantis_LMG_22741.fna 2>/dev/null
[RUNNING:] show-coords -r -I 97 -L 75 -T seq_seq2904698.delta | awk '$1 != $3 || $2 != $4 && $8==$9 {print}' > seq_seq2904698.coords

Running self-nucmer on /data/djs217/PROJECTS/56_Vibrio_phaME/01_PhaME/03_workdir_jasicida/files/EXE_23_2025_L_final.fna
[RUNNING:] nucmer --maxmatch --nosimplify --prefix=seq_seq2904812 /data/djs217/PROJECTS/56_Vibrio_phaME/01_PhaME/03_workdir_jasicida/files/EXE_23_2025_L_final.fna /data/djs217/PROJECTS/56_Vibrio_phaME/01_PhaME/03_workdir_jasicida/files/EXE_23_2025_L_final.fna 2>/dev/null
[RUNNING:] show-coords -r -I 97 -L 75 -T seq_seq2904812.delta | awk '$1 != $3 || $2 != $4 && $8==$9 {print}' > seq_seq2904812.coords

Running self-nucmer on /data/djs217/PROJECTS/56_Vibrio_phaME/01_PhaME/03_workdir_jasicida/files/Vibrio_gallicus_CIP_107863.fna
[RUNNING:] nucmer --maxmatch --nosimplify --prefix=seq_seq2904942 /data/djs217/PROJECTS/56_Vibrio_phaME/01_PhaME/03_workdir_jasicida/files/Vibrio_gallicus_CIP_107863.fna /data/djs217/PROJECTS/56_Vibrio_phaME/01_PhaME/03_workdir_jasicida/files/Vibrio_gallicus_CIP_107863.fna 2>/dev/null
[RUNNING:] show-coords -r -I 97 -L 75 -T seq_seq2904942.delta | awk '$1 != $3 || $2 != $4 && $8==$9 {print}' > seq_seq2904942.coords

Running self-nucmer on /data/djs217/PROJECTS/56_Vibrio_phaME/01_PhaME/03_workdir_jasicida/files/EXE09_2023D7_unicycler.fna
[RUNNING:] nucmer --maxmatch --nosimplify --prefix=seq_seq2905004 /data/djs217/PROJECTS/56_Vibrio_phaME/01_PhaME/03_workdir_jasicida/files/EXE09_2023D7_unicycler.fna /data/djs217/PROJECTS/56_Vibrio_phaME/01_PhaME/03_workdir_jasicida/files/EXE09_2023D7_unicycler.fna 2>/dev/null
[RUNNING:] show-coords -r -I 97 -L 75 -T seq_seq2905004.delta | awk '$1 != $3 || $2 != $4 && $8==$9 {print}' > seq_seq2905004.coords

Running self-nucmer on /data/djs217/PROJECTS/56_Vibrio_phaME/01_PhaME/03_workdir_jasicida/files/Vibrio_penaeicida_IFO_15640.fna
[RUNNING:] nucmer --maxmatch --nosimplify --prefix=seq_seq2905074 /data/djs217/PROJECTS/56_Vibrio_phaME/01_PhaME/03_workdir_jasicida/files/Vibrio_penaeicida_IFO_15640.fna /data/djs217/PROJECTS/56_Vibrio_phaME/01_PhaME/03_workdir_jasicida/files/Vibrio_penaeicida_IFO_15640.fna 2>/dev/null
[RUNNING:] show-coords -r -I 97 -L 75 -T seq_seq2905074.delta | awk '$1 != $3 || $2 != $4 && $8==$9 {print}' > seq_seq2905074.coords

Running self-nucmer on /data/djs217/PROJECTS/56_Vibrio_phaME/01_PhaME/03_workdir_jasicida/files/Vibrio_toranzoniae_CECT_7225.fna
[RUNNING:] nucmer --maxmatch --nosimplify --prefix=seq_seq2905176 /data/djs217/PROJECTS/56_Vibrio_phaME/01_PhaME/03_workdir_jasicida/files/Vibrio_toranzoniae_CECT_7225.fna /data/djs217/PROJECTS/56_Vibrio_phaME/01_PhaME/03_workdir_jasicida/files/Vibrio_toranzoniae_CECT_7225.fna 2>/dev/null
[RUNNING:] show-coords -r -I 97 -L 75 -T seq_seq2905176.delta | awk '$1 != $3 || $2 != $4 && $8==$9 {print}' > seq_seq2905176.coords

Running self-nucmer on /data/djs217/PROJECTS/56_Vibrio_phaME/01_PhaME/03_workdir_jasicida/files/Vibrio_hyugaensis_090810a.fna
[RUNNING:] nucmer --maxmatch --nosimplify --prefix=seq_seq2905296 /data/djs217/PROJECTS/56_Vibrio_phaME/01_PhaME/03_workdir_jasicida/files/Vibrio_hyugaensis_090810a.fna /data/djs217/PROJECTS/56_Vibrio_phaME/01_PhaME/03_workdir_jasicida/files/Vibrio_hyugaensis_090810a.fna 2>/dev/null
[RUNNING:] show-coords -r -I 97 -L 75 -T seq_seq2905296.delta | awk '$1 != $3 || $2 != $4 && $8==$9 {print}' > seq_seq2905296.coords

Running self-nucmer on /data/djs217/PROJECTS/56_Vibrio_phaME/01_PhaME/03_workdir_jasicida/files/Vibrio_wakamikoensis_JAMM2464.fna
[RUNNING:] nucmer --maxmatch --nosimplify --prefix=seq_seq2905413 /data/djs217/PROJECTS/56_Vibrio_phaME/01_PhaME/03_workdir_jasicida/files/Vibrio_wakamikoensis_JAMM2464.fna /data/djs217/PROJECTS/56_Vibrio_phaME/01_PhaME/03_workdir_jasicida/files/Vibrio_wakamikoensis_JAMM2464.fna 2>/dev/null
[RUNNING:] show-coords -r -I 97 -L 75 -T seq_seq2905413.delta | awk '$1 != $3 || $2 != $4 && $8==$9 {print}' > seq_seq2905413.coords

Running self-nucmer on /data/djs217/PROJECTS/56_Vibrio_phaME/01_PhaME/03_workdir_jasicida/files/EXE_15_2024_J_unicycler.fna
[RUNNING:] nucmer --maxmatch --nosimplify --prefix=seq_seq2905497 /data/djs217/PROJECTS/56_Vibrio_phaME/01_PhaME/03_workdir_jasicida/files/EXE_15_2024_J_unicycler.fna /data/djs217/PROJECTS/56_Vibrio_phaME/01_PhaME/03_workdir_jasicida/files/EXE_15_2024_J_unicycler.fna 2>/dev/null
[RUNNING:] show-coords -r -I 97 -L 75 -T seq_seq2905497.delta | awk '$1 != $3 || $2 != $4 && $8==$9 {print}' > seq_seq2905497.coords

Running self-nucmer on /data/djs217/PROJECTS/56_Vibrio_phaME/01_PhaME/03_workdir_jasicida/files/Vibrio_parahaemolyticus_ATCC_17802.fna
[RUNNING:] nucmer --maxmatch --nosimplify --prefix=seq_seq2905593 /data/djs217/PROJECTS/56_Vibrio_phaME/01_PhaME/03_workdir_jasicida/files/Vibrio_parahaemolyticus_ATCC_17802.fna /data/djs217/PROJECTS/56_Vibrio_phaME/01_PhaME/03_workdir_jasicida/files/Vibrio_parahaemolyticus_ATCC_17802.fna 2>/dev/null
[RUNNING:] show-coords -r -I 97 -L 75 -T seq_seq2905593.delta | awk '$1 != $3 || $2 != $4 && $8==$9 {print}' > seq_seq2905593.coords

Running self-nucmer on /data/djs217/PROJECTS/56_Vibrio_phaME/01_PhaME/03_workdir_jasicida/files/11813_EXE_34_2024_P_PBC74148_final.fna
[RUNNING:] nucmer --maxmatch --nosimplify --prefix=seq_seq2905680 /data/djs217/PROJECTS/56_Vibrio_phaME/01_PhaME/03_workdir_jasicida/files/11813_EXE_34_2024_P_PBC74148_final.fna /data/djs217/PROJECTS/56_Vibrio_phaME/01_PhaME/03_workdir_jasicida/files/11813_EXE_34_2024_P_PBC74148_final.fna 2>/dev/null
[RUNNING:] show-coords -r -I 97 -L 75 -T seq_seq2905680.delta | awk '$1 != $3 || $2 != $4 && $8==$9 {print}' > seq_seq2905680.coords

Running self-nucmer on /data/djs217/PROJECTS/56_Vibrio_phaME/01_PhaME/03_workdir_jasicida/files/Vibrio_jasicida_CAIM_1864.fna
[RUNNING:] nucmer --maxmatch --nosimplify --prefix=seq_seq2905759 /data/djs217/PROJECTS/56_Vibrio_phaME/01_PhaME/03_workdir_jasicida/files/Vibrio_jasicida_CAIM_1864.fna /data/djs217/PROJECTS/56_Vibrio_phaME/01_PhaME/03_workdir_jasicida/files/Vibrio_jasicida_CAIM_1864.fna 2>/dev/null
[RUNNING:] show-coords -r -I 97 -L 75 -T seq_seq2905759.delta | awk '$1 != $3 || $2 != $4 && $8==$9 {print}' > seq_seq2905759.coords

Running self-nucmer on /data/djs217/PROJECTS/56_Vibrio_phaME/01_PhaME/03_workdir_jasicida/files/Vibrio_aquimaris_THAF100.fna
[RUNNING:] nucmer --maxmatch --nosimplify --prefix=seq_seq2905890 /data/djs217/PROJECTS/56_Vibrio_phaME/01_PhaME/03_workdir_jasicida/files/Vibrio_aquimaris_THAF100.fna /data/djs217/PROJECTS/56_Vibrio_phaME/01_PhaME/03_workdir_jasicida/files/Vibrio_aquimaris_THAF100.fna 2>/dev/null
[RUNNING:] show-coords -r -I 97 -L 75 -T seq_seq2905890.delta | awk '$1 != $3 || $2 != $4 && $8==$9 {print}' > seq_seq2905890.coords

Running self-nucmer on /data/djs217/PROJECTS/56_Vibrio_phaME/01_PhaME/03_workdir_jasicida/files/Vibrio_vulnificus_2142_77.fna
[RUNNING:] nucmer --maxmatch --nosimplify --prefix=seq_seq2905971 /data/djs217/PROJECTS/56_Vibrio_phaME/01_PhaME/03_workdir_jasicida/files/Vibrio_vulnificus_2142_77.fna /data/djs217/PROJECTS/56_Vibrio_phaME/01_PhaME/03_workdir_jasicida/files/Vibrio_vulnificus_2142_77.fna 2>/dev/null
[RUNNING:] show-coords -r -I 97 -L 75 -T seq_seq2905971.delta | awk '$1 != $3 || $2 != $4 && $8==$9 {print}' > seq_seq2905971.coords

Running self-nucmer on /data/djs217/PROJECTS/56_Vibrio_phaME/01_PhaME/03_workdir_jasicida/files/11813_EXE_33_2024_C_PBC74148_final.fna
[RUNNING:] nucmer --maxmatch --nosimplify --prefix=seq_seq2906140 /data/djs217/PROJECTS/56_Vibrio_phaME/01_PhaME/03_workdir_jasicida/files/11813_EXE_33_2024_C_PBC74148_final.fna /data/djs217/PROJECTS/56_Vibrio_phaME/01_PhaME/03_workdir_jasicida/files/11813_EXE_33_2024_C_PBC74148_final.fna 2>/dev/null
[RUNNING:] show-coords -r -I 97 -L 75 -T seq_seq2906140.delta | awk '$1 != $3 || $2 != $4 && $8==$9 {print}' > seq_seq2906140.coords

Running self-nucmer on /data/djs217/PROJECTS/56_Vibrio_phaME/01_PhaME/03_workdir_jasicida/files/Vibrio_tritonius_JCM_16456.fna
[RUNNING:] nucmer --maxmatch --nosimplify --prefix=seq_seq2906239 /data/djs217/PROJECTS/56_Vibrio_phaME/01_PhaME/03_workdir_jasicida/files/Vibrio_tritonius_JCM_16456.fna /data/djs217/PROJECTS/56_Vibrio_phaME/01_PhaME/03_workdir_jasicida/files/Vibrio_tritonius_JCM_16456.fna 2>/dev/null
[RUNNING:] show-coords -r -I 97 -L 75 -T seq_seq2906239.delta | awk '$1 != $3 || $2 != $4 && $8==$9 {print}' > seq_seq2906239.coords

Running self-nucmer on /data/djs217/PROJECTS/56_Vibrio_phaME/01_PhaME/03_workdir_jasicida/files/EXE_20_2025_B_final.fna
[RUNNING:] nucmer --maxmatch --nosimplify --prefix=seq_seq2906374 /data/djs217/PROJECTS/56_Vibrio_phaME/01_PhaME/03_workdir_jasicida/files/EXE_20_2025_B_final.fna /data/djs217/PROJECTS/56_Vibrio_phaME/01_PhaME/03_workdir_jasicida/files/EXE_20_2025_B_final.fna 2>/dev/null
[RUNNING:] show-coords -r -I 97 -L 75 -T seq_seq2906374.delta | awk '$1 != $3 || $2 != $4 && $8==$9 {print}' > seq_seq2906374.coords

Running self-nucmer on /data/djs217/PROJECTS/56_Vibrio_phaME/01_PhaME/03_workdir_jasicida/files/EXE10_2023G3_unicycler.fna
[RUNNING:] nucmer --maxmatch --nosimplify --prefix=seq_seq2906471 /data/djs217/PROJECTS/56_Vibrio_phaME/01_PhaME/03_workdir_jasicida/files/EXE10_2023G3_unicycler.fna /data/djs217/PROJECTS/56_Vibrio_phaME/01_PhaME/03_workdir_jasicida/files/EXE10_2023G3_unicycler.fna 2>/dev/null
[RUNNING:] show-coords -r -I 97 -L 75 -T seq_seq2906471.delta | awk '$1 != $3 || $2 != $4 && $8==$9 {print}' > seq_seq2906471.coords

Running self-nucmer on /data/djs217/PROJECTS/56_Vibrio_phaME/01_PhaME/03_workdir_jasicida/files/Vibrio_ostreae_OG9_811.fna
[RUNNING:] nucmer --maxmatch --nosimplify --prefix=seq_seq2906559 /data/djs217/PROJECTS/56_Vibrio_phaME/01_PhaME/03_workdir_jasicida/files/Vibrio_ostreae_OG9_811.fna /data/djs217/PROJECTS/56_Vibrio_phaME/01_PhaME/03_workdir_jasicida/files/Vibrio_ostreae_OG9_811.fna 2>/dev/null
[RUNNING:] show-coords -r -I 97 -L 75 -T seq_seq2906559.delta | awk '$1 != $3 || $2 != $4 && $8==$9 {print}' > seq_seq2906559.coords

Running self-nucmer on /data/djs217/PROJECTS/56_Vibrio_phaME/01_PhaME/03_workdir_jasicida/files/Vibrio_nomapromontoriensis_JAMM1728.fna
[RUNNING:] nucmer --maxmatch --nosimplify --prefix=seq_seq2906637 /data/djs217/PROJECTS/56_Vibrio_phaME/01_PhaME/03_workdir_jasicida/files/Vibrio_nomapromontoriensis_JAMM1728.fna /data/djs217/PROJECTS/56_Vibrio_phaME/01_PhaME/03_workdir_jasicida/files/Vibrio_nomapromontoriensis_JAMM1728.fna 2>/dev/null
[RUNNING:] show-coords -r -I 97 -L 75 -T seq_seq2906637.delta | awk '$1 != $3 || $2 != $4 && $8==$9 {print}' > seq_seq2906637.coords

Running self-nucmer on /data/djs217/PROJECTS/56_Vibrio_phaME/01_PhaME/03_workdir_jasicida/files/EXE07_2023A1_unicycler.fna
[RUNNING:] nucmer --maxmatch --nosimplify --prefix=seq_seq2906761 /data/djs217/PROJECTS/56_Vibrio_phaME/01_PhaME/03_workdir_jasicida/files/EXE07_2023A1_unicycler.fna /data/djs217/PROJECTS/56_Vibrio_phaME/01_PhaME/03_workdir_jasicida/files/EXE07_2023A1_unicycler.fna 2>/dev/null
[RUNNING:] show-coords -r -I 97 -L 75 -T seq_seq2906761.delta | awk '$1 != $3 || $2 != $4 && $8==$9 {print}' > seq_seq2906761.coords

Running self-nucmer on /data/djs217/PROJECTS/56_Vibrio_phaME/01_PhaME/03_workdir_jasicida/files/Vibrio_brasiliensis_LMG_20546.fna
[RUNNING:] nucmer --maxmatch --nosimplify --prefix=seq_seq2906832 /data/djs217/PROJECTS/56_Vibrio_phaME/01_PhaME/03_workdir_jasicida/files/Vibrio_brasiliensis_LMG_20546.fna /data/djs217/PROJECTS/56_Vibrio_phaME/01_PhaME/03_workdir_jasicida/files/Vibrio_brasiliensis_LMG_20546.fna 2>/dev/null
[RUNNING:] show-coords -r -I 97 -L 75 -T seq_seq2906832.delta | awk '$1 != $3 || $2 != $4 && $8==$9 {print}' > seq_seq2906832.coords

Running self-nucmer on /data/djs217/PROJECTS/56_Vibrio_phaME/01_PhaME/03_workdir_jasicida/files/Vibrio_splendidus_LMG_19031.fna
[RUNNING:] nucmer --maxmatch --nosimplify --prefix=seq_seq2906944 /data/djs217/PROJECTS/56_Vibrio_phaME/01_PhaME/03_workdir_jasicida/files/Vibrio_splendidus_LMG_19031.fna /data/djs217/PROJECTS/56_Vibrio_phaME/01_PhaME/03_workdir_jasicida/files/Vibrio_splendidus_LMG_19031.fna 2>/dev/null
[RUNNING:] show-coords -r -I 97 -L 75 -T seq_seq2906944.delta | awk '$1 != $3 || $2 != $4 && $8==$9 {print}' > seq_seq2906944.coords

Running self-nucmer on /data/djs217/PROJECTS/56_Vibrio_phaME/01_PhaME/03_workdir_jasicida/files/EXE_13_2025_A_final.fna
[RUNNING:] nucmer --maxmatch --nosimplify --prefix=seq_seq2907058 /data/djs217/PROJECTS/56_Vibrio_phaME/01_PhaME/03_workdir_jasicida/files/EXE_13_2025_A_final.fna /data/djs217/PROJECTS/56_Vibrio_phaME/01_PhaME/03_workdir_jasicida/files/EXE_13_2025_A_final.fna 2>/dev/null
[RUNNING:] show-coords -r -I 97 -L 75 -T seq_seq2907058.delta | awk '$1 != $3 || $2 != $4 && $8==$9 {print}' > seq_seq2907058.coords

Running self-nucmer on /data/djs217/PROJECTS/56_Vibrio_phaME/01_PhaME/03_workdir_jasicida/files/11671_EXE_04_2024_1B1_unicycler.fna
[RUNNING:] nucmer --maxmatch --nosimplify --prefix=seq_seq2907157 /data/djs217/PROJECTS/56_Vibrio_phaME/01_PhaME/03_workdir_jasicida/files/11671_EXE_04_2024_1B1_unicycler.fna /data/djs217/PROJECTS/56_Vibrio_phaME/01_PhaME/03_workdir_jasicida/files/11671_EXE_04_2024_1B1_unicycler.fna 2>/dev/null
[RUNNING:] show-coords -r -I 97 -L 75 -T seq_seq2907157.delta | awk '$1 != $3 || $2 != $4 && $8==$9 {print}' > seq_seq2907157.coords

Running self-nucmer on /data/djs217/PROJECTS/56_Vibrio_phaME/01_PhaME/03_workdir_jasicida/files/Vibrio_coralliilyticus_DSM_19607.fna
[RUNNING:] nucmer --maxmatch --nosimplify --prefix=seq_seq2907254 /data/djs217/PROJECTS/56_Vibrio_phaME/01_PhaME/03_workdir_jasicida/files/Vibrio_coralliilyticus_DSM_19607.fna /data/djs217/PROJECTS/56_Vibrio_phaME/01_PhaME/03_workdir_jasicida/files/Vibrio_coralliilyticus_DSM_19607.fna 2>/dev/null
[RUNNING:] show-coords -r -I 97 -L 75 -T seq_seq2907254.delta | awk '$1 != $3 || $2 != $4 && $8==$9 {print}' > seq_seq2907254.coords

Running self-nucmer on /data/djs217/PROJECTS/56_Vibrio_phaME/01_PhaME/03_workdir_jasicida/files/11671_EXE_23_2024_1_unicycler.fna
[RUNNING:] nucmer --maxmatch --nosimplify --prefix=seq_seq2907355 /data/djs217/PROJECTS/56_Vibrio_phaME/01_PhaME/03_workdir_jasicida/files/11671_EXE_23_2024_1_unicycler.fna /data/djs217/PROJECTS/56_Vibrio_phaME/01_PhaME/03_workdir_jasicida/files/11671_EXE_23_2024_1_unicycler.fna 2>/dev/null
[RUNNING:] show-coords -r -I 97 -L 75 -T seq_seq2907355.delta | awk '$1 != $3 || $2 != $4 && $8==$9 {print}' > seq_seq2907355.coords

Running self-nucmer on /data/djs217/PROJECTS/56_Vibrio_phaME/01_PhaME/03_workdir_jasicida/files/Vibrio_kagoshimensis_JAMM0761.fna
[RUNNING:] nucmer --maxmatch --nosimplify --prefix=seq_seq2907454 /data/djs217/PROJECTS/56_Vibrio_phaME/01_PhaME/03_workdir_jasicida/files/Vibrio_kagoshimensis_JAMM0761.fna /data/djs217/PROJECTS/56_Vibrio_phaME/01_PhaME/03_workdir_jasicida/files/Vibrio_kagoshimensis_JAMM0761.fna 2>/dev/null
[RUNNING:] show-coords -r -I 97 -L 75 -T seq_seq2907454.delta | awk '$1 != $3 || $2 != $4 && $8==$9 {print}' > seq_seq2907454.coords

Running self-nucmer on /data/djs217/PROJECTS/56_Vibrio_phaME/01_PhaME/03_workdir_jasicida/files/11813_EXE_13_2025_P_PBC74148_final.fna
[RUNNING:] nucmer --maxmatch --nosimplify --prefix=seq_seq2907601 /data/djs217/PROJECTS/56_Vibrio_phaME/01_PhaME/03_workdir_jasicida/files/11813_EXE_13_2025_P_PBC74148_final.fna /data/djs217/PROJECTS/56_Vibrio_phaME/01_PhaME/03_workdir_jasicida/files/11813_EXE_13_2025_P_PBC74148_final.fna 2>/dev/null
[RUNNING:] show-coords -r -I 97 -L 75 -T seq_seq2907601.delta | awk '$1 != $3 || $2 != $4 && $8==$9 {print}' > seq_seq2907601.coords

Running self-nucmer on /data/djs217/PROJECTS/56_Vibrio_phaME/01_PhaME/03_workdir_jasicida/files/Vibrio_agarilyticus_SM6.fna
[RUNNING:] nucmer --maxmatch --nosimplify --prefix=seq_seq2907721 /data/djs217/PROJECTS/56_Vibrio_phaME/01_PhaME/03_workdir_jasicida/files/Vibrio_agarilyticus_SM6.fna /data/djs217/PROJECTS/56_Vibrio_phaME/01_PhaME/03_workdir_jasicida/files/Vibrio_agarilyticus_SM6.fna 2>/dev/null
[RUNNING:] show-coords -r -I 97 -L 75 -T seq_seq2907721.delta | awk '$1 != $3 || $2 != $4 && $8==$9 {print}' > seq_seq2907721.coords

Running self-nucmer on /data/djs217/PROJECTS/56_Vibrio_phaME/01_PhaME/03_workdir_jasicida/files/Vibrio_tarriae_2521_89.fna
[RUNNING:] nucmer --maxmatch --nosimplify --prefix=seq_seq2907848 /data/djs217/PROJECTS/56_Vibrio_phaME/01_PhaME/03_workdir_jasicida/files/Vibrio_tarriae_2521_89.fna /data/djs217/PROJECTS/56_Vibrio_phaME/01_PhaME/03_workdir_jasicida/files/Vibrio_tarriae_2521_89.fna 2>/dev/null
[RUNNING:] show-coords -r -I 97 -L 75 -T seq_seq2907848.delta | awk '$1 != $3 || $2 != $4 && $8==$9 {print}' > seq_seq2907848.coords

Running self-nucmer on /data/djs217/PROJECTS/56_Vibrio_phaME/01_PhaME/03_workdir_jasicida/files/Vibrio_alginolyticus_ATCC_17749.fna
[RUNNING:] nucmer --maxmatch --nosimplify --prefix=seq_seq2907988 /data/djs217/PROJECTS/56_Vibrio_phaME/01_PhaME/03_workdir_jasicida/files/Vibrio_alginolyticus_ATCC_17749.fna /data/djs217/PROJECTS/56_Vibrio_phaME/01_PhaME/03_workdir_jasicida/files/Vibrio_alginolyticus_ATCC_17749.fna 2>/dev/null
[RUNNING:] show-coords -r -I 97 -L 75 -T seq_seq2907988.delta | awk '$1 != $3 || $2 != $4 && $8==$9 {print}' > seq_seq2907988.coords

Running self-nucmer on /data/djs217/PROJECTS/56_Vibrio_phaME/01_PhaME/03_workdir_jasicida/files/11813_EXE_28_2025_A_PBC74148_final.fna
[RUNNING:] nucmer --maxmatch --nosimplify --prefix=seq_seq2908071 /data/djs217/PROJECTS/56_Vibrio_phaME/01_PhaME/03_workdir_jasicida/files/11813_EXE_28_2025_A_PBC74148_final.fna /data/djs217/PROJECTS/56_Vibrio_phaME/01_PhaME/03_workdir_jasicida/files/11813_EXE_28_2025_A_PBC74148_final.fna 2>/dev/null
[RUNNING:] show-coords -r -I 97 -L 75 -T seq_seq2908071.delta | awk '$1 != $3 || $2 != $4 && $8==$9 {print}' > seq_seq2908071.coords

Running self-nucmer on /data/djs217/PROJECTS/56_Vibrio_phaME/01_PhaME/03_workdir_jasicida/files/Vibrio_bathopelagicus_Sal10.fna
[RUNNING:] nucmer --maxmatch --nosimplify --prefix=seq_seq2908206 /data/djs217/PROJECTS/56_Vibrio_phaME/01_PhaME/03_workdir_jasicida/files/Vibrio_bathopelagicus_Sal10.fna /data/djs217/PROJECTS/56_Vibrio_phaME/01_PhaME/03_workdir_jasicida/files/Vibrio_bathopelagicus_Sal10.fna 2>/dev/null
[RUNNING:] show-coords -r -I 97 -L 75 -T seq_seq2908206.delta | awk '$1 != $3 || $2 != $4 && $8==$9 {print}' > seq_seq2908206.coords

Running self-nucmer on /data/djs217/PROJECTS/56_Vibrio_phaME/01_PhaME/03_workdir_jasicida/files/Vibrio_comitans_LMG_23416.fna
[RUNNING:] nucmer --maxmatch --nosimplify --prefix=seq_seq2908367 /data/djs217/PROJECTS/56_Vibrio_phaME/01_PhaME/03_workdir_jasicida/files/Vibrio_comitans_LMG_23416.fna /data/djs217/PROJECTS/56_Vibrio_phaME/01_PhaME/03_workdir_jasicida/files/Vibrio_comitans_LMG_23416.fna 2>/dev/null
[RUNNING:] show-coords -r -I 97 -L 75 -T seq_seq2908367.delta | awk '$1 != $3 || $2 != $4 && $8==$9 {print}' > seq_seq2908367.coords

Running self-nucmer on /data/djs217/PROJECTS/56_Vibrio_phaME/01_PhaME/03_workdir_jasicida/files/Vibrio_ruber_CECT_7878.fna
[RUNNING:] nucmer --maxmatch --nosimplify --prefix=seq_seq2908445 /data/djs217/PROJECTS/56_Vibrio_phaME/01_PhaME/03_workdir_jasicida/files/Vibrio_ruber_CECT_7878.fna /data/djs217/PROJECTS/56_Vibrio_phaME/01_PhaME/03_workdir_jasicida/files/Vibrio_ruber_CECT_7878.fna 2>/dev/null
[RUNNING:] show-coords -r -I 97 -L 75 -T seq_seq2908445.delta | awk '$1 != $3 || $2 != $4 && $8==$9 {print}' > seq_seq2908445.coords

Running self-nucmer on /data/djs217/PROJECTS/56_Vibrio_phaME/01_PhaME/03_workdir_jasicida/files/Vibrio_nitrifigilis_NFV_1.fna
[RUNNING:] nucmer --maxmatch --nosimplify --prefix=seq_seq2908536 /data/djs217/PROJECTS/56_Vibrio_phaME/01_PhaME/03_workdir_jasicida/files/Vibrio_nitrifigilis_NFV_1.fna /data/djs217/PROJECTS/56_Vibrio_phaME/01_PhaME/03_workdir_jasicida/files/Vibrio_nitrifigilis_NFV_1.fna 2>/dev/null
[RUNNING:] show-coords -r -I 97 -L 75 -T seq_seq2908536.delta | awk '$1 != $3 || $2 != $4 && $8==$9 {print}' > seq_seq2908536.coords

Running self-nucmer on /data/djs217/PROJECTS/56_Vibrio_phaME/01_PhaME/03_workdir_jasicida/files/Vibrio_hibernica_B1_19.fna
[RUNNING:] nucmer --maxmatch --nosimplify --prefix=seq_seq2908635 /data/djs217/PROJECTS/56_Vibrio_phaME/01_PhaME/03_workdir_jasicida/files/Vibrio_hibernica_B1_19.fna /data/djs217/PROJECTS/56_Vibrio_phaME/01_PhaME/03_workdir_jasicida/files/Vibrio_hibernica_B1_19.fna 2>/dev/null
[RUNNING:] show-coords -r -I 97 -L 75 -T seq_seq2908635.delta | awk '$1 != $3 || $2 != $4 && $8==$9 {print}' > seq_seq2908635.coords

Running self-nucmer on /data/djs217/PROJECTS/56_Vibrio_phaME/01_PhaME/03_workdir_jasicida/files/Vibrio_ponticus_DSM_16217.fna
[RUNNING:] nucmer --maxmatch --nosimplify --prefix=seq_seq2908684 /data/djs217/PROJECTS/56_Vibrio_phaME/01_PhaME/03_workdir_jasicida/files/Vibrio_ponticus_DSM_16217.fna /data/djs217/PROJECTS/56_Vibrio_phaME/01_PhaME/03_workdir_jasicida/files/Vibrio_ponticus_DSM_16217.fna 2>/dev/null
[RUNNING:] show-coords -r -I 97 -L 75 -T seq_seq2908684.delta | awk '$1 != $3 || $2 != $4 && $8==$9 {print}' > seq_seq2908684.coords

Running self-nucmer on /data/djs217/PROJECTS/56_Vibrio_phaME/01_PhaME/03_workdir_jasicida/files/Vibrio_celticus_CECT_7224.fna
[RUNNING:] nucmer --maxmatch --nosimplify --prefix=seq_seq2908772 /data/djs217/PROJECTS/56_Vibrio_phaME/01_PhaME/03_workdir_jasicida/files/Vibrio_celticus_CECT_7224.fna /data/djs217/PROJECTS/56_Vibrio_phaME/01_PhaME/03_workdir_jasicida/files/Vibrio_celticus_CECT_7224.fna 2>/dev/null
[RUNNING:] show-coords -r -I 97 -L 75 -T seq_seq2908772.delta | awk '$1 != $3 || $2 != $4 && $8==$9 {print}' > seq_seq2908772.coords

Running self-nucmer on /data/djs217/PROJECTS/56_Vibrio_phaME/01_PhaME/03_workdir_jasicida/files/11813_EXE_06_2024_E_PBC74148_final.fna
[RUNNING:] nucmer --maxmatch --nosimplify --prefix=seq_seq2908939 /data/djs217/PROJECTS/56_Vibrio_phaME/01_PhaME/03_workdir_jasicida/files/11813_EXE_06_2024_E_PBC74148_final.fna /data/djs217/PROJECTS/56_Vibrio_phaME/01_PhaME/03_workdir_jasicida/files/11813_EXE_06_2024_E_PBC74148_final.fna 2>/dev/null
[RUNNING:] show-coords -r -I 97 -L 75 -T seq_seq2908939.delta | awk '$1 != $3 || $2 != $4 && $8==$9 {print}' > seq_seq2908939.coords

Running self-nucmer on /data/djs217/PROJECTS/56_Vibrio_phaME/01_PhaME/03_workdir_jasicida/files/11671_EXE_02_2024_3B1_unicycler.fna
[RUNNING:] nucmer --maxmatch --nosimplify --prefix=seq_seq2909032 /data/djs217/PROJECTS/56_Vibrio_phaME/01_PhaME/03_workdir_jasicida/files/11671_EXE_02_2024_3B1_unicycler.fna /data/djs217/PROJECTS/56_Vibrio_phaME/01_PhaME/03_workdir_jasicida/files/11671_EXE_02_2024_3B1_unicycler.fna 2>/dev/null
[RUNNING:] show-coords -r -I 97 -L 75 -T seq_seq2909032.delta | awk '$1 != $3 || $2 != $4 && $8==$9 {print}' > seq_seq2909032.coords

Running self-nucmer on /data/djs217/PROJECTS/56_Vibrio_phaME/01_PhaME/03_workdir_jasicida/files/11813_EXE_29_2025_HH_PBC74148_final.fna
[RUNNING:] nucmer --maxmatch --nosimplify --prefix=seq_seq2909132 /data/djs217/PROJECTS/56_Vibrio_phaME/01_PhaME/03_workdir_jasicida/files/11813_EXE_29_2025_HH_PBC74148_final.fna /data/djs217/PROJECTS/56_Vibrio_phaME/01_PhaME/03_workdir_jasicida/files/11813_EXE_29_2025_HH_PBC74148_final.fna 2>/dev/null
[RUNNING:] show-coords -r -I 97 -L 75 -T seq_seq2909132.delta | awk '$1 != $3 || $2 != $4 && $8==$9 {print}' > seq_seq2909132.coords

Running self-nucmer on /data/djs217/PROJECTS/56_Vibrio_phaME/01_PhaME/03_workdir_jasicida/files/Vibrio_harveyi_NCTC12970.fna
[RUNNING:] nucmer --maxmatch --nosimplify --prefix=seq_seq2909191 /data/djs217/PROJECTS/56_Vibrio_phaME/01_PhaME/03_workdir_jasicida/files/Vibrio_harveyi_NCTC12970.fna /data/djs217/PROJECTS/56_Vibrio_phaME/01_PhaME/03_workdir_jasicida/files/Vibrio_harveyi_NCTC12970.fna 2>/dev/null
[RUNNING:] show-coords -r -I 97 -L 75 -T seq_seq2909191.delta | awk '$1 != $3 || $2 != $4 && $8==$9 {print}' > seq_seq2909191.coords

Running self-nucmer on /data/djs217/PROJECTS/56_Vibrio_phaME/01_PhaME/03_workdir_jasicida/files/Vibrio_breoganii_CECT_7222.fna
[RUNNING:] nucmer --maxmatch --nosimplify --prefix=seq_seq2909330 /data/djs217/PROJECTS/56_Vibrio_phaME/01_PhaME/03_workdir_jasicida/files/Vibrio_breoganii_CECT_7222.fna /data/djs217/PROJECTS/56_Vibrio_phaME/01_PhaME/03_workdir_jasicida/files/Vibrio_breoganii_CECT_7222.fna 2>/dev/null
[RUNNING:] show-coords -r -I 97 -L 75 -T seq_seq2909330.delta | awk '$1 != $3 || $2 != $4 && $8==$9 {print}' > seq_seq2909330.coords

Running self-nucmer on /data/djs217/PROJECTS/56_Vibrio_phaME/01_PhaME/03_workdir_jasicida/files/11813_EXE_12_2025_A_PBC74148_final.fna
[RUNNING:] nucmer --maxmatch --nosimplify --prefix=seq_seq2909408 /data/djs217/PROJECTS/56_Vibrio_phaME/01_PhaME/03_workdir_jasicida/files/11813_EXE_12_2025_A_PBC74148_final.fna /data/djs217/PROJECTS/56_Vibrio_phaME/01_PhaME/03_workdir_jasicida/files/11813_EXE_12_2025_A_PBC74148_final.fna 2>/dev/null
[RUNNING:] show-coords -r -I 97 -L 75 -T seq_seq2909408.delta | awk '$1 != $3 || $2 != $4 && $8==$9 {print}' > seq_seq2909408.coords

Running self-nucmer on /data/djs217/PROJECTS/56_Vibrio_phaME/01_PhaME/03_workdir_jasicida/files/Vibrio_glycogenivorans_WXL210.fna
[RUNNING:] nucmer --maxmatch --nosimplify --prefix=seq_seq2909511 /data/djs217/PROJECTS/56_Vibrio_phaME/01_PhaME/03_workdir_jasicida/files/Vibrio_glycogenivorans_WXL210.fna /data/djs217/PROJECTS/56_Vibrio_phaME/01_PhaME/03_workdir_jasicida/files/Vibrio_glycogenivorans_WXL210.fna 2>/dev/null
[RUNNING:] show-coords -r -I 97 -L 75 -T seq_seq2909511.delta | awk '$1 != $3 || $2 != $4 && $8==$9 {print}' > seq_seq2909511.coords

Running self-nucmer on /data/djs217/PROJECTS/56_Vibrio_phaME/01_PhaME/03_workdir_jasicida/files/11813_EXE_32_2024_G_PBC74148_final.fna
[RUNNING:] nucmer --maxmatch --nosimplify --prefix=seq_seq2909669 /data/djs217/PROJECTS/56_Vibrio_phaME/01_PhaME/03_workdir_jasicida/files/11813_EXE_32_2024_G_PBC74148_final.fna /data/djs217/PROJECTS/56_Vibrio_phaME/01_PhaME/03_workdir_jasicida/files/11813_EXE_32_2024_G_PBC74148_final.fna 2>/dev/null
[RUNNING:] show-coords -r -I 97 -L 75 -T seq_seq2909669.delta | awk '$1 != $3 || $2 != $4 && $8==$9 {print}' > seq_seq2909669.coords

Running self-nucmer on /data/djs217/PROJECTS/56_Vibrio_phaME/01_PhaME/03_workdir_jasicida/files/11813_EXE_25_2025_25N_PBC74148_final.fna
[RUNNING:] nucmer --maxmatch --nosimplify --prefix=seq_seq2909771 /data/djs217/PROJECTS/56_Vibrio_phaME/01_PhaME/03_workdir_jasicida/files/11813_EXE_25_2025_25N_PBC74148_final.fna /data/djs217/PROJECTS/56_Vibrio_phaME/01_PhaME/03_workdir_jasicida/files/11813_EXE_25_2025_25N_PBC74148_final.fna 2>/dev/null
[RUNNING:] show-coords -r -I 97 -L 75 -T seq_seq2909771.delta | awk '$1 != $3 || $2 != $4 && $8==$9 {print}' > seq_seq2909771.coords

Running self-nucmer on /data/djs217/PROJECTS/56_Vibrio_phaME/01_PhaME/03_workdir_jasicida/files/11813_EXE_30_2024_G_PBC74148_final.fna
[RUNNING:] nucmer --maxmatch --nosimplify --prefix=seq_seq2909786 /data/djs217/PROJECTS/56_Vibrio_phaME/01_PhaME/03_workdir_jasicida/files/11813_EXE_30_2024_G_PBC74148_final.fna /data/djs217/PROJECTS/56_Vibrio_phaME/01_PhaME/03_workdir_jasicida/files/11813_EXE_30_2024_G_PBC74148_final.fna 2>/dev/null
[RUNNING:] show-coords -r -I 97 -L 75 -T seq_seq2909786.delta | awk '$1 != $3 || $2 != $4 && $8==$9 {print}' > seq_seq2909786.coords

Running self-nucmer on /data/djs217/PROJECTS/56_Vibrio_phaME/01_PhaME/03_workdir_jasicida/files/Vibrio_injensis_M12_1144.fna
[RUNNING:] nucmer --maxmatch --nosimplify --prefix=seq_seq2909905 /data/djs217/PROJECTS/56_Vibrio_phaME/01_PhaME/03_workdir_jasicida/files/Vibrio_injensis_M12_1144.fna /data/djs217/PROJECTS/56_Vibrio_phaME/01_PhaME/03_workdir_jasicida/files/Vibrio_injensis_M12_1144.fna 2>/dev/null
[RUNNING:] show-coords -r -I 97 -L 75 -T seq_seq2909905.delta | awk '$1 != $3 || $2 != $4 && $8==$9 {print}' > seq_seq2909905.coords

Running self-nucmer on /data/djs217/PROJECTS/56_Vibrio_phaME/01_PhaME/03_workdir_jasicida/files/Vibrio_litoralis_DSM_17657.fna
[RUNNING:] nucmer --maxmatch --nosimplify --prefix=seq_seq2909954 /data/djs217/PROJECTS/56_Vibrio_phaME/01_PhaME/03_workdir_jasicida/files/Vibrio_litoralis_DSM_17657.fna /data/djs217/PROJECTS/56_Vibrio_phaME/01_PhaME/03_workdir_jasicida/files/Vibrio_litoralis_DSM_17657.fna 2>/dev/null
[RUNNING:] show-coords -r -I 97 -L 75 -T seq_seq2909954.delta | awk '$1 != $3 || $2 != $4 && $8==$9 {print}' > seq_seq2909954.coords

Running self-nucmer on /data/djs217/PROJECTS/56_Vibrio_phaME/01_PhaME/03_workdir_jasicida/files/Vibrio_kasasachensis_JAMM1812.fna
[RUNNING:] nucmer --maxmatch --nosimplify --prefix=seq_seq2910035 /data/djs217/PROJECTS/56_Vibrio_phaME/01_PhaME/03_workdir_jasicida/files/Vibrio_kasasachensis_JAMM1812.fna /data/djs217/PROJECTS/56_Vibrio_phaME/01_PhaME/03_workdir_jasicida/files/Vibrio_kasasachensis_JAMM1812.fna 2>/dev/null
[RUNNING:] show-coords -r -I 97 -L 75 -T seq_seq2910035.delta | awk '$1 != $3 || $2 != $4 && $8==$9 {print}' > seq_seq2910035.coords

Running self-nucmer on /data/djs217/PROJECTS/56_Vibrio_phaME/01_PhaME/03_workdir_jasicida/files/Vibrio_ziniensis_ZWAL4003.fna
[RUNNING:] nucmer --maxmatch --nosimplify --prefix=seq_seq2910152 /data/djs217/PROJECTS/56_Vibrio_phaME/01_PhaME/03_workdir_jasicida/files/Vibrio_ziniensis_ZWAL4003.fna /data/djs217/PROJECTS/56_Vibrio_phaME/01_PhaME/03_workdir_jasicida/files/Vibrio_ziniensis_ZWAL4003.fna 2>/dev/null
[RUNNING:] show-coords -r -I 97 -L 75 -T seq_seq2910152.delta | awk '$1 != $3 || $2 != $4 && $8==$9 {print}' > seq_seq2910152.coords

Running self-nucmer on /data/djs217/PROJECTS/56_Vibrio_phaME/01_PhaME/03_workdir_jasicida/files/Vibrio_furnissii_FDAARGOS_777.fna
[RUNNING:] nucmer --maxmatch --nosimplify --prefix=seq_seq2910240 /data/djs217/PROJECTS/56_Vibrio_phaME/01_PhaME/03_workdir_jasicida/files/Vibrio_furnissii_FDAARGOS_777.fna /data/djs217/PROJECTS/56_Vibrio_phaME/01_PhaME/03_workdir_jasicida/files/Vibrio_furnissii_FDAARGOS_777.fna 2>/dev/null
[RUNNING:] show-coords -r -I 97 -L 75 -T seq_seq2910240.delta | awk '$1 != $3 || $2 != $4 && $8==$9 {print}' > seq_seq2910240.coords

Running self-nucmer on /data/djs217/PROJECTS/56_Vibrio_phaME/01_PhaME/03_workdir_jasicida/files/Vibrio_tetraodonis_subsp__pristinus_OCN044.fna
[RUNNING:] nucmer --maxmatch --nosimplify --prefix=seq_seq2910325 /data/djs217/PROJECTS/56_Vibrio_phaME/01_PhaME/03_workdir_jasicida/files/Vibrio_tetraodonis_subsp__pristinus_OCN044.fna /data/djs217/PROJECTS/56_Vibrio_phaME/01_PhaME/03_workdir_jasicida/files/Vibrio_tetraodonis_subsp__pristinus_OCN044.fna 2>/dev/null
[RUNNING:] show-coords -r -I 97 -L 75 -T seq_seq2910325.delta | awk '$1 != $3 || $2 != $4 && $8==$9 {print}' > seq_seq2910325.coords

Running self-nucmer on /data/djs217/PROJECTS/56_Vibrio_phaME/01_PhaME/03_workdir_jasicida/files/Vibrio_marinisediminis_404.fna
[RUNNING:] nucmer --maxmatch --nosimplify --prefix=seq_seq2910383 /data/djs217/PROJECTS/56_Vibrio_phaME/01_PhaME/03_workdir_jasicida/files/Vibrio_marinisediminis_404.fna /data/djs217/PROJECTS/56_Vibrio_phaME/01_PhaME/03_workdir_jasicida/files/Vibrio_marinisediminis_404.fna 2>/dev/null
[RUNNING:] show-coords -r -I 97 -L 75 -T seq_seq2910383.delta | awk '$1 != $3 || $2 != $4 && $8==$9 {print}' > seq_seq2910383.coords

Running self-nucmer on /data/djs217/PROJECTS/56_Vibrio_phaME/01_PhaME/03_workdir_jasicida/files/Vibrio_sabulosilitoris_MAO6.fna
[RUNNING:] nucmer --maxmatch --nosimplify --prefix=seq_seq2910589 /data/djs217/PROJECTS/56_Vibrio_phaME/01_PhaME/03_workdir_jasicida/files/Vibrio_sabulosilitoris_MAO6.fna /data/djs217/PROJECTS/56_Vibrio_phaME/01_PhaME/03_workdir_jasicida/files/Vibrio_sabulosilitoris_MAO6.fna 2>/dev/null
[RUNNING:] show-coords -r -I 97 -L 75 -T seq_seq2910589.delta | awk '$1 != $3 || $2 != $4 && $8==$9 {print}' > seq_seq2910589.coords

Running self-nucmer on /data/djs217/PROJECTS/56_Vibrio_phaME/01_PhaME/03_workdir_jasicida/files/11813_EXE_13_2025_H_PBC74148_final.fna
[RUNNING:] nucmer --maxmatch --nosimplify --prefix=seq_seq2910768 /data/djs217/PROJECTS/56_Vibrio_phaME/01_PhaME/03_workdir_jasicida/files/11813_EXE_13_2025_H_PBC74148_final.fna /data/djs217/PROJECTS/56_Vibrio_phaME/01_PhaME/03_workdir_jasicida/files/11813_EXE_13_2025_H_PBC74148_final.fna 2>/dev/null
[RUNNING:] show-coords -r -I 97 -L 75 -T seq_seq2910768.delta | awk '$1 != $3 || $2 != $4 && $8==$9 {print}' > seq_seq2910768.coords

Running self-nucmer on /data/djs217/PROJECTS/56_Vibrio_phaME/01_PhaME/03_workdir_jasicida/files/Vibrio_superstes_G3_29.fna
[RUNNING:] nucmer --maxmatch --nosimplify --prefix=seq_seq2910843 /data/djs217/PROJECTS/56_Vibrio_phaME/01_PhaME/03_workdir_jasicida/files/Vibrio_superstes_G3_29.fna /data/djs217/PROJECTS/56_Vibrio_phaME/01_PhaME/03_workdir_jasicida/files/Vibrio_superstes_G3_29.fna 2>/dev/null
[RUNNING:] show-coords -r -I 97 -L 75 -T seq_seq2910843.delta | awk '$1 != $3 || $2 != $4 && $8==$9 {print}' > seq_seq2910843.coords

Running self-nucmer on /data/djs217/PROJECTS/56_Vibrio_phaME/01_PhaME/03_workdir_jasicida/files/Vibrio_mangrovi_CECT_7927.fna
[RUNNING:] nucmer --maxmatch --nosimplify --prefix=seq_seq2910936 /data/djs217/PROJECTS/56_Vibrio_phaME/01_PhaME/03_workdir_jasicida/files/Vibrio_mangrovi_CECT_7927.fna /data/djs217/PROJECTS/56_Vibrio_phaME/01_PhaME/03_workdir_jasicida/files/Vibrio_mangrovi_CECT_7927.fna 2>/dev/null
[RUNNING:] show-coords -r -I 97 -L 75 -T seq_seq2910936.delta | awk '$1 != $3 || $2 != $4 && $8==$9 {print}' > seq_seq2910936.coords

Running self-nucmer on /data/djs217/PROJECTS/56_Vibrio_phaME/01_PhaME/03_workdir_jasicida/files/11813_EXE_20_2025_B_PBC74148_final.fna
[RUNNING:] nucmer --maxmatch --nosimplify --prefix=seq_seq2911025 /data/djs217/PROJECTS/56_Vibrio_phaME/01_PhaME/03_workdir_jasicida/files/11813_EXE_20_2025_B_PBC74148_final.fna /data/djs217/PROJECTS/56_Vibrio_phaME/01_PhaME/03_workdir_jasicida/files/11813_EXE_20_2025_B_PBC74148_final.fna 2>/dev/null
[RUNNING:] show-coords -r -I 97 -L 75 -T seq_seq2911025.delta | awk '$1 != $3 || $2 != $4 && $8==$9 {print}' > seq_seq2911025.coords

Running self-nucmer on /data/djs217/PROJECTS/56_Vibrio_phaME/01_PhaME/03_workdir_jasicida/files/Vibrio_gazogenes_ATCC_29988.fna
[RUNNING:] nucmer --maxmatch --nosimplify --prefix=seq_seq2911132 /data/djs217/PROJECTS/56_Vibrio_phaME/01_PhaME/03_workdir_jasicida/files/Vibrio_gazogenes_ATCC_29988.fna /data/djs217/PROJECTS/56_Vibrio_phaME/01_PhaME/03_workdir_jasicida/files/Vibrio_gazogenes_ATCC_29988.fna 2>/dev/null
[RUNNING:] show-coords -r -I 97 -L 75 -T seq_seq2911132.delta | awk '$1 != $3 || $2 != $4 && $8==$9 {print}' > seq_seq2911132.coords

Running self-nucmer on /data/djs217/PROJECTS/56_Vibrio_phaME/01_PhaME/03_workdir_jasicida/files/Vibrio_porteresiae_MSSRF30.fna
[RUNNING:] nucmer --maxmatch --nosimplify --prefix=seq_seq2911262 /data/djs217/PROJECTS/56_Vibrio_phaME/01_PhaME/03_workdir_jasicida/files/Vibrio_porteresiae_MSSRF30.fna /data/djs217/PROJECTS/56_Vibrio_phaME/01_PhaME/03_workdir_jasicida/files/Vibrio_porteresiae_MSSRF30.fna 2>/dev/null
[RUNNING:] show-coords -r -I 97 -L 75 -T seq_seq2911262.delta | awk '$1 != $3 || $2 != $4 && $8==$9 {print}' > seq_seq2911262.coords

Running self-nucmer on /data/djs217/PROJECTS/56_Vibrio_phaME/01_PhaME/03_workdir_jasicida/files/11671_EXE_04_2024_2B3_unicycler.fna
[RUNNING:] nucmer --maxmatch --nosimplify --prefix=seq_seq2911331 /data/djs217/PROJECTS/56_Vibrio_phaME/01_PhaME/03_workdir_jasicida/files/11671_EXE_04_2024_2B3_unicycler.fna /data/djs217/PROJECTS/56_Vibrio_phaME/01_PhaME/03_workdir_jasicida/files/11671_EXE_04_2024_2B3_unicycler.fna 2>/dev/null
[RUNNING:] show-coords -r -I 97 -L 75 -T seq_seq2911331.delta | awk '$1 != $3 || $2 != $4 && $8==$9 {print}' > seq_seq2911331.coords

Running self-nucmer on /data/djs217/PROJECTS/56_Vibrio_phaME/01_PhaME/03_workdir_jasicida/files/Vibrio_artabrorum_CECT_7226.fna
[RUNNING:] nucmer --maxmatch --nosimplify --prefix=seq_seq2911409 /data/djs217/PROJECTS/56_Vibrio_phaME/01_PhaME/03_workdir_jasicida/files/Vibrio_artabrorum_CECT_7226.fna /data/djs217/PROJECTS/56_Vibrio_phaME/01_PhaME/03_workdir_jasicida/files/Vibrio_artabrorum_CECT_7226.fna 2>/dev/null
[RUNNING:] show-coords -r -I 97 -L 75 -T seq_seq2911409.delta | awk '$1 != $3 || $2 != $4 && $8==$9 {print}' > seq_seq2911409.coords

Running self-nucmer on /data/djs217/PROJECTS/56_Vibrio_phaME/01_PhaME/03_workdir_jasicida/files/Vibrio_ostreicida_CECT_7398.fna
[RUNNING:] nucmer --maxmatch --nosimplify --prefix=seq_seq2911508 /data/djs217/PROJECTS/56_Vibrio_phaME/01_PhaME/03_workdir_jasicida/files/Vibrio_ostreicida_CECT_7398.fna /data/djs217/PROJECTS/56_Vibrio_phaME/01_PhaME/03_workdir_jasicida/files/Vibrio_ostreicida_CECT_7398.fna 2>/dev/null
[RUNNING:] show-coords -r -I 97 -L 75 -T seq_seq2911508.delta | awk '$1 != $3 || $2 != $4 && $8==$9 {print}' > seq_seq2911508.coords

Running self-nucmer on /data/djs217/PROJECTS/56_Vibrio_phaME/01_PhaME/03_workdir_jasicida/files/EXE08_2023B5_unicycler.fna
[RUNNING:] nucmer --maxmatch --nosimplify --prefix=seq_seq2913248 /data/djs217/PROJECTS/56_Vibrio_phaME/01_PhaME/03_workdir_jasicida/files/EXE08_2023B5_unicycler.fna /data/djs217/PROJECTS/56_Vibrio_phaME/01_PhaME/03_workdir_jasicida/files/EXE08_2023B5_unicycler.fna 2>/dev/null
[RUNNING:] show-coords -r -I 97 -L 75 -T seq_seq2913248.delta | awk '$1 != $3 || $2 != $4 && $8==$9 {print}' > seq_seq2913248.coords

Running self-nucmer on /data/djs217/PROJECTS/56_Vibrio_phaME/01_PhaME/03_workdir_jasicida/files/Vibrio_cholerae_FDAARGOS_103.fna
[RUNNING:] nucmer --maxmatch --nosimplify --prefix=seq_seq2913308 /data/djs217/PROJECTS/56_Vibrio_phaME/01_PhaME/03_workdir_jasicida/files/Vibrio_cholerae_FDAARGOS_103.fna /data/djs217/PROJECTS/56_Vibrio_phaME/01_PhaME/03_workdir_jasicida/files/Vibrio_cholerae_FDAARGOS_103.fna 2>/dev/null
[RUNNING:] show-coords -r -I 97 -L 75 -T seq_seq2913308.delta | awk '$1 != $3 || $2 != $4 && $8==$9 {print}' > seq_seq2913308.coords

Running self-nucmer on /data/djs217/PROJECTS/56_Vibrio_phaME/01_PhaME/03_workdir_jasicida/files/Vibrio_coralliirubri_DSM_27495.fna
[RUNNING:] nucmer --maxmatch --nosimplify --prefix=seq_seq2913418 /data/djs217/PROJECTS/56_Vibrio_phaME/01_PhaME/03_workdir_jasicida/files/Vibrio_coralliirubri_DSM_27495.fna /data/djs217/PROJECTS/56_Vibrio_phaME/01_PhaME/03_workdir_jasicida/files/Vibrio_coralliirubri_DSM_27495.fna 2>/dev/null
[RUNNING:] show-coords -r -I 97 -L 75 -T seq_seq2913418.delta | awk '$1 != $3 || $2 != $4 && $8==$9 {print}' > seq_seq2913418.coords

Running self-nucmer on /data/djs217/PROJECTS/56_Vibrio_phaME/01_PhaME/03_workdir_jasicida/files/Vibrio_spartinae_CECT_9026.fna
[RUNNING:] nucmer --maxmatch --nosimplify --prefix=seq_seq2913590 /data/djs217/PROJECTS/56_Vibrio_phaME/01_PhaME/03_workdir_jasicida/files/Vibrio_spartinae_CECT_9026.fna /data/djs217/PROJECTS/56_Vibrio_phaME/01_PhaME/03_workdir_jasicida/files/Vibrio_spartinae_CECT_9026.fna 2>/dev/null
[RUNNING:] show-coords -r -I 97 -L 75 -T seq_seq2913590.delta | awk '$1 != $3 || $2 != $4 && $8==$9 {print}' > seq_seq2913590.coords

Running self-nucmer on /data/djs217/PROJECTS/56_Vibrio_phaME/01_PhaME/03_workdir_jasicida/files/Vibrio_tapetis_subsp__tapetis_.fna
[RUNNING:] nucmer --maxmatch --nosimplify --prefix=seq_seq2913706 /data/djs217/PROJECTS/56_Vibrio_phaME/01_PhaME/03_workdir_jasicida/files/Vibrio_tapetis_subsp__tapetis_.fna /data/djs217/PROJECTS/56_Vibrio_phaME/01_PhaME/03_workdir_jasicida/files/Vibrio_tapetis_subsp__tapetis_.fna 2>/dev/null
[RUNNING:] show-coords -r -I 97 -L 75 -T seq_seq2913706.delta | awk '$1 != $3 || $2 != $4 && $8==$9 {print}' > seq_seq2913706.coords

Running self-nucmer on /data/djs217/PROJECTS/56_Vibrio_phaME/01_PhaME/03_workdir_jasicida/files/Vibrio_japonicus_JCM_31412.fna
[RUNNING:] nucmer --maxmatch --nosimplify --prefix=seq_seq2913793 /data/djs217/PROJECTS/56_Vibrio_phaME/01_PhaME/03_workdir_jasicida/files/Vibrio_japonicus_JCM_31412.fna /data/djs217/PROJECTS/56_Vibrio_phaME/01_PhaME/03_workdir_jasicida/files/Vibrio_japonicus_JCM_31412.fna 2>/dev/null
[RUNNING:] show-coords -r -I 97 -L 75 -T seq_seq2913793.delta | awk '$1 != $3 || $2 != $4 && $8==$9 {print}' > seq_seq2913793.coords

Running self-nucmer on /data/djs217/PROJECTS/56_Vibrio_phaME/01_PhaME/03_workdir_jasicida/files/EXE07_2023A4_unicycler.fna
[RUNNING:] nucmer --maxmatch --nosimplify --prefix=seq_seq2913872 /data/djs217/PROJECTS/56_Vibrio_phaME/01_PhaME/03_workdir_jasicida/files/EXE07_2023A4_unicycler.fna /data/djs217/PROJECTS/56_Vibrio_phaME/01_PhaME/03_workdir_jasicida/files/EXE07_2023A4_unicycler.fna 2>/dev/null
[RUNNING:] show-coords -r -I 97 -L 75 -T seq_seq2913872.delta | awk '$1 != $3 || $2 != $4 && $8==$9 {print}' > seq_seq2913872.coords

Repeat coords for all references found.
Self-NUCmer complete
==================================================================
Aligning to the reference genome /data/djs217/PROJECTS/56_Vibrio_phaME/01_PhaME/03_workdir_jasicida/files/Vibrio_jasicida_CAIM_1864.fna

Running nucmer on Vibrio_jasicida_CAIM_1864_Vibrio_lamellibrachiae_JAMM2626
Running nucmer on Vibrio_jasicida_CAIM_1864_Vibrio_cortegadensis_CECT_7227
Running nucmer on Vibrio_jasicida_CAIM_1864_Vibrio_fluminensis_A621
Running nucmer on Vibrio_jasicida_CAIM_1864_Vibrio_alfacsensis_CAIM_1831
Running nucmer on Vibrio_jasicida_CAIM_1864_Vibrio_scophthalmi_LMG_19158
Running nucmer on Vibrio_jasicida_CAIM_1864_Vibrio_xiamenensis_CGMCC_1_10228
Running nucmer on Vibrio_jasicida_CAIM_1864_Vibrio_zhanjiangensis_NBRC_108723
Running nucmer on Vibrio_jasicida_CAIM_1864_11813_EXE_29_2025_V_PBC74148_final
Running nucmer on Vibrio_jasicida_CAIM_1864_Vibrio_pomeroyi_LMG_20537
Running nucmer on Vibrio_jasicida_CAIM_1864_11813_EXE_30_2025_R_PBC74148_final
Running nucmer on Vibrio_jasicida_CAIM_1864_11813_EXE_29_2025_K_PBC74148_final
Running nucmer on Vibrio_jasicida_CAIM_1864_Vibrio_caribbeanicus_ATCC_BAA_2122
Running nucmer on Vibrio_jasicida_CAIM_1864_Vibrio_owensii_DY05
Running nucmer on Vibrio_jasicida_CAIM_1864_Vibrio_tetraodonis_A511
Running nucmer on Vibrio_jasicida_CAIM_1864_Vibrio_crassostreae_LMG_22240
Running nucmer on Vibrio_jasicida_CAIM_1864_Vibrio_nereis_DSM_19584
Running nucmer on Vibrio_jasicida_CAIM_1864_11813_EXE_20_2024_J_PBC74148_final
Running nucmer on Vibrio_jasicida_CAIM_1864_Vibrio_diabolicus_CNCM_I_1629
Running nucmer on Vibrio_jasicida_CAIM_1864_Vibrio_rhizosphaerae_LMG_23790
Running nucmer on Vibrio_jasicida_CAIM_1864_Vibrio_proteolyticus_ATCC_15338
Running nucmer on Vibrio_jasicida_CAIM_1864_11813_EXE_30_2025_L_PBC74148_final
Running nucmer on Vibrio_jasicida_CAIM_1864_11813_EXE_09_2024_B_PBC74148_final
Running nucmer on Vibrio_jasicida_CAIM_1864_11813_EX_23_2024_K_PBC74148_final
Running nucmer on Vibrio_jasicida_CAIM_1864_11813_EXE_28_2025_W_PBC74148_final
Running nucmer on Vibrio_jasicida_CAIM_1864_EXE_01_2025_M_final
Running nucmer on Vibrio_jasicida_CAIM_1864_Vibrio_anguillarum_NCTC12159
Running nucmer on Vibrio_jasicida_CAIM_1864_Vibrio_marisflavi_CECT_7928
Running nucmer on Vibrio_jasicida_CAIM_1864_EXE_33_2024_E_final
Running nucmer on Vibrio_jasicida_CAIM_1864_Vibrio_galatheae_S2757
Running nucmer on Vibrio_jasicida_CAIM_1864_11813_EXE22_2025_IVF5LA_PBC74148_final
Running nucmer on Vibrio_jasicida_CAIM_1864_Vibrio_clamense_JAMM0920
Running nucmer on Vibrio_jasicida_CAIM_1864_11813_EXE_03_2025_A_PBC74148_final
Running nucmer on Vibrio_jasicida_CAIM_1864_Vibrio_kyushuensis_JAMM1822
Running nucmer on Vibrio_jasicida_CAIM_1864_Vibrio_chanodichtyis_DSL_7
Running nucmer on Vibrio_jasicida_CAIM_1864_Vibrio_campbellii_CAIM_519
Running nucmer on Vibrio_jasicida_CAIM_1864_Vibrio_halioticoli_IAM_14596
Running nucmer on Vibrio_jasicida_CAIM_1864_Vibrio_rotiferianus_CAIM_577
Running nucmer on Vibrio_jasicida_CAIM_1864_Vibrio_paracholerae_EDC_792
Running nucmer on Vibrio_jasicida_CAIM_1864_Vibrio_lentus_40M4T
Running nucmer on Vibrio_jasicida_CAIM_1864_11813_EXE_26_2025_C_PBC74148_final
Running nucmer on Vibrio_jasicida_CAIM_1864_11813_EXE_33_2024_F_PBC74148_final
Running nucmer on Vibrio_jasicida_CAIM_1864_Vibrio_chemaguriensis_Iso1
Running nucmer on Vibrio_jasicida_CAIM_1864_Vibrio_inusitatus_LMG_23434
Running nucmer on Vibrio_jasicida_CAIM_1864_Vibrio_ulleungensis_188UL20_2
Running nucmer on Vibrio_jasicida_CAIM_1864_Vibrio_gallaecicus_CECT_7244
Running nucmer on Vibrio_jasicida_CAIM_1864_Vibrio_pelagius_ATCC_25916
Running nucmer on Vibrio_jasicida_CAIM_1864_11813_EXE_22_2025_DG1LF_PBC7_final
Running nucmer on Vibrio_jasicida_CAIM_1864_11671_EXE_02_2024_3B2_unicycler
Running nucmer on Vibrio_jasicida_CAIM_1864_Vibrio_hepatarius_DSM_19134
Running nucmer on Vibrio_jasicida_CAIM_1864_Vibrio_maerlii_G62
Running nucmer on Vibrio_jasicida_CAIM_1864_Vibrio_sinaloensis_CECT_7298
Running nucmer on Vibrio_jasicida_CAIM_1864_Vibrio_casei_DSM_22364
Running nucmer on Vibrio_jasicida_CAIM_1864_11813_EXE_23_2025_L_PBC74148_final
Running nucmer on Vibrio_jasicida_CAIM_1864_Vibrio_mimicus_NCTC11435
Running nucmer on Vibrio_jasicida_CAIM_1864_Vibrio_tapetis_subsp__quintayensis_CECT_8851
Running nucmer on Vibrio_jasicida_CAIM_1864_Vibrio_tasmaniensis_LMG_20012
Running nucmer on Vibrio_jasicida_CAIM_1864_11813_EXE_33_2024_E_PBC74148_final
Running nucmer on Vibrio_jasicida_CAIM_1864_Vibrio_fluvialis_ATCC_33809
Running nucmer on Vibrio_jasicida_CAIM_1864_Vibrio_chagasii_LMG_21353
Running nucmer on Vibrio_jasicida_CAIM_1864_Vibrio_apostichopi_FE10
Running nucmer on Vibrio_jasicida_CAIM_1864_Vibrio_orientalis_CIP_102891
Running nucmer on Vibrio_jasicida_CAIM_1864_Vibrio_amylolyticus_ZSDE26
Running nucmer on Vibrio_jasicida_CAIM_1864_Vibrio_qinghaiensis_Q67
Running nucmer on Vibrio_jasicida_CAIM_1864_EXE_30_2025_R_final
Running nucmer on Vibrio_jasicida_CAIM_1864_Vibrio_misgurnus_GVC
Running nucmer on Vibrio_jasicida_CAIM_1864_11671_Guernsey_unicycler
Running nucmer on Vibrio_jasicida_CAIM_1864_Vibrio_diazotrophicus_ATCC_33466
Running nucmer on Vibrio_jasicida_CAIM_1864_11813_EXE_22_2025_DG3A_PBC74148_barcode18_final
Running nucmer on Vibrio_jasicida_CAIM_1864_Vibrio_cincinnatiensis_NCTC12012
Running nucmer on Vibrio_jasicida_CAIM_1864_11671_EXE_19_2024_C_unicycler
Running nucmer on Vibrio_jasicida_CAIM_1864_Vibrio_salilacus_DSG_S6
Running nucmer on Vibrio_jasicida_CAIM_1864_11671_EXE_26_2024_C_unicycler
Running nucmer on Vibrio_jasicida_CAIM_1864_11813_EXE_24_2025_E_PBC74148_final
Running nucmer on Vibrio_jasicida_CAIM_1864_Vibrio_floridensis_IRLE0018
Running nucmer on Vibrio_jasicida_CAIM_1864_Vibrio_metschnikovii_NCTC8443
Running nucmer on Vibrio_jasicida_CAIM_1864_11671_EXE_45_2024_E_unicycler
Running nucmer on Vibrio_jasicida_CAIM_1864_Vibrio_neonatus_JCM_21521
Running nucmer on Vibrio_jasicida_CAIM_1864_Vibrio_aestuarianus_LMG_7909
Running nucmer on Vibrio_jasicida_CAIM_1864_11671_EXE_25_2024_H_unicycler
Running nucmer on Vibrio_jasicida_CAIM_1864_Vibrio_aquaticus_BEI207
Running nucmer on Vibrio_jasicida_CAIM_1864_11813_EXE_26_2025_A_PBC74148_final
Running nucmer on Vibrio_jasicida_CAIM_1864_Vibrio_gangliei_DSM_104291
Running nucmer on Vibrio_jasicida_CAIM_1864_Vibrio_antiquarius_EX25
Running nucmer on Vibrio_jasicida_CAIM_1864_Vibrio_navarrensis_ATCC_51183
Running nucmer on Vibrio_jasicida_CAIM_1864_Vibrio_ishigakensis_JCM_19231
Running nucmer on Vibrio_jasicida_CAIM_1864_11813_EXE_01_2024_7_PBC74148_final
Running nucmer on Vibrio_jasicida_CAIM_1864_Vibrio_europaeus_PP_638
Running nucmer on Vibrio_jasicida_CAIM_1864_Vibrio_pacinii_DSM_19139
Running nucmer on Vibrio_jasicida_CAIM_1864_Vibrio_tubiashii_ATCC_19109
Running nucmer on Vibrio_jasicida_CAIM_1864_11813_EXE_19_2024_M_PBC74148_final
Running nucmer on Vibrio_jasicida_CAIM_1864_Vibrio_albus_E4404
Running nucmer on Vibrio_jasicida_CAIM_1864_Vibrio_rarus_LMG_23674
Running nucmer on Vibrio_jasicida_CAIM_1864_Vibrio_sinus_S4M6
Running nucmer on Vibrio_jasicida_CAIM_1864_Vibrio_mediterranei_
Running nucmer on Vibrio_jasicida_CAIM_1864_11813_EXE_30_2024_F_PBC74148_final
Running nucmer on Vibrio_jasicida_CAIM_1864_Vibrio_neptunius_KCTC_12702
Running nucmer on Vibrio_jasicida_CAIM_1864_11813_EXE_30_2025_S_PBC74148_final
Running nucmer on Vibrio_jasicida_CAIM_1864_Vibrio_plantisponsor_MSSRF60
Running nucmer on Vibrio_jasicida_CAIM_1864_Vibrio_satsumensis_JAMM0822
Running nucmer on Vibrio_jasicida_CAIM_1864_Vibrio_olivae_CECT_8064
Running nucmer on Vibrio_jasicida_CAIM_1864_Vibrio_aphrogenes_CA_1004
Running nucmer on Vibrio_jasicida_CAIM_1864_Vibrio_agarivorans_CECT_5085
Running nucmer on Vibrio_jasicida_CAIM_1864_Vibrio_hippocampi_CECT_8226
Running nucmer on Vibrio_jasicida_CAIM_1864_Vibrio_sagamiensis_NBRC_104589
Running nucmer on Vibrio_jasicida_CAIM_1864_Vibrio_methylphosphonaticus_S4B1
Running nucmer on Vibrio_jasicida_CAIM_1864_Vibrio_gelatinilyticus_ZSDZ34
Running nucmer on Vibrio_jasicida_CAIM_1864_Vibrio_viridaestus_LJC006
Running nucmer on Vibrio_jasicida_CAIM_1864_Vibrio_sinensis_BEI233
Running nucmer on Vibrio_jasicida_CAIM_1864_Vibrio_fortis_LMG_21557
Running nucmer on Vibrio_jasicida_CAIM_1864_Vibrio_pectenicida_LMG_19642
Running nucmer on Vibrio_jasicida_CAIM_1864_Vibrio_natriegens_CCUG_16371
Running nucmer on Vibrio_jasicida_CAIM_1864_Vibrio_barjaei_3062
Running nucmer on Vibrio_jasicida_CAIM_1864_11671_EXE_22_2024_B_unicycler
Running nucmer on Vibrio_jasicida_CAIM_1864_Vibrio_kanaloae_LMG_20539
Running nucmer on Vibrio_jasicida_CAIM_1864_11813_EXE_34_2024_C_PBC74148_final
Running nucmer on Vibrio_jasicida_CAIM_1864_Vibrio_rumoiensis_FERM_P_14531
Running nucmer on Vibrio_jasicida_CAIM_1864_Vibrio_mytili_type_strain__CIP103929
Running nucmer on Vibrio_jasicida_CAIM_1864_Vibrio_palustris_CECT_9027
Running nucmer on Vibrio_jasicida_CAIM_1864_Vibrio_syngnathi_K08M4
Running nucmer on Vibrio_jasicida_CAIM_1864_Vibrio_bivalvicida_605
Running nucmer on Vibrio_jasicida_CAIM_1864_11813_EXE_22_2025_T1A_PBC74148_final
Running nucmer on Vibrio_jasicida_CAIM_1864_11813_EXE_21_2025_F_PBC74148_final
Running nucmer on Vibrio_jasicida_CAIM_1864_Vibrio_algivorus_SA2
Running nucmer on Vibrio_jasicida_CAIM_1864_Vibrio_echinoideorum_DSM_107264
Running nucmer on Vibrio_jasicida_CAIM_1864_Vibrio_atypicus_DSM_25292
Running nucmer on Vibrio_jasicida_CAIM_1864_11671_EXE_04_2024_1A1_unicycler
Running nucmer on Vibrio_jasicida_CAIM_1864_11813_EXE_27_2025_D_PBC74148_final
Running nucmer on Vibrio_jasicida_CAIM_1864_EXE_08_2024_A_final
Running nucmer on Vibrio_jasicida_CAIM_1864_Vibrio_intestinalis_YLB_11
Running nucmer on Vibrio_jasicida_CAIM_1864_Vibrio_iocasae_HN007
Running nucmer on Vibrio_jasicida_CAIM_1864_Vibrio_panuliri_JCM_19500
Running nucmer on Vibrio_jasicida_CAIM_1864_Vibrio_hangzhouensis_CGMCC_1_7062
Running nucmer on Vibrio_jasicida_CAIM_1864_Vibrio_cionasavignyae_JAMM2507
Running nucmer on Vibrio_jasicida_CAIM_1864_Vibrio_rhodolitus_G98
Running nucmer on Vibrio_jasicida_CAIM_1864_Vibrio_azureus_LC2_005
Running nucmer on Vibrio_jasicida_CAIM_1864_Vibrio_cyclitrophicus_LMG_21359
Running nucmer on Vibrio_jasicida_CAIM_1864_11813_EXE_01_2025_M_PBC74148_final
Running nucmer on Vibrio_jasicida_CAIM_1864_Vibrio_renipiscarius_DCR_1_4_2
Running nucmer on Vibrio_jasicida_CAIM_1864_11813_EXE_05_2024_A_PBC74148_final
Running nucmer on Vibrio_jasicida_CAIM_1864_Vibrio_profundi_TP187
Running nucmer on Vibrio_jasicida_CAIM_1864_EXE_32_2024_G_final
Running nucmer on Vibrio_jasicida_CAIM_1864_Vibrio_ouci_BEI176
Running nucmer on Vibrio_jasicida_CAIM_1864_11813_EXE_27_2025_A_PBC74148_final
Running nucmer on Vibrio_jasicida_CAIM_1864_Vibrio_thalassae_KCTC_32373
Running nucmer on Vibrio_jasicida_CAIM_1864_Vibrio_ezurae_HDS1_1
Running nucmer on Vibrio_jasicida_CAIM_1864_Vibrio_chaetopteri_CB1_14
Running nucmer on Vibrio_jasicida_CAIM_1864_Vibrio_atlanticus_CECT_7223
Running nucmer on Vibrio_jasicida_CAIM_1864_EXE_03_2025_A_final
Running nucmer on Vibrio_jasicida_CAIM_1864_Vibrio_gigantis_LMG_22741
Running nucmer on Vibrio_jasicida_CAIM_1864_EXE_23_2025_L_final
Running nucmer on Vibrio_jasicida_CAIM_1864_Vibrio_gallicus_CIP_107863
Running nucmer on Vibrio_jasicida_CAIM_1864_EXE09_2023D7_unicycler
Running nucmer on Vibrio_jasicida_CAIM_1864_Vibrio_penaeicida_IFO_15640
Running nucmer on Vibrio_jasicida_CAIM_1864_Vibrio_toranzoniae_CECT_7225
Running nucmer on Vibrio_jasicida_CAIM_1864_Vibrio_hyugaensis_090810a
Running nucmer on Vibrio_jasicida_CAIM_1864_Vibrio_wakamikoensis_JAMM2464
Running nucmer on Vibrio_jasicida_CAIM_1864_EXE_15_2024_J_unicycler
Running nucmer on Vibrio_jasicida_CAIM_1864_Vibrio_parahaemolyticus_ATCC_17802
Running nucmer on Vibrio_jasicida_CAIM_1864_11813_EXE_34_2024_P_PBC74148_final
Running nucmer on Vibrio_jasicida_CAIM_1864_Vibrio_jasicida_CAIM_1864
Running nucmer on Vibrio_jasicida_CAIM_1864_Vibrio_aquimaris_THAF100
Running nucmer on Vibrio_jasicida_CAIM_1864_Vibrio_vulnificus_2142_77
Running nucmer on Vibrio_jasicida_CAIM_1864_11813_EXE_33_2024_C_PBC74148_final
Running nucmer on Vibrio_jasicida_CAIM_1864_Vibrio_tritonius_JCM_16456
Running nucmer on Vibrio_jasicida_CAIM_1864_EXE_20_2025_B_final
Running nucmer on Vibrio_jasicida_CAIM_1864_EXE10_2023G3_unicycler
Running nucmer on Vibrio_jasicida_CAIM_1864_Vibrio_ostreae_OG9_811
Running nucmer on Vibrio_jasicida_CAIM_1864_Vibrio_nomapromontoriensis_JAMM1728
Running nucmer on Vibrio_jasicida_CAIM_1864_EXE07_2023A1_unicycler
Running nucmer on Vibrio_jasicida_CAIM_1864_Vibrio_brasiliensis_LMG_20546
Running nucmer on Vibrio_jasicida_CAIM_1864_Vibrio_splendidus_LMG_19031
Running nucmer on Vibrio_jasicida_CAIM_1864_EXE_13_2025_A_final
Running nucmer on Vibrio_jasicida_CAIM_1864_11671_EXE_04_2024_1B1_unicycler
Running nucmer on Vibrio_jasicida_CAIM_1864_Vibrio_coralliilyticus_DSM_19607
Running nucmer on Vibrio_jasicida_CAIM_1864_11671_EXE_23_2024_1_unicycler
Running nucmer on Vibrio_jasicida_CAIM_1864_Vibrio_kagoshimensis_JAMM0761
Running nucmer on Vibrio_jasicida_CAIM_1864_11813_EXE_13_2025_P_PBC74148_final
Running nucmer on Vibrio_jasicida_CAIM_1864_Vibrio_agarilyticus_SM6
Running nucmer on Vibrio_jasicida_CAIM_1864_Vibrio_tarriae_2521_89
Running nucmer on Vibrio_jasicida_CAIM_1864_Vibrio_alginolyticus_ATCC_17749
Running nucmer on Vibrio_jasicida_CAIM_1864_11813_EXE_28_2025_A_PBC74148_final
Running nucmer on Vibrio_jasicida_CAIM_1864_Vibrio_bathopelagicus_Sal10
Running nucmer on Vibrio_jasicida_CAIM_1864_Vibrio_comitans_LMG_23416
Running nucmer on Vibrio_jasicida_CAIM_1864_Vibrio_ruber_CECT_7878
Running nucmer on Vibrio_jasicida_CAIM_1864_Vibrio_nitrifigilis_NFV_1
Running nucmer on Vibrio_jasicida_CAIM_1864_Vibrio_hibernica_B1_19
Running nucmer on Vibrio_jasicida_CAIM_1864_Vibrio_ponticus_DSM_16217
Running nucmer on Vibrio_jasicida_CAIM_1864_Vibrio_celticus_CECT_7224
Running nucmer on Vibrio_jasicida_CAIM_1864_11813_EXE_06_2024_E_PBC74148_final
Running nucmer on Vibrio_jasicida_CAIM_1864_11671_EXE_02_2024_3B1_unicycler
Running nucmer on Vibrio_jasicida_CAIM_1864_11813_EXE_29_2025_HH_PBC74148_final
Running nucmer on Vibrio_jasicida_CAIM_1864_Vibrio_harveyi_NCTC12970
Running nucmer on Vibrio_jasicida_CAIM_1864_Vibrio_breoganii_CECT_7222
Running nucmer on Vibrio_jasicida_CAIM_1864_11813_EXE_12_2025_A_PBC74148_final
Running nucmer on Vibrio_jasicida_CAIM_1864_Vibrio_glycogenivorans_WXL210
Running nucmer on Vibrio_jasicida_CAIM_1864_11813_EXE_32_2024_G_PBC74148_final
Running nucmer on Vibrio_jasicida_CAIM_1864_11813_EXE_25_2025_25N_PBC74148_final
Running nucmer on Vibrio_jasicida_CAIM_1864_11813_EXE_30_2024_G_PBC74148_final
Running nucmer on Vibrio_jasicida_CAIM_1864_Vibrio_injensis_M12_1144
Running nucmer on Vibrio_jasicida_CAIM_1864_Vibrio_litoralis_DSM_17657
Running nucmer on Vibrio_jasicida_CAIM_1864_Vibrio_kasasachensis_JAMM1812
Running nucmer on Vibrio_jasicida_CAIM_1864_Vibrio_ziniensis_ZWAL4003
Running nucmer on Vibrio_jasicida_CAIM_1864_Vibrio_furnissii_FDAARGOS_777
Running nucmer on Vibrio_jasicida_CAIM_1864_Vibrio_tetraodonis_subsp__pristinus_OCN044
Running nucmer on Vibrio_jasicida_CAIM_1864_Vibrio_marinisediminis_404
Running nucmer on Vibrio_jasicida_CAIM_1864_Vibrio_sabulosilitoris_MAO6
Running nucmer on Vibrio_jasicida_CAIM_1864_11813_EXE_13_2025_H_PBC74148_final
Running nucmer on Vibrio_jasicida_CAIM_1864_Vibrio_superstes_G3_29
Running nucmer on Vibrio_jasicida_CAIM_1864_Vibrio_mangrovi_CECT_7927
Running nucmer on Vibrio_jasicida_CAIM_1864_11813_EXE_20_2025_B_PBC74148_final
Running nucmer on Vibrio_jasicida_CAIM_1864_Vibrio_gazogenes_ATCC_29988
Running nucmer on Vibrio_jasicida_CAIM_1864_Vibrio_porteresiae_MSSRF30
Running nucmer on Vibrio_jasicida_CAIM_1864_11671_EXE_04_2024_2B3_unicycler
Running nucmer on Vibrio_jasicida_CAIM_1864_Vibrio_artabrorum_CECT_7226
Running nucmer on Vibrio_jasicida_CAIM_1864_Vibrio_ostreicida_CECT_7398
Running nucmer on Vibrio_jasicida_CAIM_1864_EXE08_2023B5_unicycler
Running nucmer on Vibrio_jasicida_CAIM_1864_Vibrio_cholerae_FDAARGOS_103
Running nucmer on Vibrio_jasicida_CAIM_1864_Vibrio_coralliirubri_DSM_27495
Running nucmer on Vibrio_jasicida_CAIM_1864_Vibrio_spartinae_CECT_9026
Running nucmer on Vibrio_jasicida_CAIM_1864_Vibrio_tapetis_subsp__tapetis_
Running nucmer on Vibrio_jasicida_CAIM_1864_Vibrio_japonicus_JCM_31412
Running nucmer on Vibrio_jasicida_CAIM_1864_EXE07_2023A4_unicycler

NUCmer on all reference genomes complete.
==================================================================

runContigNUCmer.pl -r /data/djs217/PROJECTS/56_Vibrio_phaME/01_PhaME/03_workdir_jasicida/files/Vibrio_jasicida_CAIM_1864.fna -q /data/djs217/PROJECTS/56_Vibrio_phaME/01_PhaME/03_workdir_jasicida -d /data/djs217/PROJECTS/56_Vibrio_phaME/01_PhaME/03_workdir_jasicida/results -l /data/djs217/PROJECTS/56_Vibrio_phaME/01_PhaME/03_workdir_jasicida/contigs_list.txt -t 1 -y 2 2>>/data/djs217/PROJECTS/56_Vibrio_phaME/01_PhaME/03_workdir_jasicida/results/all_vibrio_jasicida-ref_fastree.error >> /data/djs217/PROJECTS/56_Vibrio_phaME/01_PhaME/03_workdir_jasicida/results/all_vibrio_jasicida-ref_fastree.log


Using given reference:  /data/djs217/PROJECTS/56_Vibrio_phaME/01_PhaME/03_workdir_jasicida/files/Vibrio_jasicida_CAIM_1864.fna
NUCmer on all contig/draft genomes complete.


buildSNPDB.pl -i /data/djs217/PROJECTS/56_Vibrio_phaME/01_PhaME/03_workdir_jasicida/results -r /data/djs217/PROJECTS/56_Vibrio_phaME/01_PhaME/03_workdir_jasicida/files/Vibrio_jasicida_CAIM_1864.fna -l /data/djs217/PROJECTS/56_Vibrio_phaME/01_PhaME/03_workdir_jasicida/working_list.txt -p all_vibrio_jasicida-ref_fastree -c 0 -g 0.1 2>>/data/djs217/PROJECTS/56_Vibrio_phaME/01_PhaME/03_workdir_jasicida/results/all_vibrio_jasicida-ref_fastree.error >> /data/djs217/PROJECTS/56_Vibrio_phaME/01_PhaME/03_workdir_jasicida/results/all_vibrio_jasicida-ref_fastree.log

Reading Gaps file.
EXE08_2023B5_unicycler covered 0.36954 of the Vibrio_jasicida_CAIM_1864 (<cutoff = 0.1). It will be used to build SNP tree and matrix.
11813_EXE_34_2024_P_PBC74148_final covered 0.37510 of the Vibrio_jasicida_CAIM_1864 (<cutoff = 0.1). It will be used to build SNP tree and matrix.
Vibrio_satsumensis_JAMM0822 covered 0.10340 of the Vibrio_jasicida_CAIM_1864 (<cutoff = 0.1). It will be used to build SNP tree and matrix.
Warnings: Vibrio_gangliei_DSM_104291 covered only 0.03504 of the Vibrio_jasicida_CAIM_1864 (<cutoff = 0.1). It will NOT be used to build SNP tree and matrix.
11813_EXE_33_2024_F_PBC74148_final covered 0.37816 of the Vibrio_jasicida_CAIM_1864 (<cutoff = 0.1). It will be used to build SNP tree and matrix.
11671_Guernsey_unicycler covered 0.38223 of the Vibrio_jasicida_CAIM_1864 (<cutoff = 0.1). It will be used to build SNP tree and matrix.
11813_EXE_29_2025_K_PBC74148_final covered 0.85631 of the Vibrio_jasicida_CAIM_1864 (<cutoff = 0.1). It will be used to build SNP tree and matrix.
Vibrio_celticus_CECT_7224 covered 0.10561 of the Vibrio_jasicida_CAIM_1864 (<cutoff = 0.1). It will be used to build SNP tree and matrix.
Warnings: Vibrio_sabulosilitoris_MAO6 covered only 0.05196 of the Vibrio_jasicida_CAIM_1864 (<cutoff = 0.1). It will NOT be used to build SNP tree and matrix.
Warnings: Vibrio_echinoideorum_DSM_107264 covered only 0.09417 of the Vibrio_jasicida_CAIM_1864 (<cutoff = 0.1). It will NOT be used to build SNP tree and matrix.
Warnings: Vibrio_furnissii_FDAARGOS_777 covered only 0.06554 of the Vibrio_jasicida_CAIM_1864 (<cutoff = 0.1). It will NOT be used to build SNP tree and matrix.
11813_EXE_01_2024_7_PBC74148_final covered 0.37795 of the Vibrio_jasicida_CAIM_1864 (<cutoff = 0.1). It will be used to build SNP tree and matrix.
11813_EXE_19_2024_M_PBC74148_final covered 0.36151 of the Vibrio_jasicida_CAIM_1864 (<cutoff = 0.1). It will be used to build SNP tree and matrix.
Warnings: Vibrio_pectenicida_LMG_19642 covered only 0.04293 of the Vibrio_jasicida_CAIM_1864 (<cutoff = 0.1). It will NOT be used to build SNP tree and matrix.
Vibrio_bivalvicida_605 covered 0.10459 of the Vibrio_jasicida_CAIM_1864 (<cutoff = 0.1). It will be used to build SNP tree and matrix.
Warnings: Vibrio_ruber_CECT_7878 covered only 0.02256 of the Vibrio_jasicida_CAIM_1864 (<cutoff = 0.1). It will NOT be used to build SNP tree and matrix.
Warnings: Vibrio_tetraodonis_A511 covered only 0.04660 of the Vibrio_jasicida_CAIM_1864 (<cutoff = 0.1). It will NOT be used to build SNP tree and matrix.
Warnings: Vibrio_glycogenivorans_WXL210 covered only 0.05441 of the Vibrio_jasicida_CAIM_1864 (<cutoff = 0.1). It will NOT be used to build SNP tree and matrix.
11813_EXE_22_2025_DG1LF_PBC7_final covered 0.82384 of the Vibrio_jasicida_CAIM_1864 (<cutoff = 0.1). It will be used to build SNP tree and matrix.
Warnings: Vibrio_panuliri_JCM_19500 covered only 0.08325 of the Vibrio_jasicida_CAIM_1864 (<cutoff = 0.1). It will NOT be used to build SNP tree and matrix.
Warnings: Vibrio_zhanjiangensis_NBRC_108723 covered only 0.04240 of the Vibrio_jasicida_CAIM_1864 (<cutoff = 0.1). It will NOT be used to build SNP tree and matrix.
Warnings: Vibrio_tasmaniensis_LMG_20012 covered only 0.09557 of the Vibrio_jasicida_CAIM_1864 (<cutoff = 0.1). It will NOT be used to build SNP tree and matrix.
Vibrio_europaeus_PP_638 covered 0.11092 of the Vibrio_jasicida_CAIM_1864 (<cutoff = 0.1). It will be used to build SNP tree and matrix.
Warnings: Vibrio_neonatus_JCM_21521 covered only 0.03973 of the Vibrio_jasicida_CAIM_1864 (<cutoff = 0.1). It will NOT be used to build SNP tree and matrix.
Warnings: Vibrio_mangrovi_CECT_7927 covered only 0.02276 of the Vibrio_jasicida_CAIM_1864 (<cutoff = 0.1). It will NOT be used to build SNP tree and matrix.
Warnings: Vibrio_mediterranei_ covered only 0.06783 of the Vibrio_jasicida_CAIM_1864 (<cutoff = 0.1). It will NOT be used to build SNP tree and matrix.
Warnings: Vibrio_porteresiae_MSSRF30 covered only 0.04684 of the Vibrio_jasicida_CAIM_1864 (<cutoff = 0.1). It will NOT be used to build SNP tree and matrix.
Vibrio_crassostreae_LMG_22240 covered 0.10744 of the Vibrio_jasicida_CAIM_1864 (<cutoff = 0.1). It will be used to build SNP tree and matrix.
Warnings: Vibrio_viridaestus_LJC006 covered only 0.03259 of the Vibrio_jasicida_CAIM_1864 (<cutoff = 0.1). It will NOT be used to build SNP tree and matrix.
Warnings: Vibrio_proteolyticus_ATCC_15338 covered only 0.07551 of the Vibrio_jasicida_CAIM_1864 (<cutoff = 0.1). It will NOT be used to build SNP tree and matrix.
Warnings: Vibrio_ishigakensis_JCM_19231 covered only 0.04901 of the Vibrio_jasicida_CAIM_1864 (<cutoff = 0.1). It will NOT be used to build SNP tree and matrix.
11813_EXE_30_2025_L_PBC74148_final covered 0.37618 of the Vibrio_jasicida_CAIM_1864 (<cutoff = 0.1). It will be used to build SNP tree and matrix.
Vibrio_splendidus_LMG_19031 covered 0.10305 of the Vibrio_jasicida_CAIM_1864 (<cutoff = 0.1). It will be used to build SNP tree and matrix.
Warnings: Vibrio_injensis_M12_1144 covered only 0.03506 of the Vibrio_jasicida_CAIM_1864 (<cutoff = 0.1). It will NOT be used to build SNP tree and matrix.
Warnings: Vibrio_cincinnatiensis_NCTC12012 covered only 0.03457 of the Vibrio_jasicida_CAIM_1864 (<cutoff = 0.1). It will NOT be used to build SNP tree and matrix.
EXE_33_2024_E_final covered 0.37841 of the Vibrio_jasicida_CAIM_1864 (<cutoff = 0.1). It will be used to build SNP tree and matrix.
Warnings: Vibrio_nitrifigilis_NFV_1 covered only 0.04293 of the Vibrio_jasicida_CAIM_1864 (<cutoff = 0.1). It will NOT be used to build SNP tree and matrix.
Warnings: Vibrio_ziniensis_ZWAL4003 covered only 0.05819 of the Vibrio_jasicida_CAIM_1864 (<cutoff = 0.1). It will NOT be used to build SNP tree and matrix.
Warnings: Vibrio_xiamenensis_CGMCC_1_10228 covered only 0.05529 of the Vibrio_jasicida_CAIM_1864 (<cutoff = 0.1). It will NOT be used to build SNP tree and matrix.
Warnings: Vibrio_anguillarum_NCTC12159 covered only 0.05361 of the Vibrio_jasicida_CAIM_1864 (<cutoff = 0.1). It will NOT be used to build SNP tree and matrix.
EXE09_2023D7_unicycler covered 0.36011 of the Vibrio_jasicida_CAIM_1864 (<cutoff = 0.1). It will be used to build SNP tree and matrix.
Warnings: Vibrio_scophthalmi_LMG_19158 covered only 0.08449 of the Vibrio_jasicida_CAIM_1864 (<cutoff = 0.1). It will NOT be used to build SNP tree and matrix.
Warnings: Vibrio_tapetis_subsp__quintayensis_CECT_8851 covered only 0.05455 of the Vibrio_jasicida_CAIM_1864 (<cutoff = 0.1). It will NOT be used to build SNP tree and matrix.
Warnings: Vibrio_rhizosphaerae_LMG_23790 covered only 0.02176 of the Vibrio_jasicida_CAIM_1864 (<cutoff = 0.1). It will NOT be used to build SNP tree and matrix.
Warnings: Vibrio_hibernica_B1_19 covered only 0.02465 of the Vibrio_jasicida_CAIM_1864 (<cutoff = 0.1). It will NOT be used to build SNP tree and matrix.
Warnings: Vibrio_ezurae_HDS1_1 covered only 0.03836 of the Vibrio_jasicida_CAIM_1864 (<cutoff = 0.1). It will NOT be used to build SNP tree and matrix.
Warnings: Vibrio_tritonius_JCM_16456 covered only 0.04581 of the Vibrio_jasicida_CAIM_1864 (<cutoff = 0.1). It will NOT be used to build SNP tree and matrix.
Warnings: Vibrio_gazogenes_ATCC_29988 covered only 0.02268 of the Vibrio_jasicida_CAIM_1864 (<cutoff = 0.1). It will NOT be used to build SNP tree and matrix.
Warnings: Vibrio_casei_DSM_22364 covered only 0.02957 of the Vibrio_jasicida_CAIM_1864 (<cutoff = 0.1). It will NOT be used to build SNP tree and matrix.
Warnings: Vibrio_palustris_CECT_9027 covered only 0.02910 of the Vibrio_jasicida_CAIM_1864 (<cutoff = 0.1). It will NOT be used to build SNP tree and matrix.
Warnings: Vibrio_aphrogenes_CA_1004 covered only 0.02940 of the Vibrio_jasicida_CAIM_1864 (<cutoff = 0.1). It will NOT be used to build SNP tree and matrix.
Warnings: Vibrio_diazotrophicus_ATCC_33466 covered only 0.06618 of the Vibrio_jasicida_CAIM_1864 (<cutoff = 0.1). It will NOT be used to build SNP tree and matrix.
Vibrio_chemaguriensis_Iso1 covered 0.36115 of the Vibrio_jasicida_CAIM_1864 (<cutoff = 0.1). It will be used to build SNP tree and matrix.
Vibrio_mytili_type_strain__CIP103929 covered 0.19728 of the Vibrio_jasicida_CAIM_1864 (<cutoff = 0.1). It will be used to build SNP tree and matrix.
Warnings: Vibrio_kyushuensis_JAMM1822 covered only 0.06126 of the Vibrio_jasicida_CAIM_1864 (<cutoff = 0.1). It will NOT be used to build SNP tree and matrix.
Vibrio_rotiferianus_CAIM_577 covered 0.56284 of the Vibrio_jasicida_CAIM_1864 (<cutoff = 0.1). It will be used to build SNP tree and matrix.
Warnings: Vibrio_aestuarianus_LMG_7909 covered only 0.06656 of the Vibrio_jasicida_CAIM_1864 (<cutoff = 0.1). It will NOT be used to build SNP tree and matrix.
Warnings: Vibrio_salilacus_DSG_S6 covered only 0.07847 of the Vibrio_jasicida_CAIM_1864 (<cutoff = 0.1). It will NOT be used to build SNP tree and matrix.
Warnings: Vibrio_amylolyticus_ZSDE26 covered only 0.06426 of the Vibrio_jasicida_CAIM_1864 (<cutoff = 0.1). It will NOT be used to build SNP tree and matrix.
Warnings: Vibrio_gallaecicus_CECT_7244 covered only 0.07964 of the Vibrio_jasicida_CAIM_1864 (<cutoff = 0.1). It will NOT be used to build SNP tree and matrix.
Vibrio_alfacsensis_CAIM_1831 covered 0.39028 of the Vibrio_jasicida_CAIM_1864 (<cutoff = 0.1). It will be used to build SNP tree and matrix.
11813_EXE_20_2024_J_PBC74148_final covered 0.36661 of the Vibrio_jasicida_CAIM_1864 (<cutoff = 0.1). It will be used to build SNP tree and matrix.
Warnings: Vibrio_penaeicida_IFO_15640 covered only 0.05320 of the Vibrio_jasicida_CAIM_1864 (<cutoff = 0.1). It will NOT be used to build SNP tree and matrix.
Warnings: Vibrio_qinghaiensis_Q67 covered only 0.05145 of the Vibrio_jasicida_CAIM_1864 (<cutoff = 0.1). It will NOT be used to build SNP tree and matrix.
Warnings: Vibrio_kagoshimensis_JAMM0761 covered only 0.07679 of the Vibrio_jasicida_CAIM_1864 (<cutoff = 0.1). It will NOT be used to build SNP tree and matrix.
11671_EXE_26_2024_C_unicycler covered 0.37823 of the Vibrio_jasicida_CAIM_1864 (<cutoff = 0.1). It will be used to build SNP tree and matrix.
Warnings: Vibrio_breoganii_CECT_7222 covered only 0.04759 of the Vibrio_jasicida_CAIM_1864 (<cutoff = 0.1). It will NOT be used to build SNP tree and matrix.
Warnings: Vibrio_maerlii_G62 covered only 0.08115 of the Vibrio_jasicida_CAIM_1864 (<cutoff = 0.1). It will NOT be used to build SNP tree and matrix.
Warnings: Vibrio_spartinae_CECT_9026 covered only 0.02207 of the Vibrio_jasicida_CAIM_1864 (<cutoff = 0.1). It will NOT be used to build SNP tree and matrix.
Warnings: Vibrio_tetraodonis_subsp__pristinus_OCN044 covered only 0.04464 of the Vibrio_jasicida_CAIM_1864 (<cutoff = 0.1). It will NOT be used to build SNP tree and matrix.
Warnings: Vibrio_plantisponsor_MSSRF60 covered only 0.06848 of the Vibrio_jasicida_CAIM_1864 (<cutoff = 0.1). It will NOT be used to build SNP tree and matrix.
EXE_08_2024_A_final covered 0.36204 of the Vibrio_jasicida_CAIM_1864 (<cutoff = 0.1). It will be used to build SNP tree and matrix.
Warnings: Vibrio_kasasachensis_JAMM1812 covered only 0.07369 of the Vibrio_jasicida_CAIM_1864 (<cutoff = 0.1). It will NOT be used to build SNP tree and matrix.
Vibrio_tubiashii_ATCC_19109 covered 0.10979 of the Vibrio_jasicida_CAIM_1864 (<cutoff = 0.1). It will be used to build SNP tree and matrix.
Vibrio_orientalis_CIP_102891 covered 0.11577 of the Vibrio_jasicida_CAIM_1864 (<cutoff = 0.1). It will be used to build SNP tree and matrix.
Vibrio_atypicus_DSM_25292 covered 0.10999 of the Vibrio_jasicida_CAIM_1864 (<cutoff = 0.1). It will be used to build SNP tree and matrix.
11813_EXE_27_2025_D_PBC74148_final covered 0.36208 of the Vibrio_jasicida_CAIM_1864 (<cutoff = 0.1). It will be used to build SNP tree and matrix.
Vibrio_bathopelagicus_Sal10 covered 0.10313 of the Vibrio_jasicida_CAIM_1864 (<cutoff = 0.1). It will be used to build SNP tree and matrix.
Vibrio_azureus_LC2_005 covered 0.13498 of the Vibrio_jasicida_CAIM_1864 (<cutoff = 0.1). It will be used to build SNP tree and matrix.
Warnings: Vibrio_albus_E4404 covered only 0.03277 of the Vibrio_jasicida_CAIM_1864 (<cutoff = 0.1). It will NOT be used to build SNP tree and matrix.
Warnings: Vibrio_gallicus_CIP_107863 covered only 0.03219 of the Vibrio_jasicida_CAIM_1864 (<cutoff = 0.1). It will NOT be used to build SNP tree and matrix.
Vibrio_harveyi_NCTC12970 covered 0.68120 of the Vibrio_jasicida_CAIM_1864 (<cutoff = 0.1). It will be used to build SNP tree and matrix.
Warnings: Vibrio_tapetis_subsp__tapetis_ covered only 0.05214 of the Vibrio_jasicida_CAIM_1864 (<cutoff = 0.1). It will NOT be used to build SNP tree and matrix.
EXE07_2023A1_unicycler covered 0.36564 of the Vibrio_jasicida_CAIM_1864 (<cutoff = 0.1). It will be used to build SNP tree and matrix.
Warnings: Vibrio_wakamikoensis_JAMM2464 covered only 0.07326 of the Vibrio_jasicida_CAIM_1864 (<cutoff = 0.1). It will NOT be used to build SNP tree and matrix.
11813_EXE_27_2025_A_PBC74148_final covered 0.88329 of the Vibrio_jasicida_CAIM_1864 (<cutoff = 0.1). It will be used to build SNP tree and matrix.
11671_EXE_19_2024_C_unicycler covered 0.37533 of the Vibrio_jasicida_CAIM_1864 (<cutoff = 0.1). It will be used to build SNP tree and matrix.
11671_EXE_25_2024_H_unicycler covered 0.37532 of the Vibrio_jasicida_CAIM_1864 (<cutoff = 0.1). It will be used to build SNP tree and matrix.
Warnings: Vibrio_tarriae_2521_89 covered only 0.04742 of the Vibrio_jasicida_CAIM_1864 (<cutoff = 0.1). It will NOT be used to build SNP tree and matrix.
Vibrio_vulnificus_2142_77 covered 0.11835 of the Vibrio_jasicida_CAIM_1864 (<cutoff = 0.1). It will be used to build SNP tree and matrix.
Warnings: Vibrio_japonicus_JCM_31412 covered only 0.09689 of the Vibrio_jasicida_CAIM_1864 (<cutoff = 0.1). It will NOT be used to build SNP tree and matrix.
Warnings: Vibrio_gelatinilyticus_ZSDZ34 covered only 0.05263 of the Vibrio_jasicida_CAIM_1864 (<cutoff = 0.1). It will NOT be used to build SNP tree and matrix.
Vibrio_lentus_40M4T covered 0.10091 of the Vibrio_jasicida_CAIM_1864 (<cutoff = 0.1). It will be used to build SNP tree and matrix.
11813_EXE_26_2025_A_PBC74148_final covered 0.88979 of the Vibrio_jasicida_CAIM_1864 (<cutoff = 0.1). It will be used to build SNP tree and matrix.
EXE07_2023A4_unicycler covered 0.36489 of the Vibrio_jasicida_CAIM_1864 (<cutoff = 0.1). It will be used to build SNP tree and matrix.
Warnings: Vibrio_aquimaris_THAF100 covered only 0.04693 of the Vibrio_jasicida_CAIM_1864 (<cutoff = 0.1). It will NOT be used to build SNP tree and matrix.
11813_EXE_30_2024_F_PBC74148_final covered 0.37808 of the Vibrio_jasicida_CAIM_1864 (<cutoff = 0.1). It will be used to build SNP tree and matrix.
EXE_30_2025_R_final covered 0.37568 of the Vibrio_jasicida_CAIM_1864 (<cutoff = 0.1). It will be used to build SNP tree and matrix.
Warnings: Vibrio_nereis_DSM_19584 covered only 0.09264 of the Vibrio_jasicida_CAIM_1864 (<cutoff = 0.1). It will NOT be used to build SNP tree and matrix.
11813_EXE_28_2025_A_PBC74148_final covered 0.39302 of the Vibrio_jasicida_CAIM_1864 (<cutoff = 0.1). It will be used to build SNP tree and matrix.
EXE_15_2024_J_unicycler covered 0.37624 of the Vibrio_jasicida_CAIM_1864 (<cutoff = 0.1). It will be used to build SNP tree and matrix.
Vibrio_jasicida_CAIM_1864 covered 0.99980 of the Vibrio_jasicida_CAIM_1864 (<cutoff = 0.1). It will be used to build SNP tree and matrix.
REPEATS covered 0.99137 of the Vibrio_jasicida_CAIM_1864 (<cutoff = 0.1). It will be used to build SNP tree and matrix.
Warnings: Vibrio_coralliilyticus_DSM_19607 covered only 0.09569 of the Vibrio_jasicida_CAIM_1864 (<cutoff = 0.1). It will NOT be used to build SNP tree and matrix.
Warnings: Vibrio_nomapromontoriensis_JAMM1728 covered only 0.05558 of the Vibrio_jasicida_CAIM_1864 (<cutoff = 0.1). It will NOT be used to build SNP tree and matrix.
Warnings: Vibrio_ostreicida_CECT_7398 covered only 0.04273 of the Vibrio_jasicida_CAIM_1864 (<cutoff = 0.1). It will NOT be used to build SNP tree and matrix.
Vibrio_chagasii_LMG_21353 covered 0.10282 of the Vibrio_jasicida_CAIM_1864 (<cutoff = 0.1). It will be used to build SNP tree and matrix.
Vibrio_owensii_DY05 covered 0.75994 of the Vibrio_jasicida_CAIM_1864 (<cutoff = 0.1). It will be used to build SNP tree and matrix.
Vibrio_sinaloensis_CECT_7298 covered 0.10487 of the Vibrio_jasicida_CAIM_1864 (<cutoff = 0.1). It will be used to build SNP tree and matrix.
Warnings: EXE_23_2025_L_final covered only 0.07978 of the Vibrio_jasicida_CAIM_1864 (<cutoff = 0.1). It will NOT be used to build SNP tree and matrix.
Vibrio_hyugaensis_090810a covered 0.78389 of the Vibrio_jasicida_CAIM_1864 (<cutoff = 0.1). It will be used to build SNP tree and matrix.
Warnings: Vibrio_rarus_LMG_23674 covered only 0.03496 of the Vibrio_jasicida_CAIM_1864 (<cutoff = 0.1). It will NOT be used to build SNP tree and matrix.
Warnings: Vibrio_atlanticus_CECT_7223 covered only 0.09770 of the Vibrio_jasicida_CAIM_1864 (<cutoff = 0.1). It will NOT be used to build SNP tree and matrix.
Warnings: Vibrio_toranzoniae_CECT_7225 covered only 0.09472 of the Vibrio_jasicida_CAIM_1864 (<cutoff = 0.1). It will NOT be used to build SNP tree and matrix.
11813_EXE_29_2025_V_PBC74148_final covered 0.36263 of the Vibrio_jasicida_CAIM_1864 (<cutoff = 0.1). It will be used to build SNP tree and matrix.
Warnings: Vibrio_rhodolitus_G98 covered only 0.09620 of the Vibrio_jasicida_CAIM_1864 (<cutoff = 0.1). It will NOT be used to build SNP tree and matrix.
Vibrio_diabolicus_CNCM_I_1629 covered 0.36089 of the Vibrio_jasicida_CAIM_1864 (<cutoff = 0.1). It will be used to build SNP tree and matrix.
Warnings: Vibrio_agarilyticus_SM6 covered only 0.04366 of the Vibrio_jasicida_CAIM_1864 (<cutoff = 0.1). It will NOT be used to build SNP tree and matrix.
Vibrio_apostichopi_FE10 covered 0.10223 of the Vibrio_jasicida_CAIM_1864 (<cutoff = 0.1). It will be used to build SNP tree and matrix.
Vibrio_aquaticus_BEI207 covered 0.10650 of the Vibrio_jasicida_CAIM_1864 (<cutoff = 0.1). It will be used to build SNP tree and matrix.
Warnings: Vibrio_navarrensis_ATCC_51183 covered only 0.08532 of the Vibrio_jasicida_CAIM_1864 (<cutoff = 0.1). It will NOT be used to build SNP tree and matrix.
Vibrio_sagamiensis_NBRC_104589 covered 0.12685 of the Vibrio_jasicida_CAIM_1864 (<cutoff = 0.1). It will be used to build SNP tree and matrix.
11813_EXE_30_2025_S_PBC74148_final covered 0.37561 of the Vibrio_jasicida_CAIM_1864 (<cutoff = 0.1). It will be used to build SNP tree and matrix.
Vibrio_pomeroyi_LMG_20537 covered 0.11056 of the Vibrio_jasicida_CAIM_1864 (<cutoff = 0.1). It will be used to build SNP tree and matrix.
Vibrio_campbellii_CAIM_519 covered 0.62631 of the Vibrio_jasicida_CAIM_1864 (<cutoff = 0.1). It will be used to build SNP tree and matrix.
Warnings: Vibrio_renipiscarius_DCR_1_4_2 covered only 0.08392 of the Vibrio_jasicida_CAIM_1864 (<cutoff = 0.1). It will NOT be used to build SNP tree and matrix.
11813_EXE_30_2024_G_PBC74148_final covered 0.89005 of the Vibrio_jasicida_CAIM_1864 (<cutoff = 0.1). It will be used to build SNP tree and matrix.
Warnings: Vibrio_olivae_CECT_8064 covered only 0.04816 of the Vibrio_jasicida_CAIM_1864 (<cutoff = 0.1). It will NOT be used to build SNP tree and matrix.
Warnings: Vibrio_lamellibrachiae_JAMM2626 covered only 0.06322 of the Vibrio_jasicida_CAIM_1864 (<cutoff = 0.1). It will NOT be used to build SNP tree and matrix.
11813_EXE_29_2025_HH_PBC74148_final covered 0.37866 of the Vibrio_jasicida_CAIM_1864 (<cutoff = 0.1). It will be used to build SNP tree and matrix.
Warnings: Vibrio_barjaei_3062 covered only 0.06596 of the Vibrio_jasicida_CAIM_1864 (<cutoff = 0.1). It will NOT be used to build SNP tree and matrix.
EXE_03_2025_A_final covered 0.88888 of the Vibrio_jasicida_CAIM_1864 (<cutoff = 0.1). It will be used to build SNP tree and matrix.
Warnings: Vibrio_comitans_LMG_23416 covered only 0.04659 of the Vibrio_jasicida_CAIM_1864 (<cutoff = 0.1). It will NOT be used to build SNP tree and matrix.
Warnings: Vibrio_rumoiensis_FERM_P_14531 covered only 0.02952 of the Vibrio_jasicida_CAIM_1864 (<cutoff = 0.1). It will NOT be used to build SNP tree and matrix.
11813_EXE_06_2024_E_PBC74148_final covered 0.36441 of the Vibrio_jasicida_CAIM_1864 (<cutoff = 0.1). It will be used to build SNP tree and matrix.
Warnings: Vibrio_cortegadensis_CECT_7227 covered only 0.06664 of the Vibrio_jasicida_CAIM_1864 (<cutoff = 0.1). It will NOT be used to build SNP tree and matrix.
11813_EXE_21_2025_F_PBC74148_final covered 0.37781 of the Vibrio_jasicida_CAIM_1864 (<cutoff = 0.1). It will be used to build SNP tree and matrix.
Warnings: Vibrio_litoralis_DSM_17657 covered only 0.03338 of the Vibrio_jasicida_CAIM_1864 (<cutoff = 0.1). It will NOT be used to build SNP tree and matrix.
Warnings: Vibrio_inusitatus_LMG_23434 covered only 0.04126 of the Vibrio_jasicida_CAIM_1864 (<cutoff = 0.1). It will NOT be used to build SNP tree and matrix.
Vibrio_fortis_LMG_21557 covered 0.10641 of the Vibrio_jasicida_CAIM_1864 (<cutoff = 0.1). It will be used to build SNP tree and matrix.
Warnings: Vibrio_halioticoli_IAM_14596 covered only 0.04064 of the Vibrio_jasicida_CAIM_1864 (<cutoff = 0.1). It will NOT be used to build SNP tree and matrix.
Warnings: Vibrio_hippocampi_CECT_8226 covered only 0.04691 of the Vibrio_jasicida_CAIM_1864 (<cutoff = 0.1). It will NOT be used to build SNP tree and matrix.
Warnings: Vibrio_mimicus_NCTC11435 covered only 0.05703 of the Vibrio_jasicida_CAIM_1864 (<cutoff = 0.1). It will NOT be used to build SNP tree and matrix.
11813_EXE_33_2024_C_PBC74148_final covered 0.36440 of the Vibrio_jasicida_CAIM_1864 (<cutoff = 0.1). It will be used to build SNP tree and matrix.
Warnings: Vibrio_chaetopteri_CB1_14 covered only 0.07388 of the Vibrio_jasicida_CAIM_1864 (<cutoff = 0.1). It will NOT be used to build SNP tree and matrix.
Warnings: Vibrio_marisflavi_CECT_7928 covered only 0.04329 of the Vibrio_jasicida_CAIM_1864 (<cutoff = 0.1). It will NOT be used to build SNP tree and matrix.
Warnings: Vibrio_neptunius_KCTC_12702 covered only 0.08840 of the Vibrio_jasicida_CAIM_1864 (<cutoff = 0.1). It will NOT be used to build SNP tree and matrix.
11671_EXE_23_2024_1_unicycler covered 0.37872 of the Vibrio_jasicida_CAIM_1864 (<cutoff = 0.1). It will be used to build SNP tree and matrix.
Warnings: Vibrio_thalassae_KCTC_32373 covered only 0.06012 of the Vibrio_jasicida_CAIM_1864 (<cutoff = 0.1). It will NOT be used to build SNP tree and matrix.
EXE_20_2025_B_final covered 0.37767 of the Vibrio_jasicida_CAIM_1864 (<cutoff = 0.1). It will be used to build SNP tree and matrix.
Vibrio_coralliirubri_DSM_27495 covered 0.11156 of the Vibrio_jasicida_CAIM_1864 (<cutoff = 0.1). It will be used to build SNP tree and matrix.
Warnings: Vibrio_chanodichtyis_DSL_7 covered only 0.03538 of the Vibrio_jasicida_CAIM_1864 (<cutoff = 0.1). It will NOT be used to build SNP tree and matrix.
Vibrio_ouci_BEI176 covered 0.11882 of the Vibrio_jasicida_CAIM_1864 (<cutoff = 0.1). It will be used to build SNP tree and matrix.
Warnings: Vibrio_misgurnus_GVC covered only 0.03467 of the Vibrio_jasicida_CAIM_1864 (<cutoff = 0.1). It will NOT be used to build SNP tree and matrix.
Warnings: Vibrio_artabrorum_CECT_7226 covered only 0.08248 of the Vibrio_jasicida_CAIM_1864 (<cutoff = 0.1). It will NOT be used to build SNP tree and matrix.
Warnings: Vibrio_hangzhouensis_CGMCC_1_7062 covered only 0.05872 of the Vibrio_jasicida_CAIM_1864 (<cutoff = 0.1). It will NOT be used to build SNP tree and matrix.
11813_EX_23_2024_K_PBC74148_final covered 0.36690 of the Vibrio_jasicida_CAIM_1864 (<cutoff = 0.1). It will be used to build SNP tree and matrix.
EXE_13_2025_A_final covered 0.89013 of the Vibrio_jasicida_CAIM_1864 (<cutoff = 0.1). It will be used to build SNP tree and matrix.
Warnings: Vibrio_cholerae_FDAARGOS_103 covered only 0.04937 of the Vibrio_jasicida_CAIM_1864 (<cutoff = 0.1). It will NOT be used to build SNP tree and matrix.
Warnings: Vibrio_methylphosphonaticus_S4B1 covered only 0.05530 of the Vibrio_jasicida_CAIM_1864 (<cutoff = 0.1). It will NOT be used to build SNP tree and matrix.
Warnings: Vibrio_iocasae_HN007 covered only 0.04516 of the Vibrio_jasicida_CAIM_1864 (<cutoff = 0.1). It will NOT be used to build SNP tree and matrix.
Warnings: Vibrio_ponticus_DSM_16217 covered only 0.09630 of the Vibrio_jasicida_CAIM_1864 (<cutoff = 0.1). It will NOT be used to build SNP tree and matrix.
11813_EXE_22_2025_T1A_PBC74148_final covered 0.36984 of the Vibrio_jasicida_CAIM_1864 (<cutoff = 0.1). It will be used to build SNP tree and matrix.
Warnings: Vibrio_ulleungensis_188UL20_2 covered only 0.03421 of the Vibrio_jasicida_CAIM_1864 (<cutoff = 0.1). It will NOT be used to build SNP tree and matrix.
Warnings: Vibrio_cyclitrophicus_LMG_21359 covered only 0.09513 of the Vibrio_jasicida_CAIM_1864 (<cutoff = 0.1). It will NOT be used to build SNP tree and matrix.
Warnings: Vibrio_kanaloae_LMG_20539 covered only 0.09171 of the Vibrio_jasicida_CAIM_1864 (<cutoff = 0.1). It will NOT be used to build SNP tree and matrix.
11813_EXE_32_2024_G_PBC74148_final covered 0.37368 of the Vibrio_jasicida_CAIM_1864 (<cutoff = 0.1). It will be used to build SNP tree and matrix.
Vibrio_intestinalis_YLB_11 covered 0.10524 of the Vibrio_jasicida_CAIM_1864 (<cutoff = 0.1). It will be used to build SNP tree and matrix.
11813_EXE_13_2025_P_PBC74148_final covered 0.88832 of the Vibrio_jasicida_CAIM_1864 (<cutoff = 0.1). It will be used to build SNP tree and matrix.
Warnings: Vibrio_clamense_JAMM0920 covered only 0.06489 of the Vibrio_jasicida_CAIM_1864 (<cutoff = 0.1). It will NOT be used to build SNP tree and matrix.
Warnings: Vibrio_sinus_S4M6 covered only 0.03307 of the Vibrio_jasicida_CAIM_1864 (<cutoff = 0.1). It will NOT be used to build SNP tree and matrix.
Warnings: Vibrio_sinensis_BEI233 covered only 0.07901 of the Vibrio_jasicida_CAIM_1864 (<cutoff = 0.1). It will NOT be used to build SNP tree and matrix.
Warnings: Vibrio_caribbeanicus_ATCC_BAA_2122 covered only 0.03571 of the Vibrio_jasicida_CAIM_1864 (<cutoff = 0.1). It will NOT be used to build SNP tree and matrix.
11813_EXE_09_2024_B_PBC74148_final covered 0.37764 of the Vibrio_jasicida_CAIM_1864 (<cutoff = 0.1). It will be used to build SNP tree and matrix.
Vibrio_hepatarius_DSM_19134 covered 0.10989 of the Vibrio_jasicida_CAIM_1864 (<cutoff = 0.1). It will be used to build SNP tree and matrix.
Warnings: Vibrio_superstes_G3_29 covered only 0.04537 of the Vibrio_jasicida_CAIM_1864 (<cutoff = 0.1). It will NOT be used to build SNP tree and matrix.
Vibrio_floridensis_IRLE0018 covered 0.10748 of the Vibrio_jasicida_CAIM_1864 (<cutoff = 0.1). It will be used to build SNP tree and matrix.
Warnings: Vibrio_cionasavignyae_JAMM2507 covered only 0.05649 of the Vibrio_jasicida_CAIM_1864 (<cutoff = 0.1). It will NOT be used to build SNP tree and matrix.
Vibrio_natriegens_CCUG_16371 covered 0.26200 of the Vibrio_jasicida_CAIM_1864 (<cutoff = 0.1). It will be used to build SNP tree and matrix.
Vibrio_brasiliensis_LMG_20546 covered 0.10139 of the Vibrio_jasicida_CAIM_1864 (<cutoff = 0.1). It will be used to build SNP tree and matrix.
Warnings: Vibrio_algivorus_SA2 covered only 0.03161 of the Vibrio_jasicida_CAIM_1864 (<cutoff = 0.1). It will NOT be used to build SNP tree and matrix.
Vibrio_gigantis_LMG_22741 covered 0.10363 of the Vibrio_jasicida_CAIM_1864 (<cutoff = 0.1). It will be used to build SNP tree and matrix.
Warnings: Vibrio_fluvialis_ATCC_33809 covered only 0.06435 of the Vibrio_jasicida_CAIM_1864 (<cutoff = 0.1). It will NOT be used to build SNP tree and matrix.
Warnings: Vibrio_marinisediminis_404 covered only 0.09002 of the Vibrio_jasicida_CAIM_1864 (<cutoff = 0.1). It will NOT be used to build SNP tree and matrix.
Warnings: Vibrio_paracholerae_EDC_792 covered only 0.04630 of the Vibrio_jasicida_CAIM_1864 (<cutoff = 0.1). It will NOT be used to build SNP tree and matrix.
Vibrio_parahaemolyticus_ATCC_17802 covered 0.37668 of the Vibrio_jasicida_CAIM_1864 (<cutoff = 0.1). It will be used to build SNP tree and matrix.
Vibrio_alginolyticus_ATCC_17749 covered 0.37703 of the Vibrio_jasicida_CAIM_1864 (<cutoff = 0.1). It will be used to build SNP tree and matrix.
Warnings: Vibrio_metschnikovii_NCTC8443 covered only 0.03523 of the Vibrio_jasicida_CAIM_1864 (<cutoff = 0.1). It will NOT be used to build SNP tree and matrix.
11813_EXE22_2025_IVF5LA_PBC74148_final covered 0.88209 of the Vibrio_jasicida_CAIM_1864 (<cutoff = 0.1). It will be used to build SNP tree and matrix.
Vibrio_antiquarius_EX25 covered 0.35969 of the Vibrio_jasicida_CAIM_1864 (<cutoff = 0.1). It will be used to build SNP tree and matrix.
Warnings: Vibrio_agarivorans_CECT_5085 covered only 0.06508 of the Vibrio_jasicida_CAIM_1864 (<cutoff = 0.1). It will NOT be used to build SNP tree and matrix.
Warnings: Vibrio_ostreae_OG9_811 covered only 0.05042 of the Vibrio_jasicida_CAIM_1864 (<cutoff = 0.1). It will NOT be used to build SNP tree and matrix.
Warnings: Vibrio_profundi_TP187 covered only 0.09039 of the Vibrio_jasicida_CAIM_1864 (<cutoff = 0.1). It will NOT be used to build SNP tree and matrix.
EXE10_2023G3_unicycler covered 0.36493 of the Vibrio_jasicida_CAIM_1864 (<cutoff = 0.1). It will be used to build SNP tree and matrix.
Warnings: Vibrio_syngnathi_K08M4 covered only 0.09498 of the Vibrio_jasicida_CAIM_1864 (<cutoff = 0.1). It will NOT be used to build SNP tree and matrix.
Warnings: Vibrio_pacinii_DSM_19139 covered only 0.07970 of the Vibrio_jasicida_CAIM_1864 (<cutoff = 0.1). It will NOT be used to build SNP tree and matrix.
Warnings: Vibrio_galatheae_S2757 covered only 0.08845 of the Vibrio_jasicida_CAIM_1864 (<cutoff = 0.1). It will NOT be used to build SNP tree and matrix.
Warnings: Vibrio_pelagius_ATCC_25916 covered only 0.09931 of the Vibrio_jasicida_CAIM_1864 (<cutoff = 0.1). It will NOT be used to build SNP tree and matrix.
11671_EXE_22_2024_B_unicycler covered 0.88764 of the Vibrio_jasicida_CAIM_1864 (<cutoff = 0.1). It will be used to build SNP tree and matrix.
Warnings: Vibrio_fluminensis_A621 covered only 0.08883 of the Vibrio_jasicida_CAIM_1864 (<cutoff = 0.1). It will NOT be used to build SNP tree and matrix.
11813_EXE_34_2024_C_PBC74148_final covered 0.36415 of the Vibrio_jasicida_CAIM_1864 (<cutoff = 0.1). It will be used to build SNP tree and matrix.
11813_EXE_12_2025_A_PBC74148_final covered 0.36416 of the Vibrio_jasicida_CAIM_1864 (<cutoff = 0.1). It will be used to build SNP tree and matrix.
Printing Summary Statistics.
Creating SNP alignment.
EXE_23_2025_L_final
Vibrio_aestuarianus_LMG_7909
Vibrio_agarilyticus_SM6
Vibrio_agarivorans_CECT_5085
Vibrio_albus_E4404
Vibrio_algivorus_SA2
Vibrio_amylolyticus_ZSDE26
Vibrio_anguillarum_NCTC12159
Vibrio_aphrogenes_CA_1004
Vibrio_aquimaris_THAF100
Vibrio_artabrorum_CECT_7226
Vibrio_atlanticus_CECT_7223
Vibrio_barjaei_3062
Vibrio_breoganii_CECT_7222
Vibrio_caribbeanicus_ATCC_BAA_2122
Vibrio_casei_DSM_22364
Vibrio_chaetopteri_CB1_14
Vibrio_chanodichtyis_DSL_7
Vibrio_cholerae_FDAARGOS_103
Vibrio_cincinnatiensis_NCTC12012
Vibrio_cionasavignyae_JAMM2507
Vibrio_clamense_JAMM0920
Vibrio_comitans_LMG_23416
Vibrio_coralliilyticus_DSM_19607
Vibrio_cortegadensis_CECT_7227
Vibrio_cyclitrophicus_LMG_21359
Vibrio_diazotrophicus_ATCC_33466
Vibrio_echinoideorum_DSM_107264
Vibrio_ezurae_HDS1_1
Vibrio_fluminensis_A621
Vibrio_fluvialis_ATCC_33809
Vibrio_furnissii_FDAARGOS_777
Vibrio_galatheae_S2757
Vibrio_gallaecicus_CECT_7244
Vibrio_gallicus_CIP_107863
Vibrio_gangliei_DSM_104291
Vibrio_gazogenes_ATCC_29988
Vibrio_gelatinilyticus_ZSDZ34
Vibrio_glycogenivorans_WXL210
Vibrio_halioticoli_IAM_14596
Vibrio_hangzhouensis_CGMCC_1_7062
Vibrio_hibernica_B1_19
Vibrio_hippocampi_CECT_8226
Vibrio_injensis_M12_1144
Vibrio_inusitatus_LMG_23434
Vibrio_iocasae_HN007
Vibrio_ishigakensis_JCM_19231
Vibrio_japonicus_JCM_31412
Vibrio_kagoshimensis_JAMM0761
Vibrio_kanaloae_LMG_20539
Vibrio_kasasachensis_JAMM1812
Vibrio_kyushuensis_JAMM1822
Vibrio_lamellibrachiae_JAMM2626
Vibrio_litoralis_DSM_17657
Vibrio_maerlii_G62
Vibrio_mangrovi_CECT_7927
Vibrio_marinisediminis_404
Vibrio_marisflavi_CECT_7928
Vibrio_mediterranei_
Vibrio_methylphosphonaticus_S4B1
Vibrio_metschnikovii_NCTC8443
Vibrio_mimicus_NCTC11435
Vibrio_misgurnus_GVC
Vibrio_navarrensis_ATCC_51183
Vibrio_neonatus_JCM_21521
Vibrio_neptunius_KCTC_12702
Vibrio_nereis_DSM_19584
Vibrio_nitrifigilis_NFV_1
Vibrio_nomapromontoriensis_JAMM1728
Vibrio_olivae_CECT_8064
Vibrio_ostreae_OG9_811
Vibrio_ostreicida_CECT_7398
Vibrio_pacinii_DSM_19139
Vibrio_palustris_CECT_9027
Vibrio_panuliri_JCM_19500
Vibrio_paracholerae_EDC_792
Vibrio_pectenicida_LMG_19642
Vibrio_pelagius_ATCC_25916
Vibrio_penaeicida_IFO_15640
Vibrio_plantisponsor_MSSRF60
Vibrio_ponticus_DSM_16217
Vibrio_porteresiae_MSSRF30
Vibrio_profundi_TP187
Vibrio_proteolyticus_ATCC_15338
Vibrio_qinghaiensis_Q67
Vibrio_rarus_LMG_23674
Vibrio_renipiscarius_DCR_1_4_2
Vibrio_rhizosphaerae_LMG_23790
Vibrio_rhodolitus_G98
Vibrio_ruber_CECT_7878
Vibrio_rumoiensis_FERM_P_14531
Vibrio_sabulosilitoris_MAO6
Vibrio_salilacus_DSG_S6
Vibrio_scophthalmi_LMG_19158
Vibrio_sinensis_BEI233
Vibrio_sinus_S4M6
Vibrio_spartinae_CECT_9026
Vibrio_superstes_G3_29
Vibrio_syngnathi_K08M4
Vibrio_tapetis_subsp__quintayensis_CECT_8851
Vibrio_tapetis_subsp__tapetis_
Vibrio_tarriae_2521_89
Vibrio_tasmaniensis_LMG_20012
Vibrio_tetraodonis_A511
Vibrio_tetraodonis_subsp__pristinus_OCN044
Vibrio_thalassae_KCTC_32373
Vibrio_toranzoniae_CECT_7225
Vibrio_tritonius_JCM_16456
Vibrio_ulleungensis_188UL20_2
Vibrio_viridaestus_LJC006
Vibrio_wakamikoensis_JAMM2464
Vibrio_xiamenensis_CGMCC_1_10228
Vibrio_zhanjiangensis_NBRC_108723
Vibrio_ziniensis_ZWAL4003
EXE_23_2025_L_final
Vibrio_aestuarianus_LMG_7909
Vibrio_agarilyticus_SM6
Vibrio_agarivorans_CECT_5085
Vibrio_albus_E4404
Vibrio_algivorus_SA2
Vibrio_amylolyticus_ZSDE26
Vibrio_anguillarum_NCTC12159
Vibrio_aphrogenes_CA_1004
Vibrio_aquimaris_THAF100
Vibrio_artabrorum_CECT_7226
Vibrio_atlanticus_CECT_7223
Vibrio_barjaei_3062
Vibrio_breoganii_CECT_7222
Vibrio_caribbeanicus_ATCC_BAA_2122
Vibrio_casei_DSM_22364
Vibrio_chaetopteri_CB1_14
Vibrio_chanodichtyis_DSL_7
Vibrio_cholerae_FDAARGOS_103
Vibrio_cincinnatiensis_NCTC12012
Vibrio_cionasavignyae_JAMM2507
Vibrio_clamense_JAMM0920
Vibrio_comitans_LMG_23416
Vibrio_coralliilyticus_DSM_19607
Vibrio_cortegadensis_CECT_7227
Vibrio_cyclitrophicus_LMG_21359
Vibrio_diazotrophicus_ATCC_33466
Vibrio_echinoideorum_DSM_107264
Vibrio_ezurae_HDS1_1
Vibrio_fluminensis_A621
Vibrio_fluvialis_ATCC_33809
Vibrio_furnissii_FDAARGOS_777
Vibrio_galatheae_S2757
Vibrio_gallaecicus_CECT_7244
Vibrio_gallicus_CIP_107863
Vibrio_gangliei_DSM_104291
Vibrio_gazogenes_ATCC_29988
Vibrio_gelatinilyticus_ZSDZ34
Vibrio_glycogenivorans_WXL210
Vibrio_halioticoli_IAM_14596
Vibrio_hangzhouensis_CGMCC_1_7062
Vibrio_hibernica_B1_19
Vibrio_hippocampi_CECT_8226
Vibrio_injensis_M12_1144
Vibrio_inusitatus_LMG_23434
Vibrio_iocasae_HN007
Vibrio_ishigakensis_JCM_19231
Vibrio_japonicus_JCM_31412
Vibrio_kagoshimensis_JAMM0761
Vibrio_kanaloae_LMG_20539
Vibrio_kasasachensis_JAMM1812
Vibrio_kyushuensis_JAMM1822
Vibrio_lamellibrachiae_JAMM2626
Vibrio_litoralis_DSM_17657
Vibrio_maerlii_G62
Vibrio_mangrovi_CECT_7927
Vibrio_marinisediminis_404
Vibrio_marisflavi_CECT_7928
Vibrio_mediterranei_
Vibrio_methylphosphonaticus_S4B1
Vibrio_metschnikovii_NCTC8443
Vibrio_mimicus_NCTC11435
Vibrio_misgurnus_GVC
Vibrio_navarrensis_ATCC_51183
Vibrio_neonatus_JCM_21521
Vibrio_neptunius_KCTC_12702
Vibrio_nereis_DSM_19584
Vibrio_nitrifigilis_NFV_1
Vibrio_nomapromontoriensis_JAMM1728
Vibrio_olivae_CECT_8064
Vibrio_ostreae_OG9_811
Vibrio_ostreicida_CECT_7398
Vibrio_pacinii_DSM_19139
Vibrio_palustris_CECT_9027
Vibrio_panuliri_JCM_19500
Vibrio_paracholerae_EDC_792
Vibrio_pectenicida_LMG_19642
Vibrio_pelagius_ATCC_25916
Vibrio_penaeicida_IFO_15640
Vibrio_plantisponsor_MSSRF60
Vibrio_ponticus_DSM_16217
Vibrio_porteresiae_MSSRF30
Vibrio_profundi_TP187
Vibrio_proteolyticus_ATCC_15338
Vibrio_qinghaiensis_Q67
Vibrio_rarus_LMG_23674
Vibrio_renipiscarius_DCR_1_4_2
Vibrio_rhizosphaerae_LMG_23790
Vibrio_rhodolitus_G98
Vibrio_ruber_CECT_7878
Vibrio_rumoiensis_FERM_P_14531
Vibrio_sabulosilitoris_MAO6
Vibrio_salilacus_DSG_S6
Vibrio_scophthalmi_LMG_19158
Vibrio_sinensis_BEI233
Vibrio_sinus_S4M6
Vibrio_spartinae_CECT_9026
Vibrio_superstes_G3_29
Vibrio_syngnathi_K08M4
Vibrio_tapetis_subsp__quintayensis_CECT_8851
Vibrio_tapetis_subsp__tapetis_
Vibrio_tarriae_2521_89
Vibrio_tasmaniensis_LMG_20012
Vibrio_tetraodonis_A511
Vibrio_tetraodonis_subsp__pristinus_OCN044
Vibrio_thalassae_KCTC_32373
Vibrio_toranzoniae_CECT_7225
Vibrio_tritonius_JCM_16456
Vibrio_ulleungensis_188UL20_2
Vibrio_viridaestus_LJC006
Vibrio_wakamikoensis_JAMM2464
Vibrio_xiamenensis_CGMCC_1_10228
Vibrio_zhanjiangensis_NBRC_108723
Vibrio_ziniensis_ZWAL4003
EXE_23_2025_L_final
Vibrio_aestuarianus_LMG_7909
Vibrio_agarilyticus_SM6
Vibrio_agarivorans_CECT_5085
Vibrio_albus_E4404
Vibrio_algivorus_SA2
Vibrio_amylolyticus_ZSDE26
Vibrio_anguillarum_NCTC12159
Vibrio_aphrogenes_CA_1004
Vibrio_aquimaris_THAF100
Vibrio_artabrorum_CECT_7226
Vibrio_atlanticus_CECT_7223
Vibrio_barjaei_3062
Vibrio_breoganii_CECT_7222
Vibrio_caribbeanicus_ATCC_BAA_2122
Vibrio_casei_DSM_22364
Vibrio_chaetopteri_CB1_14
Vibrio_chanodichtyis_DSL_7
Vibrio_cholerae_FDAARGOS_103
Vibrio_cincinnatiensis_NCTC12012
Vibrio_cionasavignyae_JAMM2507
Vibrio_clamense_JAMM0920
Vibrio_comitans_LMG_23416
Vibrio_coralliilyticus_DSM_19607
Vibrio_cortegadensis_CECT_7227
Vibrio_cyclitrophicus_LMG_21359
Vibrio_diazotrophicus_ATCC_33466
Vibrio_echinoideorum_DSM_107264
Vibrio_ezurae_HDS1_1
Vibrio_fluminensis_A621
Vibrio_fluvialis_ATCC_33809
Vibrio_furnissii_FDAARGOS_777
Vibrio_galatheae_S2757
Vibrio_gallaecicus_CECT_7244
Vibrio_gallicus_CIP_107863
Vibrio_gangliei_DSM_104291
Vibrio_gazogenes_ATCC_29988
Vibrio_gelatinilyticus_ZSDZ34
Vibrio_glycogenivorans_WXL210
Vibrio_halioticoli_IAM_14596
Vibrio_hangzhouensis_CGMCC_1_7062
Vibrio_hibernica_B1_19
Vibrio_hippocampi_CECT_8226
Vibrio_injensis_M12_1144
Vibrio_inusitatus_LMG_23434
Vibrio_iocasae_HN007
Vibrio_ishigakensis_JCM_19231
Vibrio_japonicus_JCM_31412
Vibrio_kagoshimensis_JAMM0761
Vibrio_kanaloae_LMG_20539
Vibrio_kasasachensis_JAMM1812
Vibrio_kyushuensis_JAMM1822
Vibrio_lamellibrachiae_JAMM2626
Vibrio_litoralis_DSM_17657
Vibrio_maerlii_G62
Vibrio_mangrovi_CECT_7927
Vibrio_marinisediminis_404
Vibrio_marisflavi_CECT_7928
Vibrio_mediterranei_
Vibrio_methylphosphonaticus_S4B1
Vibrio_metschnikovii_NCTC8443
Vibrio_mimicus_NCTC11435
Vibrio_misgurnus_GVC
Vibrio_navarrensis_ATCC_51183
Vibrio_neonatus_JCM_21521
Vibrio_neptunius_KCTC_12702
Vibrio_nereis_DSM_19584
Vibrio_nitrifigilis_NFV_1
Vibrio_nomapromontoriensis_JAMM1728
Vibrio_olivae_CECT_8064
Vibrio_ostreae_OG9_811
Vibrio_ostreicida_CECT_7398
Vibrio_pacinii_DSM_19139
Vibrio_palustris_CECT_9027
Vibrio_panuliri_JCM_19500
Vibrio_paracholerae_EDC_792
Vibrio_pectenicida_LMG_19642
Vibrio_pelagius_ATCC_25916
Vibrio_penaeicida_IFO_15640
Vibrio_plantisponsor_MSSRF60
Vibrio_ponticus_DSM_16217
Vibrio_porteresiae_MSSRF30
Vibrio_profundi_TP187
Vibrio_proteolyticus_ATCC_15338
Vibrio_qinghaiensis_Q67
Vibrio_rarus_LMG_23674
Vibrio_renipiscarius_DCR_1_4_2
Vibrio_rhizosphaerae_LMG_23790
Vibrio_rhodolitus_G98
Vibrio_ruber_CECT_7878
Vibrio_rumoiensis_FERM_P_14531
Vibrio_sabulosilitoris_MAO6
Vibrio_salilacus_DSG_S6
Vibrio_scophthalmi_LMG_19158
Vibrio_sinensis_BEI233
Vibrio_sinus_S4M6
Vibrio_spartinae_CECT_9026
Vibrio_superstes_G3_29
Vibrio_syngnathi_K08M4
Vibrio_tapetis_subsp__quintayensis_CECT_8851
Vibrio_tapetis_subsp__tapetis_
Vibrio_tarriae_2521_89
Vibrio_tasmaniensis_LMG_20012
Vibrio_tetraodonis_A511
Vibrio_tetraodonis_subsp__pristinus_OCN044
Vibrio_thalassae_KCTC_32373
Vibrio_toranzoniae_CECT_7225
Vibrio_tritonius_JCM_16456
Vibrio_ulleungensis_188UL20_2
Vibrio_viridaestus_LJC006
Vibrio_wakamikoensis_JAMM2464
Vibrio_xiamenensis_CGMCC_1_10228
Vibrio_zhanjiangensis_NBRC_108723
Vibrio_ziniensis_ZWAL4003
EXE_23_2025_L_final
Vibrio_aestuarianus_LMG_7909
Vibrio_agarilyticus_SM6
Vibrio_agarivorans_CECT_5085
Vibrio_albus_E4404
Vibrio_algivorus_SA2
Vibrio_amylolyticus_ZSDE26
Vibrio_anguillarum_NCTC12159
Vibrio_aphrogenes_CA_1004
Vibrio_aquimaris_THAF100
Vibrio_artabrorum_CECT_7226
Vibrio_atlanticus_CECT_7223
Vibrio_barjaei_3062
Vibrio_breoganii_CECT_7222
Vibrio_caribbeanicus_ATCC_BAA_2122
Vibrio_casei_DSM_22364
Vibrio_chaetopteri_CB1_14
Vibrio_chanodichtyis_DSL_7
Vibrio_cholerae_FDAARGOS_103
Vibrio_cincinnatiensis_NCTC12012
Vibrio_cionasavignyae_JAMM2507
Vibrio_clamense_JAMM0920
Vibrio_comitans_LMG_23416
Vibrio_coralliilyticus_DSM_19607
Vibrio_cortegadensis_CECT_7227
Vibrio_cyclitrophicus_LMG_21359
Vibrio_diazotrophicus_ATCC_33466
Vibrio_echinoideorum_DSM_107264
Vibrio_ezurae_HDS1_1
Vibrio_fluminensis_A621
Vibrio_fluvialis_ATCC_33809
Vibrio_furnissii_FDAARGOS_777
Vibrio_galatheae_S2757
Vibrio_gallaecicus_CECT_7244
Vibrio_gallicus_CIP_107863
Vibrio_gangliei_DSM_104291
Vibrio_gazogenes_ATCC_29988
Vibrio_gelatinilyticus_ZSDZ34
Vibrio_glycogenivorans_WXL210
Vibrio_halioticoli_IAM_14596
Vibrio_hangzhouensis_CGMCC_1_7062
Vibrio_hibernica_B1_19
Vibrio_hippocampi_CECT_8226
Vibrio_injensis_M12_1144
Vibrio_inusitatus_LMG_23434
Vibrio_iocasae_HN007
Vibrio_ishigakensis_JCM_19231
Vibrio_japonicus_JCM_31412
Vibrio_kagoshimensis_JAMM0761
Vibrio_kanaloae_LMG_20539
Vibrio_kasasachensis_JAMM1812
Vibrio_kyushuensis_JAMM1822
Vibrio_lamellibrachiae_JAMM2626
Vibrio_litoralis_DSM_17657
Vibrio_maerlii_G62
Vibrio_mangrovi_CECT_7927
Vibrio_marinisediminis_404
Vibrio_marisflavi_CECT_7928
Vibrio_mediterranei_
Vibrio_methylphosphonaticus_S4B1
Vibrio_metschnikovii_NCTC8443
Vibrio_mimicus_NCTC11435
Vibrio_misgurnus_GVC
Vibrio_navarrensis_ATCC_51183
Vibrio_neonatus_JCM_21521
Vibrio_neptunius_KCTC_12702
Vibrio_nereis_DSM_19584
Vibrio_nitrifigilis_NFV_1
Vibrio_nomapromontoriensis_JAMM1728
Vibrio_olivae_CECT_8064
Vibrio_ostreae_OG9_811
Vibrio_ostreicida_CECT_7398
Vibrio_pacinii_DSM_19139
Vibrio_palustris_CECT_9027
Vibrio_panuliri_JCM_19500
Vibrio_paracholerae_EDC_792
Vibrio_pectenicida_LMG_19642
Vibrio_pelagius_ATCC_25916
Vibrio_penaeicida_IFO_15640
Vibrio_plantisponsor_MSSRF60
Vibrio_ponticus_DSM_16217
Vibrio_porteresiae_MSSRF30
Vibrio_profundi_TP187
Vibrio_proteolyticus_ATCC_15338
Vibrio_qinghaiensis_Q67
Vibrio_rarus_LMG_23674
Vibrio_renipiscarius_DCR_1_4_2
Vibrio_rhizosphaerae_LMG_23790
Vibrio_rhodolitus_G98
Vibrio_ruber_CECT_7878
Vibrio_rumoiensis_FERM_P_14531
Vibrio_sabulosilitoris_MAO6
Vibrio_salilacus_DSG_S6
Vibrio_scophthalmi_LMG_19158
Vibrio_sinensis_BEI233
Vibrio_sinus_S4M6
Vibrio_spartinae_CECT_9026
Vibrio_superstes_G3_29
Vibrio_syngnathi_K08M4
Vibrio_tapetis_subsp__quintayensis_CECT_8851
Vibrio_tapetis_subsp__tapetis_
Vibrio_tarriae_2521_89
Vibrio_tasmaniensis_LMG_20012
Vibrio_tetraodonis_A511
Vibrio_tetraodonis_subsp__pristinus_OCN044
Vibrio_thalassae_KCTC_32373
Vibrio_toranzoniae_CECT_7225
Vibrio_tritonius_JCM_16456
Vibrio_ulleungensis_188UL20_2
Vibrio_viridaestus_LJC006
Vibrio_wakamikoensis_JAMM2464
Vibrio_xiamenensis_CGMCC_1_10228
Vibrio_zhanjiangensis_NBRC_108723
Vibrio_ziniensis_ZWAL4003
Creating SNP stats file. 
SNP alignment complete.
Reconstructing phylogeny using FastTree
export OMP_NUM_THREADS=1; FastTree -quiet -nt -gtr < /data/djs217/PROJECTS/56_Vibrio_phaME/01_PhaME/03_workdir_jasicida/results/all_vibrio_jasicida-ref_fastree_all_snp_alignment.fna > /data/djs217/PROJECTS/56_Vibrio_phaME/01_PhaME/03_workdir_jasicida/results/all_vibrio_jasicida-ref_fastree_all.fasttree 2>>/data/djs217/PROJECTS/56_Vibrio_phaME/01_PhaME/03_workdir_jasicida/results/all_vibrio_jasicida-ref_fastree.error 

Tree phylogeny complete.
