
Running self-nucmer on /data/djs217/PROJECTS/56_Vibrio_phaME/01_PhaME/04_workdir_cholerae/files/Vibrio_lamellibrachiae_JAMM2626.fna
[RUNNING:] nucmer --maxmatch --nosimplify --prefix=seq_seq2977136 /data/djs217/PROJECTS/56_Vibrio_phaME/01_PhaME/04_workdir_cholerae/files/Vibrio_lamellibrachiae_JAMM2626.fna /data/djs217/PROJECTS/56_Vibrio_phaME/01_PhaME/04_workdir_cholerae/files/Vibrio_lamellibrachiae_JAMM2626.fna 2>/dev/null
[RUNNING:] show-coords -r -I 97 -L 75 -T seq_seq2977136.delta | awk '$1 != $3 || $2 != $4 && $8==$9 {print}' > seq_seq2977136.coords

Running self-nucmer on /data/djs217/PROJECTS/56_Vibrio_phaME/01_PhaME/04_workdir_cholerae/files/Vibrio_cortegadensis_CECT_7227.fna
[RUNNING:] nucmer --maxmatch --nosimplify --prefix=seq_seq2977191 /data/djs217/PROJECTS/56_Vibrio_phaME/01_PhaME/04_workdir_cholerae/files/Vibrio_cortegadensis_CECT_7227.fna /data/djs217/PROJECTS/56_Vibrio_phaME/01_PhaME/04_workdir_cholerae/files/Vibrio_cortegadensis_CECT_7227.fna 2>/dev/null
[RUNNING:] show-coords -r -I 97 -L 75 -T seq_seq2977191.delta | awk '$1 != $3 || $2 != $4 && $8==$9 {print}' > seq_seq2977191.coords

Running self-nucmer on /data/djs217/PROJECTS/56_Vibrio_phaME/01_PhaME/04_workdir_cholerae/files/Vibrio_fluminensis_A621.fna
[RUNNING:] nucmer --maxmatch --nosimplify --prefix=seq_seq2977278 /data/djs217/PROJECTS/56_Vibrio_phaME/01_PhaME/04_workdir_cholerae/files/Vibrio_fluminensis_A621.fna /data/djs217/PROJECTS/56_Vibrio_phaME/01_PhaME/04_workdir_cholerae/files/Vibrio_fluminensis_A621.fna 2>/dev/null
[RUNNING:] show-coords -r -I 97 -L 75 -T seq_seq2977278.delta | awk '$1 != $3 || $2 != $4 && $8==$9 {print}' > seq_seq2977278.coords

Running self-nucmer on /data/djs217/PROJECTS/56_Vibrio_phaME/01_PhaME/04_workdir_cholerae/files/Vibrio_alfacsensis_CAIM_1831.fna
[RUNNING:] nucmer --maxmatch --nosimplify --prefix=seq_seq2977349 /data/djs217/PROJECTS/56_Vibrio_phaME/01_PhaME/04_workdir_cholerae/files/Vibrio_alfacsensis_CAIM_1831.fna /data/djs217/PROJECTS/56_Vibrio_phaME/01_PhaME/04_workdir_cholerae/files/Vibrio_alfacsensis_CAIM_1831.fna 2>/dev/null
[RUNNING:] show-coords -r -I 97 -L 75 -T seq_seq2977349.delta | awk '$1 != $3 || $2 != $4 && $8==$9 {print}' > seq_seq2977349.coords

Running self-nucmer on /data/djs217/PROJECTS/56_Vibrio_phaME/01_PhaME/04_workdir_cholerae/files/Vibrio_scophthalmi_LMG_19158.fna
[RUNNING:] nucmer --maxmatch --nosimplify --prefix=seq_seq2977428 /data/djs217/PROJECTS/56_Vibrio_phaME/01_PhaME/04_workdir_cholerae/files/Vibrio_scophthalmi_LMG_19158.fna /data/djs217/PROJECTS/56_Vibrio_phaME/01_PhaME/04_workdir_cholerae/files/Vibrio_scophthalmi_LMG_19158.fna 2>/dev/null
[RUNNING:] show-coords -r -I 97 -L 75 -T seq_seq2977428.delta | awk '$1 != $3 || $2 != $4 && $8==$9 {print}' > seq_seq2977428.coords

Running self-nucmer on /data/djs217/PROJECTS/56_Vibrio_phaME/01_PhaME/04_workdir_cholerae/files/Vibrio_xiamenensis_CGMCC_1_10228.fna
[RUNNING:] nucmer --maxmatch --nosimplify --prefix=seq_seq2977492 /data/djs217/PROJECTS/56_Vibrio_phaME/01_PhaME/04_workdir_cholerae/files/Vibrio_xiamenensis_CGMCC_1_10228.fna /data/djs217/PROJECTS/56_Vibrio_phaME/01_PhaME/04_workdir_cholerae/files/Vibrio_xiamenensis_CGMCC_1_10228.fna 2>/dev/null
[RUNNING:] show-coords -r -I 97 -L 75 -T seq_seq2977492.delta | awk '$1 != $3 || $2 != $4 && $8==$9 {print}' > seq_seq2977492.coords

Running self-nucmer on /data/djs217/PROJECTS/56_Vibrio_phaME/01_PhaME/04_workdir_cholerae/files/Vibrio_zhanjiangensis_NBRC_108723.fna
[RUNNING:] nucmer --maxmatch --nosimplify --prefix=seq_seq2977563 /data/djs217/PROJECTS/56_Vibrio_phaME/01_PhaME/04_workdir_cholerae/files/Vibrio_zhanjiangensis_NBRC_108723.fna /data/djs217/PROJECTS/56_Vibrio_phaME/01_PhaME/04_workdir_cholerae/files/Vibrio_zhanjiangensis_NBRC_108723.fna 2>/dev/null
[RUNNING:] show-coords -r -I 97 -L 75 -T seq_seq2977563.delta | awk '$1 != $3 || $2 != $4 && $8==$9 {print}' > seq_seq2977563.coords

Running self-nucmer on /data/djs217/PROJECTS/56_Vibrio_phaME/01_PhaME/04_workdir_cholerae/files/11813_EXE_29_2025_V_PBC74148_final.fna
[RUNNING:] nucmer --maxmatch --nosimplify --prefix=seq_seq2977618 /data/djs217/PROJECTS/56_Vibrio_phaME/01_PhaME/04_workdir_cholerae/files/11813_EXE_29_2025_V_PBC74148_final.fna /data/djs217/PROJECTS/56_Vibrio_phaME/01_PhaME/04_workdir_cholerae/files/11813_EXE_29_2025_V_PBC74148_final.fna 2>/dev/null
[RUNNING:] show-coords -r -I 97 -L 75 -T seq_seq2977618.delta | awk '$1 != $3 || $2 != $4 && $8==$9 {print}' > seq_seq2977618.coords

Running self-nucmer on /data/djs217/PROJECTS/56_Vibrio_phaME/01_PhaME/04_workdir_cholerae/files/Vibrio_pomeroyi_LMG_20537.fna
[RUNNING:] nucmer --maxmatch --nosimplify --prefix=seq_seq2977673 /data/djs217/PROJECTS/56_Vibrio_phaME/01_PhaME/04_workdir_cholerae/files/Vibrio_pomeroyi_LMG_20537.fna /data/djs217/PROJECTS/56_Vibrio_phaME/01_PhaME/04_workdir_cholerae/files/Vibrio_pomeroyi_LMG_20537.fna 2>/dev/null
[RUNNING:] show-coords -r -I 97 -L 75 -T seq_seq2977673.delta | awk '$1 != $3 || $2 != $4 && $8==$9 {print}' > seq_seq2977673.coords

Running self-nucmer on /data/djs217/PROJECTS/56_Vibrio_phaME/01_PhaME/04_workdir_cholerae/files/11813_EXE_30_2025_R_PBC74148_final.fna
[RUNNING:] nucmer --maxmatch --nosimplify --prefix=seq_seq2977752 /data/djs217/PROJECTS/56_Vibrio_phaME/01_PhaME/04_workdir_cholerae/files/11813_EXE_30_2025_R_PBC74148_final.fna /data/djs217/PROJECTS/56_Vibrio_phaME/01_PhaME/04_workdir_cholerae/files/11813_EXE_30_2025_R_PBC74148_final.fna 2>/dev/null
[RUNNING:] show-coords -r -I 97 -L 75 -T seq_seq2977752.delta | awk '$1 != $3 || $2 != $4 && $8==$9 {print}' > seq_seq2977752.coords

Running self-nucmer on /data/djs217/PROJECTS/56_Vibrio_phaME/01_PhaME/04_workdir_cholerae/files/11813_EXE_29_2025_K_PBC74148_final.fna
[RUNNING:] nucmer --maxmatch --nosimplify --prefix=seq_seq2977827 /data/djs217/PROJECTS/56_Vibrio_phaME/01_PhaME/04_workdir_cholerae/files/11813_EXE_29_2025_K_PBC74148_final.fna /data/djs217/PROJECTS/56_Vibrio_phaME/01_PhaME/04_workdir_cholerae/files/11813_EXE_29_2025_K_PBC74148_final.fna 2>/dev/null
[RUNNING:] show-coords -r -I 97 -L 75 -T seq_seq2977827.delta | awk '$1 != $3 || $2 != $4 && $8==$9 {print}' > seq_seq2977827.coords

Running self-nucmer on /data/djs217/PROJECTS/56_Vibrio_phaME/01_PhaME/04_workdir_cholerae/files/Vibrio_caribbeanicus_ATCC_BAA_2122.fna
[RUNNING:] nucmer --maxmatch --nosimplify --prefix=seq_seq2977906 /data/djs217/PROJECTS/56_Vibrio_phaME/01_PhaME/04_workdir_cholerae/files/Vibrio_caribbeanicus_ATCC_BAA_2122.fna /data/djs217/PROJECTS/56_Vibrio_phaME/01_PhaME/04_workdir_cholerae/files/Vibrio_caribbeanicus_ATCC_BAA_2122.fna 2>/dev/null
[RUNNING:] show-coords -r -I 97 -L 75 -T seq_seq2977906.delta | awk '$1 != $3 || $2 != $4 && $8==$9 {print}' > seq_seq2977906.coords

Running self-nucmer on /data/djs217/PROJECTS/56_Vibrio_phaME/01_PhaME/04_workdir_cholerae/files/Vibrio_owensii_DY05.fna
[RUNNING:] nucmer --maxmatch --nosimplify --prefix=seq_seq2977978 /data/djs217/PROJECTS/56_Vibrio_phaME/01_PhaME/04_workdir_cholerae/files/Vibrio_owensii_DY05.fna /data/djs217/PROJECTS/56_Vibrio_phaME/01_PhaME/04_workdir_cholerae/files/Vibrio_owensii_DY05.fna 2>/dev/null
[RUNNING:] show-coords -r -I 97 -L 75 -T seq_seq2977978.delta | awk '$1 != $3 || $2 != $4 && $8==$9 {print}' > seq_seq2977978.coords

Running self-nucmer on /data/djs217/PROJECTS/56_Vibrio_phaME/01_PhaME/04_workdir_cholerae/files/Vibrio_tetraodonis_A511.fna
[RUNNING:] nucmer --maxmatch --nosimplify --prefix=seq_seq2978041 /data/djs217/PROJECTS/56_Vibrio_phaME/01_PhaME/04_workdir_cholerae/files/Vibrio_tetraodonis_A511.fna /data/djs217/PROJECTS/56_Vibrio_phaME/01_PhaME/04_workdir_cholerae/files/Vibrio_tetraodonis_A511.fna 2>/dev/null
[RUNNING:] show-coords -r -I 97 -L 75 -T seq_seq2978041.delta | awk '$1 != $3 || $2 != $4 && $8==$9 {print}' > seq_seq2978041.coords

Running self-nucmer on /data/djs217/PROJECTS/56_Vibrio_phaME/01_PhaME/04_workdir_cholerae/files/Vibrio_crassostreae_LMG_22240.fna
[RUNNING:] nucmer --maxmatch --nosimplify --prefix=seq_seq2978096 /data/djs217/PROJECTS/56_Vibrio_phaME/01_PhaME/04_workdir_cholerae/files/Vibrio_crassostreae_LMG_22240.fna /data/djs217/PROJECTS/56_Vibrio_phaME/01_PhaME/04_workdir_cholerae/files/Vibrio_crassostreae_LMG_22240.fna 2>/dev/null
[RUNNING:] show-coords -r -I 97 -L 75 -T seq_seq2978096.delta | awk '$1 != $3 || $2 != $4 && $8==$9 {print}' > seq_seq2978096.coords

Running self-nucmer on /data/djs217/PROJECTS/56_Vibrio_phaME/01_PhaME/04_workdir_cholerae/files/Vibrio_nereis_DSM_19584.fna
[RUNNING:] nucmer --maxmatch --nosimplify --prefix=seq_seq2978167 /data/djs217/PROJECTS/56_Vibrio_phaME/01_PhaME/04_workdir_cholerae/files/Vibrio_nereis_DSM_19584.fna /data/djs217/PROJECTS/56_Vibrio_phaME/01_PhaME/04_workdir_cholerae/files/Vibrio_nereis_DSM_19584.fna 2>/dev/null
[RUNNING:] show-coords -r -I 97 -L 75 -T seq_seq2978167.delta | awk '$1 != $3 || $2 != $4 && $8==$9 {print}' > seq_seq2978167.coords

Running self-nucmer on /data/djs217/PROJECTS/56_Vibrio_phaME/01_PhaME/04_workdir_cholerae/files/11813_EXE_20_2024_J_PBC74148_final.fna
[RUNNING:] nucmer --maxmatch --nosimplify --prefix=seq_seq2978214 /data/djs217/PROJECTS/56_Vibrio_phaME/01_PhaME/04_workdir_cholerae/files/11813_EXE_20_2024_J_PBC74148_final.fna /data/djs217/PROJECTS/56_Vibrio_phaME/01_PhaME/04_workdir_cholerae/files/11813_EXE_20_2024_J_PBC74148_final.fna 2>/dev/null
[RUNNING:] show-coords -r -I 97 -L 75 -T seq_seq2978214.delta | awk '$1 != $3 || $2 != $4 && $8==$9 {print}' > seq_seq2978214.coords

Running self-nucmer on /data/djs217/PROJECTS/56_Vibrio_phaME/01_PhaME/04_workdir_cholerae/files/Vibrio_diabolicus_CNCM_I_1629.fna
[RUNNING:] nucmer --maxmatch --nosimplify --prefix=seq_seq2978277 /data/djs217/PROJECTS/56_Vibrio_phaME/01_PhaME/04_workdir_cholerae/files/Vibrio_diabolicus_CNCM_I_1629.fna /data/djs217/PROJECTS/56_Vibrio_phaME/01_PhaME/04_workdir_cholerae/files/Vibrio_diabolicus_CNCM_I_1629.fna 2>/dev/null
[RUNNING:] show-coords -r -I 97 -L 75 -T seq_seq2978277.delta | awk '$1 != $3 || $2 != $4 && $8==$9 {print}' > seq_seq2978277.coords

Running self-nucmer on /data/djs217/PROJECTS/56_Vibrio_phaME/01_PhaME/04_workdir_cholerae/files/Vibrio_rhizosphaerae_LMG_23790.fna
[RUNNING:] nucmer --maxmatch --nosimplify --prefix=seq_seq2978332 /data/djs217/PROJECTS/56_Vibrio_phaME/01_PhaME/04_workdir_cholerae/files/Vibrio_rhizosphaerae_LMG_23790.fna /data/djs217/PROJECTS/56_Vibrio_phaME/01_PhaME/04_workdir_cholerae/files/Vibrio_rhizosphaerae_LMG_23790.fna 2>/dev/null
[RUNNING:] show-coords -r -I 97 -L 75 -T seq_seq2978332.delta | awk '$1 != $3 || $2 != $4 && $8==$9 {print}' > seq_seq2978332.coords

Running self-nucmer on /data/djs217/PROJECTS/56_Vibrio_phaME/01_PhaME/04_workdir_cholerae/files/Vibrio_proteolyticus_ATCC_15338.fna
[RUNNING:] nucmer --maxmatch --nosimplify --prefix=seq_seq2978403 /data/djs217/PROJECTS/56_Vibrio_phaME/01_PhaME/04_workdir_cholerae/files/Vibrio_proteolyticus_ATCC_15338.fna /data/djs217/PROJECTS/56_Vibrio_phaME/01_PhaME/04_workdir_cholerae/files/Vibrio_proteolyticus_ATCC_15338.fna 2>/dev/null
[RUNNING:] show-coords -r -I 97 -L 75 -T seq_seq2978403.delta | awk '$1 != $3 || $2 != $4 && $8==$9 {print}' > seq_seq2978403.coords

Running self-nucmer on /data/djs217/PROJECTS/56_Vibrio_phaME/01_PhaME/04_workdir_cholerae/files/11813_EXE_30_2025_L_PBC74148_final.fna
[RUNNING:] nucmer --maxmatch --nosimplify --prefix=seq_seq2978458 /data/djs217/PROJECTS/56_Vibrio_phaME/01_PhaME/04_workdir_cholerae/files/11813_EXE_30_2025_L_PBC74148_final.fna /data/djs217/PROJECTS/56_Vibrio_phaME/01_PhaME/04_workdir_cholerae/files/11813_EXE_30_2025_L_PBC74148_final.fna 2>/dev/null
[RUNNING:] show-coords -r -I 97 -L 75 -T seq_seq2978458.delta | awk '$1 != $3 || $2 != $4 && $8==$9 {print}' > seq_seq2978458.coords

Running self-nucmer on /data/djs217/PROJECTS/56_Vibrio_phaME/01_PhaME/04_workdir_cholerae/files/11813_EXE_09_2024_B_PBC74148_final.fna
[RUNNING:] nucmer --maxmatch --nosimplify --prefix=seq_seq2978521 /data/djs217/PROJECTS/56_Vibrio_phaME/01_PhaME/04_workdir_cholerae/files/11813_EXE_09_2024_B_PBC74148_final.fna /data/djs217/PROJECTS/56_Vibrio_phaME/01_PhaME/04_workdir_cholerae/files/11813_EXE_09_2024_B_PBC74148_final.fna 2>/dev/null
[RUNNING:] show-coords -r -I 97 -L 75 -T seq_seq2978521.delta | awk '$1 != $3 || $2 != $4 && $8==$9 {print}' > seq_seq2978521.coords

Running self-nucmer on /data/djs217/PROJECTS/56_Vibrio_phaME/01_PhaME/04_workdir_cholerae/files/11813_EX_23_2024_K_PBC74148_final.fna
[RUNNING:] nucmer --maxmatch --nosimplify --prefix=seq_seq2978592 /data/djs217/PROJECTS/56_Vibrio_phaME/01_PhaME/04_workdir_cholerae/files/11813_EX_23_2024_K_PBC74148_final.fna /data/djs217/PROJECTS/56_Vibrio_phaME/01_PhaME/04_workdir_cholerae/files/11813_EX_23_2024_K_PBC74148_final.fna 2>/dev/null
[RUNNING:] show-coords -r -I 97 -L 75 -T seq_seq2978592.delta | awk '$1 != $3 || $2 != $4 && $8==$9 {print}' > seq_seq2978592.coords

Running self-nucmer on /data/djs217/PROJECTS/56_Vibrio_phaME/01_PhaME/04_workdir_cholerae/files/11813_EXE_28_2025_W_PBC74148_final.fna
[RUNNING:] nucmer --maxmatch --nosimplify --prefix=seq_seq2978746 /data/djs217/PROJECTS/56_Vibrio_phaME/01_PhaME/04_workdir_cholerae/files/11813_EXE_28_2025_W_PBC74148_final.fna /data/djs217/PROJECTS/56_Vibrio_phaME/01_PhaME/04_workdir_cholerae/files/11813_EXE_28_2025_W_PBC74148_final.fna 2>/dev/null
[RUNNING:] show-coords -r -I 97 -L 75 -T seq_seq2978746.delta | awk '$1 != $3 || $2 != $4 && $8==$9 {print}' > seq_seq2978746.coords

Running self-nucmer on /data/djs217/PROJECTS/56_Vibrio_phaME/01_PhaME/04_workdir_cholerae/files/EXE_01_2025_M_final.fna
[RUNNING:] nucmer --maxmatch --nosimplify --prefix=seq_seq2978817 /data/djs217/PROJECTS/56_Vibrio_phaME/01_PhaME/04_workdir_cholerae/files/EXE_01_2025_M_final.fna /data/djs217/PROJECTS/56_Vibrio_phaME/01_PhaME/04_workdir_cholerae/files/EXE_01_2025_M_final.fna 2>/dev/null
[RUNNING:] show-coords -r -I 97 -L 75 -T seq_seq2978817.delta | awk '$1 != $3 || $2 != $4 && $8==$9 {print}' > seq_seq2978817.coords

Running self-nucmer on /data/djs217/PROJECTS/56_Vibrio_phaME/01_PhaME/04_workdir_cholerae/files/Vibrio_anguillarum_NCTC12159.fna
[RUNNING:] nucmer --maxmatch --nosimplify --prefix=seq_seq2978881 /data/djs217/PROJECTS/56_Vibrio_phaME/01_PhaME/04_workdir_cholerae/files/Vibrio_anguillarum_NCTC12159.fna /data/djs217/PROJECTS/56_Vibrio_phaME/01_PhaME/04_workdir_cholerae/files/Vibrio_anguillarum_NCTC12159.fna 2>/dev/null
[RUNNING:] show-coords -r -I 97 -L 75 -T seq_seq2978881.delta | awk '$1 != $3 || $2 != $4 && $8==$9 {print}' > seq_seq2978881.coords

Running self-nucmer on /data/djs217/PROJECTS/56_Vibrio_phaME/01_PhaME/04_workdir_cholerae/files/Vibrio_marisflavi_CECT_7928.fna
[RUNNING:] nucmer --maxmatch --nosimplify --prefix=seq_seq2978960 /data/djs217/PROJECTS/56_Vibrio_phaME/01_PhaME/04_workdir_cholerae/files/Vibrio_marisflavi_CECT_7928.fna /data/djs217/PROJECTS/56_Vibrio_phaME/01_PhaME/04_workdir_cholerae/files/Vibrio_marisflavi_CECT_7928.fna 2>/dev/null
[RUNNING:] show-coords -r -I 97 -L 75 -T seq_seq2978960.delta | awk '$1 != $3 || $2 != $4 && $8==$9 {print}' > seq_seq2978960.coords

Running self-nucmer on /data/djs217/PROJECTS/56_Vibrio_phaME/01_PhaME/04_workdir_cholerae/files/EXE_33_2024_E_final.fna
[RUNNING:] nucmer --maxmatch --nosimplify --prefix=seq_seq2979015 /data/djs217/PROJECTS/56_Vibrio_phaME/01_PhaME/04_workdir_cholerae/files/EXE_33_2024_E_final.fna /data/djs217/PROJECTS/56_Vibrio_phaME/01_PhaME/04_workdir_cholerae/files/EXE_33_2024_E_final.fna 2>/dev/null
[RUNNING:] show-coords -r -I 97 -L 75 -T seq_seq2979015.delta | awk '$1 != $3 || $2 != $4 && $8==$9 {print}' > seq_seq2979015.coords

Running self-nucmer on /data/djs217/PROJECTS/56_Vibrio_phaME/01_PhaME/04_workdir_cholerae/files/Vibrio_galatheae_S2757.fna
[RUNNING:] nucmer --maxmatch --nosimplify --prefix=seq_seq2979070 /data/djs217/PROJECTS/56_Vibrio_phaME/01_PhaME/04_workdir_cholerae/files/Vibrio_galatheae_S2757.fna /data/djs217/PROJECTS/56_Vibrio_phaME/01_PhaME/04_workdir_cholerae/files/Vibrio_galatheae_S2757.fna 2>/dev/null
[RUNNING:] show-coords -r -I 97 -L 75 -T seq_seq2979070.delta | awk '$1 != $3 || $2 != $4 && $8==$9 {print}' > seq_seq2979070.coords

Running self-nucmer on /data/djs217/PROJECTS/56_Vibrio_phaME/01_PhaME/04_workdir_cholerae/files/11813_EXE22_2025_IVF5LA_PBC74148_final.fna
[RUNNING:] nucmer --maxmatch --nosimplify --prefix=seq_seq2979118 /data/djs217/PROJECTS/56_Vibrio_phaME/01_PhaME/04_workdir_cholerae/files/11813_EXE22_2025_IVF5LA_PBC74148_final.fna /data/djs217/PROJECTS/56_Vibrio_phaME/01_PhaME/04_workdir_cholerae/files/11813_EXE22_2025_IVF5LA_PBC74148_final.fna 2>/dev/null
[RUNNING:] show-coords -r -I 97 -L 75 -T seq_seq2979118.delta | awk '$1 != $3 || $2 != $4 && $8==$9 {print}' > seq_seq2979118.coords

Running self-nucmer on /data/djs217/PROJECTS/56_Vibrio_phaME/01_PhaME/04_workdir_cholerae/files/Vibrio_clamense_JAMM0920.fna
[RUNNING:] nucmer --maxmatch --nosimplify --prefix=seq_seq2979205 /data/djs217/PROJECTS/56_Vibrio_phaME/01_PhaME/04_workdir_cholerae/files/Vibrio_clamense_JAMM0920.fna /data/djs217/PROJECTS/56_Vibrio_phaME/01_PhaME/04_workdir_cholerae/files/Vibrio_clamense_JAMM0920.fna 2>/dev/null
[RUNNING:] show-coords -r -I 97 -L 75 -T seq_seq2979205.delta | awk '$1 != $3 || $2 != $4 && $8==$9 {print}' > seq_seq2979205.coords

Running self-nucmer on /data/djs217/PROJECTS/56_Vibrio_phaME/01_PhaME/04_workdir_cholerae/files/11813_EXE_03_2025_A_PBC74148_final.fna
[RUNNING:] nucmer --maxmatch --nosimplify --prefix=seq_seq2979333 /data/djs217/PROJECTS/56_Vibrio_phaME/01_PhaME/04_workdir_cholerae/files/11813_EXE_03_2025_A_PBC74148_final.fna /data/djs217/PROJECTS/56_Vibrio_phaME/01_PhaME/04_workdir_cholerae/files/11813_EXE_03_2025_A_PBC74148_final.fna 2>/dev/null
[RUNNING:] show-coords -r -I 97 -L 75 -T seq_seq2979333.delta | awk '$1 != $3 || $2 != $4 && $8==$9 {print}' > seq_seq2979333.coords

Running self-nucmer on /data/djs217/PROJECTS/56_Vibrio_phaME/01_PhaME/04_workdir_cholerae/files/Vibrio_kyushuensis_JAMM1822.fna
[RUNNING:] nucmer --maxmatch --nosimplify --prefix=seq_seq2979373 /data/djs217/PROJECTS/56_Vibrio_phaME/01_PhaME/04_workdir_cholerae/files/Vibrio_kyushuensis_JAMM1822.fna /data/djs217/PROJECTS/56_Vibrio_phaME/01_PhaME/04_workdir_cholerae/files/Vibrio_kyushuensis_JAMM1822.fna 2>/dev/null
[RUNNING:] show-coords -r -I 97 -L 75 -T seq_seq2979373.delta | awk '$1 != $3 || $2 != $4 && $8==$9 {print}' > seq_seq2979373.coords

Running self-nucmer on /data/djs217/PROJECTS/56_Vibrio_phaME/01_PhaME/04_workdir_cholerae/files/Vibrio_chanodichtyis_DSL_7.fna
[RUNNING:] nucmer --maxmatch --nosimplify --prefix=seq_seq2979428 /data/djs217/PROJECTS/56_Vibrio_phaME/01_PhaME/04_workdir_cholerae/files/Vibrio_chanodichtyis_DSL_7.fna /data/djs217/PROJECTS/56_Vibrio_phaME/01_PhaME/04_workdir_cholerae/files/Vibrio_chanodichtyis_DSL_7.fna 2>/dev/null
[RUNNING:] show-coords -r -I 97 -L 75 -T seq_seq2979428.delta | awk '$1 != $3 || $2 != $4 && $8==$9 {print}' > seq_seq2979428.coords

Running self-nucmer on /data/djs217/PROJECTS/56_Vibrio_phaME/01_PhaME/04_workdir_cholerae/files/Vibrio_campbellii_CAIM_519.fna
[RUNNING:] nucmer --maxmatch --nosimplify --prefix=seq_seq2979475 /data/djs217/PROJECTS/56_Vibrio_phaME/01_PhaME/04_workdir_cholerae/files/Vibrio_campbellii_CAIM_519.fna /data/djs217/PROJECTS/56_Vibrio_phaME/01_PhaME/04_workdir_cholerae/files/Vibrio_campbellii_CAIM_519.fna 2>/dev/null
[RUNNING:] show-coords -r -I 97 -L 75 -T seq_seq2979475.delta | awk '$1 != $3 || $2 != $4 && $8==$9 {print}' > seq_seq2979475.coords

Running self-nucmer on /data/djs217/PROJECTS/56_Vibrio_phaME/01_PhaME/04_workdir_cholerae/files/Vibrio_halioticoli_IAM_14596.fna
[RUNNING:] nucmer --maxmatch --nosimplify --prefix=seq_seq2979538 /data/djs217/PROJECTS/56_Vibrio_phaME/01_PhaME/04_workdir_cholerae/files/Vibrio_halioticoli_IAM_14596.fna /data/djs217/PROJECTS/56_Vibrio_phaME/01_PhaME/04_workdir_cholerae/files/Vibrio_halioticoli_IAM_14596.fna 2>/dev/null
[RUNNING:] show-coords -r -I 97 -L 75 -T seq_seq2979538.delta | awk '$1 != $3 || $2 != $4 && $8==$9 {print}' > seq_seq2979538.coords

Running self-nucmer on /data/djs217/PROJECTS/56_Vibrio_phaME/01_PhaME/04_workdir_cholerae/files/Vibrio_rotiferianus_CAIM_577.fna
[RUNNING:] nucmer --maxmatch --nosimplify --prefix=seq_seq2979601 /data/djs217/PROJECTS/56_Vibrio_phaME/01_PhaME/04_workdir_cholerae/files/Vibrio_rotiferianus_CAIM_577.fna /data/djs217/PROJECTS/56_Vibrio_phaME/01_PhaME/04_workdir_cholerae/files/Vibrio_rotiferianus_CAIM_577.fna 2>/dev/null
[RUNNING:] show-coords -r -I 97 -L 75 -T seq_seq2979601.delta | awk '$1 != $3 || $2 != $4 && $8==$9 {print}' > seq_seq2979601.coords

Running self-nucmer on /data/djs217/PROJECTS/56_Vibrio_phaME/01_PhaME/04_workdir_cholerae/files/Vibrio_paracholerae_EDC_792.fna
[RUNNING:] nucmer --maxmatch --nosimplify --prefix=seq_seq2979680 /data/djs217/PROJECTS/56_Vibrio_phaME/01_PhaME/04_workdir_cholerae/files/Vibrio_paracholerae_EDC_792.fna /data/djs217/PROJECTS/56_Vibrio_phaME/01_PhaME/04_workdir_cholerae/files/Vibrio_paracholerae_EDC_792.fna 2>/dev/null
[RUNNING:] show-coords -r -I 97 -L 75 -T seq_seq2979680.delta | awk '$1 != $3 || $2 != $4 && $8==$9 {print}' > seq_seq2979680.coords

Running self-nucmer on /data/djs217/PROJECTS/56_Vibrio_phaME/01_PhaME/04_workdir_cholerae/files/Vibrio_lentus_40M4T.fna
[RUNNING:] nucmer --maxmatch --nosimplify --prefix=seq_seq2979760 /data/djs217/PROJECTS/56_Vibrio_phaME/01_PhaME/04_workdir_cholerae/files/Vibrio_lentus_40M4T.fna /data/djs217/PROJECTS/56_Vibrio_phaME/01_PhaME/04_workdir_cholerae/files/Vibrio_lentus_40M4T.fna 2>/dev/null
[RUNNING:] show-coords -r -I 97 -L 75 -T seq_seq2979760.delta | awk '$1 != $3 || $2 != $4 && $8==$9 {print}' > seq_seq2979760.coords

Running self-nucmer on /data/djs217/PROJECTS/56_Vibrio_phaME/01_PhaME/04_workdir_cholerae/files/11813_EXE_26_2025_C_PBC74148_final.fna
[RUNNING:] nucmer --maxmatch --nosimplify --prefix=seq_seq2979847 /data/djs217/PROJECTS/56_Vibrio_phaME/01_PhaME/04_workdir_cholerae/files/11813_EXE_26_2025_C_PBC74148_final.fna /data/djs217/PROJECTS/56_Vibrio_phaME/01_PhaME/04_workdir_cholerae/files/11813_EXE_26_2025_C_PBC74148_final.fna 2>/dev/null
[RUNNING:] show-coords -r -I 97 -L 75 -T seq_seq2979847.delta | awk '$1 != $3 || $2 != $4 && $8==$9 {print}' > seq_seq2979847.coords

Running self-nucmer on /data/djs217/PROJECTS/56_Vibrio_phaME/01_PhaME/04_workdir_cholerae/files/11813_EXE_33_2024_F_PBC74148_final.fna
[RUNNING:] nucmer --maxmatch --nosimplify --prefix=seq_seq2979918 /data/djs217/PROJECTS/56_Vibrio_phaME/01_PhaME/04_workdir_cholerae/files/11813_EXE_33_2024_F_PBC74148_final.fna /data/djs217/PROJECTS/56_Vibrio_phaME/01_PhaME/04_workdir_cholerae/files/11813_EXE_33_2024_F_PBC74148_final.fna 2>/dev/null
[RUNNING:] show-coords -r -I 97 -L 75 -T seq_seq2979918.delta | awk '$1 != $3 || $2 != $4 && $8==$9 {print}' > seq_seq2979918.coords

Running self-nucmer on /data/djs217/PROJECTS/56_Vibrio_phaME/01_PhaME/04_workdir_cholerae/files/Vibrio_chemaguriensis_Iso1.fna
[RUNNING:] nucmer --maxmatch --nosimplify --prefix=seq_seq2979981 /data/djs217/PROJECTS/56_Vibrio_phaME/01_PhaME/04_workdir_cholerae/files/Vibrio_chemaguriensis_Iso1.fna /data/djs217/PROJECTS/56_Vibrio_phaME/01_PhaME/04_workdir_cholerae/files/Vibrio_chemaguriensis_Iso1.fna 2>/dev/null
[RUNNING:] show-coords -r -I 97 -L 75 -T seq_seq2979981.delta | awk '$1 != $3 || $2 != $4 && $8==$9 {print}' > seq_seq2979981.coords

Running self-nucmer on /data/djs217/PROJECTS/56_Vibrio_phaME/01_PhaME/04_workdir_cholerae/files/Vibrio_inusitatus_LMG_23434.fna
[RUNNING:] nucmer --maxmatch --nosimplify --prefix=seq_seq2980044 /data/djs217/PROJECTS/56_Vibrio_phaME/01_PhaME/04_workdir_cholerae/files/Vibrio_inusitatus_LMG_23434.fna /data/djs217/PROJECTS/56_Vibrio_phaME/01_PhaME/04_workdir_cholerae/files/Vibrio_inusitatus_LMG_23434.fna 2>/dev/null
[RUNNING:] show-coords -r -I 97 -L 75 -T seq_seq2980044.delta | awk '$1 != $3 || $2 != $4 && $8==$9 {print}' > seq_seq2980044.coords

Running self-nucmer on /data/djs217/PROJECTS/56_Vibrio_phaME/01_PhaME/04_workdir_cholerae/files/Vibrio_ulleungensis_188UL20_2.fna
[RUNNING:] nucmer --maxmatch --nosimplify --prefix=seq_seq2980100 /data/djs217/PROJECTS/56_Vibrio_phaME/01_PhaME/04_workdir_cholerae/files/Vibrio_ulleungensis_188UL20_2.fna /data/djs217/PROJECTS/56_Vibrio_phaME/01_PhaME/04_workdir_cholerae/files/Vibrio_ulleungensis_188UL20_2.fna 2>/dev/null
[RUNNING:] show-coords -r -I 97 -L 75 -T seq_seq2980100.delta | awk '$1 != $3 || $2 != $4 && $8==$9 {print}' > seq_seq2980100.coords

Running self-nucmer on /data/djs217/PROJECTS/56_Vibrio_phaME/01_PhaME/04_workdir_cholerae/files/Vibrio_gallaecicus_CECT_7244.fna
[RUNNING:] nucmer --maxmatch --nosimplify --prefix=seq_seq2980155 /data/djs217/PROJECTS/56_Vibrio_phaME/01_PhaME/04_workdir_cholerae/files/Vibrio_gallaecicus_CECT_7244.fna /data/djs217/PROJECTS/56_Vibrio_phaME/01_PhaME/04_workdir_cholerae/files/Vibrio_gallaecicus_CECT_7244.fna 2>/dev/null
[RUNNING:] show-coords -r -I 97 -L 75 -T seq_seq2980155.delta | awk '$1 != $3 || $2 != $4 && $8==$9 {print}' > seq_seq2980155.coords

Running self-nucmer on /data/djs217/PROJECTS/56_Vibrio_phaME/01_PhaME/04_workdir_cholerae/files/Vibrio_pelagius_ATCC_25916.fna
[RUNNING:] nucmer --maxmatch --nosimplify --prefix=seq_seq2980266 /data/djs217/PROJECTS/56_Vibrio_phaME/01_PhaME/04_workdir_cholerae/files/Vibrio_pelagius_ATCC_25916.fna /data/djs217/PROJECTS/56_Vibrio_phaME/01_PhaME/04_workdir_cholerae/files/Vibrio_pelagius_ATCC_25916.fna 2>/dev/null
[RUNNING:] show-coords -r -I 97 -L 75 -T seq_seq2980266.delta | awk '$1 != $3 || $2 != $4 && $8==$9 {print}' > seq_seq2980266.coords

Running self-nucmer on /data/djs217/PROJECTS/56_Vibrio_phaME/01_PhaME/04_workdir_cholerae/files/11813_EXE_22_2025_DG1LF_PBC7_final.fna
[RUNNING:] nucmer --maxmatch --nosimplify --prefix=seq_seq2980337 /data/djs217/PROJECTS/56_Vibrio_phaME/01_PhaME/04_workdir_cholerae/files/11813_EXE_22_2025_DG1LF_PBC7_final.fna /data/djs217/PROJECTS/56_Vibrio_phaME/01_PhaME/04_workdir_cholerae/files/11813_EXE_22_2025_DG1LF_PBC7_final.fna 2>/dev/null
[RUNNING:] show-coords -r -I 97 -L 75 -T seq_seq2980337.delta | awk '$1 != $3 || $2 != $4 && $8==$9 {print}' > seq_seq2980337.coords

Running self-nucmer on /data/djs217/PROJECTS/56_Vibrio_phaME/01_PhaME/04_workdir_cholerae/files/11671_EXE_02_2024_3B2_unicycler.fna
[RUNNING:] nucmer --maxmatch --nosimplify --prefix=seq_seq2980448 /data/djs217/PROJECTS/56_Vibrio_phaME/01_PhaME/04_workdir_cholerae/files/11671_EXE_02_2024_3B2_unicycler.fna /data/djs217/PROJECTS/56_Vibrio_phaME/01_PhaME/04_workdir_cholerae/files/11671_EXE_02_2024_3B2_unicycler.fna 2>/dev/null
[RUNNING:] show-coords -r -I 97 -L 75 -T seq_seq2980448.delta | awk '$1 != $3 || $2 != $4 && $8==$9 {print}' > seq_seq2980448.coords

Running self-nucmer on /data/djs217/PROJECTS/56_Vibrio_phaME/01_PhaME/04_workdir_cholerae/files/Vibrio_hepatarius_DSM_19134.fna
[RUNNING:] nucmer --maxmatch --nosimplify --prefix=seq_seq2980511 /data/djs217/PROJECTS/56_Vibrio_phaME/01_PhaME/04_workdir_cholerae/files/Vibrio_hepatarius_DSM_19134.fna /data/djs217/PROJECTS/56_Vibrio_phaME/01_PhaME/04_workdir_cholerae/files/Vibrio_hepatarius_DSM_19134.fna 2>/dev/null
[RUNNING:] show-coords -r -I 97 -L 75 -T seq_seq2980511.delta | awk '$1 != $3 || $2 != $4 && $8==$9 {print}' > seq_seq2980511.coords

Running self-nucmer on /data/djs217/PROJECTS/56_Vibrio_phaME/01_PhaME/04_workdir_cholerae/files/Vibrio_maerlii_G62.fna
[RUNNING:] nucmer --maxmatch --nosimplify --prefix=seq_seq2980566 /data/djs217/PROJECTS/56_Vibrio_phaME/01_PhaME/04_workdir_cholerae/files/Vibrio_maerlii_G62.fna /data/djs217/PROJECTS/56_Vibrio_phaME/01_PhaME/04_workdir_cholerae/files/Vibrio_maerlii_G62.fna 2>/dev/null
[RUNNING:] show-coords -r -I 97 -L 75 -T seq_seq2980566.delta | awk '$1 != $3 || $2 != $4 && $8==$9 {print}' > seq_seq2980566.coords

Running self-nucmer on /data/djs217/PROJECTS/56_Vibrio_phaME/01_PhaME/04_workdir_cholerae/files/Vibrio_sinaloensis_CECT_7298.fna
[RUNNING:] nucmer --maxmatch --nosimplify --prefix=seq_seq2980712 /data/djs217/PROJECTS/56_Vibrio_phaME/01_PhaME/04_workdir_cholerae/files/Vibrio_sinaloensis_CECT_7298.fna /data/djs217/PROJECTS/56_Vibrio_phaME/01_PhaME/04_workdir_cholerae/files/Vibrio_sinaloensis_CECT_7298.fna 2>/dev/null
[RUNNING:] show-coords -r -I 97 -L 75 -T seq_seq2980712.delta | awk '$1 != $3 || $2 != $4 && $8==$9 {print}' > seq_seq2980712.coords

Running self-nucmer on /data/djs217/PROJECTS/56_Vibrio_phaME/01_PhaME/04_workdir_cholerae/files/Vibrio_casei_DSM_22364.fna
[RUNNING:] nucmer --maxmatch --nosimplify --prefix=seq_seq2980776 /data/djs217/PROJECTS/56_Vibrio_phaME/01_PhaME/04_workdir_cholerae/files/Vibrio_casei_DSM_22364.fna /data/djs217/PROJECTS/56_Vibrio_phaME/01_PhaME/04_workdir_cholerae/files/Vibrio_casei_DSM_22364.fna 2>/dev/null
[RUNNING:] show-coords -r -I 97 -L 75 -T seq_seq2980776.delta | awk '$1 != $3 || $2 != $4 && $8==$9 {print}' > seq_seq2980776.coords

Running self-nucmer on /data/djs217/PROJECTS/56_Vibrio_phaME/01_PhaME/04_workdir_cholerae/files/11813_EXE_23_2025_L_PBC74148_final.fna
[RUNNING:] nucmer --maxmatch --nosimplify --prefix=seq_seq2980849 /data/djs217/PROJECTS/56_Vibrio_phaME/01_PhaME/04_workdir_cholerae/files/11813_EXE_23_2025_L_PBC74148_final.fna /data/djs217/PROJECTS/56_Vibrio_phaME/01_PhaME/04_workdir_cholerae/files/11813_EXE_23_2025_L_PBC74148_final.fna 2>/dev/null
[RUNNING:] show-coords -r -I 97 -L 75 -T seq_seq2980849.delta | awk '$1 != $3 || $2 != $4 && $8==$9 {print}' > seq_seq2980849.coords

Running self-nucmer on /data/djs217/PROJECTS/56_Vibrio_phaME/01_PhaME/04_workdir_cholerae/files/Vibrio_mimicus_NCTC11435.fna
[RUNNING:] nucmer --maxmatch --nosimplify --prefix=seq_seq2980928 /data/djs217/PROJECTS/56_Vibrio_phaME/01_PhaME/04_workdir_cholerae/files/Vibrio_mimicus_NCTC11435.fna /data/djs217/PROJECTS/56_Vibrio_phaME/01_PhaME/04_workdir_cholerae/files/Vibrio_mimicus_NCTC11435.fna 2>/dev/null
[RUNNING:] show-coords -r -I 97 -L 75 -T seq_seq2980928.delta | awk '$1 != $3 || $2 != $4 && $8==$9 {print}' > seq_seq2980928.coords

Running self-nucmer on /data/djs217/PROJECTS/56_Vibrio_phaME/01_PhaME/04_workdir_cholerae/files/Vibrio_tapetis_subsp__quintayensis_CECT_8851.fna
[RUNNING:] nucmer --maxmatch --nosimplify --prefix=seq_seq2981127 /data/djs217/PROJECTS/56_Vibrio_phaME/01_PhaME/04_workdir_cholerae/files/Vibrio_tapetis_subsp__quintayensis_CECT_8851.fna /data/djs217/PROJECTS/56_Vibrio_phaME/01_PhaME/04_workdir_cholerae/files/Vibrio_tapetis_subsp__quintayensis_CECT_8851.fna 2>/dev/null
[RUNNING:] show-coords -r -I 97 -L 75 -T seq_seq2981127.delta | awk '$1 != $3 || $2 != $4 && $8==$9 {print}' > seq_seq2981127.coords

Running self-nucmer on /data/djs217/PROJECTS/56_Vibrio_phaME/01_PhaME/04_workdir_cholerae/files/Vibrio_tasmaniensis_LMG_20012.fna
[RUNNING:] nucmer --maxmatch --nosimplify --prefix=seq_seq2981202 /data/djs217/PROJECTS/56_Vibrio_phaME/01_PhaME/04_workdir_cholerae/files/Vibrio_tasmaniensis_LMG_20012.fna /data/djs217/PROJECTS/56_Vibrio_phaME/01_PhaME/04_workdir_cholerae/files/Vibrio_tasmaniensis_LMG_20012.fna 2>/dev/null
[RUNNING:] show-coords -r -I 97 -L 75 -T seq_seq2981202.delta | awk '$1 != $3 || $2 != $4 && $8==$9 {print}' > seq_seq2981202.coords

Running self-nucmer on /data/djs217/PROJECTS/56_Vibrio_phaME/01_PhaME/04_workdir_cholerae/files/11813_EXE_33_2024_E_PBC74148_final.fna
[RUNNING:] nucmer --maxmatch --nosimplify --prefix=seq_seq2981288 /data/djs217/PROJECTS/56_Vibrio_phaME/01_PhaME/04_workdir_cholerae/files/11813_EXE_33_2024_E_PBC74148_final.fna /data/djs217/PROJECTS/56_Vibrio_phaME/01_PhaME/04_workdir_cholerae/files/11813_EXE_33_2024_E_PBC74148_final.fna 2>/dev/null
[RUNNING:] show-coords -r -I 97 -L 75 -T seq_seq2981288.delta | awk '$1 != $3 || $2 != $4 && $8==$9 {print}' > seq_seq2981288.coords

Running self-nucmer on /data/djs217/PROJECTS/56_Vibrio_phaME/01_PhaME/04_workdir_cholerae/files/Vibrio_fluvialis_ATCC_33809.fna
[RUNNING:] nucmer --maxmatch --nosimplify --prefix=seq_seq2981359 /data/djs217/PROJECTS/56_Vibrio_phaME/01_PhaME/04_workdir_cholerae/files/Vibrio_fluvialis_ATCC_33809.fna /data/djs217/PROJECTS/56_Vibrio_phaME/01_PhaME/04_workdir_cholerae/files/Vibrio_fluvialis_ATCC_33809.fna 2>/dev/null
[RUNNING:] show-coords -r -I 97 -L 75 -T seq_seq2981359.delta | awk '$1 != $3 || $2 != $4 && $8==$9 {print}' > seq_seq2981359.coords

Running self-nucmer on /data/djs217/PROJECTS/56_Vibrio_phaME/01_PhaME/04_workdir_cholerae/files/Vibrio_chagasii_LMG_21353.fna
[RUNNING:] nucmer --maxmatch --nosimplify --prefix=seq_seq2981415 /data/djs217/PROJECTS/56_Vibrio_phaME/01_PhaME/04_workdir_cholerae/files/Vibrio_chagasii_LMG_21353.fna /data/djs217/PROJECTS/56_Vibrio_phaME/01_PhaME/04_workdir_cholerae/files/Vibrio_chagasii_LMG_21353.fna 2>/dev/null
[RUNNING:] show-coords -r -I 97 -L 75 -T seq_seq2981415.delta | awk '$1 != $3 || $2 != $4 && $8==$9 {print}' > seq_seq2981415.coords

Running self-nucmer on /data/djs217/PROJECTS/56_Vibrio_phaME/01_PhaME/04_workdir_cholerae/files/Vibrio_apostichopi_FE10.fna
[RUNNING:] nucmer --maxmatch --nosimplify --prefix=seq_seq2981486 /data/djs217/PROJECTS/56_Vibrio_phaME/01_PhaME/04_workdir_cholerae/files/Vibrio_apostichopi_FE10.fna /data/djs217/PROJECTS/56_Vibrio_phaME/01_PhaME/04_workdir_cholerae/files/Vibrio_apostichopi_FE10.fna 2>/dev/null
[RUNNING:] show-coords -r -I 97 -L 75 -T seq_seq2981486.delta | awk '$1 != $3 || $2 != $4 && $8==$9 {print}' > seq_seq2981486.coords

Running self-nucmer on /data/djs217/PROJECTS/56_Vibrio_phaME/01_PhaME/04_workdir_cholerae/files/Vibrio_orientalis_CIP_102891.fna
[RUNNING:] nucmer --maxmatch --nosimplify --prefix=seq_seq2981565 /data/djs217/PROJECTS/56_Vibrio_phaME/01_PhaME/04_workdir_cholerae/files/Vibrio_orientalis_CIP_102891.fna /data/djs217/PROJECTS/56_Vibrio_phaME/01_PhaME/04_workdir_cholerae/files/Vibrio_orientalis_CIP_102891.fna 2>/dev/null
[RUNNING:] show-coords -r -I 97 -L 75 -T seq_seq2981565.delta | awk '$1 != $3 || $2 != $4 && $8==$9 {print}' > seq_seq2981565.coords

Running self-nucmer on /data/djs217/PROJECTS/56_Vibrio_phaME/01_PhaME/04_workdir_cholerae/files/Vibrio_amylolyticus_ZSDE26.fna
[RUNNING:] nucmer --maxmatch --nosimplify --prefix=seq_seq2981645 /data/djs217/PROJECTS/56_Vibrio_phaME/01_PhaME/04_workdir_cholerae/files/Vibrio_amylolyticus_ZSDE26.fna /data/djs217/PROJECTS/56_Vibrio_phaME/01_PhaME/04_workdir_cholerae/files/Vibrio_amylolyticus_ZSDE26.fna 2>/dev/null
[RUNNING:] show-coords -r -I 97 -L 75 -T seq_seq2981645.delta | awk '$1 != $3 || $2 != $4 && $8==$9 {print}' > seq_seq2981645.coords

Running self-nucmer on /data/djs217/PROJECTS/56_Vibrio_phaME/01_PhaME/04_workdir_cholerae/files/Vibrio_qinghaiensis_Q67.fna
[RUNNING:] nucmer --maxmatch --nosimplify --prefix=seq_seq2981708 /data/djs217/PROJECTS/56_Vibrio_phaME/01_PhaME/04_workdir_cholerae/files/Vibrio_qinghaiensis_Q67.fna /data/djs217/PROJECTS/56_Vibrio_phaME/01_PhaME/04_workdir_cholerae/files/Vibrio_qinghaiensis_Q67.fna 2>/dev/null
[RUNNING:] show-coords -r -I 97 -L 75 -T seq_seq2981708.delta | awk '$1 != $3 || $2 != $4 && $8==$9 {print}' > seq_seq2981708.coords

Running self-nucmer on /data/djs217/PROJECTS/56_Vibrio_phaME/01_PhaME/04_workdir_cholerae/files/EXE_30_2025_R_final.fna
[RUNNING:] nucmer --maxmatch --nosimplify --prefix=seq_seq2982052 /data/djs217/PROJECTS/56_Vibrio_phaME/01_PhaME/04_workdir_cholerae/files/EXE_30_2025_R_final.fna /data/djs217/PROJECTS/56_Vibrio_phaME/01_PhaME/04_workdir_cholerae/files/EXE_30_2025_R_final.fna 2>/dev/null
[RUNNING:] show-coords -r -I 97 -L 75 -T seq_seq2982052.delta | awk '$1 != $3 || $2 != $4 && $8==$9 {print}' > seq_seq2982052.coords

Running self-nucmer on /data/djs217/PROJECTS/56_Vibrio_phaME/01_PhaME/04_workdir_cholerae/files/Vibrio_misgurnus_GVC.fna
[RUNNING:] nucmer --maxmatch --nosimplify --prefix=seq_seq2982115 /data/djs217/PROJECTS/56_Vibrio_phaME/01_PhaME/04_workdir_cholerae/files/Vibrio_misgurnus_GVC.fna /data/djs217/PROJECTS/56_Vibrio_phaME/01_PhaME/04_workdir_cholerae/files/Vibrio_misgurnus_GVC.fna 2>/dev/null
[RUNNING:] show-coords -r -I 97 -L 75 -T seq_seq2982115.delta | awk '$1 != $3 || $2 != $4 && $8==$9 {print}' > seq_seq2982115.coords

Running self-nucmer on /data/djs217/PROJECTS/56_Vibrio_phaME/01_PhaME/04_workdir_cholerae/files/11671_Guernsey_unicycler.fna
[RUNNING:] nucmer --maxmatch --nosimplify --prefix=seq_seq2982170 /data/djs217/PROJECTS/56_Vibrio_phaME/01_PhaME/04_workdir_cholerae/files/11671_Guernsey_unicycler.fna /data/djs217/PROJECTS/56_Vibrio_phaME/01_PhaME/04_workdir_cholerae/files/11671_Guernsey_unicycler.fna 2>/dev/null
[RUNNING:] show-coords -r -I 97 -L 75 -T seq_seq2982170.delta | awk '$1 != $3 || $2 != $4 && $8==$9 {print}' > seq_seq2982170.coords

Running self-nucmer on /data/djs217/PROJECTS/56_Vibrio_phaME/01_PhaME/04_workdir_cholerae/files/Vibrio_diazotrophicus_ATCC_33466.fna
[RUNNING:] nucmer --maxmatch --nosimplify --prefix=seq_seq2982249 /data/djs217/PROJECTS/56_Vibrio_phaME/01_PhaME/04_workdir_cholerae/files/Vibrio_diazotrophicus_ATCC_33466.fna /data/djs217/PROJECTS/56_Vibrio_phaME/01_PhaME/04_workdir_cholerae/files/Vibrio_diazotrophicus_ATCC_33466.fna 2>/dev/null
[RUNNING:] show-coords -r -I 97 -L 75 -T seq_seq2982249.delta | awk '$1 != $3 || $2 != $4 && $8==$9 {print}' > seq_seq2982249.coords

Running self-nucmer on /data/djs217/PROJECTS/56_Vibrio_phaME/01_PhaME/04_workdir_cholerae/files/11813_EXE_22_2025_DG3A_PBC74148_barcode18_final.fna
[RUNNING:] nucmer --maxmatch --nosimplify --prefix=seq_seq2982304 /data/djs217/PROJECTS/56_Vibrio_phaME/01_PhaME/04_workdir_cholerae/files/11813_EXE_22_2025_DG3A_PBC74148_barcode18_final.fna /data/djs217/PROJECTS/56_Vibrio_phaME/01_PhaME/04_workdir_cholerae/files/11813_EXE_22_2025_DG3A_PBC74148_barcode18_final.fna 2>/dev/null
[RUNNING:] show-coords -r -I 97 -L 75 -T seq_seq2982304.delta | awk '$1 != $3 || $2 != $4 && $8==$9 {print}' > seq_seq2982304.coords

Running self-nucmer on /data/djs217/PROJECTS/56_Vibrio_phaME/01_PhaME/04_workdir_cholerae/files/Vibrio_cincinnatiensis_NCTC12012.fna
[RUNNING:] nucmer --maxmatch --nosimplify --prefix=seq_seq2982415 /data/djs217/PROJECTS/56_Vibrio_phaME/01_PhaME/04_workdir_cholerae/files/Vibrio_cincinnatiensis_NCTC12012.fna /data/djs217/PROJECTS/56_Vibrio_phaME/01_PhaME/04_workdir_cholerae/files/Vibrio_cincinnatiensis_NCTC12012.fna 2>/dev/null
[RUNNING:] show-coords -r -I 97 -L 75 -T seq_seq2982415.delta | awk '$1 != $3 || $2 != $4 && $8==$9 {print}' > seq_seq2982415.coords

Running self-nucmer on /data/djs217/PROJECTS/56_Vibrio_phaME/01_PhaME/04_workdir_cholerae/files/11671_EXE_19_2024_C_unicycler.fna
[RUNNING:] nucmer --maxmatch --nosimplify --prefix=seq_seq2982486 /data/djs217/PROJECTS/56_Vibrio_phaME/01_PhaME/04_workdir_cholerae/files/11671_EXE_19_2024_C_unicycler.fna /data/djs217/PROJECTS/56_Vibrio_phaME/01_PhaME/04_workdir_cholerae/files/11671_EXE_19_2024_C_unicycler.fna 2>/dev/null
[RUNNING:] show-coords -r -I 97 -L 75 -T seq_seq2982486.delta | awk '$1 != $3 || $2 != $4 && $8==$9 {print}' > seq_seq2982486.coords

Running self-nucmer on /data/djs217/PROJECTS/56_Vibrio_phaME/01_PhaME/04_workdir_cholerae/files/Vibrio_salilacus_DSG_S6.fna
[RUNNING:] nucmer --maxmatch --nosimplify --prefix=seq_seq2982549 /data/djs217/PROJECTS/56_Vibrio_phaME/01_PhaME/04_workdir_cholerae/files/Vibrio_salilacus_DSG_S6.fna /data/djs217/PROJECTS/56_Vibrio_phaME/01_PhaME/04_workdir_cholerae/files/Vibrio_salilacus_DSG_S6.fna 2>/dev/null
[RUNNING:] show-coords -r -I 97 -L 75 -T seq_seq2982549.delta | awk '$1 != $3 || $2 != $4 && $8==$9 {print}' > seq_seq2982549.coords

Running self-nucmer on /data/djs217/PROJECTS/56_Vibrio_phaME/01_PhaME/04_workdir_cholerae/files/11671_EXE_26_2024_C_unicycler.fna
[RUNNING:] nucmer --maxmatch --nosimplify --prefix=seq_seq2982604 /data/djs217/PROJECTS/56_Vibrio_phaME/01_PhaME/04_workdir_cholerae/files/11671_EXE_26_2024_C_unicycler.fna /data/djs217/PROJECTS/56_Vibrio_phaME/01_PhaME/04_workdir_cholerae/files/11671_EXE_26_2024_C_unicycler.fna 2>/dev/null
[RUNNING:] show-coords -r -I 97 -L 75 -T seq_seq2982604.delta | awk '$1 != $3 || $2 != $4 && $8==$9 {print}' > seq_seq2982604.coords

Running self-nucmer on /data/djs217/PROJECTS/56_Vibrio_phaME/01_PhaME/04_workdir_cholerae/files/11813_EXE_24_2025_E_PBC74148_final.fna
[RUNNING:] nucmer --maxmatch --nosimplify --prefix=seq_seq2982667 /data/djs217/PROJECTS/56_Vibrio_phaME/01_PhaME/04_workdir_cholerae/files/11813_EXE_24_2025_E_PBC74148_final.fna /data/djs217/PROJECTS/56_Vibrio_phaME/01_PhaME/04_workdir_cholerae/files/11813_EXE_24_2025_E_PBC74148_final.fna 2>/dev/null
[RUNNING:] show-coords -r -I 97 -L 75 -T seq_seq2982667.delta | awk '$1 != $3 || $2 != $4 && $8==$9 {print}' > seq_seq2982667.coords

Running self-nucmer on /data/djs217/PROJECTS/56_Vibrio_phaME/01_PhaME/04_workdir_cholerae/files/Vibrio_floridensis_IRLE0018.fna
[RUNNING:] nucmer --maxmatch --nosimplify --prefix=seq_seq2982682 /data/djs217/PROJECTS/56_Vibrio_phaME/01_PhaME/04_workdir_cholerae/files/Vibrio_floridensis_IRLE0018.fna /data/djs217/PROJECTS/56_Vibrio_phaME/01_PhaME/04_workdir_cholerae/files/Vibrio_floridensis_IRLE0018.fna 2>/dev/null
[RUNNING:] show-coords -r -I 97 -L 75 -T seq_seq2982682.delta | awk '$1 != $3 || $2 != $4 && $8==$9 {print}' > seq_seq2982682.coords

Running self-nucmer on /data/djs217/PROJECTS/56_Vibrio_phaME/01_PhaME/04_workdir_cholerae/files/Vibrio_metschnikovii_NCTC8443.fna
[RUNNING:] nucmer --maxmatch --nosimplify --prefix=seq_seq2982785 /data/djs217/PROJECTS/56_Vibrio_phaME/01_PhaME/04_workdir_cholerae/files/Vibrio_metschnikovii_NCTC8443.fna /data/djs217/PROJECTS/56_Vibrio_phaME/01_PhaME/04_workdir_cholerae/files/Vibrio_metschnikovii_NCTC8443.fna 2>/dev/null
[RUNNING:] show-coords -r -I 97 -L 75 -T seq_seq2982785.delta | awk '$1 != $3 || $2 != $4 && $8==$9 {print}' > seq_seq2982785.coords

Running self-nucmer on /data/djs217/PROJECTS/56_Vibrio_phaME/01_PhaME/04_workdir_cholerae/files/11671_EXE_45_2024_E_unicycler.fna
[RUNNING:] nucmer --maxmatch --nosimplify --prefix=seq_seq2982848 /data/djs217/PROJECTS/56_Vibrio_phaME/01_PhaME/04_workdir_cholerae/files/11671_EXE_45_2024_E_unicycler.fna /data/djs217/PROJECTS/56_Vibrio_phaME/01_PhaME/04_workdir_cholerae/files/11671_EXE_45_2024_E_unicycler.fna 2>/dev/null
[RUNNING:] show-coords -r -I 97 -L 75 -T seq_seq2982848.delta | awk '$1 != $3 || $2 != $4 && $8==$9 {print}' > seq_seq2982848.coords

Running self-nucmer on /data/djs217/PROJECTS/56_Vibrio_phaME/01_PhaME/04_workdir_cholerae/files/Vibrio_neonatus_JCM_21521.fna
[RUNNING:] nucmer --maxmatch --nosimplify --prefix=seq_seq2982919 /data/djs217/PROJECTS/56_Vibrio_phaME/01_PhaME/04_workdir_cholerae/files/Vibrio_neonatus_JCM_21521.fna /data/djs217/PROJECTS/56_Vibrio_phaME/01_PhaME/04_workdir_cholerae/files/Vibrio_neonatus_JCM_21521.fna 2>/dev/null
[RUNNING:] show-coords -r -I 97 -L 75 -T seq_seq2982919.delta | awk '$1 != $3 || $2 != $4 && $8==$9 {print}' > seq_seq2982919.coords

Running self-nucmer on /data/djs217/PROJECTS/56_Vibrio_phaME/01_PhaME/04_workdir_cholerae/files/Vibrio_aestuarianus_LMG_7909.fna
[RUNNING:] nucmer --maxmatch --nosimplify --prefix=seq_seq2982982 /data/djs217/PROJECTS/56_Vibrio_phaME/01_PhaME/04_workdir_cholerae/files/Vibrio_aestuarianus_LMG_7909.fna /data/djs217/PROJECTS/56_Vibrio_phaME/01_PhaME/04_workdir_cholerae/files/Vibrio_aestuarianus_LMG_7909.fna 2>/dev/null
[RUNNING:] show-coords -r -I 97 -L 75 -T seq_seq2982982.delta | awk '$1 != $3 || $2 != $4 && $8==$9 {print}' > seq_seq2982982.coords

Running self-nucmer on /data/djs217/PROJECTS/56_Vibrio_phaME/01_PhaME/04_workdir_cholerae/files/11671_EXE_25_2024_H_unicycler.fna
[RUNNING:] nucmer --maxmatch --nosimplify --prefix=seq_seq2983038 /data/djs217/PROJECTS/56_Vibrio_phaME/01_PhaME/04_workdir_cholerae/files/11671_EXE_25_2024_H_unicycler.fna /data/djs217/PROJECTS/56_Vibrio_phaME/01_PhaME/04_workdir_cholerae/files/11671_EXE_25_2024_H_unicycler.fna 2>/dev/null
[RUNNING:] show-coords -r -I 97 -L 75 -T seq_seq2983038.delta | awk '$1 != $3 || $2 != $4 && $8==$9 {print}' > seq_seq2983038.coords

Running self-nucmer on /data/djs217/PROJECTS/56_Vibrio_phaME/01_PhaME/04_workdir_cholerae/files/Vibrio_aquaticus_BEI207.fna
[RUNNING:] nucmer --maxmatch --nosimplify --prefix=seq_seq2983100 /data/djs217/PROJECTS/56_Vibrio_phaME/01_PhaME/04_workdir_cholerae/files/Vibrio_aquaticus_BEI207.fna /data/djs217/PROJECTS/56_Vibrio_phaME/01_PhaME/04_workdir_cholerae/files/Vibrio_aquaticus_BEI207.fna 2>/dev/null
[RUNNING:] show-coords -r -I 97 -L 75 -T seq_seq2983100.delta | awk '$1 != $3 || $2 != $4 && $8==$9 {print}' > seq_seq2983100.coords

Running self-nucmer on /data/djs217/PROJECTS/56_Vibrio_phaME/01_PhaME/04_workdir_cholerae/files/11813_EXE_26_2025_A_PBC74148_final.fna
[RUNNING:] nucmer --maxmatch --nosimplify --prefix=seq_seq2983172 /data/djs217/PROJECTS/56_Vibrio_phaME/01_PhaME/04_workdir_cholerae/files/11813_EXE_26_2025_A_PBC74148_final.fna /data/djs217/PROJECTS/56_Vibrio_phaME/01_PhaME/04_workdir_cholerae/files/11813_EXE_26_2025_A_PBC74148_final.fna 2>/dev/null
[RUNNING:] show-coords -r -I 97 -L 75 -T seq_seq2983172.delta | awk '$1 != $3 || $2 != $4 && $8==$9 {print}' > seq_seq2983172.coords

Running self-nucmer on /data/djs217/PROJECTS/56_Vibrio_phaME/01_PhaME/04_workdir_cholerae/files/Vibrio_gangliei_DSM_104291.fna
[RUNNING:] nucmer --maxmatch --nosimplify --prefix=seq_seq2983259 /data/djs217/PROJECTS/56_Vibrio_phaME/01_PhaME/04_workdir_cholerae/files/Vibrio_gangliei_DSM_104291.fna /data/djs217/PROJECTS/56_Vibrio_phaME/01_PhaME/04_workdir_cholerae/files/Vibrio_gangliei_DSM_104291.fna 2>/dev/null
[RUNNING:] show-coords -r -I 97 -L 75 -T seq_seq2983259.delta | awk '$1 != $3 || $2 != $4 && $8==$9 {print}' > seq_seq2983259.coords

Running self-nucmer on /data/djs217/PROJECTS/56_Vibrio_phaME/01_PhaME/04_workdir_cholerae/files/Vibrio_antiquarius_EX25.fna
[RUNNING:] nucmer --maxmatch --nosimplify --prefix=seq_seq2983325 /data/djs217/PROJECTS/56_Vibrio_phaME/01_PhaME/04_workdir_cholerae/files/Vibrio_antiquarius_EX25.fna /data/djs217/PROJECTS/56_Vibrio_phaME/01_PhaME/04_workdir_cholerae/files/Vibrio_antiquarius_EX25.fna 2>/dev/null
[RUNNING:] show-coords -r -I 97 -L 75 -T seq_seq2983325.delta | awk '$1 != $3 || $2 != $4 && $8==$9 {print}' > seq_seq2983325.coords

Running self-nucmer on /data/djs217/PROJECTS/56_Vibrio_phaME/01_PhaME/04_workdir_cholerae/files/Vibrio_navarrensis_ATCC_51183.fna
[RUNNING:] nucmer --maxmatch --nosimplify --prefix=seq_seq2983388 /data/djs217/PROJECTS/56_Vibrio_phaME/01_PhaME/04_workdir_cholerae/files/Vibrio_navarrensis_ATCC_51183.fna /data/djs217/PROJECTS/56_Vibrio_phaME/01_PhaME/04_workdir_cholerae/files/Vibrio_navarrensis_ATCC_51183.fna 2>/dev/null
[RUNNING:] show-coords -r -I 97 -L 75 -T seq_seq2983388.delta | awk '$1 != $3 || $2 != $4 && $8==$9 {print}' > seq_seq2983388.coords

Running self-nucmer on /data/djs217/PROJECTS/56_Vibrio_phaME/01_PhaME/04_workdir_cholerae/files/Vibrio_ishigakensis_JCM_19231.fna
[RUNNING:] nucmer --maxmatch --nosimplify --prefix=seq_seq2983540 /data/djs217/PROJECTS/56_Vibrio_phaME/01_PhaME/04_workdir_cholerae/files/Vibrio_ishigakensis_JCM_19231.fna /data/djs217/PROJECTS/56_Vibrio_phaME/01_PhaME/04_workdir_cholerae/files/Vibrio_ishigakensis_JCM_19231.fna 2>/dev/null
[RUNNING:] show-coords -r -I 97 -L 75 -T seq_seq2983540.delta | awk '$1 != $3 || $2 != $4 && $8==$9 {print}' > seq_seq2983540.coords

Running self-nucmer on /data/djs217/PROJECTS/56_Vibrio_phaME/01_PhaME/04_workdir_cholerae/files/11813_EXE_01_2024_7_PBC74148_final.fna
[RUNNING:] nucmer --maxmatch --nosimplify --prefix=seq_seq2983595 /data/djs217/PROJECTS/56_Vibrio_phaME/01_PhaME/04_workdir_cholerae/files/11813_EXE_01_2024_7_PBC74148_final.fna /data/djs217/PROJECTS/56_Vibrio_phaME/01_PhaME/04_workdir_cholerae/files/11813_EXE_01_2024_7_PBC74148_final.fna 2>/dev/null
[RUNNING:] show-coords -r -I 97 -L 75 -T seq_seq2983595.delta | awk '$1 != $3 || $2 != $4 && $8==$9 {print}' > seq_seq2983595.coords

Running self-nucmer on /data/djs217/PROJECTS/56_Vibrio_phaME/01_PhaME/04_workdir_cholerae/files/Vibrio_europaeus_PP_638.fna
[RUNNING:] nucmer --maxmatch --nosimplify --prefix=seq_seq2983666 /data/djs217/PROJECTS/56_Vibrio_phaME/01_PhaME/04_workdir_cholerae/files/Vibrio_europaeus_PP_638.fna /data/djs217/PROJECTS/56_Vibrio_phaME/01_PhaME/04_workdir_cholerae/files/Vibrio_europaeus_PP_638.fna 2>/dev/null
[RUNNING:] show-coords -r -I 97 -L 75 -T seq_seq2983666.delta | awk '$1 != $3 || $2 != $4 && $8==$9 {print}' > seq_seq2983666.coords

Running self-nucmer on /data/djs217/PROJECTS/56_Vibrio_phaME/01_PhaME/04_workdir_cholerae/files/Vibrio_pacinii_DSM_19139.fna
[RUNNING:] nucmer --maxmatch --nosimplify --prefix=seq_seq2983761 /data/djs217/PROJECTS/56_Vibrio_phaME/01_PhaME/04_workdir_cholerae/files/Vibrio_pacinii_DSM_19139.fna /data/djs217/PROJECTS/56_Vibrio_phaME/01_PhaME/04_workdir_cholerae/files/Vibrio_pacinii_DSM_19139.fna 2>/dev/null
[RUNNING:] show-coords -r -I 97 -L 75 -T seq_seq2983761.delta | awk '$1 != $3 || $2 != $4 && $8==$9 {print}' > seq_seq2983761.coords

Running self-nucmer on /data/djs217/PROJECTS/56_Vibrio_phaME/01_PhaME/04_workdir_cholerae/files/Vibrio_tubiashii_ATCC_19109.fna
[RUNNING:] nucmer --maxmatch --nosimplify --prefix=seq_seq2983848 /data/djs217/PROJECTS/56_Vibrio_phaME/01_PhaME/04_workdir_cholerae/files/Vibrio_tubiashii_ATCC_19109.fna /data/djs217/PROJECTS/56_Vibrio_phaME/01_PhaME/04_workdir_cholerae/files/Vibrio_tubiashii_ATCC_19109.fna 2>/dev/null
[RUNNING:] show-coords -r -I 97 -L 75 -T seq_seq2983848.delta | awk '$1 != $3 || $2 != $4 && $8==$9 {print}' > seq_seq2983848.coords

Running self-nucmer on /data/djs217/PROJECTS/56_Vibrio_phaME/01_PhaME/04_workdir_cholerae/files/11813_EXE_19_2024_M_PBC74148_final.fna
[RUNNING:] nucmer --maxmatch --nosimplify --prefix=seq_seq2983951 /data/djs217/PROJECTS/56_Vibrio_phaME/01_PhaME/04_workdir_cholerae/files/11813_EXE_19_2024_M_PBC74148_final.fna /data/djs217/PROJECTS/56_Vibrio_phaME/01_PhaME/04_workdir_cholerae/files/11813_EXE_19_2024_M_PBC74148_final.fna 2>/dev/null
[RUNNING:] show-coords -r -I 97 -L 75 -T seq_seq2983951.delta | awk '$1 != $3 || $2 != $4 && $8==$9 {print}' > seq_seq2983951.coords

Running self-nucmer on /data/djs217/PROJECTS/56_Vibrio_phaME/01_PhaME/04_workdir_cholerae/files/Vibrio_albus_E4404.fna
[RUNNING:] nucmer --maxmatch --nosimplify --prefix=seq_seq2984006 /data/djs217/PROJECTS/56_Vibrio_phaME/01_PhaME/04_workdir_cholerae/files/Vibrio_albus_E4404.fna /data/djs217/PROJECTS/56_Vibrio_phaME/01_PhaME/04_workdir_cholerae/files/Vibrio_albus_E4404.fna 2>/dev/null
[RUNNING:] show-coords -r -I 97 -L 75 -T seq_seq2984006.delta | awk '$1 != $3 || $2 != $4 && $8==$9 {print}' > seq_seq2984006.coords

Running self-nucmer on /data/djs217/PROJECTS/56_Vibrio_phaME/01_PhaME/04_workdir_cholerae/files/Vibrio_rarus_LMG_23674.fna
[RUNNING:] nucmer --maxmatch --nosimplify --prefix=seq_seq2984069 /data/djs217/PROJECTS/56_Vibrio_phaME/01_PhaME/04_workdir_cholerae/files/Vibrio_rarus_LMG_23674.fna /data/djs217/PROJECTS/56_Vibrio_phaME/01_PhaME/04_workdir_cholerae/files/Vibrio_rarus_LMG_23674.fna 2>/dev/null
[RUNNING:] show-coords -r -I 97 -L 75 -T seq_seq2984069.delta | awk '$1 != $3 || $2 != $4 && $8==$9 {print}' > seq_seq2984069.coords

Running self-nucmer on /data/djs217/PROJECTS/56_Vibrio_phaME/01_PhaME/04_workdir_cholerae/files/Vibrio_sinus_S4M6.fna
[RUNNING:] nucmer --maxmatch --nosimplify --prefix=seq_seq2984140 /data/djs217/PROJECTS/56_Vibrio_phaME/01_PhaME/04_workdir_cholerae/files/Vibrio_sinus_S4M6.fna /data/djs217/PROJECTS/56_Vibrio_phaME/01_PhaME/04_workdir_cholerae/files/Vibrio_sinus_S4M6.fna 2>/dev/null
[RUNNING:] show-coords -r -I 97 -L 75 -T seq_seq2984140.delta | awk '$1 != $3 || $2 != $4 && $8==$9 {print}' > seq_seq2984140.coords

Running self-nucmer on /data/djs217/PROJECTS/56_Vibrio_phaME/01_PhaME/04_workdir_cholerae/files/Vibrio_mediterranei_.fna
[RUNNING:] nucmer --maxmatch --nosimplify --prefix=seq_seq2984203 /data/djs217/PROJECTS/56_Vibrio_phaME/01_PhaME/04_workdir_cholerae/files/Vibrio_mediterranei_.fna /data/djs217/PROJECTS/56_Vibrio_phaME/01_PhaME/04_workdir_cholerae/files/Vibrio_mediterranei_.fna 2>/dev/null
[RUNNING:] show-coords -r -I 97 -L 75 -T seq_seq2984203.delta | awk '$1 != $3 || $2 != $4 && $8==$9 {print}' > seq_seq2984203.coords

Running self-nucmer on /data/djs217/PROJECTS/56_Vibrio_phaME/01_PhaME/04_workdir_cholerae/files/11813_EXE_30_2024_F_PBC74148_final.fna
[RUNNING:] nucmer --maxmatch --nosimplify --prefix=seq_seq2984266 /data/djs217/PROJECTS/56_Vibrio_phaME/01_PhaME/04_workdir_cholerae/files/11813_EXE_30_2024_F_PBC74148_final.fna /data/djs217/PROJECTS/56_Vibrio_phaME/01_PhaME/04_workdir_cholerae/files/11813_EXE_30_2024_F_PBC74148_final.fna 2>/dev/null
[RUNNING:] show-coords -r -I 97 -L 75 -T seq_seq2984266.delta | awk '$1 != $3 || $2 != $4 && $8==$9 {print}' > seq_seq2984266.coords

Running self-nucmer on /data/djs217/PROJECTS/56_Vibrio_phaME/01_PhaME/04_workdir_cholerae/files/Vibrio_neptunius_KCTC_12702.fna
[RUNNING:] nucmer --maxmatch --nosimplify --prefix=seq_seq2984329 /data/djs217/PROJECTS/56_Vibrio_phaME/01_PhaME/04_workdir_cholerae/files/Vibrio_neptunius_KCTC_12702.fna /data/djs217/PROJECTS/56_Vibrio_phaME/01_PhaME/04_workdir_cholerae/files/Vibrio_neptunius_KCTC_12702.fna 2>/dev/null
[RUNNING:] show-coords -r -I 97 -L 75 -T seq_seq2984329.delta | awk '$1 != $3 || $2 != $4 && $8==$9 {print}' > seq_seq2984329.coords

Running self-nucmer on /data/djs217/PROJECTS/56_Vibrio_phaME/01_PhaME/04_workdir_cholerae/files/11813_EXE_30_2025_S_PBC74148_final.fna
[RUNNING:] nucmer --maxmatch --nosimplify --prefix=seq_seq2984401 /data/djs217/PROJECTS/56_Vibrio_phaME/01_PhaME/04_workdir_cholerae/files/11813_EXE_30_2025_S_PBC74148_final.fna /data/djs217/PROJECTS/56_Vibrio_phaME/01_PhaME/04_workdir_cholerae/files/11813_EXE_30_2025_S_PBC74148_final.fna 2>/dev/null
[RUNNING:] show-coords -r -I 97 -L 75 -T seq_seq2984401.delta | awk '$1 != $3 || $2 != $4 && $8==$9 {print}' > seq_seq2984401.coords

Running self-nucmer on /data/djs217/PROJECTS/56_Vibrio_phaME/01_PhaME/04_workdir_cholerae/files/Vibrio_plantisponsor_MSSRF60.fna
[RUNNING:] nucmer --maxmatch --nosimplify --prefix=seq_seq2984463 /data/djs217/PROJECTS/56_Vibrio_phaME/01_PhaME/04_workdir_cholerae/files/Vibrio_plantisponsor_MSSRF60.fna /data/djs217/PROJECTS/56_Vibrio_phaME/01_PhaME/04_workdir_cholerae/files/Vibrio_plantisponsor_MSSRF60.fna 2>/dev/null
[RUNNING:] show-coords -r -I 97 -L 75 -T seq_seq2984463.delta | awk '$1 != $3 || $2 != $4 && $8==$9 {print}' > seq_seq2984463.coords

Running self-nucmer on /data/djs217/PROJECTS/56_Vibrio_phaME/01_PhaME/04_workdir_cholerae/files/Vibrio_satsumensis_JAMM0822.fna
[RUNNING:] nucmer --maxmatch --nosimplify --prefix=seq_seq2984510 /data/djs217/PROJECTS/56_Vibrio_phaME/01_PhaME/04_workdir_cholerae/files/Vibrio_satsumensis_JAMM0822.fna /data/djs217/PROJECTS/56_Vibrio_phaME/01_PhaME/04_workdir_cholerae/files/Vibrio_satsumensis_JAMM0822.fna 2>/dev/null
[RUNNING:] show-coords -r -I 97 -L 75 -T seq_seq2984510.delta | awk '$1 != $3 || $2 != $4 && $8==$9 {print}' > seq_seq2984510.coords

Running self-nucmer on /data/djs217/PROJECTS/56_Vibrio_phaME/01_PhaME/04_workdir_cholerae/files/Vibrio_olivae_CECT_8064.fna
[RUNNING:] nucmer --maxmatch --nosimplify --prefix=seq_seq2984581 /data/djs217/PROJECTS/56_Vibrio_phaME/01_PhaME/04_workdir_cholerae/files/Vibrio_olivae_CECT_8064.fna /data/djs217/PROJECTS/56_Vibrio_phaME/01_PhaME/04_workdir_cholerae/files/Vibrio_olivae_CECT_8064.fna 2>/dev/null
[RUNNING:] show-coords -r -I 97 -L 75 -T seq_seq2984581.delta | awk '$1 != $3 || $2 != $4 && $8==$9 {print}' > seq_seq2984581.coords

Running self-nucmer on /data/djs217/PROJECTS/56_Vibrio_phaME/01_PhaME/04_workdir_cholerae/files/Vibrio_aphrogenes_CA_1004.fna
[RUNNING:] nucmer --maxmatch --nosimplify --prefix=seq_seq2984636 /data/djs217/PROJECTS/56_Vibrio_phaME/01_PhaME/04_workdir_cholerae/files/Vibrio_aphrogenes_CA_1004.fna /data/djs217/PROJECTS/56_Vibrio_phaME/01_PhaME/04_workdir_cholerae/files/Vibrio_aphrogenes_CA_1004.fna 2>/dev/null
[RUNNING:] show-coords -r -I 97 -L 75 -T seq_seq2984636.delta | awk '$1 != $3 || $2 != $4 && $8==$9 {print}' > seq_seq2984636.coords

Running self-nucmer on /data/djs217/PROJECTS/56_Vibrio_phaME/01_PhaME/04_workdir_cholerae/files/Vibrio_agarivorans_CECT_5085.fna
[RUNNING:] nucmer --maxmatch --nosimplify --prefix=seq_seq2984700 /data/djs217/PROJECTS/56_Vibrio_phaME/01_PhaME/04_workdir_cholerae/files/Vibrio_agarivorans_CECT_5085.fna /data/djs217/PROJECTS/56_Vibrio_phaME/01_PhaME/04_workdir_cholerae/files/Vibrio_agarivorans_CECT_5085.fna 2>/dev/null
[RUNNING:] show-coords -r -I 97 -L 75 -T seq_seq2984700.delta | awk '$1 != $3 || $2 != $4 && $8==$9 {print}' > seq_seq2984700.coords

Running self-nucmer on /data/djs217/PROJECTS/56_Vibrio_phaME/01_PhaME/04_workdir_cholerae/files/Vibrio_hippocampi_CECT_8226.fna
[RUNNING:] nucmer --maxmatch --nosimplify --prefix=seq_seq2984763 /data/djs217/PROJECTS/56_Vibrio_phaME/01_PhaME/04_workdir_cholerae/files/Vibrio_hippocampi_CECT_8226.fna /data/djs217/PROJECTS/56_Vibrio_phaME/01_PhaME/04_workdir_cholerae/files/Vibrio_hippocampi_CECT_8226.fna 2>/dev/null
[RUNNING:] show-coords -r -I 97 -L 75 -T seq_seq2984763.delta | awk '$1 != $3 || $2 != $4 && $8==$9 {print}' > seq_seq2984763.coords

Running self-nucmer on /data/djs217/PROJECTS/56_Vibrio_phaME/01_PhaME/04_workdir_cholerae/files/Vibrio_sagamiensis_NBRC_104589.fna
[RUNNING:] nucmer --maxmatch --nosimplify --prefix=seq_seq2984826 /data/djs217/PROJECTS/56_Vibrio_phaME/01_PhaME/04_workdir_cholerae/files/Vibrio_sagamiensis_NBRC_104589.fna /data/djs217/PROJECTS/56_Vibrio_phaME/01_PhaME/04_workdir_cholerae/files/Vibrio_sagamiensis_NBRC_104589.fna 2>/dev/null
[RUNNING:] show-coords -r -I 97 -L 75 -T seq_seq2984826.delta | awk '$1 != $3 || $2 != $4 && $8==$9 {print}' > seq_seq2984826.coords

Running self-nucmer on /data/djs217/PROJECTS/56_Vibrio_phaME/01_PhaME/04_workdir_cholerae/files/Vibrio_methylphosphonaticus_S4B1.fna
[RUNNING:] nucmer --maxmatch --nosimplify --prefix=seq_seq2984873 /data/djs217/PROJECTS/56_Vibrio_phaME/01_PhaME/04_workdir_cholerae/files/Vibrio_methylphosphonaticus_S4B1.fna /data/djs217/PROJECTS/56_Vibrio_phaME/01_PhaME/04_workdir_cholerae/files/Vibrio_methylphosphonaticus_S4B1.fna 2>/dev/null
[RUNNING:] show-coords -r -I 97 -L 75 -T seq_seq2984873.delta | awk '$1 != $3 || $2 != $4 && $8==$9 {print}' > seq_seq2984873.coords

Running self-nucmer on /data/djs217/PROJECTS/56_Vibrio_phaME/01_PhaME/04_workdir_cholerae/files/Vibrio_gelatinilyticus_ZSDZ34.fna
[RUNNING:] nucmer --maxmatch --nosimplify --prefix=seq_seq2984936 /data/djs217/PROJECTS/56_Vibrio_phaME/01_PhaME/04_workdir_cholerae/files/Vibrio_gelatinilyticus_ZSDZ34.fna /data/djs217/PROJECTS/56_Vibrio_phaME/01_PhaME/04_workdir_cholerae/files/Vibrio_gelatinilyticus_ZSDZ34.fna 2>/dev/null
[RUNNING:] show-coords -r -I 97 -L 75 -T seq_seq2984936.delta | awk '$1 != $3 || $2 != $4 && $8==$9 {print}' > seq_seq2984936.coords

Running self-nucmer on /data/djs217/PROJECTS/56_Vibrio_phaME/01_PhaME/04_workdir_cholerae/files/Vibrio_viridaestus_LJC006.fna
[RUNNING:] nucmer --maxmatch --nosimplify --prefix=seq_seq2984984 /data/djs217/PROJECTS/56_Vibrio_phaME/01_PhaME/04_workdir_cholerae/files/Vibrio_viridaestus_LJC006.fna /data/djs217/PROJECTS/56_Vibrio_phaME/01_PhaME/04_workdir_cholerae/files/Vibrio_viridaestus_LJC006.fna 2>/dev/null
[RUNNING:] show-coords -r -I 97 -L 75 -T seq_seq2984984.delta | awk '$1 != $3 || $2 != $4 && $8==$9 {print}' > seq_seq2984984.coords

Running self-nucmer on /data/djs217/PROJECTS/56_Vibrio_phaME/01_PhaME/04_workdir_cholerae/files/Vibrio_sinensis_BEI233.fna
[RUNNING:] nucmer --maxmatch --nosimplify --prefix=seq_seq2985038 /data/djs217/PROJECTS/56_Vibrio_phaME/01_PhaME/04_workdir_cholerae/files/Vibrio_sinensis_BEI233.fna /data/djs217/PROJECTS/56_Vibrio_phaME/01_PhaME/04_workdir_cholerae/files/Vibrio_sinensis_BEI233.fna 2>/dev/null
[RUNNING:] show-coords -r -I 97 -L 75 -T seq_seq2985038.delta | awk '$1 != $3 || $2 != $4 && $8==$9 {print}' > seq_seq2985038.coords

Running self-nucmer on /data/djs217/PROJECTS/56_Vibrio_phaME/01_PhaME/04_workdir_cholerae/files/Vibrio_fortis_LMG_21557.fna
[RUNNING:] nucmer --maxmatch --nosimplify --prefix=seq_seq2985094 /data/djs217/PROJECTS/56_Vibrio_phaME/01_PhaME/04_workdir_cholerae/files/Vibrio_fortis_LMG_21557.fna /data/djs217/PROJECTS/56_Vibrio_phaME/01_PhaME/04_workdir_cholerae/files/Vibrio_fortis_LMG_21557.fna 2>/dev/null
[RUNNING:] show-coords -r -I 97 -L 75 -T seq_seq2985094.delta | awk '$1 != $3 || $2 != $4 && $8==$9 {print}' > seq_seq2985094.coords

Running self-nucmer on /data/djs217/PROJECTS/56_Vibrio_phaME/01_PhaME/04_workdir_cholerae/files/Vibrio_pectenicida_LMG_19642.fna
[RUNNING:] nucmer --maxmatch --nosimplify --prefix=seq_seq2985165 /data/djs217/PROJECTS/56_Vibrio_phaME/01_PhaME/04_workdir_cholerae/files/Vibrio_pectenicida_LMG_19642.fna /data/djs217/PROJECTS/56_Vibrio_phaME/01_PhaME/04_workdir_cholerae/files/Vibrio_pectenicida_LMG_19642.fna 2>/dev/null
[RUNNING:] show-coords -r -I 97 -L 75 -T seq_seq2985165.delta | awk '$1 != $3 || $2 != $4 && $8==$9 {print}' > seq_seq2985165.coords

Running self-nucmer on /data/djs217/PROJECTS/56_Vibrio_phaME/01_PhaME/04_workdir_cholerae/files/Vibrio_natriegens_CCUG_16371.fna
[RUNNING:] nucmer --maxmatch --nosimplify --prefix=seq_seq2985228 /data/djs217/PROJECTS/56_Vibrio_phaME/01_PhaME/04_workdir_cholerae/files/Vibrio_natriegens_CCUG_16371.fna /data/djs217/PROJECTS/56_Vibrio_phaME/01_PhaME/04_workdir_cholerae/files/Vibrio_natriegens_CCUG_16371.fna 2>/dev/null
[RUNNING:] show-coords -r -I 97 -L 75 -T seq_seq2985228.delta | awk '$1 != $3 || $2 != $4 && $8==$9 {print}' > seq_seq2985228.coords

Running self-nucmer on /data/djs217/PROJECTS/56_Vibrio_phaME/01_PhaME/04_workdir_cholerae/files/Vibrio_barjaei_3062.fna
[RUNNING:] nucmer --maxmatch --nosimplify --prefix=seq_seq2985278 /data/djs217/PROJECTS/56_Vibrio_phaME/01_PhaME/04_workdir_cholerae/files/Vibrio_barjaei_3062.fna /data/djs217/PROJECTS/56_Vibrio_phaME/01_PhaME/04_workdir_cholerae/files/Vibrio_barjaei_3062.fna 2>/dev/null
[RUNNING:] show-coords -r -I 97 -L 75 -T seq_seq2985278.delta | awk '$1 != $3 || $2 != $4 && $8==$9 {print}' > seq_seq2985278.coords

Running self-nucmer on /data/djs217/PROJECTS/56_Vibrio_phaME/01_PhaME/04_workdir_cholerae/files/11671_EXE_22_2024_B_unicycler.fna
[RUNNING:] nucmer --maxmatch --nosimplify --prefix=seq_seq2985330 /data/djs217/PROJECTS/56_Vibrio_phaME/01_PhaME/04_workdir_cholerae/files/11671_EXE_22_2024_B_unicycler.fna /data/djs217/PROJECTS/56_Vibrio_phaME/01_PhaME/04_workdir_cholerae/files/11671_EXE_22_2024_B_unicycler.fna 2>/dev/null
[RUNNING:] show-coords -r -I 97 -L 75 -T seq_seq2985330.delta | awk '$1 != $3 || $2 != $4 && $8==$9 {print}' > seq_seq2985330.coords

Running self-nucmer on /data/djs217/PROJECTS/56_Vibrio_phaME/01_PhaME/04_workdir_cholerae/files/Vibrio_kanaloae_LMG_20539.fna
[RUNNING:] nucmer --maxmatch --nosimplify --prefix=seq_seq2985425 /data/djs217/PROJECTS/56_Vibrio_phaME/01_PhaME/04_workdir_cholerae/files/Vibrio_kanaloae_LMG_20539.fna /data/djs217/PROJECTS/56_Vibrio_phaME/01_PhaME/04_workdir_cholerae/files/Vibrio_kanaloae_LMG_20539.fna 2>/dev/null
[RUNNING:] show-coords -r -I 97 -L 75 -T seq_seq2985425.delta | awk '$1 != $3 || $2 != $4 && $8==$9 {print}' > seq_seq2985425.coords

Running self-nucmer on /data/djs217/PROJECTS/56_Vibrio_phaME/01_PhaME/04_workdir_cholerae/files/11813_EXE_34_2024_C_PBC74148_final.fna
[RUNNING:] nucmer --maxmatch --nosimplify --prefix=seq_seq2985504 /data/djs217/PROJECTS/56_Vibrio_phaME/01_PhaME/04_workdir_cholerae/files/11813_EXE_34_2024_C_PBC74148_final.fna /data/djs217/PROJECTS/56_Vibrio_phaME/01_PhaME/04_workdir_cholerae/files/11813_EXE_34_2024_C_PBC74148_final.fna 2>/dev/null
[RUNNING:] show-coords -r -I 97 -L 75 -T seq_seq2985504.delta | awk '$1 != $3 || $2 != $4 && $8==$9 {print}' > seq_seq2985504.coords

Running self-nucmer on /data/djs217/PROJECTS/56_Vibrio_phaME/01_PhaME/04_workdir_cholerae/files/Vibrio_rumoiensis_FERM_P_14531.fna
[RUNNING:] nucmer --maxmatch --nosimplify --prefix=seq_seq2985567 /data/djs217/PROJECTS/56_Vibrio_phaME/01_PhaME/04_workdir_cholerae/files/Vibrio_rumoiensis_FERM_P_14531.fna /data/djs217/PROJECTS/56_Vibrio_phaME/01_PhaME/04_workdir_cholerae/files/Vibrio_rumoiensis_FERM_P_14531.fna 2>/dev/null
[RUNNING:] show-coords -r -I 97 -L 75 -T seq_seq2985567.delta | awk '$1 != $3 || $2 != $4 && $8==$9 {print}' > seq_seq2985567.coords

Running self-nucmer on /data/djs217/PROJECTS/56_Vibrio_phaME/01_PhaME/04_workdir_cholerae/files/Vibrio_mytili_type_strain__CIP103929.fna
[RUNNING:] nucmer --maxmatch --nosimplify --prefix=seq_seq2985630 /data/djs217/PROJECTS/56_Vibrio_phaME/01_PhaME/04_workdir_cholerae/files/Vibrio_mytili_type_strain__CIP103929.fna /data/djs217/PROJECTS/56_Vibrio_phaME/01_PhaME/04_workdir_cholerae/files/Vibrio_mytili_type_strain__CIP103929.fna 2>/dev/null
[RUNNING:] show-coords -r -I 97 -L 75 -T seq_seq2985630.delta | awk '$1 != $3 || $2 != $4 && $8==$9 {print}' > seq_seq2985630.coords

Running self-nucmer on /data/djs217/PROJECTS/56_Vibrio_phaME/01_PhaME/04_workdir_cholerae/files/Vibrio_palustris_CECT_9027.fna
[RUNNING:] nucmer --maxmatch --nosimplify --prefix=seq_seq2985685 /data/djs217/PROJECTS/56_Vibrio_phaME/01_PhaME/04_workdir_cholerae/files/Vibrio_palustris_CECT_9027.fna /data/djs217/PROJECTS/56_Vibrio_phaME/01_PhaME/04_workdir_cholerae/files/Vibrio_palustris_CECT_9027.fna 2>/dev/null
[RUNNING:] show-coords -r -I 97 -L 75 -T seq_seq2985685.delta | awk '$1 != $3 || $2 != $4 && $8==$9 {print}' > seq_seq2985685.coords

Running self-nucmer on /data/djs217/PROJECTS/56_Vibrio_phaME/01_PhaME/04_workdir_cholerae/files/Vibrio_syngnathi_K08M4.fna
[RUNNING:] nucmer --maxmatch --nosimplify --prefix=seq_seq2985732 /data/djs217/PROJECTS/56_Vibrio_phaME/01_PhaME/04_workdir_cholerae/files/Vibrio_syngnathi_K08M4.fna /data/djs217/PROJECTS/56_Vibrio_phaME/01_PhaME/04_workdir_cholerae/files/Vibrio_syngnathi_K08M4.fna 2>/dev/null
[RUNNING:] show-coords -r -I 97 -L 75 -T seq_seq2985732.delta | awk '$1 != $3 || $2 != $4 && $8==$9 {print}' > seq_seq2985732.coords

Running self-nucmer on /data/djs217/PROJECTS/56_Vibrio_phaME/01_PhaME/04_workdir_cholerae/files/Vibrio_bivalvicida_605.fna
[RUNNING:] nucmer --maxmatch --nosimplify --prefix=seq_seq2985819 /data/djs217/PROJECTS/56_Vibrio_phaME/01_PhaME/04_workdir_cholerae/files/Vibrio_bivalvicida_605.fna /data/djs217/PROJECTS/56_Vibrio_phaME/01_PhaME/04_workdir_cholerae/files/Vibrio_bivalvicida_605.fna 2>/dev/null
[RUNNING:] show-coords -r -I 97 -L 75 -T seq_seq2985819.delta | awk '$1 != $3 || $2 != $4 && $8==$9 {print}' > seq_seq2985819.coords

Running self-nucmer on /data/djs217/PROJECTS/56_Vibrio_phaME/01_PhaME/04_workdir_cholerae/files/11813_EXE_22_2025_T1A_PBC74148_final.fna
[RUNNING:] nucmer --maxmatch --nosimplify --prefix=seq_seq2985882 /data/djs217/PROJECTS/56_Vibrio_phaME/01_PhaME/04_workdir_cholerae/files/11813_EXE_22_2025_T1A_PBC74148_final.fna /data/djs217/PROJECTS/56_Vibrio_phaME/01_PhaME/04_workdir_cholerae/files/11813_EXE_22_2025_T1A_PBC74148_final.fna 2>/dev/null
[RUNNING:] show-coords -r -I 97 -L 75 -T seq_seq2985882.delta | awk '$1 != $3 || $2 != $4 && $8==$9 {print}' > seq_seq2985882.coords

Running self-nucmer on /data/djs217/PROJECTS/56_Vibrio_phaME/01_PhaME/04_workdir_cholerae/files/11813_EXE_21_2025_F_PBC74148_final.fna
[RUNNING:] nucmer --maxmatch --nosimplify --prefix=seq_seq2985945 /data/djs217/PROJECTS/56_Vibrio_phaME/01_PhaME/04_workdir_cholerae/files/11813_EXE_21_2025_F_PBC74148_final.fna /data/djs217/PROJECTS/56_Vibrio_phaME/01_PhaME/04_workdir_cholerae/files/11813_EXE_21_2025_F_PBC74148_final.fna 2>/dev/null
[RUNNING:] show-coords -r -I 97 -L 75 -T seq_seq2985945.delta | awk '$1 != $3 || $2 != $4 && $8==$9 {print}' > seq_seq2985945.coords

Running self-nucmer on /data/djs217/PROJECTS/56_Vibrio_phaME/01_PhaME/04_workdir_cholerae/files/Vibrio_algivorus_SA2.fna
[RUNNING:] nucmer --maxmatch --nosimplify --prefix=seq_seq2986008 /data/djs217/PROJECTS/56_Vibrio_phaME/01_PhaME/04_workdir_cholerae/files/Vibrio_algivorus_SA2.fna /data/djs217/PROJECTS/56_Vibrio_phaME/01_PhaME/04_workdir_cholerae/files/Vibrio_algivorus_SA2.fna 2>/dev/null
[RUNNING:] show-coords -r -I 97 -L 75 -T seq_seq2986008.delta | awk '$1 != $3 || $2 != $4 && $8==$9 {print}' > seq_seq2986008.coords

Running self-nucmer on /data/djs217/PROJECTS/56_Vibrio_phaME/01_PhaME/04_workdir_cholerae/files/Vibrio_echinoideorum_DSM_107264.fna
[RUNNING:] nucmer --maxmatch --nosimplify --prefix=seq_seq2986106 /data/djs217/PROJECTS/56_Vibrio_phaME/01_PhaME/04_workdir_cholerae/files/Vibrio_echinoideorum_DSM_107264.fna /data/djs217/PROJECTS/56_Vibrio_phaME/01_PhaME/04_workdir_cholerae/files/Vibrio_echinoideorum_DSM_107264.fna 2>/dev/null
[RUNNING:] show-coords -r -I 97 -L 75 -T seq_seq2986106.delta | awk '$1 != $3 || $2 != $4 && $8==$9 {print}' > seq_seq2986106.coords

Running self-nucmer on /data/djs217/PROJECTS/56_Vibrio_phaME/01_PhaME/04_workdir_cholerae/files/Vibrio_atypicus_DSM_25292.fna
[RUNNING:] nucmer --maxmatch --nosimplify --prefix=seq_seq2986186 /data/djs217/PROJECTS/56_Vibrio_phaME/01_PhaME/04_workdir_cholerae/files/Vibrio_atypicus_DSM_25292.fna /data/djs217/PROJECTS/56_Vibrio_phaME/01_PhaME/04_workdir_cholerae/files/Vibrio_atypicus_DSM_25292.fna 2>/dev/null
[RUNNING:] show-coords -r -I 97 -L 75 -T seq_seq2986186.delta | awk '$1 != $3 || $2 != $4 && $8==$9 {print}' > seq_seq2986186.coords

Running self-nucmer on /data/djs217/PROJECTS/56_Vibrio_phaME/01_PhaME/04_workdir_cholerae/files/11671_EXE_04_2024_1A1_unicycler.fna
[RUNNING:] nucmer --maxmatch --nosimplify --prefix=seq_seq2986242 /data/djs217/PROJECTS/56_Vibrio_phaME/01_PhaME/04_workdir_cholerae/files/11671_EXE_04_2024_1A1_unicycler.fna /data/djs217/PROJECTS/56_Vibrio_phaME/01_PhaME/04_workdir_cholerae/files/11671_EXE_04_2024_1A1_unicycler.fna 2>/dev/null
[RUNNING:] show-coords -r -I 97 -L 75 -T seq_seq2986242.delta | awk '$1 != $3 || $2 != $4 && $8==$9 {print}' > seq_seq2986242.coords

Running self-nucmer on /data/djs217/PROJECTS/56_Vibrio_phaME/01_PhaME/04_workdir_cholerae/files/11813_EXE_27_2025_D_PBC74148_final.fna
[RUNNING:] nucmer --maxmatch --nosimplify --prefix=seq_seq2986298 /data/djs217/PROJECTS/56_Vibrio_phaME/01_PhaME/04_workdir_cholerae/files/11813_EXE_27_2025_D_PBC74148_final.fna /data/djs217/PROJECTS/56_Vibrio_phaME/01_PhaME/04_workdir_cholerae/files/11813_EXE_27_2025_D_PBC74148_final.fna 2>/dev/null
[RUNNING:] show-coords -r -I 97 -L 75 -T seq_seq2986298.delta | awk '$1 != $3 || $2 != $4 && $8==$9 {print}' > seq_seq2986298.coords

Running self-nucmer on /data/djs217/PROJECTS/56_Vibrio_phaME/01_PhaME/04_workdir_cholerae/files/EXE_08_2024_A_final.fna
[RUNNING:] nucmer --maxmatch --nosimplify --prefix=seq_seq2986360 /data/djs217/PROJECTS/56_Vibrio_phaME/01_PhaME/04_workdir_cholerae/files/EXE_08_2024_A_final.fna /data/djs217/PROJECTS/56_Vibrio_phaME/01_PhaME/04_workdir_cholerae/files/EXE_08_2024_A_final.fna 2>/dev/null
[RUNNING:] show-coords -r -I 97 -L 75 -T seq_seq2986360.delta | awk '$1 != $3 || $2 != $4 && $8==$9 {print}' > seq_seq2986360.coords

Running self-nucmer on /data/djs217/PROJECTS/56_Vibrio_phaME/01_PhaME/04_workdir_cholerae/files/Vibrio_intestinalis_YLB_11.fna
[RUNNING:] nucmer --maxmatch --nosimplify --prefix=seq_seq2986423 /data/djs217/PROJECTS/56_Vibrio_phaME/01_PhaME/04_workdir_cholerae/files/Vibrio_intestinalis_YLB_11.fna /data/djs217/PROJECTS/56_Vibrio_phaME/01_PhaME/04_workdir_cholerae/files/Vibrio_intestinalis_YLB_11.fna 2>/dev/null
[RUNNING:] show-coords -r -I 97 -L 75 -T seq_seq2986423.delta | awk '$1 != $3 || $2 != $4 && $8==$9 {print}' > seq_seq2986423.coords

Running self-nucmer on /data/djs217/PROJECTS/56_Vibrio_phaME/01_PhaME/04_workdir_cholerae/files/Vibrio_iocasae_HN007.fna
[RUNNING:] nucmer --maxmatch --nosimplify --prefix=seq_seq2986470 /data/djs217/PROJECTS/56_Vibrio_phaME/01_PhaME/04_workdir_cholerae/files/Vibrio_iocasae_HN007.fna /data/djs217/PROJECTS/56_Vibrio_phaME/01_PhaME/04_workdir_cholerae/files/Vibrio_iocasae_HN007.fna 2>/dev/null
[RUNNING:] show-coords -r -I 97 -L 75 -T seq_seq2986470.delta | awk '$1 != $3 || $2 != $4 && $8==$9 {print}' > seq_seq2986470.coords

Running self-nucmer on /data/djs217/PROJECTS/56_Vibrio_phaME/01_PhaME/04_workdir_cholerae/files/Vibrio_panuliri_JCM_19500.fna
[RUNNING:] nucmer --maxmatch --nosimplify --prefix=seq_seq2986525 /data/djs217/PROJECTS/56_Vibrio_phaME/01_PhaME/04_workdir_cholerae/files/Vibrio_panuliri_JCM_19500.fna /data/djs217/PROJECTS/56_Vibrio_phaME/01_PhaME/04_workdir_cholerae/files/Vibrio_panuliri_JCM_19500.fna 2>/dev/null
[RUNNING:] show-coords -r -I 97 -L 75 -T seq_seq2986525.delta | awk '$1 != $3 || $2 != $4 && $8==$9 {print}' > seq_seq2986525.coords

Running self-nucmer on /data/djs217/PROJECTS/56_Vibrio_phaME/01_PhaME/04_workdir_cholerae/files/Vibrio_hangzhouensis_CGMCC_1_7062.fna
[RUNNING:] nucmer --maxmatch --nosimplify --prefix=seq_seq2986588 /data/djs217/PROJECTS/56_Vibrio_phaME/01_PhaME/04_workdir_cholerae/files/Vibrio_hangzhouensis_CGMCC_1_7062.fna /data/djs217/PROJECTS/56_Vibrio_phaME/01_PhaME/04_workdir_cholerae/files/Vibrio_hangzhouensis_CGMCC_1_7062.fna 2>/dev/null
[RUNNING:] show-coords -r -I 97 -L 75 -T seq_seq2986588.delta | awk '$1 != $3 || $2 != $4 && $8==$9 {print}' > seq_seq2986588.coords

Running self-nucmer on /data/djs217/PROJECTS/56_Vibrio_phaME/01_PhaME/04_workdir_cholerae/files/Vibrio_cionasavignyae_JAMM2507.fna
[RUNNING:] nucmer --maxmatch --nosimplify --prefix=seq_seq2986651 /data/djs217/PROJECTS/56_Vibrio_phaME/01_PhaME/04_workdir_cholerae/files/Vibrio_cionasavignyae_JAMM2507.fna /data/djs217/PROJECTS/56_Vibrio_phaME/01_PhaME/04_workdir_cholerae/files/Vibrio_cionasavignyae_JAMM2507.fna 2>/dev/null
[RUNNING:] show-coords -r -I 97 -L 75 -T seq_seq2986651.delta | awk '$1 != $3 || $2 != $4 && $8==$9 {print}' > seq_seq2986651.coords

Running self-nucmer on /data/djs217/PROJECTS/56_Vibrio_phaME/01_PhaME/04_workdir_cholerae/files/Vibrio_rhodolitus_G98.fna
[RUNNING:] nucmer --maxmatch --nosimplify --prefix=seq_seq2986730 /data/djs217/PROJECTS/56_Vibrio_phaME/01_PhaME/04_workdir_cholerae/files/Vibrio_rhodolitus_G98.fna /data/djs217/PROJECTS/56_Vibrio_phaME/01_PhaME/04_workdir_cholerae/files/Vibrio_rhodolitus_G98.fna 2>/dev/null
[RUNNING:] show-coords -r -I 97 -L 75 -T seq_seq2986730.delta | awk '$1 != $3 || $2 != $4 && $8==$9 {print}' > seq_seq2986730.coords

Running self-nucmer on /data/djs217/PROJECTS/56_Vibrio_phaME/01_PhaME/04_workdir_cholerae/files/Vibrio_azureus_LC2_005.fna
[RUNNING:] nucmer --maxmatch --nosimplify --prefix=seq_seq2986793 /data/djs217/PROJECTS/56_Vibrio_phaME/01_PhaME/04_workdir_cholerae/files/Vibrio_azureus_LC2_005.fna /data/djs217/PROJECTS/56_Vibrio_phaME/01_PhaME/04_workdir_cholerae/files/Vibrio_azureus_LC2_005.fna 2>/dev/null
[RUNNING:] show-coords -r -I 97 -L 75 -T seq_seq2986793.delta | awk '$1 != $3 || $2 != $4 && $8==$9 {print}' > seq_seq2986793.coords

Running self-nucmer on /data/djs217/PROJECTS/56_Vibrio_phaME/01_PhaME/04_workdir_cholerae/files/Vibrio_cyclitrophicus_LMG_21359.fna
[RUNNING:] nucmer --maxmatch --nosimplify --prefix=seq_seq2986889 /data/djs217/PROJECTS/56_Vibrio_phaME/01_PhaME/04_workdir_cholerae/files/Vibrio_cyclitrophicus_LMG_21359.fna /data/djs217/PROJECTS/56_Vibrio_phaME/01_PhaME/04_workdir_cholerae/files/Vibrio_cyclitrophicus_LMG_21359.fna 2>/dev/null
[RUNNING:] show-coords -r -I 97 -L 75 -T seq_seq2986889.delta | awk '$1 != $3 || $2 != $4 && $8==$9 {print}' > seq_seq2986889.coords

Running self-nucmer on /data/djs217/PROJECTS/56_Vibrio_phaME/01_PhaME/04_workdir_cholerae/files/11813_EXE_01_2025_M_PBC74148_final.fna
[RUNNING:] nucmer --maxmatch --nosimplify --prefix=seq_seq2986952 /data/djs217/PROJECTS/56_Vibrio_phaME/01_PhaME/04_workdir_cholerae/files/11813_EXE_01_2025_M_PBC74148_final.fna /data/djs217/PROJECTS/56_Vibrio_phaME/01_PhaME/04_workdir_cholerae/files/11813_EXE_01_2025_M_PBC74148_final.fna 2>/dev/null
[RUNNING:] show-coords -r -I 97 -L 75 -T seq_seq2986952.delta | awk '$1 != $3 || $2 != $4 && $8==$9 {print}' > seq_seq2986952.coords

Running self-nucmer on /data/djs217/PROJECTS/56_Vibrio_phaME/01_PhaME/04_workdir_cholerae/files/Vibrio_renipiscarius_DCR_1_4_2.fna
[RUNNING:] nucmer --maxmatch --nosimplify --prefix=seq_seq2986991 /data/djs217/PROJECTS/56_Vibrio_phaME/01_PhaME/04_workdir_cholerae/files/Vibrio_renipiscarius_DCR_1_4_2.fna /data/djs217/PROJECTS/56_Vibrio_phaME/01_PhaME/04_workdir_cholerae/files/Vibrio_renipiscarius_DCR_1_4_2.fna 2>/dev/null
[RUNNING:] show-coords -r -I 97 -L 75 -T seq_seq2986991.delta | awk '$1 != $3 || $2 != $4 && $8==$9 {print}' > seq_seq2986991.coords

Running self-nucmer on /data/djs217/PROJECTS/56_Vibrio_phaME/01_PhaME/04_workdir_cholerae/files/11813_EXE_05_2024_A_PBC74148_final.fna
[RUNNING:] nucmer --maxmatch --nosimplify --prefix=seq_seq2987055 /data/djs217/PROJECTS/56_Vibrio_phaME/01_PhaME/04_workdir_cholerae/files/11813_EXE_05_2024_A_PBC74148_final.fna /data/djs217/PROJECTS/56_Vibrio_phaME/01_PhaME/04_workdir_cholerae/files/11813_EXE_05_2024_A_PBC74148_final.fna 2>/dev/null
[RUNNING:] show-coords -r -I 97 -L 75 -T seq_seq2987055.delta | awk '$1 != $3 || $2 != $4 && $8==$9 {print}' > seq_seq2987055.coords

Running self-nucmer on /data/djs217/PROJECTS/56_Vibrio_phaME/01_PhaME/04_workdir_cholerae/files/Vibrio_profundi_TP187.fna
[RUNNING:] nucmer --maxmatch --nosimplify --prefix=seq_seq2987142 /data/djs217/PROJECTS/56_Vibrio_phaME/01_PhaME/04_workdir_cholerae/files/Vibrio_profundi_TP187.fna /data/djs217/PROJECTS/56_Vibrio_phaME/01_PhaME/04_workdir_cholerae/files/Vibrio_profundi_TP187.fna 2>/dev/null
[RUNNING:] show-coords -r -I 97 -L 75 -T seq_seq2987142.delta | awk '$1 != $3 || $2 != $4 && $8==$9 {print}' > seq_seq2987142.coords

Running self-nucmer on /data/djs217/PROJECTS/56_Vibrio_phaME/01_PhaME/04_workdir_cholerae/files/EXE_32_2024_G_final.fna
[RUNNING:] nucmer --maxmatch --nosimplify --prefix=seq_seq2987205 /data/djs217/PROJECTS/56_Vibrio_phaME/01_PhaME/04_workdir_cholerae/files/EXE_32_2024_G_final.fna /data/djs217/PROJECTS/56_Vibrio_phaME/01_PhaME/04_workdir_cholerae/files/EXE_32_2024_G_final.fna 2>/dev/null
[RUNNING:] show-coords -r -I 97 -L 75 -T seq_seq2987205.delta | awk '$1 != $3 || $2 != $4 && $8==$9 {print}' > seq_seq2987205.coords

Running self-nucmer on /data/djs217/PROJECTS/56_Vibrio_phaME/01_PhaME/04_workdir_cholerae/files/Vibrio_ouci_BEI176.fna
[RUNNING:] nucmer --maxmatch --nosimplify --prefix=seq_seq2987268 /data/djs217/PROJECTS/56_Vibrio_phaME/01_PhaME/04_workdir_cholerae/files/Vibrio_ouci_BEI176.fna /data/djs217/PROJECTS/56_Vibrio_phaME/01_PhaME/04_workdir_cholerae/files/Vibrio_ouci_BEI176.fna 2>/dev/null
[RUNNING:] show-coords -r -I 97 -L 75 -T seq_seq2987268.delta | awk '$1 != $3 || $2 != $4 && $8==$9 {print}' > seq_seq2987268.coords

Running self-nucmer on /data/djs217/PROJECTS/56_Vibrio_phaME/01_PhaME/04_workdir_cholerae/files/11813_EXE_27_2025_A_PBC74148_final.fna
[RUNNING:] nucmer --maxmatch --nosimplify --prefix=seq_seq2987435 /data/djs217/PROJECTS/56_Vibrio_phaME/01_PhaME/04_workdir_cholerae/files/11813_EXE_27_2025_A_PBC74148_final.fna /data/djs217/PROJECTS/56_Vibrio_phaME/01_PhaME/04_workdir_cholerae/files/11813_EXE_27_2025_A_PBC74148_final.fna 2>/dev/null
[RUNNING:] show-coords -r -I 97 -L 75 -T seq_seq2987435.delta | awk '$1 != $3 || $2 != $4 && $8==$9 {print}' > seq_seq2987435.coords

Running self-nucmer on /data/djs217/PROJECTS/56_Vibrio_phaME/01_PhaME/04_workdir_cholerae/files/Vibrio_thalassae_KCTC_32373.fna
[RUNNING:] nucmer --maxmatch --nosimplify --prefix=seq_seq2987523 /data/djs217/PROJECTS/56_Vibrio_phaME/01_PhaME/04_workdir_cholerae/files/Vibrio_thalassae_KCTC_32373.fna /data/djs217/PROJECTS/56_Vibrio_phaME/01_PhaME/04_workdir_cholerae/files/Vibrio_thalassae_KCTC_32373.fna 2>/dev/null
[RUNNING:] show-coords -r -I 97 -L 75 -T seq_seq2987523.delta | awk '$1 != $3 || $2 != $4 && $8==$9 {print}' > seq_seq2987523.coords

Running self-nucmer on /data/djs217/PROJECTS/56_Vibrio_phaME/01_PhaME/04_workdir_cholerae/files/Vibrio_ezurae_HDS1_1.fna
[RUNNING:] nucmer --maxmatch --nosimplify --prefix=seq_seq2987714 /data/djs217/PROJECTS/56_Vibrio_phaME/01_PhaME/04_workdir_cholerae/files/Vibrio_ezurae_HDS1_1.fna /data/djs217/PROJECTS/56_Vibrio_phaME/01_PhaME/04_workdir_cholerae/files/Vibrio_ezurae_HDS1_1.fna 2>/dev/null
[RUNNING:] show-coords -r -I 97 -L 75 -T seq_seq2987714.delta | awk '$1 != $3 || $2 != $4 && $8==$9 {print}' > seq_seq2987714.coords

Running self-nucmer on /data/djs217/PROJECTS/56_Vibrio_phaME/01_PhaME/04_workdir_cholerae/files/Vibrio_chaetopteri_CB1_14.fna
[RUNNING:] nucmer --maxmatch --nosimplify --prefix=seq_seq2987753 /data/djs217/PROJECTS/56_Vibrio_phaME/01_PhaME/04_workdir_cholerae/files/Vibrio_chaetopteri_CB1_14.fna /data/djs217/PROJECTS/56_Vibrio_phaME/01_PhaME/04_workdir_cholerae/files/Vibrio_chaetopteri_CB1_14.fna 2>/dev/null
[RUNNING:] show-coords -r -I 97 -L 75 -T seq_seq2987753.delta | awk '$1 != $3 || $2 != $4 && $8==$9 {print}' > seq_seq2987753.coords

Running self-nucmer on /data/djs217/PROJECTS/56_Vibrio_phaME/01_PhaME/04_workdir_cholerae/files/Vibrio_atlanticus_CECT_7223.fna
[RUNNING:] nucmer --maxmatch --nosimplify --prefix=seq_seq2987825 /data/djs217/PROJECTS/56_Vibrio_phaME/01_PhaME/04_workdir_cholerae/files/Vibrio_atlanticus_CECT_7223.fna /data/djs217/PROJECTS/56_Vibrio_phaME/01_PhaME/04_workdir_cholerae/files/Vibrio_atlanticus_CECT_7223.fna 2>/dev/null
[RUNNING:] show-coords -r -I 97 -L 75 -T seq_seq2987825.delta | awk '$1 != $3 || $2 != $4 && $8==$9 {print}' > seq_seq2987825.coords

Running self-nucmer on /data/djs217/PROJECTS/56_Vibrio_phaME/01_PhaME/04_workdir_cholerae/files/EXE_03_2025_A_final.fna
[RUNNING:] nucmer --maxmatch --nosimplify --prefix=seq_seq2987912 /data/djs217/PROJECTS/56_Vibrio_phaME/01_PhaME/04_workdir_cholerae/files/EXE_03_2025_A_final.fna /data/djs217/PROJECTS/56_Vibrio_phaME/01_PhaME/04_workdir_cholerae/files/EXE_03_2025_A_final.fna 2>/dev/null
[RUNNING:] show-coords -r -I 97 -L 75 -T seq_seq2987912.delta | awk '$1 != $3 || $2 != $4 && $8==$9 {print}' > seq_seq2987912.coords

Running self-nucmer on /data/djs217/PROJECTS/56_Vibrio_phaME/01_PhaME/04_workdir_cholerae/files/Vibrio_gigantis_LMG_22741.fna
[RUNNING:] nucmer --maxmatch --nosimplify --prefix=seq_seq2987999 /data/djs217/PROJECTS/56_Vibrio_phaME/01_PhaME/04_workdir_cholerae/files/Vibrio_gigantis_LMG_22741.fna /data/djs217/PROJECTS/56_Vibrio_phaME/01_PhaME/04_workdir_cholerae/files/Vibrio_gigantis_LMG_22741.fna 2>/dev/null
[RUNNING:] show-coords -r -I 97 -L 75 -T seq_seq2987999.delta | awk '$1 != $3 || $2 != $4 && $8==$9 {print}' > seq_seq2987999.coords

Running self-nucmer on /data/djs217/PROJECTS/56_Vibrio_phaME/01_PhaME/04_workdir_cholerae/files/EXE_23_2025_L_final.fna
[RUNNING:] nucmer --maxmatch --nosimplify --prefix=seq_seq2988070 /data/djs217/PROJECTS/56_Vibrio_phaME/01_PhaME/04_workdir_cholerae/files/EXE_23_2025_L_final.fna /data/djs217/PROJECTS/56_Vibrio_phaME/01_PhaME/04_workdir_cholerae/files/EXE_23_2025_L_final.fna 2>/dev/null
[RUNNING:] show-coords -r -I 97 -L 75 -T seq_seq2988070.delta | awk '$1 != $3 || $2 != $4 && $8==$9 {print}' > seq_seq2988070.coords

Running self-nucmer on /data/djs217/PROJECTS/56_Vibrio_phaME/01_PhaME/04_workdir_cholerae/files/Vibrio_gallicus_CIP_107863.fna
[RUNNING:] nucmer --maxmatch --nosimplify --prefix=seq_seq2988157 /data/djs217/PROJECTS/56_Vibrio_phaME/01_PhaME/04_workdir_cholerae/files/Vibrio_gallicus_CIP_107863.fna /data/djs217/PROJECTS/56_Vibrio_phaME/01_PhaME/04_workdir_cholerae/files/Vibrio_gallicus_CIP_107863.fna 2>/dev/null
[RUNNING:] show-coords -r -I 97 -L 75 -T seq_seq2988157.delta | awk '$1 != $3 || $2 != $4 && $8==$9 {print}' > seq_seq2988157.coords

Running self-nucmer on /data/djs217/PROJECTS/56_Vibrio_phaME/01_PhaME/04_workdir_cholerae/files/EXE09_2023D7_unicycler.fna
[RUNNING:] nucmer --maxmatch --nosimplify --prefix=seq_seq2988204 /data/djs217/PROJECTS/56_Vibrio_phaME/01_PhaME/04_workdir_cholerae/files/EXE09_2023D7_unicycler.fna /data/djs217/PROJECTS/56_Vibrio_phaME/01_PhaME/04_workdir_cholerae/files/EXE09_2023D7_unicycler.fna 2>/dev/null
[RUNNING:] show-coords -r -I 97 -L 75 -T seq_seq2988204.delta | awk '$1 != $3 || $2 != $4 && $8==$9 {print}' > seq_seq2988204.coords

Running self-nucmer on /data/djs217/PROJECTS/56_Vibrio_phaME/01_PhaME/04_workdir_cholerae/files/Vibrio_penaeicida_IFO_15640.fna
[RUNNING:] nucmer --maxmatch --nosimplify --prefix=seq_seq2988260 /data/djs217/PROJECTS/56_Vibrio_phaME/01_PhaME/04_workdir_cholerae/files/Vibrio_penaeicida_IFO_15640.fna /data/djs217/PROJECTS/56_Vibrio_phaME/01_PhaME/04_workdir_cholerae/files/Vibrio_penaeicida_IFO_15640.fna 2>/dev/null
[RUNNING:] show-coords -r -I 97 -L 75 -T seq_seq2988260.delta | awk '$1 != $3 || $2 != $4 && $8==$9 {print}' > seq_seq2988260.coords

Running self-nucmer on /data/djs217/PROJECTS/56_Vibrio_phaME/01_PhaME/04_workdir_cholerae/files/Vibrio_toranzoniae_CECT_7225.fna
[RUNNING:] nucmer --maxmatch --nosimplify --prefix=seq_seq2988347 /data/djs217/PROJECTS/56_Vibrio_phaME/01_PhaME/04_workdir_cholerae/files/Vibrio_toranzoniae_CECT_7225.fna /data/djs217/PROJECTS/56_Vibrio_phaME/01_PhaME/04_workdir_cholerae/files/Vibrio_toranzoniae_CECT_7225.fna 2>/dev/null
[RUNNING:] show-coords -r -I 97 -L 75 -T seq_seq2988347.delta | awk '$1 != $3 || $2 != $4 && $8==$9 {print}' > seq_seq2988347.coords

Running self-nucmer on /data/djs217/PROJECTS/56_Vibrio_phaME/01_PhaME/04_workdir_cholerae/files/Vibrio_hyugaensis_090810a.fna
[RUNNING:] nucmer --maxmatch --nosimplify --prefix=seq_seq2988434 /data/djs217/PROJECTS/56_Vibrio_phaME/01_PhaME/04_workdir_cholerae/files/Vibrio_hyugaensis_090810a.fna /data/djs217/PROJECTS/56_Vibrio_phaME/01_PhaME/04_workdir_cholerae/files/Vibrio_hyugaensis_090810a.fna 2>/dev/null
[RUNNING:] show-coords -r -I 97 -L 75 -T seq_seq2988434.delta | awk '$1 != $3 || $2 != $4 && $8==$9 {print}' > seq_seq2988434.coords

Running self-nucmer on /data/djs217/PROJECTS/56_Vibrio_phaME/01_PhaME/04_workdir_cholerae/files/Vibrio_wakamikoensis_JAMM2464.fna
[RUNNING:] nucmer --maxmatch --nosimplify --prefix=seq_seq2988521 /data/djs217/PROJECTS/56_Vibrio_phaME/01_PhaME/04_workdir_cholerae/files/Vibrio_wakamikoensis_JAMM2464.fna /data/djs217/PROJECTS/56_Vibrio_phaME/01_PhaME/04_workdir_cholerae/files/Vibrio_wakamikoensis_JAMM2464.fna 2>/dev/null
[RUNNING:] show-coords -r -I 97 -L 75 -T seq_seq2988521.delta | awk '$1 != $3 || $2 != $4 && $8==$9 {print}' > seq_seq2988521.coords

Running self-nucmer on /data/djs217/PROJECTS/56_Vibrio_phaME/01_PhaME/04_workdir_cholerae/files/EXE_15_2024_J_unicycler.fna
[RUNNING:] nucmer --maxmatch --nosimplify --prefix=seq_seq2988592 /data/djs217/PROJECTS/56_Vibrio_phaME/01_PhaME/04_workdir_cholerae/files/EXE_15_2024_J_unicycler.fna /data/djs217/PROJECTS/56_Vibrio_phaME/01_PhaME/04_workdir_cholerae/files/EXE_15_2024_J_unicycler.fna 2>/dev/null
[RUNNING:] show-coords -r -I 97 -L 75 -T seq_seq2988592.delta | awk '$1 != $3 || $2 != $4 && $8==$9 {print}' > seq_seq2988592.coords

Running self-nucmer on /data/djs217/PROJECTS/56_Vibrio_phaME/01_PhaME/04_workdir_cholerae/files/Vibrio_parahaemolyticus_ATCC_17802.fna
[RUNNING:] nucmer --maxmatch --nosimplify --prefix=seq_seq2988640 /data/djs217/PROJECTS/56_Vibrio_phaME/01_PhaME/04_workdir_cholerae/files/Vibrio_parahaemolyticus_ATCC_17802.fna /data/djs217/PROJECTS/56_Vibrio_phaME/01_PhaME/04_workdir_cholerae/files/Vibrio_parahaemolyticus_ATCC_17802.fna 2>/dev/null
[RUNNING:] show-coords -r -I 97 -L 75 -T seq_seq2988640.delta | awk '$1 != $3 || $2 != $4 && $8==$9 {print}' > seq_seq2988640.coords

Running self-nucmer on /data/djs217/PROJECTS/56_Vibrio_phaME/01_PhaME/04_workdir_cholerae/files/11813_EXE_34_2024_P_PBC74148_final.fna
[RUNNING:] nucmer --maxmatch --nosimplify --prefix=seq_seq2988710 /data/djs217/PROJECTS/56_Vibrio_phaME/01_PhaME/04_workdir_cholerae/files/11813_EXE_34_2024_P_PBC74148_final.fna /data/djs217/PROJECTS/56_Vibrio_phaME/01_PhaME/04_workdir_cholerae/files/11813_EXE_34_2024_P_PBC74148_final.fna 2>/dev/null
[RUNNING:] show-coords -r -I 97 -L 75 -T seq_seq2988710.delta | awk '$1 != $3 || $2 != $4 && $8==$9 {print}' > seq_seq2988710.coords

Running self-nucmer on /data/djs217/PROJECTS/56_Vibrio_phaME/01_PhaME/04_workdir_cholerae/files/Vibrio_jasicida_CAIM_1864.fna
[RUNNING:] nucmer --maxmatch --nosimplify --prefix=seq_seq2988773 /data/djs217/PROJECTS/56_Vibrio_phaME/01_PhaME/04_workdir_cholerae/files/Vibrio_jasicida_CAIM_1864.fna /data/djs217/PROJECTS/56_Vibrio_phaME/01_PhaME/04_workdir_cholerae/files/Vibrio_jasicida_CAIM_1864.fna 2>/dev/null
[RUNNING:] show-coords -r -I 97 -L 75 -T seq_seq2988773.delta | awk '$1 != $3 || $2 != $4 && $8==$9 {print}' > seq_seq2988773.coords

Running self-nucmer on /data/djs217/PROJECTS/56_Vibrio_phaME/01_PhaME/04_workdir_cholerae/files/Vibrio_aquimaris_THAF100.fna
[RUNNING:] nucmer --maxmatch --nosimplify --prefix=seq_seq2988855 /data/djs217/PROJECTS/56_Vibrio_phaME/01_PhaME/04_workdir_cholerae/files/Vibrio_aquimaris_THAF100.fna /data/djs217/PROJECTS/56_Vibrio_phaME/01_PhaME/04_workdir_cholerae/files/Vibrio_aquimaris_THAF100.fna 2>/dev/null
[RUNNING:] show-coords -r -I 97 -L 75 -T seq_seq2988855.delta | awk '$1 != $3 || $2 != $4 && $8==$9 {print}' > seq_seq2988855.coords

Running self-nucmer on /data/djs217/PROJECTS/56_Vibrio_phaME/01_PhaME/04_workdir_cholerae/files/Vibrio_vulnificus_2142_77.fna
[RUNNING:] nucmer --maxmatch --nosimplify --prefix=seq_seq2988910 /data/djs217/PROJECTS/56_Vibrio_phaME/01_PhaME/04_workdir_cholerae/files/Vibrio_vulnificus_2142_77.fna /data/djs217/PROJECTS/56_Vibrio_phaME/01_PhaME/04_workdir_cholerae/files/Vibrio_vulnificus_2142_77.fna 2>/dev/null
[RUNNING:] show-coords -r -I 97 -L 75 -T seq_seq2988910.delta | awk '$1 != $3 || $2 != $4 && $8==$9 {print}' > seq_seq2988910.coords

Running self-nucmer on /data/djs217/PROJECTS/56_Vibrio_phaME/01_PhaME/04_workdir_cholerae/files/11813_EXE_33_2024_C_PBC74148_final.fna
[RUNNING:] nucmer --maxmatch --nosimplify --prefix=seq_seq2989038 /data/djs217/PROJECTS/56_Vibrio_phaME/01_PhaME/04_workdir_cholerae/files/11813_EXE_33_2024_C_PBC74148_final.fna /data/djs217/PROJECTS/56_Vibrio_phaME/01_PhaME/04_workdir_cholerae/files/11813_EXE_33_2024_C_PBC74148_final.fna 2>/dev/null
[RUNNING:] show-coords -r -I 97 -L 75 -T seq_seq2989038.delta | awk '$1 != $3 || $2 != $4 && $8==$9 {print}' > seq_seq2989038.coords

Running self-nucmer on /data/djs217/PROJECTS/56_Vibrio_phaME/01_PhaME/04_workdir_cholerae/files/Vibrio_tritonius_JCM_16456.fna
[RUNNING:] nucmer --maxmatch --nosimplify --prefix=seq_seq2989101 /data/djs217/PROJECTS/56_Vibrio_phaME/01_PhaME/04_workdir_cholerae/files/Vibrio_tritonius_JCM_16456.fna /data/djs217/PROJECTS/56_Vibrio_phaME/01_PhaME/04_workdir_cholerae/files/Vibrio_tritonius_JCM_16456.fna 2>/dev/null
[RUNNING:] show-coords -r -I 97 -L 75 -T seq_seq2989101.delta | awk '$1 != $3 || $2 != $4 && $8==$9 {print}' > seq_seq2989101.coords

Running self-nucmer on /data/djs217/PROJECTS/56_Vibrio_phaME/01_PhaME/04_workdir_cholerae/files/EXE_20_2025_B_final.fna
[RUNNING:] nucmer --maxmatch --nosimplify --prefix=seq_seq2989212 /data/djs217/PROJECTS/56_Vibrio_phaME/01_PhaME/04_workdir_cholerae/files/EXE_20_2025_B_final.fna /data/djs217/PROJECTS/56_Vibrio_phaME/01_PhaME/04_workdir_cholerae/files/EXE_20_2025_B_final.fna 2>/dev/null
[RUNNING:] show-coords -r -I 97 -L 75 -T seq_seq2989212.delta | awk '$1 != $3 || $2 != $4 && $8==$9 {print}' > seq_seq2989212.coords

Running self-nucmer on /data/djs217/PROJECTS/56_Vibrio_phaME/01_PhaME/04_workdir_cholerae/files/EXE10_2023G3_unicycler.fna
[RUNNING:] nucmer --maxmatch --nosimplify --prefix=seq_seq2989275 /data/djs217/PROJECTS/56_Vibrio_phaME/01_PhaME/04_workdir_cholerae/files/EXE10_2023G3_unicycler.fna /data/djs217/PROJECTS/56_Vibrio_phaME/01_PhaME/04_workdir_cholerae/files/EXE10_2023G3_unicycler.fna 2>/dev/null
[RUNNING:] show-coords -r -I 97 -L 75 -T seq_seq2989275.delta | awk '$1 != $3 || $2 != $4 && $8==$9 {print}' > seq_seq2989275.coords

Running self-nucmer on /data/djs217/PROJECTS/56_Vibrio_phaME/01_PhaME/04_workdir_cholerae/files/Vibrio_ostreae_OG9_811.fna
[RUNNING:] nucmer --maxmatch --nosimplify --prefix=seq_seq2989338 /data/djs217/PROJECTS/56_Vibrio_phaME/01_PhaME/04_workdir_cholerae/files/Vibrio_ostreae_OG9_811.fna /data/djs217/PROJECTS/56_Vibrio_phaME/01_PhaME/04_workdir_cholerae/files/Vibrio_ostreae_OG9_811.fna 2>/dev/null
[RUNNING:] show-coords -r -I 97 -L 75 -T seq_seq2989338.delta | awk '$1 != $3 || $2 != $4 && $8==$9 {print}' > seq_seq2989338.coords

Running self-nucmer on /data/djs217/PROJECTS/56_Vibrio_phaME/01_PhaME/04_workdir_cholerae/files/Vibrio_nomapromontoriensis_JAMM1728.fna
[RUNNING:] nucmer --maxmatch --nosimplify --prefix=seq_seq2989401 /data/djs217/PROJECTS/56_Vibrio_phaME/01_PhaME/04_workdir_cholerae/files/Vibrio_nomapromontoriensis_JAMM1728.fna /data/djs217/PROJECTS/56_Vibrio_phaME/01_PhaME/04_workdir_cholerae/files/Vibrio_nomapromontoriensis_JAMM1728.fna 2>/dev/null
[RUNNING:] show-coords -r -I 97 -L 75 -T seq_seq2989401.delta | awk '$1 != $3 || $2 != $4 && $8==$9 {print}' > seq_seq2989401.coords

Running self-nucmer on /data/djs217/PROJECTS/56_Vibrio_phaME/01_PhaME/04_workdir_cholerae/files/EXE07_2023A1_unicycler.fna
[RUNNING:] nucmer --maxmatch --nosimplify --prefix=seq_seq2989480 /data/djs217/PROJECTS/56_Vibrio_phaME/01_PhaME/04_workdir_cholerae/files/EXE07_2023A1_unicycler.fna /data/djs217/PROJECTS/56_Vibrio_phaME/01_PhaME/04_workdir_cholerae/files/EXE07_2023A1_unicycler.fna 2>/dev/null
[RUNNING:] show-coords -r -I 97 -L 75 -T seq_seq2989480.delta | awk '$1 != $3 || $2 != $4 && $8==$9 {print}' > seq_seq2989480.coords

Running self-nucmer on /data/djs217/PROJECTS/56_Vibrio_phaME/01_PhaME/04_workdir_cholerae/files/Vibrio_brasiliensis_LMG_20546.fna
[RUNNING:] nucmer --maxmatch --nosimplify --prefix=seq_seq2989535 /data/djs217/PROJECTS/56_Vibrio_phaME/01_PhaME/04_workdir_cholerae/files/Vibrio_brasiliensis_LMG_20546.fna /data/djs217/PROJECTS/56_Vibrio_phaME/01_PhaME/04_workdir_cholerae/files/Vibrio_brasiliensis_LMG_20546.fna 2>/dev/null
[RUNNING:] show-coords -r -I 97 -L 75 -T seq_seq2989535.delta | awk '$1 != $3 || $2 != $4 && $8==$9 {print}' > seq_seq2989535.coords

Running self-nucmer on /data/djs217/PROJECTS/56_Vibrio_phaME/01_PhaME/04_workdir_cholerae/files/Vibrio_splendidus_LMG_19031.fna
[RUNNING:] nucmer --maxmatch --nosimplify --prefix=seq_seq2989614 /data/djs217/PROJECTS/56_Vibrio_phaME/01_PhaME/04_workdir_cholerae/files/Vibrio_splendidus_LMG_19031.fna /data/djs217/PROJECTS/56_Vibrio_phaME/01_PhaME/04_workdir_cholerae/files/Vibrio_splendidus_LMG_19031.fna 2>/dev/null
[RUNNING:] show-coords -r -I 97 -L 75 -T seq_seq2989614.delta | awk '$1 != $3 || $2 != $4 && $8==$9 {print}' > seq_seq2989614.coords

Running self-nucmer on /data/djs217/PROJECTS/56_Vibrio_phaME/01_PhaME/04_workdir_cholerae/files/EXE_13_2025_A_final.fna
[RUNNING:] nucmer --maxmatch --nosimplify --prefix=seq_seq2989693 /data/djs217/PROJECTS/56_Vibrio_phaME/01_PhaME/04_workdir_cholerae/files/EXE_13_2025_A_final.fna /data/djs217/PROJECTS/56_Vibrio_phaME/01_PhaME/04_workdir_cholerae/files/EXE_13_2025_A_final.fna 2>/dev/null
[RUNNING:] show-coords -r -I 97 -L 75 -T seq_seq2989693.delta | awk '$1 != $3 || $2 != $4 && $8==$9 {print}' > seq_seq2989693.coords

Running self-nucmer on /data/djs217/PROJECTS/56_Vibrio_phaME/01_PhaME/04_workdir_cholerae/files/11671_EXE_04_2024_1B1_unicycler.fna
[RUNNING:] nucmer --maxmatch --nosimplify --prefix=seq_seq2989780 /data/djs217/PROJECTS/56_Vibrio_phaME/01_PhaME/04_workdir_cholerae/files/11671_EXE_04_2024_1B1_unicycler.fna /data/djs217/PROJECTS/56_Vibrio_phaME/01_PhaME/04_workdir_cholerae/files/11671_EXE_04_2024_1B1_unicycler.fna 2>/dev/null
[RUNNING:] show-coords -r -I 97 -L 75 -T seq_seq2989780.delta | awk '$1 != $3 || $2 != $4 && $8==$9 {print}' > seq_seq2989780.coords

Running self-nucmer on /data/djs217/PROJECTS/56_Vibrio_phaME/01_PhaME/04_workdir_cholerae/files/Vibrio_coralliilyticus_DSM_19607.fna
[RUNNING:] nucmer --maxmatch --nosimplify --prefix=seq_seq2989843 /data/djs217/PROJECTS/56_Vibrio_phaME/01_PhaME/04_workdir_cholerae/files/Vibrio_coralliilyticus_DSM_19607.fna /data/djs217/PROJECTS/56_Vibrio_phaME/01_PhaME/04_workdir_cholerae/files/Vibrio_coralliilyticus_DSM_19607.fna 2>/dev/null
[RUNNING:] show-coords -r -I 97 -L 75 -T seq_seq2989843.delta | awk '$1 != $3 || $2 != $4 && $8==$9 {print}' > seq_seq2989843.coords

Running self-nucmer on /data/djs217/PROJECTS/56_Vibrio_phaME/01_PhaME/04_workdir_cholerae/files/11671_EXE_23_2024_1_unicycler.fna
[RUNNING:] nucmer --maxmatch --nosimplify --prefix=seq_seq2989914 /data/djs217/PROJECTS/56_Vibrio_phaME/01_PhaME/04_workdir_cholerae/files/11671_EXE_23_2024_1_unicycler.fna /data/djs217/PROJECTS/56_Vibrio_phaME/01_PhaME/04_workdir_cholerae/files/11671_EXE_23_2024_1_unicycler.fna 2>/dev/null
[RUNNING:] show-coords -r -I 97 -L 75 -T seq_seq2989914.delta | awk '$1 != $3 || $2 != $4 && $8==$9 {print}' > seq_seq2989914.coords

Running self-nucmer on /data/djs217/PROJECTS/56_Vibrio_phaME/01_PhaME/04_workdir_cholerae/files/Vibrio_kagoshimensis_JAMM0761.fna
[RUNNING:] nucmer --maxmatch --nosimplify --prefix=seq_seq2989985 /data/djs217/PROJECTS/56_Vibrio_phaME/01_PhaME/04_workdir_cholerae/files/Vibrio_kagoshimensis_JAMM0761.fna /data/djs217/PROJECTS/56_Vibrio_phaME/01_PhaME/04_workdir_cholerae/files/Vibrio_kagoshimensis_JAMM0761.fna 2>/dev/null
[RUNNING:] show-coords -r -I 97 -L 75 -T seq_seq2989985.delta | awk '$1 != $3 || $2 != $4 && $8==$9 {print}' > seq_seq2989985.coords

Running self-nucmer on /data/djs217/PROJECTS/56_Vibrio_phaME/01_PhaME/04_workdir_cholerae/files/11813_EXE_13_2025_P_PBC74148_final.fna
[RUNNING:] nucmer --maxmatch --nosimplify --prefix=seq_seq2990072 /data/djs217/PROJECTS/56_Vibrio_phaME/01_PhaME/04_workdir_cholerae/files/11813_EXE_13_2025_P_PBC74148_final.fna /data/djs217/PROJECTS/56_Vibrio_phaME/01_PhaME/04_workdir_cholerae/files/11813_EXE_13_2025_P_PBC74148_final.fna 2>/dev/null
[RUNNING:] show-coords -r -I 97 -L 75 -T seq_seq2990072.delta | awk '$1 != $3 || $2 != $4 && $8==$9 {print}' > seq_seq2990072.coords

Running self-nucmer on /data/djs217/PROJECTS/56_Vibrio_phaME/01_PhaME/04_workdir_cholerae/files/Vibrio_agarilyticus_SM6.fna
[RUNNING:] nucmer --maxmatch --nosimplify --prefix=seq_seq2990151 /data/djs217/PROJECTS/56_Vibrio_phaME/01_PhaME/04_workdir_cholerae/files/Vibrio_agarilyticus_SM6.fna /data/djs217/PROJECTS/56_Vibrio_phaME/01_PhaME/04_workdir_cholerae/files/Vibrio_agarilyticus_SM6.fna 2>/dev/null
[RUNNING:] show-coords -r -I 97 -L 75 -T seq_seq2990151.delta | awk '$1 != $3 || $2 != $4 && $8==$9 {print}' > seq_seq2990151.coords

Running self-nucmer on /data/djs217/PROJECTS/56_Vibrio_phaME/01_PhaME/04_workdir_cholerae/files/Vibrio_tarriae_2521_89.fna
[RUNNING:] nucmer --maxmatch --nosimplify --prefix=seq_seq2990247 /data/djs217/PROJECTS/56_Vibrio_phaME/01_PhaME/04_workdir_cholerae/files/Vibrio_tarriae_2521_89.fna /data/djs217/PROJECTS/56_Vibrio_phaME/01_PhaME/04_workdir_cholerae/files/Vibrio_tarriae_2521_89.fna 2>/dev/null
[RUNNING:] show-coords -r -I 97 -L 75 -T seq_seq2990247.delta | awk '$1 != $3 || $2 != $4 && $8==$9 {print}' > seq_seq2990247.coords

Running self-nucmer on /data/djs217/PROJECTS/56_Vibrio_phaME/01_PhaME/04_workdir_cholerae/files/Vibrio_alginolyticus_ATCC_17749.fna
[RUNNING:] nucmer --maxmatch --nosimplify --prefix=seq_seq2990334 /data/djs217/PROJECTS/56_Vibrio_phaME/01_PhaME/04_workdir_cholerae/files/Vibrio_alginolyticus_ATCC_17749.fna /data/djs217/PROJECTS/56_Vibrio_phaME/01_PhaME/04_workdir_cholerae/files/Vibrio_alginolyticus_ATCC_17749.fna 2>/dev/null
[RUNNING:] show-coords -r -I 97 -L 75 -T seq_seq2990334.delta | awk '$1 != $3 || $2 != $4 && $8==$9 {print}' > seq_seq2990334.coords

Running self-nucmer on /data/djs217/PROJECTS/56_Vibrio_phaME/01_PhaME/04_workdir_cholerae/files/11813_EXE_28_2025_A_PBC74148_final.fna
[RUNNING:] nucmer --maxmatch --nosimplify --prefix=seq_seq2990389 /data/djs217/PROJECTS/56_Vibrio_phaME/01_PhaME/04_workdir_cholerae/files/11813_EXE_28_2025_A_PBC74148_final.fna /data/djs217/PROJECTS/56_Vibrio_phaME/01_PhaME/04_workdir_cholerae/files/11813_EXE_28_2025_A_PBC74148_final.fna 2>/dev/null
[RUNNING:] show-coords -r -I 97 -L 75 -T seq_seq2990389.delta | awk '$1 != $3 || $2 != $4 && $8==$9 {print}' > seq_seq2990389.coords

Running self-nucmer on /data/djs217/PROJECTS/56_Vibrio_phaME/01_PhaME/04_workdir_cholerae/files/Vibrio_bathopelagicus_Sal10.fna
[RUNNING:] nucmer --maxmatch --nosimplify --prefix=seq_seq2990484 /data/djs217/PROJECTS/56_Vibrio_phaME/01_PhaME/04_workdir_cholerae/files/Vibrio_bathopelagicus_Sal10.fna /data/djs217/PROJECTS/56_Vibrio_phaME/01_PhaME/04_workdir_cholerae/files/Vibrio_bathopelagicus_Sal10.fna 2>/dev/null
[RUNNING:] show-coords -r -I 97 -L 75 -T seq_seq2990484.delta | awk '$1 != $3 || $2 != $4 && $8==$9 {print}' > seq_seq2990484.coords

Running self-nucmer on /data/djs217/PROJECTS/56_Vibrio_phaME/01_PhaME/04_workdir_cholerae/files/Vibrio_comitans_LMG_23416.fna
[RUNNING:] nucmer --maxmatch --nosimplify --prefix=seq_seq2990563 /data/djs217/PROJECTS/56_Vibrio_phaME/01_PhaME/04_workdir_cholerae/files/Vibrio_comitans_LMG_23416.fna /data/djs217/PROJECTS/56_Vibrio_phaME/01_PhaME/04_workdir_cholerae/files/Vibrio_comitans_LMG_23416.fna 2>/dev/null
[RUNNING:] show-coords -r -I 97 -L 75 -T seq_seq2990563.delta | awk '$1 != $3 || $2 != $4 && $8==$9 {print}' > seq_seq2990563.coords

Running self-nucmer on /data/djs217/PROJECTS/56_Vibrio_phaME/01_PhaME/04_workdir_cholerae/files/Vibrio_ruber_CECT_7878.fna
[RUNNING:] nucmer --maxmatch --nosimplify --prefix=seq_seq2990618 /data/djs217/PROJECTS/56_Vibrio_phaME/01_PhaME/04_workdir_cholerae/files/Vibrio_ruber_CECT_7878.fna /data/djs217/PROJECTS/56_Vibrio_phaME/01_PhaME/04_workdir_cholerae/files/Vibrio_ruber_CECT_7878.fna 2>/dev/null
[RUNNING:] show-coords -r -I 97 -L 75 -T seq_seq2990618.delta | awk '$1 != $3 || $2 != $4 && $8==$9 {print}' > seq_seq2990618.coords

Running self-nucmer on /data/djs217/PROJECTS/56_Vibrio_phaME/01_PhaME/04_workdir_cholerae/files/Vibrio_nitrifigilis_NFV_1.fna
[RUNNING:] nucmer --maxmatch --nosimplify --prefix=seq_seq2990689 /data/djs217/PROJECTS/56_Vibrio_phaME/01_PhaME/04_workdir_cholerae/files/Vibrio_nitrifigilis_NFV_1.fna /data/djs217/PROJECTS/56_Vibrio_phaME/01_PhaME/04_workdir_cholerae/files/Vibrio_nitrifigilis_NFV_1.fna 2>/dev/null
[RUNNING:] show-coords -r -I 97 -L 75 -T seq_seq2990689.delta | awk '$1 != $3 || $2 != $4 && $8==$9 {print}' > seq_seq2990689.coords

Running self-nucmer on /data/djs217/PROJECTS/56_Vibrio_phaME/01_PhaME/04_workdir_cholerae/files/Vibrio_hibernica_B1_19.fna
[RUNNING:] nucmer --maxmatch --nosimplify --prefix=seq_seq2990760 /data/djs217/PROJECTS/56_Vibrio_phaME/01_PhaME/04_workdir_cholerae/files/Vibrio_hibernica_B1_19.fna /data/djs217/PROJECTS/56_Vibrio_phaME/01_PhaME/04_workdir_cholerae/files/Vibrio_hibernica_B1_19.fna 2>/dev/null
[RUNNING:] show-coords -r -I 97 -L 75 -T seq_seq2990760.delta | awk '$1 != $3 || $2 != $4 && $8==$9 {print}' > seq_seq2990760.coords

Running self-nucmer on /data/djs217/PROJECTS/56_Vibrio_phaME/01_PhaME/04_workdir_cholerae/files/Vibrio_ponticus_DSM_16217.fna
[RUNNING:] nucmer --maxmatch --nosimplify --prefix=seq_seq2990807 /data/djs217/PROJECTS/56_Vibrio_phaME/01_PhaME/04_workdir_cholerae/files/Vibrio_ponticus_DSM_16217.fna /data/djs217/PROJECTS/56_Vibrio_phaME/01_PhaME/04_workdir_cholerae/files/Vibrio_ponticus_DSM_16217.fna 2>/dev/null
[RUNNING:] show-coords -r -I 97 -L 75 -T seq_seq2990807.delta | awk '$1 != $3 || $2 != $4 && $8==$9 {print}' > seq_seq2990807.coords

Running self-nucmer on /data/djs217/PROJECTS/56_Vibrio_phaME/01_PhaME/04_workdir_cholerae/files/Vibrio_celticus_CECT_7224.fna
[RUNNING:] nucmer --maxmatch --nosimplify --prefix=seq_seq2990878 /data/djs217/PROJECTS/56_Vibrio_phaME/01_PhaME/04_workdir_cholerae/files/Vibrio_celticus_CECT_7224.fna /data/djs217/PROJECTS/56_Vibrio_phaME/01_PhaME/04_workdir_cholerae/files/Vibrio_celticus_CECT_7224.fna 2>/dev/null
[RUNNING:] show-coords -r -I 97 -L 75 -T seq_seq2990878.delta | awk '$1 != $3 || $2 != $4 && $8==$9 {print}' > seq_seq2990878.coords

Running self-nucmer on /data/djs217/PROJECTS/56_Vibrio_phaME/01_PhaME/04_workdir_cholerae/files/11813_EXE_06_2024_E_PBC74148_final.fna
[RUNNING:] nucmer --maxmatch --nosimplify --prefix=seq_seq2990981 /data/djs217/PROJECTS/56_Vibrio_phaME/01_PhaME/04_workdir_cholerae/files/11813_EXE_06_2024_E_PBC74148_final.fna /data/djs217/PROJECTS/56_Vibrio_phaME/01_PhaME/04_workdir_cholerae/files/11813_EXE_06_2024_E_PBC74148_final.fna 2>/dev/null
[RUNNING:] show-coords -r -I 97 -L 75 -T seq_seq2990981.delta | awk '$1 != $3 || $2 != $4 && $8==$9 {print}' > seq_seq2990981.coords

Running self-nucmer on /data/djs217/PROJECTS/56_Vibrio_phaME/01_PhaME/04_workdir_cholerae/files/11671_EXE_02_2024_3B1_unicycler.fna
[RUNNING:] nucmer --maxmatch --nosimplify --prefix=seq_seq2991044 /data/djs217/PROJECTS/56_Vibrio_phaME/01_PhaME/04_workdir_cholerae/files/11671_EXE_02_2024_3B1_unicycler.fna /data/djs217/PROJECTS/56_Vibrio_phaME/01_PhaME/04_workdir_cholerae/files/11671_EXE_02_2024_3B1_unicycler.fna 2>/dev/null
[RUNNING:] show-coords -r -I 97 -L 75 -T seq_seq2991044.delta | awk '$1 != $3 || $2 != $4 && $8==$9 {print}' > seq_seq2991044.coords

Running self-nucmer on /data/djs217/PROJECTS/56_Vibrio_phaME/01_PhaME/04_workdir_cholerae/files/11813_EXE_29_2025_HH_PBC74148_final.fna
[RUNNING:] nucmer --maxmatch --nosimplify --prefix=seq_seq2991115 /data/djs217/PROJECTS/56_Vibrio_phaME/01_PhaME/04_workdir_cholerae/files/11813_EXE_29_2025_HH_PBC74148_final.fna /data/djs217/PROJECTS/56_Vibrio_phaME/01_PhaME/04_workdir_cholerae/files/11813_EXE_29_2025_HH_PBC74148_final.fna 2>/dev/null
[RUNNING:] show-coords -r -I 97 -L 75 -T seq_seq2991115.delta | awk '$1 != $3 || $2 != $4 && $8==$9 {print}' > seq_seq2991115.coords

Running self-nucmer on /data/djs217/PROJECTS/56_Vibrio_phaME/01_PhaME/04_workdir_cholerae/files/Vibrio_harveyi_NCTC12970.fna
[RUNNING:] nucmer --maxmatch --nosimplify --prefix=seq_seq2991173 /data/djs217/PROJECTS/56_Vibrio_phaME/01_PhaME/04_workdir_cholerae/files/Vibrio_harveyi_NCTC12970.fna /data/djs217/PROJECTS/56_Vibrio_phaME/01_PhaME/04_workdir_cholerae/files/Vibrio_harveyi_NCTC12970.fna 2>/dev/null
[RUNNING:] show-coords -r -I 97 -L 75 -T seq_seq2991173.delta | awk '$1 != $3 || $2 != $4 && $8==$9 {print}' > seq_seq2991173.coords

Running self-nucmer on /data/djs217/PROJECTS/56_Vibrio_phaME/01_PhaME/04_workdir_cholerae/files/Vibrio_breoganii_CECT_7222.fna
[RUNNING:] nucmer --maxmatch --nosimplify --prefix=seq_seq2991265 /data/djs217/PROJECTS/56_Vibrio_phaME/01_PhaME/04_workdir_cholerae/files/Vibrio_breoganii_CECT_7222.fna /data/djs217/PROJECTS/56_Vibrio_phaME/01_PhaME/04_workdir_cholerae/files/Vibrio_breoganii_CECT_7222.fna 2>/dev/null
[RUNNING:] show-coords -r -I 97 -L 75 -T seq_seq2991265.delta | awk '$1 != $3 || $2 != $4 && $8==$9 {print}' > seq_seq2991265.coords

Running self-nucmer on /data/djs217/PROJECTS/56_Vibrio_phaME/01_PhaME/04_workdir_cholerae/files/11813_EXE_12_2025_A_PBC74148_final.fna
[RUNNING:] nucmer --maxmatch --nosimplify --prefix=seq_seq2991329 /data/djs217/PROJECTS/56_Vibrio_phaME/01_PhaME/04_workdir_cholerae/files/11813_EXE_12_2025_A_PBC74148_final.fna /data/djs217/PROJECTS/56_Vibrio_phaME/01_PhaME/04_workdir_cholerae/files/11813_EXE_12_2025_A_PBC74148_final.fna 2>/dev/null
[RUNNING:] show-coords -r -I 97 -L 75 -T seq_seq2991329.delta | awk '$1 != $3 || $2 != $4 && $8==$9 {print}' > seq_seq2991329.coords

Running self-nucmer on /data/djs217/PROJECTS/56_Vibrio_phaME/01_PhaME/04_workdir_cholerae/files/Vibrio_glycogenivorans_WXL210.fna
[RUNNING:] nucmer --maxmatch --nosimplify --prefix=seq_seq2991392 /data/djs217/PROJECTS/56_Vibrio_phaME/01_PhaME/04_workdir_cholerae/files/Vibrio_glycogenivorans_WXL210.fna /data/djs217/PROJECTS/56_Vibrio_phaME/01_PhaME/04_workdir_cholerae/files/Vibrio_glycogenivorans_WXL210.fna 2>/dev/null
[RUNNING:] show-coords -r -I 97 -L 75 -T seq_seq2991392.delta | awk '$1 != $3 || $2 != $4 && $8==$9 {print}' > seq_seq2991392.coords

Running self-nucmer on /data/djs217/PROJECTS/56_Vibrio_phaME/01_PhaME/04_workdir_cholerae/files/11813_EXE_32_2024_G_PBC74148_final.fna
[RUNNING:] nucmer --maxmatch --nosimplify --prefix=seq_seq2991495 /data/djs217/PROJECTS/56_Vibrio_phaME/01_PhaME/04_workdir_cholerae/files/11813_EXE_32_2024_G_PBC74148_final.fna /data/djs217/PROJECTS/56_Vibrio_phaME/01_PhaME/04_workdir_cholerae/files/11813_EXE_32_2024_G_PBC74148_final.fna 2>/dev/null
[RUNNING:] show-coords -r -I 97 -L 75 -T seq_seq2991495.delta | awk '$1 != $3 || $2 != $4 && $8==$9 {print}' > seq_seq2991495.coords

Running self-nucmer on /data/djs217/PROJECTS/56_Vibrio_phaME/01_PhaME/04_workdir_cholerae/files/11813_EXE_25_2025_25N_PBC74148_final.fna
[RUNNING:] nucmer --maxmatch --nosimplify --prefix=seq_seq2991562 /data/djs217/PROJECTS/56_Vibrio_phaME/01_PhaME/04_workdir_cholerae/files/11813_EXE_25_2025_25N_PBC74148_final.fna /data/djs217/PROJECTS/56_Vibrio_phaME/01_PhaME/04_workdir_cholerae/files/11813_EXE_25_2025_25N_PBC74148_final.fna 2>/dev/null
[RUNNING:] show-coords -r -I 97 -L 75 -T seq_seq2991562.delta | awk '$1 != $3 || $2 != $4 && $8==$9 {print}' > seq_seq2991562.coords

Running self-nucmer on /data/djs217/PROJECTS/56_Vibrio_phaME/01_PhaME/04_workdir_cholerae/files/11813_EXE_30_2024_G_PBC74148_final.fna
[RUNNING:] nucmer --maxmatch --nosimplify --prefix=seq_seq2991577 /data/djs217/PROJECTS/56_Vibrio_phaME/01_PhaME/04_workdir_cholerae/files/11813_EXE_30_2024_G_PBC74148_final.fna /data/djs217/PROJECTS/56_Vibrio_phaME/01_PhaME/04_workdir_cholerae/files/11813_EXE_30_2024_G_PBC74148_final.fna 2>/dev/null
[RUNNING:] show-coords -r -I 97 -L 75 -T seq_seq2991577.delta | awk '$1 != $3 || $2 != $4 && $8==$9 {print}' > seq_seq2991577.coords

Running self-nucmer on /data/djs217/PROJECTS/56_Vibrio_phaME/01_PhaME/04_workdir_cholerae/files/Vibrio_injensis_M12_1144.fna
[RUNNING:] nucmer --maxmatch --nosimplify --prefix=seq_seq2991673 /data/djs217/PROJECTS/56_Vibrio_phaME/01_PhaME/04_workdir_cholerae/files/Vibrio_injensis_M12_1144.fna /data/djs217/PROJECTS/56_Vibrio_phaME/01_PhaME/04_workdir_cholerae/files/Vibrio_injensis_M12_1144.fna 2>/dev/null
[RUNNING:] show-coords -r -I 97 -L 75 -T seq_seq2991673.delta | awk '$1 != $3 || $2 != $4 && $8==$9 {print}' > seq_seq2991673.coords

Running self-nucmer on /data/djs217/PROJECTS/56_Vibrio_phaME/01_PhaME/04_workdir_cholerae/files/Vibrio_litoralis_DSM_17657.fna
[RUNNING:] nucmer --maxmatch --nosimplify --prefix=seq_seq2991720 /data/djs217/PROJECTS/56_Vibrio_phaME/01_PhaME/04_workdir_cholerae/files/Vibrio_litoralis_DSM_17657.fna /data/djs217/PROJECTS/56_Vibrio_phaME/01_PhaME/04_workdir_cholerae/files/Vibrio_litoralis_DSM_17657.fna 2>/dev/null
[RUNNING:] show-coords -r -I 97 -L 75 -T seq_seq2991720.delta | awk '$1 != $3 || $2 != $4 && $8==$9 {print}' > seq_seq2991720.coords

Running self-nucmer on /data/djs217/PROJECTS/56_Vibrio_phaME/01_PhaME/04_workdir_cholerae/files/Vibrio_kasasachensis_JAMM1812.fna
[RUNNING:] nucmer --maxmatch --nosimplify --prefix=seq_seq2991775 /data/djs217/PROJECTS/56_Vibrio_phaME/01_PhaME/04_workdir_cholerae/files/Vibrio_kasasachensis_JAMM1812.fna /data/djs217/PROJECTS/56_Vibrio_phaME/01_PhaME/04_workdir_cholerae/files/Vibrio_kasasachensis_JAMM1812.fna 2>/dev/null
[RUNNING:] show-coords -r -I 97 -L 75 -T seq_seq2991775.delta | awk '$1 != $3 || $2 != $4 && $8==$9 {print}' > seq_seq2991775.coords

Running self-nucmer on /data/djs217/PROJECTS/56_Vibrio_phaME/01_PhaME/04_workdir_cholerae/files/Vibrio_ziniensis_ZWAL4003.fna
[RUNNING:] nucmer --maxmatch --nosimplify --prefix=seq_seq2991854 /data/djs217/PROJECTS/56_Vibrio_phaME/01_PhaME/04_workdir_cholerae/files/Vibrio_ziniensis_ZWAL4003.fna /data/djs217/PROJECTS/56_Vibrio_phaME/01_PhaME/04_workdir_cholerae/files/Vibrio_ziniensis_ZWAL4003.fna 2>/dev/null
[RUNNING:] show-coords -r -I 97 -L 75 -T seq_seq2991854.delta | awk '$1 != $3 || $2 != $4 && $8==$9 {print}' > seq_seq2991854.coords

Running self-nucmer on /data/djs217/PROJECTS/56_Vibrio_phaME/01_PhaME/04_workdir_cholerae/files/Vibrio_furnissii_FDAARGOS_777.fna
[RUNNING:] nucmer --maxmatch --nosimplify --prefix=seq_seq2991925 /data/djs217/PROJECTS/56_Vibrio_phaME/01_PhaME/04_workdir_cholerae/files/Vibrio_furnissii_FDAARGOS_777.fna /data/djs217/PROJECTS/56_Vibrio_phaME/01_PhaME/04_workdir_cholerae/files/Vibrio_furnissii_FDAARGOS_777.fna 2>/dev/null
[RUNNING:] show-coords -r -I 97 -L 75 -T seq_seq2991925.delta | awk '$1 != $3 || $2 != $4 && $8==$9 {print}' > seq_seq2991925.coords

Running self-nucmer on /data/djs217/PROJECTS/56_Vibrio_phaME/01_PhaME/04_workdir_cholerae/files/Vibrio_tetraodonis_subsp__pristinus_OCN044.fna
[RUNNING:] nucmer --maxmatch --nosimplify --prefix=seq_seq2991980 /data/djs217/PROJECTS/56_Vibrio_phaME/01_PhaME/04_workdir_cholerae/files/Vibrio_tetraodonis_subsp__pristinus_OCN044.fna /data/djs217/PROJECTS/56_Vibrio_phaME/01_PhaME/04_workdir_cholerae/files/Vibrio_tetraodonis_subsp__pristinus_OCN044.fna 2>/dev/null
[RUNNING:] show-coords -r -I 97 -L 75 -T seq_seq2991980.delta | awk '$1 != $3 || $2 != $4 && $8==$9 {print}' > seq_seq2991980.coords

Running self-nucmer on /data/djs217/PROJECTS/56_Vibrio_phaME/01_PhaME/04_workdir_cholerae/files/Vibrio_marinisediminis_404.fna
[RUNNING:] nucmer --maxmatch --nosimplify --prefix=seq_seq2992035 /data/djs217/PROJECTS/56_Vibrio_phaME/01_PhaME/04_workdir_cholerae/files/Vibrio_marinisediminis_404.fna /data/djs217/PROJECTS/56_Vibrio_phaME/01_PhaME/04_workdir_cholerae/files/Vibrio_marinisediminis_404.fna 2>/dev/null
[RUNNING:] show-coords -r -I 97 -L 75 -T seq_seq2992035.delta | awk '$1 != $3 || $2 != $4 && $8==$9 {print}' > seq_seq2992035.coords

Running self-nucmer on /data/djs217/PROJECTS/56_Vibrio_phaME/01_PhaME/04_workdir_cholerae/files/Vibrio_sabulosilitoris_MAO6.fna
[RUNNING:] nucmer --maxmatch --nosimplify --prefix=seq_seq2992098 /data/djs217/PROJECTS/56_Vibrio_phaME/01_PhaME/04_workdir_cholerae/files/Vibrio_sabulosilitoris_MAO6.fna /data/djs217/PROJECTS/56_Vibrio_phaME/01_PhaME/04_workdir_cholerae/files/Vibrio_sabulosilitoris_MAO6.fna 2>/dev/null
[RUNNING:] show-coords -r -I 97 -L 75 -T seq_seq2992098.delta | awk '$1 != $3 || $2 != $4 && $8==$9 {print}' > seq_seq2992098.coords

Running self-nucmer on /data/djs217/PROJECTS/56_Vibrio_phaME/01_PhaME/04_workdir_cholerae/files/11813_EXE_13_2025_H_PBC74148_final.fna
[RUNNING:] nucmer --maxmatch --nosimplify --prefix=seq_seq2992217 /data/djs217/PROJECTS/56_Vibrio_phaME/01_PhaME/04_workdir_cholerae/files/11813_EXE_13_2025_H_PBC74148_final.fna /data/djs217/PROJECTS/56_Vibrio_phaME/01_PhaME/04_workdir_cholerae/files/11813_EXE_13_2025_H_PBC74148_final.fna 2>/dev/null
[RUNNING:] show-coords -r -I 97 -L 75 -T seq_seq2992217.delta | awk '$1 != $3 || $2 != $4 && $8==$9 {print}' > seq_seq2992217.coords

Running self-nucmer on /data/djs217/PROJECTS/56_Vibrio_phaME/01_PhaME/04_workdir_cholerae/files/Vibrio_superstes_G3_29.fna
[RUNNING:] nucmer --maxmatch --nosimplify --prefix=seq_seq2992280 /data/djs217/PROJECTS/56_Vibrio_phaME/01_PhaME/04_workdir_cholerae/files/Vibrio_superstes_G3_29.fna /data/djs217/PROJECTS/56_Vibrio_phaME/01_PhaME/04_workdir_cholerae/files/Vibrio_superstes_G3_29.fna 2>/dev/null
[RUNNING:] show-coords -r -I 97 -L 75 -T seq_seq2992280.delta | awk '$1 != $3 || $2 != $4 && $8==$9 {print}' > seq_seq2992280.coords

Running self-nucmer on /data/djs217/PROJECTS/56_Vibrio_phaME/01_PhaME/04_workdir_cholerae/files/Vibrio_mangrovi_CECT_7927.fna
[RUNNING:] nucmer --maxmatch --nosimplify --prefix=seq_seq2992343 /data/djs217/PROJECTS/56_Vibrio_phaME/01_PhaME/04_workdir_cholerae/files/Vibrio_mangrovi_CECT_7927.fna /data/djs217/PROJECTS/56_Vibrio_phaME/01_PhaME/04_workdir_cholerae/files/Vibrio_mangrovi_CECT_7927.fna 2>/dev/null
[RUNNING:] show-coords -r -I 97 -L 75 -T seq_seq2992343.delta | awk '$1 != $3 || $2 != $4 && $8==$9 {print}' > seq_seq2992343.coords

Running self-nucmer on /data/djs217/PROJECTS/56_Vibrio_phaME/01_PhaME/04_workdir_cholerae/files/11813_EXE_20_2025_B_PBC74148_final.fna
[RUNNING:] nucmer --maxmatch --nosimplify --prefix=seq_seq2992406 /data/djs217/PROJECTS/56_Vibrio_phaME/01_PhaME/04_workdir_cholerae/files/11813_EXE_20_2025_B_PBC74148_final.fna /data/djs217/PROJECTS/56_Vibrio_phaME/01_PhaME/04_workdir_cholerae/files/11813_EXE_20_2025_B_PBC74148_final.fna 2>/dev/null
[RUNNING:] show-coords -r -I 97 -L 75 -T seq_seq2992406.delta | awk '$1 != $3 || $2 != $4 && $8==$9 {print}' > seq_seq2992406.coords

Running self-nucmer on /data/djs217/PROJECTS/56_Vibrio_phaME/01_PhaME/04_workdir_cholerae/files/Vibrio_gazogenes_ATCC_29988.fna
[RUNNING:] nucmer --maxmatch --nosimplify --prefix=seq_seq2992470 /data/djs217/PROJECTS/56_Vibrio_phaME/01_PhaME/04_workdir_cholerae/files/Vibrio_gazogenes_ATCC_29988.fna /data/djs217/PROJECTS/56_Vibrio_phaME/01_PhaME/04_workdir_cholerae/files/Vibrio_gazogenes_ATCC_29988.fna 2>/dev/null
[RUNNING:] show-coords -r -I 97 -L 75 -T seq_seq2992470.delta | awk '$1 != $3 || $2 != $4 && $8==$9 {print}' > seq_seq2992470.coords

Running self-nucmer on /data/djs217/PROJECTS/56_Vibrio_phaME/01_PhaME/04_workdir_cholerae/files/Vibrio_porteresiae_MSSRF30.fna
[RUNNING:] nucmer --maxmatch --nosimplify --prefix=seq_seq2992556 /data/djs217/PROJECTS/56_Vibrio_phaME/01_PhaME/04_workdir_cholerae/files/Vibrio_porteresiae_MSSRF30.fna /data/djs217/PROJECTS/56_Vibrio_phaME/01_PhaME/04_workdir_cholerae/files/Vibrio_porteresiae_MSSRF30.fna 2>/dev/null
[RUNNING:] show-coords -r -I 97 -L 75 -T seq_seq2992556.delta | awk '$1 != $3 || $2 != $4 && $8==$9 {print}' > seq_seq2992556.coords

Running self-nucmer on /data/djs217/PROJECTS/56_Vibrio_phaME/01_PhaME/04_workdir_cholerae/files/11671_EXE_04_2024_2B3_unicycler.fna
[RUNNING:] nucmer --maxmatch --nosimplify --prefix=seq_seq2992611 /data/djs217/PROJECTS/56_Vibrio_phaME/01_PhaME/04_workdir_cholerae/files/11671_EXE_04_2024_2B3_unicycler.fna /data/djs217/PROJECTS/56_Vibrio_phaME/01_PhaME/04_workdir_cholerae/files/11671_EXE_04_2024_2B3_unicycler.fna 2>/dev/null
[RUNNING:] show-coords -r -I 97 -L 75 -T seq_seq2992611.delta | awk '$1 != $3 || $2 != $4 && $8==$9 {print}' > seq_seq2992611.coords

Running self-nucmer on /data/djs217/PROJECTS/56_Vibrio_phaME/01_PhaME/04_workdir_cholerae/files/Vibrio_artabrorum_CECT_7226.fna
[RUNNING:] nucmer --maxmatch --nosimplify --prefix=seq_seq2992666 /data/djs217/PROJECTS/56_Vibrio_phaME/01_PhaME/04_workdir_cholerae/files/Vibrio_artabrorum_CECT_7226.fna /data/djs217/PROJECTS/56_Vibrio_phaME/01_PhaME/04_workdir_cholerae/files/Vibrio_artabrorum_CECT_7226.fna 2>/dev/null
[RUNNING:] show-coords -r -I 97 -L 75 -T seq_seq2992666.delta | awk '$1 != $3 || $2 != $4 && $8==$9 {print}' > seq_seq2992666.coords

Running self-nucmer on /data/djs217/PROJECTS/56_Vibrio_phaME/01_PhaME/04_workdir_cholerae/files/Vibrio_ostreicida_CECT_7398.fna
[RUNNING:] nucmer --maxmatch --nosimplify --prefix=seq_seq2992737 /data/djs217/PROJECTS/56_Vibrio_phaME/01_PhaME/04_workdir_cholerae/files/Vibrio_ostreicida_CECT_7398.fna /data/djs217/PROJECTS/56_Vibrio_phaME/01_PhaME/04_workdir_cholerae/files/Vibrio_ostreicida_CECT_7398.fna 2>/dev/null
[RUNNING:] show-coords -r -I 97 -L 75 -T seq_seq2992737.delta | awk '$1 != $3 || $2 != $4 && $8==$9 {print}' > seq_seq2992737.coords

Running self-nucmer on /data/djs217/PROJECTS/56_Vibrio_phaME/01_PhaME/04_workdir_cholerae/files/EXE08_2023B5_unicycler.fna
[RUNNING:] nucmer --maxmatch --nosimplify --prefix=seq_seq2993795 /data/djs217/PROJECTS/56_Vibrio_phaME/01_PhaME/04_workdir_cholerae/files/EXE08_2023B5_unicycler.fna /data/djs217/PROJECTS/56_Vibrio_phaME/01_PhaME/04_workdir_cholerae/files/EXE08_2023B5_unicycler.fna 2>/dev/null
[RUNNING:] show-coords -r -I 97 -L 75 -T seq_seq2993795.delta | awk '$1 != $3 || $2 != $4 && $8==$9 {print}' > seq_seq2993795.coords

Running self-nucmer on /data/djs217/PROJECTS/56_Vibrio_phaME/01_PhaME/04_workdir_cholerae/files/Vibrio_cholerae_FDAARGOS_103.fna
[RUNNING:] nucmer --maxmatch --nosimplify --prefix=seq_seq2993858 /data/djs217/PROJECTS/56_Vibrio_phaME/01_PhaME/04_workdir_cholerae/files/Vibrio_cholerae_FDAARGOS_103.fna /data/djs217/PROJECTS/56_Vibrio_phaME/01_PhaME/04_workdir_cholerae/files/Vibrio_cholerae_FDAARGOS_103.fna 2>/dev/null
[RUNNING:] show-coords -r -I 97 -L 75 -T seq_seq2993858.delta | awk '$1 != $3 || $2 != $4 && $8==$9 {print}' > seq_seq2993858.coords

Running self-nucmer on /data/djs217/PROJECTS/56_Vibrio_phaME/01_PhaME/04_workdir_cholerae/files/Vibrio_coralliirubri_DSM_27495.fna
[RUNNING:] nucmer --maxmatch --nosimplify --prefix=seq_seq2993945 /data/djs217/PROJECTS/56_Vibrio_phaME/01_PhaME/04_workdir_cholerae/files/Vibrio_coralliirubri_DSM_27495.fna /data/djs217/PROJECTS/56_Vibrio_phaME/01_PhaME/04_workdir_cholerae/files/Vibrio_coralliirubri_DSM_27495.fna 2>/dev/null
[RUNNING:] show-coords -r -I 97 -L 75 -T seq_seq2993945.delta | awk '$1 != $3 || $2 != $4 && $8==$9 {print}' > seq_seq2993945.coords

Running self-nucmer on /data/djs217/PROJECTS/56_Vibrio_phaME/01_PhaME/04_workdir_cholerae/files/Vibrio_spartinae_CECT_9026.fna
[RUNNING:] nucmer --maxmatch --nosimplify --prefix=seq_seq2994075 /data/djs217/PROJECTS/56_Vibrio_phaME/01_PhaME/04_workdir_cholerae/files/Vibrio_spartinae_CECT_9026.fna /data/djs217/PROJECTS/56_Vibrio_phaME/01_PhaME/04_workdir_cholerae/files/Vibrio_spartinae_CECT_9026.fna 2>/dev/null
[RUNNING:] show-coords -r -I 97 -L 75 -T seq_seq2994075.delta | awk '$1 != $3 || $2 != $4 && $8==$9 {print}' > seq_seq2994075.coords

Running self-nucmer on /data/djs217/PROJECTS/56_Vibrio_phaME/01_PhaME/04_workdir_cholerae/files/Vibrio_tapetis_subsp__tapetis_.fna
[RUNNING:] nucmer --maxmatch --nosimplify --prefix=seq_seq2994179 /data/djs217/PROJECTS/56_Vibrio_phaME/01_PhaME/04_workdir_cholerae/files/Vibrio_tapetis_subsp__tapetis_.fna /data/djs217/PROJECTS/56_Vibrio_phaME/01_PhaME/04_workdir_cholerae/files/Vibrio_tapetis_subsp__tapetis_.fna 2>/dev/null
[RUNNING:] show-coords -r -I 97 -L 75 -T seq_seq2994179.delta | awk '$1 != $3 || $2 != $4 && $8==$9 {print}' > seq_seq2994179.coords

Running self-nucmer on /data/djs217/PROJECTS/56_Vibrio_phaME/01_PhaME/04_workdir_cholerae/files/Vibrio_japonicus_JCM_31412.fna
[RUNNING:] nucmer --maxmatch --nosimplify --prefix=seq_seq2994266 /data/djs217/PROJECTS/56_Vibrio_phaME/01_PhaME/04_workdir_cholerae/files/Vibrio_japonicus_JCM_31412.fna /data/djs217/PROJECTS/56_Vibrio_phaME/01_PhaME/04_workdir_cholerae/files/Vibrio_japonicus_JCM_31412.fna 2>/dev/null
[RUNNING:] show-coords -r -I 97 -L 75 -T seq_seq2994266.delta | awk '$1 != $3 || $2 != $4 && $8==$9 {print}' > seq_seq2994266.coords

Running self-nucmer on /data/djs217/PROJECTS/56_Vibrio_phaME/01_PhaME/04_workdir_cholerae/files/EXE07_2023A4_unicycler.fna
[RUNNING:] nucmer --maxmatch --nosimplify --prefix=seq_seq2994338 /data/djs217/PROJECTS/56_Vibrio_phaME/01_PhaME/04_workdir_cholerae/files/EXE07_2023A4_unicycler.fna /data/djs217/PROJECTS/56_Vibrio_phaME/01_PhaME/04_workdir_cholerae/files/EXE07_2023A4_unicycler.fna 2>/dev/null
[RUNNING:] show-coords -r -I 97 -L 75 -T seq_seq2994338.delta | awk '$1 != $3 || $2 != $4 && $8==$9 {print}' > seq_seq2994338.coords

Repeat coords for all references found.
Self-NUCmer complete
==================================================================
Aligning to the reference genome /data/djs217/PROJECTS/56_Vibrio_phaME/01_PhaME/04_workdir_cholerae/files/Vibrio_cholerae_FDAARGOS_103.fna

Running nucmer on Vibrio_cholerae_FDAARGOS_103_Vibrio_lamellibrachiae_JAMM2626
Running nucmer on Vibrio_cholerae_FDAARGOS_103_Vibrio_cortegadensis_CECT_7227
Running nucmer on Vibrio_cholerae_FDAARGOS_103_Vibrio_fluminensis_A621
Running nucmer on Vibrio_cholerae_FDAARGOS_103_Vibrio_alfacsensis_CAIM_1831
Running nucmer on Vibrio_cholerae_FDAARGOS_103_Vibrio_scophthalmi_LMG_19158
Running nucmer on Vibrio_cholerae_FDAARGOS_103_Vibrio_xiamenensis_CGMCC_1_10228
Running nucmer on Vibrio_cholerae_FDAARGOS_103_Vibrio_zhanjiangensis_NBRC_108723
Running nucmer on Vibrio_cholerae_FDAARGOS_103_11813_EXE_29_2025_V_PBC74148_final
Running nucmer on Vibrio_cholerae_FDAARGOS_103_Vibrio_pomeroyi_LMG_20537
Running nucmer on Vibrio_cholerae_FDAARGOS_103_11813_EXE_30_2025_R_PBC74148_final
Running nucmer on Vibrio_cholerae_FDAARGOS_103_11813_EXE_29_2025_K_PBC74148_final
Running nucmer on Vibrio_cholerae_FDAARGOS_103_Vibrio_caribbeanicus_ATCC_BAA_2122
Running nucmer on Vibrio_cholerae_FDAARGOS_103_Vibrio_owensii_DY05
Running nucmer on Vibrio_cholerae_FDAARGOS_103_Vibrio_tetraodonis_A511
Running nucmer on Vibrio_cholerae_FDAARGOS_103_Vibrio_crassostreae_LMG_22240
Running nucmer on Vibrio_cholerae_FDAARGOS_103_Vibrio_nereis_DSM_19584
Running nucmer on Vibrio_cholerae_FDAARGOS_103_11813_EXE_20_2024_J_PBC74148_final
Running nucmer on Vibrio_cholerae_FDAARGOS_103_Vibrio_diabolicus_CNCM_I_1629
Running nucmer on Vibrio_cholerae_FDAARGOS_103_Vibrio_rhizosphaerae_LMG_23790
Running nucmer on Vibrio_cholerae_FDAARGOS_103_Vibrio_proteolyticus_ATCC_15338
Running nucmer on Vibrio_cholerae_FDAARGOS_103_11813_EXE_30_2025_L_PBC74148_final
Running nucmer on Vibrio_cholerae_FDAARGOS_103_11813_EXE_09_2024_B_PBC74148_final
Running nucmer on Vibrio_cholerae_FDAARGOS_103_11813_EX_23_2024_K_PBC74148_final
Running nucmer on Vibrio_cholerae_FDAARGOS_103_11813_EXE_28_2025_W_PBC74148_final
Running nucmer on Vibrio_cholerae_FDAARGOS_103_EXE_01_2025_M_final
Running nucmer on Vibrio_cholerae_FDAARGOS_103_Vibrio_anguillarum_NCTC12159
Running nucmer on Vibrio_cholerae_FDAARGOS_103_Vibrio_marisflavi_CECT_7928
Running nucmer on Vibrio_cholerae_FDAARGOS_103_EXE_33_2024_E_final
Running nucmer on Vibrio_cholerae_FDAARGOS_103_Vibrio_galatheae_S2757
Running nucmer on Vibrio_cholerae_FDAARGOS_103_11813_EXE22_2025_IVF5LA_PBC74148_final
Running nucmer on Vibrio_cholerae_FDAARGOS_103_Vibrio_clamense_JAMM0920
Running nucmer on Vibrio_cholerae_FDAARGOS_103_11813_EXE_03_2025_A_PBC74148_final
Running nucmer on Vibrio_cholerae_FDAARGOS_103_Vibrio_kyushuensis_JAMM1822
Running nucmer on Vibrio_cholerae_FDAARGOS_103_Vibrio_chanodichtyis_DSL_7
Running nucmer on Vibrio_cholerae_FDAARGOS_103_Vibrio_campbellii_CAIM_519
Running nucmer on Vibrio_cholerae_FDAARGOS_103_Vibrio_halioticoli_IAM_14596
Running nucmer on Vibrio_cholerae_FDAARGOS_103_Vibrio_rotiferianus_CAIM_577
Running nucmer on Vibrio_cholerae_FDAARGOS_103_Vibrio_paracholerae_EDC_792
Running nucmer on Vibrio_cholerae_FDAARGOS_103_Vibrio_lentus_40M4T
Running nucmer on Vibrio_cholerae_FDAARGOS_103_11813_EXE_26_2025_C_PBC74148_final
Running nucmer on Vibrio_cholerae_FDAARGOS_103_11813_EXE_33_2024_F_PBC74148_final
Running nucmer on Vibrio_cholerae_FDAARGOS_103_Vibrio_chemaguriensis_Iso1
Running nucmer on Vibrio_cholerae_FDAARGOS_103_Vibrio_inusitatus_LMG_23434
Running nucmer on Vibrio_cholerae_FDAARGOS_103_Vibrio_ulleungensis_188UL20_2
Running nucmer on Vibrio_cholerae_FDAARGOS_103_Vibrio_gallaecicus_CECT_7244
Running nucmer on Vibrio_cholerae_FDAARGOS_103_Vibrio_pelagius_ATCC_25916
Running nucmer on Vibrio_cholerae_FDAARGOS_103_11813_EXE_22_2025_DG1LF_PBC7_final
Running nucmer on Vibrio_cholerae_FDAARGOS_103_11671_EXE_02_2024_3B2_unicycler
Running nucmer on Vibrio_cholerae_FDAARGOS_103_Vibrio_hepatarius_DSM_19134
Running nucmer on Vibrio_cholerae_FDAARGOS_103_Vibrio_maerlii_G62
Running nucmer on Vibrio_cholerae_FDAARGOS_103_Vibrio_sinaloensis_CECT_7298
Running nucmer on Vibrio_cholerae_FDAARGOS_103_Vibrio_casei_DSM_22364
Running nucmer on Vibrio_cholerae_FDAARGOS_103_11813_EXE_23_2025_L_PBC74148_final
Running nucmer on Vibrio_cholerae_FDAARGOS_103_Vibrio_mimicus_NCTC11435
Running nucmer on Vibrio_cholerae_FDAARGOS_103_Vibrio_tapetis_subsp__quintayensis_CECT_8851
Running nucmer on Vibrio_cholerae_FDAARGOS_103_Vibrio_tasmaniensis_LMG_20012
Running nucmer on Vibrio_cholerae_FDAARGOS_103_11813_EXE_33_2024_E_PBC74148_final
Running nucmer on Vibrio_cholerae_FDAARGOS_103_Vibrio_fluvialis_ATCC_33809
Running nucmer on Vibrio_cholerae_FDAARGOS_103_Vibrio_chagasii_LMG_21353
Running nucmer on Vibrio_cholerae_FDAARGOS_103_Vibrio_apostichopi_FE10
Running nucmer on Vibrio_cholerae_FDAARGOS_103_Vibrio_orientalis_CIP_102891
Running nucmer on Vibrio_cholerae_FDAARGOS_103_Vibrio_amylolyticus_ZSDE26
Running nucmer on Vibrio_cholerae_FDAARGOS_103_Vibrio_qinghaiensis_Q67
Running nucmer on Vibrio_cholerae_FDAARGOS_103_EXE_30_2025_R_final
Running nucmer on Vibrio_cholerae_FDAARGOS_103_Vibrio_misgurnus_GVC
Running nucmer on Vibrio_cholerae_FDAARGOS_103_11671_Guernsey_unicycler
Running nucmer on Vibrio_cholerae_FDAARGOS_103_Vibrio_diazotrophicus_ATCC_33466
Running nucmer on Vibrio_cholerae_FDAARGOS_103_11813_EXE_22_2025_DG3A_PBC74148_barcode18_final
Running nucmer on Vibrio_cholerae_FDAARGOS_103_Vibrio_cincinnatiensis_NCTC12012
Running nucmer on Vibrio_cholerae_FDAARGOS_103_11671_EXE_19_2024_C_unicycler
Running nucmer on Vibrio_cholerae_FDAARGOS_103_Vibrio_salilacus_DSG_S6
Running nucmer on Vibrio_cholerae_FDAARGOS_103_11671_EXE_26_2024_C_unicycler
Running nucmer on Vibrio_cholerae_FDAARGOS_103_11813_EXE_24_2025_E_PBC74148_final
Running nucmer on Vibrio_cholerae_FDAARGOS_103_Vibrio_floridensis_IRLE0018
Running nucmer on Vibrio_cholerae_FDAARGOS_103_Vibrio_metschnikovii_NCTC8443
Running nucmer on Vibrio_cholerae_FDAARGOS_103_11671_EXE_45_2024_E_unicycler
Running nucmer on Vibrio_cholerae_FDAARGOS_103_Vibrio_neonatus_JCM_21521
Running nucmer on Vibrio_cholerae_FDAARGOS_103_Vibrio_aestuarianus_LMG_7909
Running nucmer on Vibrio_cholerae_FDAARGOS_103_11671_EXE_25_2024_H_unicycler
Running nucmer on Vibrio_cholerae_FDAARGOS_103_Vibrio_aquaticus_BEI207
Running nucmer on Vibrio_cholerae_FDAARGOS_103_11813_EXE_26_2025_A_PBC74148_final
Running nucmer on Vibrio_cholerae_FDAARGOS_103_Vibrio_gangliei_DSM_104291
Running nucmer on Vibrio_cholerae_FDAARGOS_103_Vibrio_antiquarius_EX25
Running nucmer on Vibrio_cholerae_FDAARGOS_103_Vibrio_navarrensis_ATCC_51183
Running nucmer on Vibrio_cholerae_FDAARGOS_103_Vibrio_ishigakensis_JCM_19231
Running nucmer on Vibrio_cholerae_FDAARGOS_103_11813_EXE_01_2024_7_PBC74148_final
Running nucmer on Vibrio_cholerae_FDAARGOS_103_Vibrio_europaeus_PP_638
Running nucmer on Vibrio_cholerae_FDAARGOS_103_Vibrio_pacinii_DSM_19139
Running nucmer on Vibrio_cholerae_FDAARGOS_103_Vibrio_tubiashii_ATCC_19109
Running nucmer on Vibrio_cholerae_FDAARGOS_103_11813_EXE_19_2024_M_PBC74148_final
Running nucmer on Vibrio_cholerae_FDAARGOS_103_Vibrio_albus_E4404
Running nucmer on Vibrio_cholerae_FDAARGOS_103_Vibrio_rarus_LMG_23674
Running nucmer on Vibrio_cholerae_FDAARGOS_103_Vibrio_sinus_S4M6
Running nucmer on Vibrio_cholerae_FDAARGOS_103_Vibrio_mediterranei_
Running nucmer on Vibrio_cholerae_FDAARGOS_103_11813_EXE_30_2024_F_PBC74148_final
Running nucmer on Vibrio_cholerae_FDAARGOS_103_Vibrio_neptunius_KCTC_12702
Running nucmer on Vibrio_cholerae_FDAARGOS_103_11813_EXE_30_2025_S_PBC74148_final
Running nucmer on Vibrio_cholerae_FDAARGOS_103_Vibrio_plantisponsor_MSSRF60
Running nucmer on Vibrio_cholerae_FDAARGOS_103_Vibrio_satsumensis_JAMM0822
Running nucmer on Vibrio_cholerae_FDAARGOS_103_Vibrio_olivae_CECT_8064
Running nucmer on Vibrio_cholerae_FDAARGOS_103_Vibrio_aphrogenes_CA_1004
Running nucmer on Vibrio_cholerae_FDAARGOS_103_Vibrio_agarivorans_CECT_5085
Running nucmer on Vibrio_cholerae_FDAARGOS_103_Vibrio_hippocampi_CECT_8226
Running nucmer on Vibrio_cholerae_FDAARGOS_103_Vibrio_sagamiensis_NBRC_104589
Running nucmer on Vibrio_cholerae_FDAARGOS_103_Vibrio_methylphosphonaticus_S4B1
Running nucmer on Vibrio_cholerae_FDAARGOS_103_Vibrio_gelatinilyticus_ZSDZ34
Running nucmer on Vibrio_cholerae_FDAARGOS_103_Vibrio_viridaestus_LJC006
Running nucmer on Vibrio_cholerae_FDAARGOS_103_Vibrio_sinensis_BEI233
Running nucmer on Vibrio_cholerae_FDAARGOS_103_Vibrio_fortis_LMG_21557
Running nucmer on Vibrio_cholerae_FDAARGOS_103_Vibrio_pectenicida_LMG_19642
Running nucmer on Vibrio_cholerae_FDAARGOS_103_Vibrio_natriegens_CCUG_16371
Running nucmer on Vibrio_cholerae_FDAARGOS_103_Vibrio_barjaei_3062
Running nucmer on Vibrio_cholerae_FDAARGOS_103_11671_EXE_22_2024_B_unicycler
Running nucmer on Vibrio_cholerae_FDAARGOS_103_Vibrio_kanaloae_LMG_20539
Running nucmer on Vibrio_cholerae_FDAARGOS_103_11813_EXE_34_2024_C_PBC74148_final
Running nucmer on Vibrio_cholerae_FDAARGOS_103_Vibrio_rumoiensis_FERM_P_14531
Running nucmer on Vibrio_cholerae_FDAARGOS_103_Vibrio_mytili_type_strain__CIP103929
Running nucmer on Vibrio_cholerae_FDAARGOS_103_Vibrio_palustris_CECT_9027
Running nucmer on Vibrio_cholerae_FDAARGOS_103_Vibrio_syngnathi_K08M4
Running nucmer on Vibrio_cholerae_FDAARGOS_103_Vibrio_bivalvicida_605
Running nucmer on Vibrio_cholerae_FDAARGOS_103_11813_EXE_22_2025_T1A_PBC74148_final
Running nucmer on Vibrio_cholerae_FDAARGOS_103_11813_EXE_21_2025_F_PBC74148_final
Running nucmer on Vibrio_cholerae_FDAARGOS_103_Vibrio_algivorus_SA2
Running nucmer on Vibrio_cholerae_FDAARGOS_103_Vibrio_echinoideorum_DSM_107264
Running nucmer on Vibrio_cholerae_FDAARGOS_103_Vibrio_atypicus_DSM_25292
Running nucmer on Vibrio_cholerae_FDAARGOS_103_11671_EXE_04_2024_1A1_unicycler
Running nucmer on Vibrio_cholerae_FDAARGOS_103_11813_EXE_27_2025_D_PBC74148_final
Running nucmer on Vibrio_cholerae_FDAARGOS_103_EXE_08_2024_A_final
Running nucmer on Vibrio_cholerae_FDAARGOS_103_Vibrio_intestinalis_YLB_11
Running nucmer on Vibrio_cholerae_FDAARGOS_103_Vibrio_iocasae_HN007
Running nucmer on Vibrio_cholerae_FDAARGOS_103_Vibrio_panuliri_JCM_19500
Running nucmer on Vibrio_cholerae_FDAARGOS_103_Vibrio_hangzhouensis_CGMCC_1_7062
Running nucmer on Vibrio_cholerae_FDAARGOS_103_Vibrio_cionasavignyae_JAMM2507
Running nucmer on Vibrio_cholerae_FDAARGOS_103_Vibrio_rhodolitus_G98
Running nucmer on Vibrio_cholerae_FDAARGOS_103_Vibrio_azureus_LC2_005
Running nucmer on Vibrio_cholerae_FDAARGOS_103_Vibrio_cyclitrophicus_LMG_21359
Running nucmer on Vibrio_cholerae_FDAARGOS_103_11813_EXE_01_2025_M_PBC74148_final
Running nucmer on Vibrio_cholerae_FDAARGOS_103_Vibrio_renipiscarius_DCR_1_4_2
Running nucmer on Vibrio_cholerae_FDAARGOS_103_11813_EXE_05_2024_A_PBC74148_final
Running nucmer on Vibrio_cholerae_FDAARGOS_103_Vibrio_profundi_TP187
Running nucmer on Vibrio_cholerae_FDAARGOS_103_EXE_32_2024_G_final
Running nucmer on Vibrio_cholerae_FDAARGOS_103_Vibrio_ouci_BEI176
Running nucmer on Vibrio_cholerae_FDAARGOS_103_11813_EXE_27_2025_A_PBC74148_final
Running nucmer on Vibrio_cholerae_FDAARGOS_103_Vibrio_thalassae_KCTC_32373
Running nucmer on Vibrio_cholerae_FDAARGOS_103_Vibrio_ezurae_HDS1_1
Running nucmer on Vibrio_cholerae_FDAARGOS_103_Vibrio_chaetopteri_CB1_14
Running nucmer on Vibrio_cholerae_FDAARGOS_103_Vibrio_atlanticus_CECT_7223
Running nucmer on Vibrio_cholerae_FDAARGOS_103_EXE_03_2025_A_final
Running nucmer on Vibrio_cholerae_FDAARGOS_103_Vibrio_gigantis_LMG_22741
Running nucmer on Vibrio_cholerae_FDAARGOS_103_EXE_23_2025_L_final
Running nucmer on Vibrio_cholerae_FDAARGOS_103_Vibrio_gallicus_CIP_107863
Running nucmer on Vibrio_cholerae_FDAARGOS_103_EXE09_2023D7_unicycler
Running nucmer on Vibrio_cholerae_FDAARGOS_103_Vibrio_penaeicida_IFO_15640
Running nucmer on Vibrio_cholerae_FDAARGOS_103_Vibrio_toranzoniae_CECT_7225
Running nucmer on Vibrio_cholerae_FDAARGOS_103_Vibrio_hyugaensis_090810a
Running nucmer on Vibrio_cholerae_FDAARGOS_103_Vibrio_wakamikoensis_JAMM2464
Running nucmer on Vibrio_cholerae_FDAARGOS_103_EXE_15_2024_J_unicycler
Running nucmer on Vibrio_cholerae_FDAARGOS_103_Vibrio_parahaemolyticus_ATCC_17802
Running nucmer on Vibrio_cholerae_FDAARGOS_103_11813_EXE_34_2024_P_PBC74148_final
Running nucmer on Vibrio_cholerae_FDAARGOS_103_Vibrio_jasicida_CAIM_1864
Running nucmer on Vibrio_cholerae_FDAARGOS_103_Vibrio_aquimaris_THAF100
Running nucmer on Vibrio_cholerae_FDAARGOS_103_Vibrio_vulnificus_2142_77
Running nucmer on Vibrio_cholerae_FDAARGOS_103_11813_EXE_33_2024_C_PBC74148_final
Running nucmer on Vibrio_cholerae_FDAARGOS_103_Vibrio_tritonius_JCM_16456
Running nucmer on Vibrio_cholerae_FDAARGOS_103_EXE_20_2025_B_final
Running nucmer on Vibrio_cholerae_FDAARGOS_103_EXE10_2023G3_unicycler
Running nucmer on Vibrio_cholerae_FDAARGOS_103_Vibrio_ostreae_OG9_811
Running nucmer on Vibrio_cholerae_FDAARGOS_103_Vibrio_nomapromontoriensis_JAMM1728
Running nucmer on Vibrio_cholerae_FDAARGOS_103_EXE07_2023A1_unicycler
Running nucmer on Vibrio_cholerae_FDAARGOS_103_Vibrio_brasiliensis_LMG_20546
Running nucmer on Vibrio_cholerae_FDAARGOS_103_Vibrio_splendidus_LMG_19031
Running nucmer on Vibrio_cholerae_FDAARGOS_103_EXE_13_2025_A_final
Running nucmer on Vibrio_cholerae_FDAARGOS_103_11671_EXE_04_2024_1B1_unicycler
Running nucmer on Vibrio_cholerae_FDAARGOS_103_Vibrio_coralliilyticus_DSM_19607
Running nucmer on Vibrio_cholerae_FDAARGOS_103_11671_EXE_23_2024_1_unicycler
Running nucmer on Vibrio_cholerae_FDAARGOS_103_Vibrio_kagoshimensis_JAMM0761
Running nucmer on Vibrio_cholerae_FDAARGOS_103_11813_EXE_13_2025_P_PBC74148_final
Running nucmer on Vibrio_cholerae_FDAARGOS_103_Vibrio_agarilyticus_SM6
Running nucmer on Vibrio_cholerae_FDAARGOS_103_Vibrio_tarriae_2521_89
Running nucmer on Vibrio_cholerae_FDAARGOS_103_Vibrio_alginolyticus_ATCC_17749
Running nucmer on Vibrio_cholerae_FDAARGOS_103_11813_EXE_28_2025_A_PBC74148_final
Running nucmer on Vibrio_cholerae_FDAARGOS_103_Vibrio_bathopelagicus_Sal10
Running nucmer on Vibrio_cholerae_FDAARGOS_103_Vibrio_comitans_LMG_23416
Running nucmer on Vibrio_cholerae_FDAARGOS_103_Vibrio_ruber_CECT_7878
Running nucmer on Vibrio_cholerae_FDAARGOS_103_Vibrio_nitrifigilis_NFV_1
Running nucmer on Vibrio_cholerae_FDAARGOS_103_Vibrio_hibernica_B1_19
Running nucmer on Vibrio_cholerae_FDAARGOS_103_Vibrio_ponticus_DSM_16217
Running nucmer on Vibrio_cholerae_FDAARGOS_103_Vibrio_celticus_CECT_7224
Running nucmer on Vibrio_cholerae_FDAARGOS_103_11813_EXE_06_2024_E_PBC74148_final
Running nucmer on Vibrio_cholerae_FDAARGOS_103_11671_EXE_02_2024_3B1_unicycler
Running nucmer on Vibrio_cholerae_FDAARGOS_103_11813_EXE_29_2025_HH_PBC74148_final
Running nucmer on Vibrio_cholerae_FDAARGOS_103_Vibrio_harveyi_NCTC12970
Running nucmer on Vibrio_cholerae_FDAARGOS_103_Vibrio_breoganii_CECT_7222
Running nucmer on Vibrio_cholerae_FDAARGOS_103_11813_EXE_12_2025_A_PBC74148_final
Running nucmer on Vibrio_cholerae_FDAARGOS_103_Vibrio_glycogenivorans_WXL210
Running nucmer on Vibrio_cholerae_FDAARGOS_103_11813_EXE_32_2024_G_PBC74148_final
Running nucmer on Vibrio_cholerae_FDAARGOS_103_11813_EXE_25_2025_25N_PBC74148_final
Running nucmer on Vibrio_cholerae_FDAARGOS_103_11813_EXE_30_2024_G_PBC74148_final
Running nucmer on Vibrio_cholerae_FDAARGOS_103_Vibrio_injensis_M12_1144
Running nucmer on Vibrio_cholerae_FDAARGOS_103_Vibrio_litoralis_DSM_17657
Running nucmer on Vibrio_cholerae_FDAARGOS_103_Vibrio_kasasachensis_JAMM1812
Running nucmer on Vibrio_cholerae_FDAARGOS_103_Vibrio_ziniensis_ZWAL4003
Running nucmer on Vibrio_cholerae_FDAARGOS_103_Vibrio_furnissii_FDAARGOS_777
Running nucmer on Vibrio_cholerae_FDAARGOS_103_Vibrio_tetraodonis_subsp__pristinus_OCN044
Running nucmer on Vibrio_cholerae_FDAARGOS_103_Vibrio_marinisediminis_404
Running nucmer on Vibrio_cholerae_FDAARGOS_103_Vibrio_sabulosilitoris_MAO6
Running nucmer on Vibrio_cholerae_FDAARGOS_103_11813_EXE_13_2025_H_PBC74148_final
Running nucmer on Vibrio_cholerae_FDAARGOS_103_Vibrio_superstes_G3_29
Running nucmer on Vibrio_cholerae_FDAARGOS_103_Vibrio_mangrovi_CECT_7927
Running nucmer on Vibrio_cholerae_FDAARGOS_103_11813_EXE_20_2025_B_PBC74148_final
Running nucmer on Vibrio_cholerae_FDAARGOS_103_Vibrio_gazogenes_ATCC_29988
Running nucmer on Vibrio_cholerae_FDAARGOS_103_Vibrio_porteresiae_MSSRF30
Running nucmer on Vibrio_cholerae_FDAARGOS_103_11671_EXE_04_2024_2B3_unicycler
Running nucmer on Vibrio_cholerae_FDAARGOS_103_Vibrio_artabrorum_CECT_7226
Running nucmer on Vibrio_cholerae_FDAARGOS_103_Vibrio_ostreicida_CECT_7398
Running nucmer on Vibrio_cholerae_FDAARGOS_103_EXE08_2023B5_unicycler
Running nucmer on Vibrio_cholerae_FDAARGOS_103_Vibrio_cholerae_FDAARGOS_103
Running nucmer on Vibrio_cholerae_FDAARGOS_103_Vibrio_coralliirubri_DSM_27495
Running nucmer on Vibrio_cholerae_FDAARGOS_103_Vibrio_spartinae_CECT_9026
Running nucmer on Vibrio_cholerae_FDAARGOS_103_Vibrio_tapetis_subsp__tapetis_
Running nucmer on Vibrio_cholerae_FDAARGOS_103_Vibrio_japonicus_JCM_31412
Running nucmer on Vibrio_cholerae_FDAARGOS_103_EXE07_2023A4_unicycler

NUCmer on all reference genomes complete.
==================================================================

runContigNUCmer.pl -r /data/djs217/PROJECTS/56_Vibrio_phaME/01_PhaME/04_workdir_cholerae/files/Vibrio_cholerae_FDAARGOS_103.fna -q /data/djs217/PROJECTS/56_Vibrio_phaME/01_PhaME/04_workdir_cholerae -d /data/djs217/PROJECTS/56_Vibrio_phaME/01_PhaME/04_workdir_cholerae/results -l /data/djs217/PROJECTS/56_Vibrio_phaME/01_PhaME/04_workdir_cholerae/contigs_list.txt -t 1 -y 2 2>>/data/djs217/PROJECTS/56_Vibrio_phaME/01_PhaME/04_workdir_cholerae/results/all_vibrio_fastree_cholerae_ref.error >> /data/djs217/PROJECTS/56_Vibrio_phaME/01_PhaME/04_workdir_cholerae/results/all_vibrio_fastree_cholerae_ref.log


Using given reference:  /data/djs217/PROJECTS/56_Vibrio_phaME/01_PhaME/04_workdir_cholerae/files/Vibrio_cholerae_FDAARGOS_103.fna
NUCmer on all contig/draft genomes complete.


buildSNPDB.pl -i /data/djs217/PROJECTS/56_Vibrio_phaME/01_PhaME/04_workdir_cholerae/results -r /data/djs217/PROJECTS/56_Vibrio_phaME/01_PhaME/04_workdir_cholerae/files/Vibrio_cholerae_FDAARGOS_103.fna -l /data/djs217/PROJECTS/56_Vibrio_phaME/01_PhaME/04_workdir_cholerae/working_list.txt -p all_vibrio_fastree_cholerae_ref -c 0 -g 0.1 2>>/data/djs217/PROJECTS/56_Vibrio_phaME/01_PhaME/04_workdir_cholerae/results/all_vibrio_fastree_cholerae_ref.error >> /data/djs217/PROJECTS/56_Vibrio_phaME/01_PhaME/04_workdir_cholerae/results/all_vibrio_fastree_cholerae_ref.log

Reading Gaps file.
Warnings: Vibrio_tapetis_subsp__tapetis_ covered only 0.07869 of the Vibrio_cholerae_FDAARGOS_103 (<cutoff = 0.1). It will NOT be used to build SNP tree and matrix.
Warnings: Vibrio_ezurae_HDS1_1 covered only 0.07191 of the Vibrio_cholerae_FDAARGOS_103 (<cutoff = 0.1). It will NOT be used to build SNP tree and matrix.
Warnings: Vibrio_aquaticus_BEI207 covered only 0.09980 of the Vibrio_cholerae_FDAARGOS_103 (<cutoff = 0.1). It will NOT be used to build SNP tree and matrix.
Warnings: Vibrio_echinoideorum_DSM_107264 covered only 0.08688 of the Vibrio_cholerae_FDAARGOS_103 (<cutoff = 0.1). It will NOT be used to build SNP tree and matrix.
Warnings: Vibrio_marinisediminis_404 covered only 0.09593 of the Vibrio_cholerae_FDAARGOS_103 (<cutoff = 0.1). It will NOT be used to build SNP tree and matrix.
Warnings: Vibrio_salilacus_DSG_S6 covered only 0.09196 of the Vibrio_cholerae_FDAARGOS_103 (<cutoff = 0.1). It will NOT be used to build SNP tree and matrix.
Warnings: Vibrio_litoralis_DSM_17657 covered only 0.06902 of the Vibrio_cholerae_FDAARGOS_103 (<cutoff = 0.1). It will NOT be used to build SNP tree and matrix.
11813_EXE_27_2025_D_PBC74148_final covered 0.10132 of the Vibrio_cholerae_FDAARGOS_103 (<cutoff = 0.1). It will be used to build SNP tree and matrix.
Warnings: Vibrio_gazogenes_ATCC_29988 covered only 0.06969 of the Vibrio_cholerae_FDAARGOS_103 (<cutoff = 0.1). It will NOT be used to build SNP tree and matrix.
Vibrio_jasicida_CAIM_1864 covered 0.10652 of the Vibrio_cholerae_FDAARGOS_103 (<cutoff = 0.1). It will be used to build SNP tree and matrix.
Vibrio_ponticus_DSM_16217 covered 0.10147 of the Vibrio_cholerae_FDAARGOS_103 (<cutoff = 0.1). It will be used to build SNP tree and matrix.
EXE_08_2024_A_final covered 0.10033 of the Vibrio_cholerae_FDAARGOS_103 (<cutoff = 0.1). It will be used to build SNP tree and matrix.
11813_EXE_20_2024_J_PBC74148_final covered 0.10014 of the Vibrio_cholerae_FDAARGOS_103 (<cutoff = 0.1). It will be used to build SNP tree and matrix.
Vibrio_parahaemolyticus_ATCC_17802 covered 0.10650 of the Vibrio_cholerae_FDAARGOS_103 (<cutoff = 0.1). It will be used to build SNP tree and matrix.
Vibrio_cholerae_FDAARGOS_103 covered 0.99992 of the Vibrio_cholerae_FDAARGOS_103 (<cutoff = 0.1). It will be used to build SNP tree and matrix.
Warnings: Vibrio_glycogenivorans_WXL210 covered only 0.08096 of the Vibrio_cholerae_FDAARGOS_103 (<cutoff = 0.1). It will NOT be used to build SNP tree and matrix.
Vibrio_injensis_M12_1144 covered 0.10861 of the Vibrio_cholerae_FDAARGOS_103 (<cutoff = 0.1). It will be used to build SNP tree and matrix.
11813_EXE_13_2025_P_PBC74148_final covered 0.10533 of the Vibrio_cholerae_FDAARGOS_103 (<cutoff = 0.1). It will be used to build SNP tree and matrix.
Warnings: Vibrio_olivae_CECT_8064 covered only 0.09111 of the Vibrio_cholerae_FDAARGOS_103 (<cutoff = 0.1). It will NOT be used to build SNP tree and matrix.
Vibrio_aestuarianus_LMG_7909 covered 0.12147 of the Vibrio_cholerae_FDAARGOS_103 (<cutoff = 0.1). It will be used to build SNP tree and matrix.
Warnings: Vibrio_hangzhouensis_CGMCC_1_7062 covered only 0.08317 of the Vibrio_cholerae_FDAARGOS_103 (<cutoff = 0.1). It will NOT be used to build SNP tree and matrix.
Warnings: Vibrio_cionasavignyae_JAMM2507 covered only 0.08089 of the Vibrio_cholerae_FDAARGOS_103 (<cutoff = 0.1). It will NOT be used to build SNP tree and matrix.
Warnings: Vibrio_lamellibrachiae_JAMM2626 covered only 0.08309 of the Vibrio_cholerae_FDAARGOS_103 (<cutoff = 0.1). It will NOT be used to build SNP tree and matrix.
11813_EXE_13_2025_H_PBC74148_final covered 0.12102 of the Vibrio_cholerae_FDAARGOS_103 (<cutoff = 0.1). It will be used to build SNP tree and matrix.
Vibrio_natriegens_CCUG_16371 covered 0.10152 of the Vibrio_cholerae_FDAARGOS_103 (<cutoff = 0.1). It will be used to build SNP tree and matrix.
Vibrio_ouci_BEI176 covered 0.10144 of the Vibrio_cholerae_FDAARGOS_103 (<cutoff = 0.1). It will be used to build SNP tree and matrix.
11813_EXE_01_2024_7_PBC74148_final covered 0.10023 of the Vibrio_cholerae_FDAARGOS_103 (<cutoff = 0.1). It will be used to build SNP tree and matrix.
Vibrio_porteresiae_MSSRF30 covered 0.10805 of the Vibrio_cholerae_FDAARGOS_103 (<cutoff = 0.1). It will be used to build SNP tree and matrix.
Vibrio_hepatarius_DSM_19134 covered 0.10977 of the Vibrio_cholerae_FDAARGOS_103 (<cutoff = 0.1). It will be used to build SNP tree and matrix.
11813_EXE_34_2024_C_PBC74148_final covered 0.10037 of the Vibrio_cholerae_FDAARGOS_103 (<cutoff = 0.1). It will be used to build SNP tree and matrix.
EXE_30_2025_R_final covered 0.10634 of the Vibrio_cholerae_FDAARGOS_103 (<cutoff = 0.1). It will be used to build SNP tree and matrix.
Warnings: Vibrio_pacinii_DSM_19139 covered only 0.09492 of the Vibrio_cholerae_FDAARGOS_103 (<cutoff = 0.1). It will NOT be used to build SNP tree and matrix.
Warnings: Vibrio_lentus_40M4T covered only 0.08686 of the Vibrio_cholerae_FDAARGOS_103 (<cutoff = 0.1). It will NOT be used to build SNP tree and matrix.
Warnings: Vibrio_spartinae_CECT_9026 covered only 0.06913 of the Vibrio_cholerae_FDAARGOS_103 (<cutoff = 0.1). It will NOT be used to build SNP tree and matrix.
EXE_33_2024_E_final covered 0.10667 of the Vibrio_cholerae_FDAARGOS_103 (<cutoff = 0.1). It will be used to build SNP tree and matrix.
Warnings: Vibrio_wakamikoensis_JAMM2464 covered only 0.09040 of the Vibrio_cholerae_FDAARGOS_103 (<cutoff = 0.1). It will NOT be used to build SNP tree and matrix.
Vibrio_atypicus_DSM_25292 covered 0.10043 of the Vibrio_cholerae_FDAARGOS_103 (<cutoff = 0.1). It will be used to build SNP tree and matrix.
Vibrio_qinghaiensis_Q67 covered 0.15132 of the Vibrio_cholerae_FDAARGOS_103 (<cutoff = 0.1). It will be used to build SNP tree and matrix.
Warnings: Vibrio_mangrovi_CECT_7927 covered only 0.07211 of the Vibrio_cholerae_FDAARGOS_103 (<cutoff = 0.1). It will NOT be used to build SNP tree and matrix.
Vibrio_hyugaensis_090810a covered 0.10141 of the Vibrio_cholerae_FDAARGOS_103 (<cutoff = 0.1). It will be used to build SNP tree and matrix.
EXE07_2023A1_unicycler covered 0.10145 of the Vibrio_cholerae_FDAARGOS_103 (<cutoff = 0.1). It will be used to build SNP tree and matrix.
11671_EXE_45_2024_E_unicycler covered 0.91011 of the Vibrio_cholerae_FDAARGOS_103 (<cutoff = 0.1). It will be used to build SNP tree and matrix.
Warnings: Vibrio_fortis_LMG_21557 covered only 0.09217 of the Vibrio_cholerae_FDAARGOS_103 (<cutoff = 0.1). It will NOT be used to build SNP tree and matrix.
Vibrio_paracholerae_EDC_792 covered 0.87431 of the Vibrio_cholerae_FDAARGOS_103 (<cutoff = 0.1). It will be used to build SNP tree and matrix.
Warnings: Vibrio_marisflavi_CECT_7928 covered only 0.07402 of the Vibrio_cholerae_FDAARGOS_103 (<cutoff = 0.1). It will NOT be used to build SNP tree and matrix.
Warnings: Vibrio_kanaloae_LMG_20539 covered only 0.08799 of the Vibrio_cholerae_FDAARGOS_103 (<cutoff = 0.1). It will NOT be used to build SNP tree and matrix.
Warnings: Vibrio_amylolyticus_ZSDE26 covered only 0.08614 of the Vibrio_cholerae_FDAARGOS_103 (<cutoff = 0.1). It will NOT be used to build SNP tree and matrix.
Warnings: Vibrio_coralliilyticus_DSM_19607 covered only 0.09942 of the Vibrio_cholerae_FDAARGOS_103 (<cutoff = 0.1). It will NOT be used to build SNP tree and matrix.
Warnings: Vibrio_agarivorans_CECT_5085 covered only 0.08288 of the Vibrio_cholerae_FDAARGOS_103 (<cutoff = 0.1). It will NOT be used to build SNP tree and matrix.
11813_EXE_30_2024_G_PBC74148_final covered 0.10501 of the Vibrio_cholerae_FDAARGOS_103 (<cutoff = 0.1). It will be used to build SNP tree and matrix.
11813_EXE_30_2025_S_PBC74148_final covered 0.10636 of the Vibrio_cholerae_FDAARGOS_103 (<cutoff = 0.1). It will be used to build SNP tree and matrix.
11813_EXE_22_2025_T1A_PBC74148_final covered 0.10027 of the Vibrio_cholerae_FDAARGOS_103 (<cutoff = 0.1). It will be used to build SNP tree and matrix.
11813_EXE_29_2025_K_PBC74148_final covered 0.10369 of the Vibrio_cholerae_FDAARGOS_103 (<cutoff = 0.1). It will be used to build SNP tree and matrix.
Vibrio_anguillarum_NCTC12159 covered 0.14242 of the Vibrio_cholerae_FDAARGOS_103 (<cutoff = 0.1). It will be used to build SNP tree and matrix.
Warnings: Vibrio_hibernica_B1_19 covered only 0.06105 of the Vibrio_cholerae_FDAARGOS_103 (<cutoff = 0.1). It will NOT be used to build SNP tree and matrix.
Vibrio_chemaguriensis_Iso1 covered 0.10135 of the Vibrio_cholerae_FDAARGOS_103 (<cutoff = 0.1). It will be used to build SNP tree and matrix.
Warnings: Vibrio_methylphosphonaticus_S4B1 covered only 0.08049 of the Vibrio_cholerae_FDAARGOS_103 (<cutoff = 0.1). It will NOT be used to build SNP tree and matrix.
Warnings: Vibrio_aquimaris_THAF100 covered only 0.07627 of the Vibrio_cholerae_FDAARGOS_103 (<cutoff = 0.1). It will NOT be used to build SNP tree and matrix.
Warnings: Vibrio_ulleungensis_188UL20_2 covered only 0.06518 of the Vibrio_cholerae_FDAARGOS_103 (<cutoff = 0.1). It will NOT be used to build SNP tree and matrix.
Vibrio_vulnificus_2142_77 covered 0.12789 of the Vibrio_cholerae_FDAARGOS_103 (<cutoff = 0.1). It will be used to build SNP tree and matrix.
11813_EXE_30_2025_L_PBC74148_final covered 0.10196 of the Vibrio_cholerae_FDAARGOS_103 (<cutoff = 0.1). It will be used to build SNP tree and matrix.
EXE_01_2025_M_final covered 0.12845 of the Vibrio_cholerae_FDAARGOS_103 (<cutoff = 0.1). It will be used to build SNP tree and matrix.
Warnings: Vibrio_gallicus_CIP_107863 covered only 0.06414 of the Vibrio_cholerae_FDAARGOS_103 (<cutoff = 0.1). It will NOT be used to build SNP tree and matrix.
REPEATS covered 0.95442 of the Vibrio_cholerae_FDAARGOS_103 (<cutoff = 0.1). It will be used to build SNP tree and matrix.
Vibrio_fluminensis_A621 covered 0.10009 of the Vibrio_cholerae_FDAARGOS_103 (<cutoff = 0.1). It will be used to build SNP tree and matrix.
11813_EXE_05_2024_A_PBC74148_final covered 0.92055 of the Vibrio_cholerae_FDAARGOS_103 (<cutoff = 0.1). It will be used to build SNP tree and matrix.
11813_EXE_21_2025_F_PBC74148_final covered 0.10023 of the Vibrio_cholerae_FDAARGOS_103 (<cutoff = 0.1). It will be used to build SNP tree and matrix.
Warnings: Vibrio_agarilyticus_SM6 covered only 0.08467 of the Vibrio_cholerae_FDAARGOS_103 (<cutoff = 0.1). It will NOT be used to build SNP tree and matrix.
Warnings: Vibrio_syngnathi_K08M4 covered only 0.08701 of the Vibrio_cholerae_FDAARGOS_103 (<cutoff = 0.1). It will NOT be used to build SNP tree and matrix.
Warnings: Vibrio_maerlii_G62 covered only 0.08600 of the Vibrio_cholerae_FDAARGOS_103 (<cutoff = 0.1). It will NOT be used to build SNP tree and matrix.
Vibrio_harveyi_NCTC12970 covered 0.10286 of the Vibrio_cholerae_FDAARGOS_103 (<cutoff = 0.1). It will be used to build SNP tree and matrix.
Vibrio_tubiashii_ATCC_19109 covered 0.10205 of the Vibrio_cholerae_FDAARGOS_103 (<cutoff = 0.1). It will be used to build SNP tree and matrix.
Vibrio_brasiliensis_LMG_20546 covered 0.10163 of the Vibrio_cholerae_FDAARGOS_103 (<cutoff = 0.1). It will be used to build SNP tree and matrix.
Warnings: Vibrio_thalassae_KCTC_32373 covered only 0.08231 of the Vibrio_cholerae_FDAARGOS_103 (<cutoff = 0.1). It will NOT be used to build SNP tree and matrix.
Vibrio_diabolicus_CNCM_I_1629 covered 0.10177 of the Vibrio_cholerae_FDAARGOS_103 (<cutoff = 0.1). It will be used to build SNP tree and matrix.
Vibrio_navarrensis_ATCC_51183 covered 0.12689 of the Vibrio_cholerae_FDAARGOS_103 (<cutoff = 0.1). It will be used to build SNP tree and matrix.
EXE_13_2025_A_final covered 0.10501 of the Vibrio_cholerae_FDAARGOS_103 (<cutoff = 0.1). It will be used to build SNP tree and matrix.
Vibrio_furnissii_FDAARGOS_777 covered 0.16883 of the Vibrio_cholerae_FDAARGOS_103 (<cutoff = 0.1). It will be used to build SNP tree and matrix.
Vibrio_chanodichtyis_DSL_7 covered 0.37359 of the Vibrio_cholerae_FDAARGOS_103 (<cutoff = 0.1). It will be used to build SNP tree and matrix.
Warnings: Vibrio_pelagius_ATCC_25916 covered only 0.09041 of the Vibrio_cholerae_FDAARGOS_103 (<cutoff = 0.1). It will NOT be used to build SNP tree and matrix.
Warnings: Vibrio_comitans_LMG_23416 covered only 0.06777 of the Vibrio_cholerae_FDAARGOS_103 (<cutoff = 0.1). It will NOT be used to build SNP tree and matrix.
Warnings: Vibrio_bathopelagicus_Sal10 covered only 0.09069 of the Vibrio_cholerae_FDAARGOS_103 (<cutoff = 0.1). It will NOT be used to build SNP tree and matrix.
11671_EXE_22_2024_B_unicycler covered 0.10569 of the Vibrio_cholerae_FDAARGOS_103 (<cutoff = 0.1). It will be used to build SNP tree and matrix.
11813_EXE_34_2024_P_PBC74148_final covered 0.10666 of the Vibrio_cholerae_FDAARGOS_103 (<cutoff = 0.1). It will be used to build SNP tree and matrix.
Warnings: Vibrio_celticus_CECT_7224 covered only 0.08817 of the Vibrio_cholerae_FDAARGOS_103 (<cutoff = 0.1). It will NOT be used to build SNP tree and matrix.
11813_EXE_06_2024_E_PBC74148_final covered 0.10259 of the Vibrio_cholerae_FDAARGOS_103 (<cutoff = 0.1). It will be used to build SNP tree and matrix.
Warnings: Vibrio_rarus_LMG_23674 covered only 0.06674 of the Vibrio_cholerae_FDAARGOS_103 (<cutoff = 0.1). It will NOT be used to build SNP tree and matrix.
Warnings: Vibrio_sabulosilitoris_MAO6 covered only 0.08300 of the Vibrio_cholerae_FDAARGOS_103 (<cutoff = 0.1). It will NOT be used to build SNP tree and matrix.
Vibrio_alginolyticus_ATCC_17749 covered 0.10215 of the Vibrio_cholerae_FDAARGOS_103 (<cutoff = 0.1). It will be used to build SNP tree and matrix.
Warnings: Vibrio_algivorus_SA2 covered only 0.06867 of the Vibrio_cholerae_FDAARGOS_103 (<cutoff = 0.1). It will NOT be used to build SNP tree and matrix.
11671_EXE_26_2024_C_unicycler covered 0.10455 of the Vibrio_cholerae_FDAARGOS_103 (<cutoff = 0.1). It will be used to build SNP tree and matrix.
Warnings: Vibrio_inusitatus_LMG_23434 covered only 0.06565 of the Vibrio_cholerae_FDAARGOS_103 (<cutoff = 0.1). It will NOT be used to build SNP tree and matrix.
Warnings: Vibrio_tetraodonis_subsp__pristinus_OCN044 covered only 0.07359 of the Vibrio_cholerae_FDAARGOS_103 (<cutoff = 0.1). It will NOT be used to build SNP tree and matrix.
Warnings: Vibrio_nomapromontoriensis_JAMM1728 covered only 0.07970 of the Vibrio_cholerae_FDAARGOS_103 (<cutoff = 0.1). It will NOT be used to build SNP tree and matrix.
11671_EXE_23_2024_1_unicycler covered 0.10462 of the Vibrio_cholerae_FDAARGOS_103 (<cutoff = 0.1). It will be used to build SNP tree and matrix.
Warnings: Vibrio_hippocampi_CECT_8226 covered only 0.07931 of the Vibrio_cholerae_FDAARGOS_103 (<cutoff = 0.1). It will NOT be used to build SNP tree and matrix.
Vibrio_owensii_DY05 covered 0.10458 of the Vibrio_cholerae_FDAARGOS_103 (<cutoff = 0.1). It will be used to build SNP tree and matrix.
Vibrio_japonicus_JCM_31412 covered 0.10260 of the Vibrio_cholerae_FDAARGOS_103 (<cutoff = 0.1). It will be used to build SNP tree and matrix.
Warnings: Vibrio_palustris_CECT_9027 covered only 0.07660 of the Vibrio_cholerae_FDAARGOS_103 (<cutoff = 0.1). It will NOT be used to build SNP tree and matrix.
Vibrio_sinaloensis_CECT_7298 covered 0.10102 of the Vibrio_cholerae_FDAARGOS_103 (<cutoff = 0.1). It will be used to build SNP tree and matrix.
11813_EX_23_2024_K_PBC74148_final covered 0.10362 of the Vibrio_cholerae_FDAARGOS_103 (<cutoff = 0.1). It will be used to build SNP tree and matrix.
Vibrio_campbellii_CAIM_519 covered 0.10431 of the Vibrio_cholerae_FDAARGOS_103 (<cutoff = 0.1). It will be used to build SNP tree and matrix.
11813_EXE_32_2024_G_PBC74148_final covered 0.10553 of the Vibrio_cholerae_FDAARGOS_103 (<cutoff = 0.1). It will be used to build SNP tree and matrix.
Warnings: Vibrio_neptunius_KCTC_12702 covered only 0.09678 of the Vibrio_cholerae_FDAARGOS_103 (<cutoff = 0.1). It will NOT be used to build SNP tree and matrix.
Warnings: Vibrio_satsumensis_JAMM0822 covered only 0.09111 of the Vibrio_cholerae_FDAARGOS_103 (<cutoff = 0.1). It will NOT be used to build SNP tree and matrix.
Warnings: Vibrio_coralliirubri_DSM_27495 covered only 0.08986 of the Vibrio_cholerae_FDAARGOS_103 (<cutoff = 0.1). It will NOT be used to build SNP tree and matrix.
Warnings: Vibrio_gangliei_DSM_104291 covered only 0.07586 of the Vibrio_cholerae_FDAARGOS_103 (<cutoff = 0.1). It will NOT be used to build SNP tree and matrix.
Warnings: Vibrio_casei_DSM_22364 covered only 0.06377 of the Vibrio_cholerae_FDAARGOS_103 (<cutoff = 0.1). It will NOT be used to build SNP tree and matrix.
Warnings: Vibrio_apostichopi_FE10 covered only 0.08985 of the Vibrio_cholerae_FDAARGOS_103 (<cutoff = 0.1). It will NOT be used to build SNP tree and matrix.
11813_EXE_28_2025_A_PBC74148_final covered 0.10221 of the Vibrio_cholerae_FDAARGOS_103 (<cutoff = 0.1). It will be used to build SNP tree and matrix.
Warnings: Vibrio_nitrifigilis_NFV_1 covered only 0.08941 of the Vibrio_cholerae_FDAARGOS_103 (<cutoff = 0.1). It will NOT be used to build SNP tree and matrix.
11813_EXE22_2025_IVF5LA_PBC74148_final covered 0.10376 of the Vibrio_cholerae_FDAARGOS_103 (<cutoff = 0.1). It will be used to build SNP tree and matrix.
11813_EXE_33_2024_F_PBC74148_final covered 0.10671 of the Vibrio_cholerae_FDAARGOS_103 (<cutoff = 0.1). It will be used to build SNP tree and matrix.
Warnings: Vibrio_splendidus_LMG_19031 covered only 0.09135 of the Vibrio_cholerae_FDAARGOS_103 (<cutoff = 0.1). It will NOT be used to build SNP tree and matrix.
Vibrio_floridensis_IRLE0018 covered 0.11987 of the Vibrio_cholerae_FDAARGOS_103 (<cutoff = 0.1). It will be used to build SNP tree and matrix.
Warnings: Vibrio_barjaei_3062 covered only 0.08473 of the Vibrio_cholerae_FDAARGOS_103 (<cutoff = 0.1). It will NOT be used to build SNP tree and matrix.
11671_Guernsey_unicycler covered 0.10168 of the Vibrio_cholerae_FDAARGOS_103 (<cutoff = 0.1). It will be used to build SNP tree and matrix.
Warnings: Vibrio_atlanticus_CECT_7223 covered only 0.08861 of the Vibrio_cholerae_FDAARGOS_103 (<cutoff = 0.1). It will NOT be used to build SNP tree and matrix.
Warnings: Vibrio_iocasae_HN007 covered only 0.07887 of the Vibrio_cholerae_FDAARGOS_103 (<cutoff = 0.1). It will NOT be used to build SNP tree and matrix.
11813_EXE_26_2025_A_PBC74148_final covered 0.10243 of the Vibrio_cholerae_FDAARGOS_103 (<cutoff = 0.1). It will be used to build SNP tree and matrix.
Vibrio_intestinalis_YLB_11 covered 0.10267 of the Vibrio_cholerae_FDAARGOS_103 (<cutoff = 0.1). It will be used to build SNP tree and matrix.
Warnings: Vibrio_penaeicida_IFO_15640 covered only 0.08017 of the Vibrio_cholerae_FDAARGOS_103 (<cutoff = 0.1). It will NOT be used to build SNP tree and matrix.
Warnings: Vibrio_toranzoniae_CECT_7225 covered only 0.08542 of the Vibrio_cholerae_FDAARGOS_103 (<cutoff = 0.1). It will NOT be used to build SNP tree and matrix.
Warnings: Vibrio_neonatus_JCM_21521 covered only 0.06996 of the Vibrio_cholerae_FDAARGOS_103 (<cutoff = 0.1). It will NOT be used to build SNP tree and matrix.
Warnings: Vibrio_chaetopteri_CB1_14 covered only 0.09087 of the Vibrio_cholerae_FDAARGOS_103 (<cutoff = 0.1). It will NOT be used to build SNP tree and matrix.
Warnings: Vibrio_gallaecicus_CECT_7244 covered only 0.08370 of the Vibrio_cholerae_FDAARGOS_103 (<cutoff = 0.1). It will NOT be used to build SNP tree and matrix.
Warnings: Vibrio_bivalvicida_605 covered only 0.09735 of the Vibrio_cholerae_FDAARGOS_103 (<cutoff = 0.1). It will NOT be used to build SNP tree and matrix.
Warnings: Vibrio_albus_E4404 covered only 0.07371 of the Vibrio_cholerae_FDAARGOS_103 (<cutoff = 0.1). It will NOT be used to build SNP tree and matrix.
Vibrio_plantisponsor_MSSRF60 covered 0.12185 of the Vibrio_cholerae_FDAARGOS_103 (<cutoff = 0.1). It will be used to build SNP tree and matrix.
Warnings: Vibrio_halioticoli_IAM_14596 covered only 0.06772 of the Vibrio_cholerae_FDAARGOS_103 (<cutoff = 0.1). It will NOT be used to build SNP tree and matrix.
Warnings: Vibrio_orientalis_CIP_102891 covered only 0.09864 of the Vibrio_cholerae_FDAARGOS_103 (<cutoff = 0.1). It will NOT be used to build SNP tree and matrix.
Warnings: Vibrio_gigantis_LMG_22741 covered only 0.08806 of the Vibrio_cholerae_FDAARGOS_103 (<cutoff = 0.1). It will NOT be used to build SNP tree and matrix.
EXE09_2023D7_unicycler covered 0.10171 of the Vibrio_cholerae_FDAARGOS_103 (<cutoff = 0.1). It will be used to build SNP tree and matrix.
11813_EXE_29_2025_V_PBC74148_final covered 0.10212 of the Vibrio_cholerae_FDAARGOS_103 (<cutoff = 0.1). It will be used to build SNP tree and matrix.
11813_EXE_30_2024_F_PBC74148_final covered 0.10023 of the Vibrio_cholerae_FDAARGOS_103 (<cutoff = 0.1). It will be used to build SNP tree and matrix.
Vibrio_scophthalmi_LMG_19158 covered 0.10054 of the Vibrio_cholerae_FDAARGOS_103 (<cutoff = 0.1). It will be used to build SNP tree and matrix.
Vibrio_misgurnus_GVC covered 0.37310 of the Vibrio_cholerae_FDAARGOS_103 (<cutoff = 0.1). It will be used to build SNP tree and matrix.
Warnings: Vibrio_cortegadensis_CECT_7227 covered only 0.08142 of the Vibrio_cholerae_FDAARGOS_103 (<cutoff = 0.1). It will NOT be used to build SNP tree and matrix.
11671_EXE_25_2024_H_unicycler covered 0.10632 of the Vibrio_cholerae_FDAARGOS_103 (<cutoff = 0.1). It will be used to build SNP tree and matrix.
EXE10_2023G3_unicycler covered 0.10487 of the Vibrio_cholerae_FDAARGOS_103 (<cutoff = 0.1). It will be used to build SNP tree and matrix.
EXE_23_2025_L_final covered 0.10504 of the Vibrio_cholerae_FDAARGOS_103 (<cutoff = 0.1). It will be used to build SNP tree and matrix.
Vibrio_cincinnatiensis_NCTC12012 covered 0.11220 of the Vibrio_cholerae_FDAARGOS_103 (<cutoff = 0.1). It will be used to build SNP tree and matrix.
Warnings: Vibrio_mediterranei_ covered only 0.08565 of the Vibrio_cholerae_FDAARGOS_103 (<cutoff = 0.1). It will NOT be used to build SNP tree and matrix.
Vibrio_panuliri_JCM_19500 covered 0.10094 of the Vibrio_cholerae_FDAARGOS_103 (<cutoff = 0.1). It will be used to build SNP tree and matrix.
Warnings: Vibrio_ruber_CECT_7878 covered only 0.07167 of the Vibrio_cholerae_FDAARGOS_103 (<cutoff = 0.1). It will NOT be used to build SNP tree and matrix.
Vibrio_alfacsensis_CAIM_1831 covered 0.10182 of the Vibrio_cholerae_FDAARGOS_103 (<cutoff = 0.1). It will be used to build SNP tree and matrix.
EXE_15_2024_J_unicycler covered 0.10652 of the Vibrio_cholerae_FDAARGOS_103 (<cutoff = 0.1). It will be used to build SNP tree and matrix.
Warnings: Vibrio_crassostreae_LMG_22240 covered only 0.09043 of the Vibrio_cholerae_FDAARGOS_103 (<cutoff = 0.1). It will NOT be used to build SNP tree and matrix.
Vibrio_tarriae_2521_89 covered 0.84943 of the Vibrio_cholerae_FDAARGOS_103 (<cutoff = 0.1). It will be used to build SNP tree and matrix.
Warnings: Vibrio_rhizosphaerae_LMG_23790 covered only 0.07038 of the Vibrio_cholerae_FDAARGOS_103 (<cutoff = 0.1). It will NOT be used to build SNP tree and matrix.
Vibrio_xiamenensis_CGMCC_1_10228 covered 0.10191 of the Vibrio_cholerae_FDAARGOS_103 (<cutoff = 0.1). It will be used to build SNP tree and matrix.
Warnings: Vibrio_viridaestus_LJC006 covered only 0.07419 of the Vibrio_cholerae_FDAARGOS_103 (<cutoff = 0.1). It will NOT be used to build SNP tree and matrix.
Warnings: Vibrio_pomeroyi_LMG_20537 covered only 0.09245 of the Vibrio_cholerae_FDAARGOS_103 (<cutoff = 0.1). It will NOT be used to build SNP tree and matrix.
Warnings: Vibrio_tetraodonis_A511 covered only 0.07843 of the Vibrio_cholerae_FDAARGOS_103 (<cutoff = 0.1). It will NOT be used to build SNP tree and matrix.
Warnings: Vibrio_nereis_DSM_19584 covered only 0.09850 of the Vibrio_cholerae_FDAARGOS_103 (<cutoff = 0.1). It will NOT be used to build SNP tree and matrix.
Vibrio_fluvialis_ATCC_33809 covered 0.17568 of the Vibrio_cholerae_FDAARGOS_103 (<cutoff = 0.1). It will be used to build SNP tree and matrix.
Warnings: Vibrio_profundi_TP187 covered only 0.09142 of the Vibrio_cholerae_FDAARGOS_103 (<cutoff = 0.1). It will NOT be used to build SNP tree and matrix.
Warnings: Vibrio_cyclitrophicus_LMG_21359 covered only 0.08655 of the Vibrio_cholerae_FDAARGOS_103 (<cutoff = 0.1). It will NOT be used to build SNP tree and matrix.
Warnings: 11813_EXE_22_2025_DG1LF_PBC7_final covered only 0.09951 of the Vibrio_cholerae_FDAARGOS_103 (<cutoff = 0.1). It will NOT be used to build SNP tree and matrix.
Warnings: Vibrio_caribbeanicus_ATCC_BAA_2122 covered only 0.06850 of the Vibrio_cholerae_FDAARGOS_103 (<cutoff = 0.1). It will NOT be used to build SNP tree and matrix.
Warnings: Vibrio_sagamiensis_NBRC_104589 covered only 0.08055 of the Vibrio_cholerae_FDAARGOS_103 (<cutoff = 0.1). It will NOT be used to build SNP tree and matrix.
EXE07_2023A4_unicycler covered 0.10132 of the Vibrio_cholerae_FDAARGOS_103 (<cutoff = 0.1). It will be used to build SNP tree and matrix.
Warnings: Vibrio_sinensis_BEI233 covered only 0.09122 of the Vibrio_cholerae_FDAARGOS_103 (<cutoff = 0.1). It will NOT be used to build SNP tree and matrix.
11813_EXE_33_2024_C_PBC74148_final covered 0.10137 of the Vibrio_cholerae_FDAARGOS_103 (<cutoff = 0.1). It will be used to build SNP tree and matrix.
11813_EXE_19_2024_M_PBC74148_final covered 0.10039 of the Vibrio_cholerae_FDAARGOS_103 (<cutoff = 0.1). It will be used to build SNP tree and matrix.
Warnings: Vibrio_gelatinilyticus_ZSDZ34 covered only 0.07511 of the Vibrio_cholerae_FDAARGOS_103 (<cutoff = 0.1). It will NOT be used to build SNP tree and matrix.
Vibrio_tritonius_JCM_16456 covered 0.10157 of the Vibrio_cholerae_FDAARGOS_103 (<cutoff = 0.1). It will be used to build SNP tree and matrix.
Warnings: Vibrio_sinus_S4M6 covered only 0.07284 of the Vibrio_cholerae_FDAARGOS_103 (<cutoff = 0.1). It will NOT be used to build SNP tree and matrix.
Warnings: Vibrio_breoganii_CECT_7222 covered only 0.06799 of the Vibrio_cholerae_FDAARGOS_103 (<cutoff = 0.1). It will NOT be used to build SNP tree and matrix.
Warnings: Vibrio_galatheae_S2757 covered only 0.09885 of the Vibrio_cholerae_FDAARGOS_103 (<cutoff = 0.1). It will NOT be used to build SNP tree and matrix.
11671_EXE_19_2024_C_unicycler covered 0.10632 of the Vibrio_cholerae_FDAARGOS_103 (<cutoff = 0.1). It will be used to build SNP tree and matrix.
Warnings: Vibrio_zhanjiangensis_NBRC_108723 covered only 0.07500 of the Vibrio_cholerae_FDAARGOS_103 (<cutoff = 0.1). It will NOT be used to build SNP tree and matrix.
Vibrio_antiquarius_EX25 covered 0.10161 of the Vibrio_cholerae_FDAARGOS_103 (<cutoff = 0.1). It will be used to build SNP tree and matrix.
Vibrio_proteolyticus_ATCC_15338 covered 0.10895 of the Vibrio_cholerae_FDAARGOS_103 (<cutoff = 0.1). It will be used to build SNP tree and matrix.
Warnings: Vibrio_ishigakensis_JCM_19231 covered only 0.06999 of the Vibrio_cholerae_FDAARGOS_103 (<cutoff = 0.1). It will NOT be used to build SNP tree and matrix.
Warnings: Vibrio_pectenicida_LMG_19642 covered only 0.07282 of the Vibrio_cholerae_FDAARGOS_103 (<cutoff = 0.1). It will NOT be used to build SNP tree and matrix.
Vibrio_ziniensis_ZWAL4003 covered 0.11439 of the Vibrio_cholerae_FDAARGOS_103 (<cutoff = 0.1). It will be used to build SNP tree and matrix.
Warnings: Vibrio_ostreicida_CECT_7398 covered only 0.07226 of the Vibrio_cholerae_FDAARGOS_103 (<cutoff = 0.1). It will NOT be used to build SNP tree and matrix.
Warnings: Vibrio_kyushuensis_JAMM1822 covered only 0.08485 of the Vibrio_cholerae_FDAARGOS_103 (<cutoff = 0.1). It will NOT be used to build SNP tree and matrix.
Warnings: Vibrio_renipiscarius_DCR_1_4_2 covered only 0.09705 of the Vibrio_cholerae_FDAARGOS_103 (<cutoff = 0.1). It will NOT be used to build SNP tree and matrix.
Warnings: Vibrio_kagoshimensis_JAMM0761 covered only 0.08300 of the Vibrio_cholerae_FDAARGOS_103 (<cutoff = 0.1). It will NOT be used to build SNP tree and matrix.
Warnings: Vibrio_rumoiensis_FERM_P_14531 covered only 0.07058 of the Vibrio_cholerae_FDAARGOS_103 (<cutoff = 0.1). It will NOT be used to build SNP tree and matrix.
11813_EXE_29_2025_HH_PBC74148_final covered 0.10451 of the Vibrio_cholerae_FDAARGOS_103 (<cutoff = 0.1). It will be used to build SNP tree and matrix.
Vibrio_europaeus_PP_638 covered 0.10146 of the Vibrio_cholerae_FDAARGOS_103 (<cutoff = 0.1). It will be used to build SNP tree and matrix.
Warnings: Vibrio_azureus_LC2_005 covered only 0.08162 of the Vibrio_cholerae_FDAARGOS_103 (<cutoff = 0.1). It will NOT be used to build SNP tree and matrix.
Vibrio_rotiferianus_CAIM_577 covered 0.10399 of the Vibrio_cholerae_FDAARGOS_103 (<cutoff = 0.1). It will be used to build SNP tree and matrix.
EXE_20_2025_B_final covered 0.10023 of the Vibrio_cholerae_FDAARGOS_103 (<cutoff = 0.1). It will be used to build SNP tree and matrix.
Warnings: Vibrio_artabrorum_CECT_7226 covered only 0.08470 of the Vibrio_cholerae_FDAARGOS_103 (<cutoff = 0.1). It will NOT be used to build SNP tree and matrix.
Warnings: Vibrio_superstes_G3_29 covered only 0.06703 of the Vibrio_cholerae_FDAARGOS_103 (<cutoff = 0.1). It will NOT be used to build SNP tree and matrix.
Warnings: Vibrio_mytili_type_strain__CIP103929 covered only 0.09298 of the Vibrio_cholerae_FDAARGOS_103 (<cutoff = 0.1). It will NOT be used to build SNP tree and matrix.
11813_EXE_09_2024_B_PBC74148_final covered 0.10023 of the Vibrio_cholerae_FDAARGOS_103 (<cutoff = 0.1). It will be used to build SNP tree and matrix.
Warnings: Vibrio_aphrogenes_CA_1004 covered only 0.06877 of the Vibrio_cholerae_FDAARGOS_103 (<cutoff = 0.1). It will NOT be used to build SNP tree and matrix.
Warnings: Vibrio_chagasii_LMG_21353 covered only 0.09046 of the Vibrio_cholerae_FDAARGOS_103 (<cutoff = 0.1). It will NOT be used to build SNP tree and matrix.
Warnings: Vibrio_clamense_JAMM0920 covered only 0.08037 of the Vibrio_cholerae_FDAARGOS_103 (<cutoff = 0.1). It will NOT be used to build SNP tree and matrix.
Vibrio_metschnikovii_NCTC8443 covered 0.10715 of the Vibrio_cholerae_FDAARGOS_103 (<cutoff = 0.1). It will be used to build SNP tree and matrix.
Vibrio_diazotrophicus_ATCC_33466 covered 0.12105 of the Vibrio_cholerae_FDAARGOS_103 (<cutoff = 0.1). It will be used to build SNP tree and matrix.
11813_EXE_12_2025_A_PBC74148_final covered 0.10148 of the Vibrio_cholerae_FDAARGOS_103 (<cutoff = 0.1). It will be used to build SNP tree and matrix.
11813_EXE_27_2025_A_PBC74148_final covered 0.10335 of the Vibrio_cholerae_FDAARGOS_103 (<cutoff = 0.1). It will be used to build SNP tree and matrix.
Warnings: Vibrio_tasmaniensis_LMG_20012 covered only 0.08840 of the Vibrio_cholerae_FDAARGOS_103 (<cutoff = 0.1). It will NOT be used to build SNP tree and matrix.
Vibrio_ostreae_OG9_811 covered 0.12938 of the Vibrio_cholerae_FDAARGOS_103 (<cutoff = 0.1). It will be used to build SNP tree and matrix.
Vibrio_mimicus_NCTC11435 covered 0.68732 of the Vibrio_cholerae_FDAARGOS_103 (<cutoff = 0.1). It will be used to build SNP tree and matrix.
EXE08_2023B5_unicycler covered 0.10141 of the Vibrio_cholerae_FDAARGOS_103 (<cutoff = 0.1). It will be used to build SNP tree and matrix.
Warnings: Vibrio_tapetis_subsp__quintayensis_CECT_8851 covered only 0.07488 of the Vibrio_cholerae_FDAARGOS_103 (<cutoff = 0.1). It will NOT be used to build SNP tree and matrix.
Vibrio_rhodolitus_G98 covered 0.10443 of the Vibrio_cholerae_FDAARGOS_103 (<cutoff = 0.1). It will be used to build SNP tree and matrix.
Warnings: Vibrio_kasasachensis_JAMM1812 covered only 0.08559 of the Vibrio_cholerae_FDAARGOS_103 (<cutoff = 0.1). It will NOT be used to build SNP tree and matrix.
EXE_03_2025_A_final covered 0.10420 of the Vibrio_cholerae_FDAARGOS_103 (<cutoff = 0.1). It will be used to build SNP tree and matrix.
Printing Summary Statistics.
Creating SNP alignment.
11813_EXE_22_2025_DG1LF_PBC7_final
Vibrio_agarilyticus_SM6
Vibrio_agarivorans_CECT_5085
Vibrio_albus_E4404
Vibrio_algivorus_SA2
Vibrio_amylolyticus_ZSDE26
Vibrio_aphrogenes_CA_1004
Vibrio_apostichopi_FE10
Vibrio_aquaticus_BEI207
Vibrio_aquimaris_THAF100
Vibrio_artabrorum_CECT_7226
Vibrio_atlanticus_CECT_7223
Vibrio_azureus_LC2_005
Vibrio_barjaei_3062
Vibrio_bathopelagicus_Sal10
Vibrio_bivalvicida_605
Vibrio_breoganii_CECT_7222
Vibrio_caribbeanicus_ATCC_BAA_2122
Vibrio_casei_DSM_22364
Vibrio_celticus_CECT_7224
Vibrio_chaetopteri_CB1_14
Vibrio_chagasii_LMG_21353
Vibrio_cionasavignyae_JAMM2507
Vibrio_clamense_JAMM0920
Vibrio_comitans_LMG_23416
Vibrio_coralliilyticus_DSM_19607
Vibrio_coralliirubri_DSM_27495
Vibrio_cortegadensis_CECT_7227
Vibrio_crassostreae_LMG_22240
Vibrio_cyclitrophicus_LMG_21359
Vibrio_echinoideorum_DSM_107264
Vibrio_ezurae_HDS1_1
Vibrio_fortis_LMG_21557
Vibrio_galatheae_S2757
Vibrio_gallaecicus_CECT_7244
Vibrio_gallicus_CIP_107863
Vibrio_gangliei_DSM_104291
Vibrio_gazogenes_ATCC_29988
Vibrio_gelatinilyticus_ZSDZ34
Vibrio_gigantis_LMG_22741
Vibrio_glycogenivorans_WXL210
Vibrio_halioticoli_IAM_14596
Vibrio_hangzhouensis_CGMCC_1_7062
Vibrio_hibernica_B1_19
Vibrio_hippocampi_CECT_8226
Vibrio_inusitatus_LMG_23434
Vibrio_iocasae_HN007
Vibrio_ishigakensis_JCM_19231
Vibrio_kagoshimensis_JAMM0761
Vibrio_kanaloae_LMG_20539
Vibrio_kasasachensis_JAMM1812
Vibrio_kyushuensis_JAMM1822
Vibrio_lamellibrachiae_JAMM2626
Vibrio_lentus_40M4T
Vibrio_litoralis_DSM_17657
Vibrio_maerlii_G62
Vibrio_mangrovi_CECT_7927
Vibrio_marinisediminis_404
Vibrio_marisflavi_CECT_7928
Vibrio_mediterranei_
Vibrio_methylphosphonaticus_S4B1
Vibrio_mytili_type_strain__CIP103929
Vibrio_neonatus_JCM_21521
Vibrio_neptunius_KCTC_12702
Vibrio_nereis_DSM_19584
Vibrio_nitrifigilis_NFV_1
Vibrio_nomapromontoriensis_JAMM1728
Vibrio_olivae_CECT_8064
Vibrio_orientalis_CIP_102891
Vibrio_ostreicida_CECT_7398
Vibrio_pacinii_DSM_19139
Vibrio_palustris_CECT_9027
Vibrio_pectenicida_LMG_19642
Vibrio_pelagius_ATCC_25916
Vibrio_penaeicida_IFO_15640
Vibrio_pomeroyi_LMG_20537
Vibrio_profundi_TP187
Vibrio_rarus_LMG_23674
Vibrio_renipiscarius_DCR_1_4_2
Vibrio_rhizosphaerae_LMG_23790
Vibrio_ruber_CECT_7878
Vibrio_rumoiensis_FERM_P_14531
Vibrio_sabulosilitoris_MAO6
Vibrio_sagamiensis_NBRC_104589
Vibrio_salilacus_DSG_S6
Vibrio_satsumensis_JAMM0822
Vibrio_sinensis_BEI233
Vibrio_sinus_S4M6
Vibrio_spartinae_CECT_9026
Vibrio_splendidus_LMG_19031
Vibrio_superstes_G3_29
Vibrio_syngnathi_K08M4
Vibrio_tapetis_subsp__quintayensis_CECT_8851
Vibrio_tapetis_subsp__tapetis_
Vibrio_tasmaniensis_LMG_20012
Vibrio_tetraodonis_A511
Vibrio_tetraodonis_subsp__pristinus_OCN044
Vibrio_thalassae_KCTC_32373
Vibrio_toranzoniae_CECT_7225
Vibrio_ulleungensis_188UL20_2
Vibrio_viridaestus_LJC006
Vibrio_wakamikoensis_JAMM2464
Vibrio_zhanjiangensis_NBRC_108723
11813_EXE_22_2025_DG1LF_PBC7_final
Vibrio_agarilyticus_SM6
Vibrio_agarivorans_CECT_5085
Vibrio_albus_E4404
Vibrio_algivorus_SA2
Vibrio_amylolyticus_ZSDE26
Vibrio_aphrogenes_CA_1004
Vibrio_apostichopi_FE10
Vibrio_aquaticus_BEI207
Vibrio_aquimaris_THAF100
Vibrio_artabrorum_CECT_7226
Vibrio_atlanticus_CECT_7223
Vibrio_azureus_LC2_005
Vibrio_barjaei_3062
Vibrio_bathopelagicus_Sal10
Vibrio_bivalvicida_605
Vibrio_breoganii_CECT_7222
Vibrio_caribbeanicus_ATCC_BAA_2122
Vibrio_casei_DSM_22364
Vibrio_celticus_CECT_7224
Vibrio_chaetopteri_CB1_14
Vibrio_chagasii_LMG_21353
Vibrio_cionasavignyae_JAMM2507
Vibrio_clamense_JAMM0920
Vibrio_comitans_LMG_23416
Vibrio_coralliilyticus_DSM_19607
Vibrio_coralliirubri_DSM_27495
Vibrio_cortegadensis_CECT_7227
Vibrio_crassostreae_LMG_22240
Vibrio_cyclitrophicus_LMG_21359
Vibrio_echinoideorum_DSM_107264
Vibrio_ezurae_HDS1_1
Vibrio_fortis_LMG_21557
Vibrio_galatheae_S2757
Vibrio_gallaecicus_CECT_7244
Vibrio_gallicus_CIP_107863
Vibrio_gangliei_DSM_104291
Vibrio_gazogenes_ATCC_29988
Vibrio_gelatinilyticus_ZSDZ34
Vibrio_gigantis_LMG_22741
Vibrio_glycogenivorans_WXL210
Vibrio_halioticoli_IAM_14596
Vibrio_hangzhouensis_CGMCC_1_7062
Vibrio_hibernica_B1_19
Vibrio_hippocampi_CECT_8226
Vibrio_inusitatus_LMG_23434
Vibrio_iocasae_HN007
Vibrio_ishigakensis_JCM_19231
Vibrio_kagoshimensis_JAMM0761
Vibrio_kanaloae_LMG_20539
Vibrio_kasasachensis_JAMM1812
Vibrio_kyushuensis_JAMM1822
Vibrio_lamellibrachiae_JAMM2626
Vibrio_lentus_40M4T
Vibrio_litoralis_DSM_17657
Vibrio_maerlii_G62
Vibrio_mangrovi_CECT_7927
Vibrio_marinisediminis_404
Vibrio_marisflavi_CECT_7928
Vibrio_mediterranei_
Vibrio_methylphosphonaticus_S4B1
Vibrio_mytili_type_strain__CIP103929
Vibrio_neonatus_JCM_21521
Vibrio_neptunius_KCTC_12702
Vibrio_nereis_DSM_19584
Vibrio_nitrifigilis_NFV_1
Vibrio_nomapromontoriensis_JAMM1728
Vibrio_olivae_CECT_8064
Vibrio_orientalis_CIP_102891
Vibrio_ostreicida_CECT_7398
Vibrio_pacinii_DSM_19139
Vibrio_palustris_CECT_9027
Vibrio_pectenicida_LMG_19642
Vibrio_pelagius_ATCC_25916
Vibrio_penaeicida_IFO_15640
Vibrio_pomeroyi_LMG_20537
Vibrio_profundi_TP187
Vibrio_rarus_LMG_23674
Vibrio_renipiscarius_DCR_1_4_2
Vibrio_rhizosphaerae_LMG_23790
Vibrio_ruber_CECT_7878
Vibrio_rumoiensis_FERM_P_14531
Vibrio_sabulosilitoris_MAO6
Vibrio_sagamiensis_NBRC_104589
Vibrio_salilacus_DSG_S6
Vibrio_satsumensis_JAMM0822
Vibrio_sinensis_BEI233
Vibrio_sinus_S4M6
Vibrio_spartinae_CECT_9026
Vibrio_splendidus_LMG_19031
Vibrio_superstes_G3_29
Vibrio_syngnathi_K08M4
Vibrio_tapetis_subsp__quintayensis_CECT_8851
Vibrio_tapetis_subsp__tapetis_
Vibrio_tasmaniensis_LMG_20012
Vibrio_tetraodonis_A511
Vibrio_tetraodonis_subsp__pristinus_OCN044
Vibrio_thalassae_KCTC_32373
Vibrio_toranzoniae_CECT_7225
Vibrio_ulleungensis_188UL20_2
Vibrio_viridaestus_LJC006
Vibrio_wakamikoensis_JAMM2464
Vibrio_zhanjiangensis_NBRC_108723
11813_EXE_22_2025_DG1LF_PBC7_final
Vibrio_agarilyticus_SM6
Vibrio_agarivorans_CECT_5085
Vibrio_albus_E4404
Vibrio_algivorus_SA2
Vibrio_amylolyticus_ZSDE26
Vibrio_aphrogenes_CA_1004
Vibrio_apostichopi_FE10
Vibrio_aquaticus_BEI207
Vibrio_aquimaris_THAF100
Vibrio_artabrorum_CECT_7226
Vibrio_atlanticus_CECT_7223
Vibrio_azureus_LC2_005
Vibrio_barjaei_3062
Vibrio_bathopelagicus_Sal10
Vibrio_bivalvicida_605
Vibrio_breoganii_CECT_7222
Vibrio_caribbeanicus_ATCC_BAA_2122
Vibrio_casei_DSM_22364
Vibrio_celticus_CECT_7224
Vibrio_chaetopteri_CB1_14
Vibrio_chagasii_LMG_21353
Vibrio_cionasavignyae_JAMM2507
Vibrio_clamense_JAMM0920
Vibrio_comitans_LMG_23416
Vibrio_coralliilyticus_DSM_19607
Vibrio_coralliirubri_DSM_27495
Vibrio_cortegadensis_CECT_7227
Vibrio_crassostreae_LMG_22240
Vibrio_cyclitrophicus_LMG_21359
Vibrio_echinoideorum_DSM_107264
Vibrio_ezurae_HDS1_1
Vibrio_fortis_LMG_21557
Vibrio_galatheae_S2757
Vibrio_gallaecicus_CECT_7244
Vibrio_gallicus_CIP_107863
Vibrio_gangliei_DSM_104291
Vibrio_gazogenes_ATCC_29988
Vibrio_gelatinilyticus_ZSDZ34
Vibrio_gigantis_LMG_22741
Vibrio_glycogenivorans_WXL210
Vibrio_halioticoli_IAM_14596
Vibrio_hangzhouensis_CGMCC_1_7062
Vibrio_hibernica_B1_19
Vibrio_hippocampi_CECT_8226
Vibrio_inusitatus_LMG_23434
Vibrio_iocasae_HN007
Vibrio_ishigakensis_JCM_19231
Vibrio_kagoshimensis_JAMM0761
Vibrio_kanaloae_LMG_20539
Vibrio_kasasachensis_JAMM1812
Vibrio_kyushuensis_JAMM1822
Vibrio_lamellibrachiae_JAMM2626
Vibrio_lentus_40M4T
Vibrio_litoralis_DSM_17657
Vibrio_maerlii_G62
Vibrio_mangrovi_CECT_7927
Vibrio_marinisediminis_404
Vibrio_marisflavi_CECT_7928
Vibrio_mediterranei_
Vibrio_methylphosphonaticus_S4B1
Vibrio_mytili_type_strain__CIP103929
Vibrio_neonatus_JCM_21521
Vibrio_neptunius_KCTC_12702
Vibrio_nereis_DSM_19584
Vibrio_nitrifigilis_NFV_1
Vibrio_nomapromontoriensis_JAMM1728
Vibrio_olivae_CECT_8064
Vibrio_orientalis_CIP_102891
Vibrio_ostreicida_CECT_7398
Vibrio_pacinii_DSM_19139
Vibrio_palustris_CECT_9027
Vibrio_pectenicida_LMG_19642
Vibrio_pelagius_ATCC_25916
Vibrio_penaeicida_IFO_15640
Vibrio_pomeroyi_LMG_20537
Vibrio_profundi_TP187
Vibrio_rarus_LMG_23674
Vibrio_renipiscarius_DCR_1_4_2
Vibrio_rhizosphaerae_LMG_23790
Vibrio_ruber_CECT_7878
Vibrio_rumoiensis_FERM_P_14531
Vibrio_sabulosilitoris_MAO6
Vibrio_sagamiensis_NBRC_104589
Vibrio_salilacus_DSG_S6
Vibrio_satsumensis_JAMM0822
Vibrio_sinensis_BEI233
Vibrio_sinus_S4M6
Vibrio_spartinae_CECT_9026
Vibrio_splendidus_LMG_19031
Vibrio_superstes_G3_29
Vibrio_syngnathi_K08M4
Vibrio_tapetis_subsp__quintayensis_CECT_8851
Vibrio_tapetis_subsp__tapetis_
Vibrio_tasmaniensis_LMG_20012
Vibrio_tetraodonis_A511
Vibrio_tetraodonis_subsp__pristinus_OCN044
Vibrio_thalassae_KCTC_32373
Vibrio_toranzoniae_CECT_7225
Vibrio_ulleungensis_188UL20_2
Vibrio_viridaestus_LJC006
Vibrio_wakamikoensis_JAMM2464
Vibrio_zhanjiangensis_NBRC_108723
11813_EXE_22_2025_DG1LF_PBC7_final
Vibrio_agarilyticus_SM6
Vibrio_agarivorans_CECT_5085
Vibrio_albus_E4404
Vibrio_algivorus_SA2
Vibrio_amylolyticus_ZSDE26
Vibrio_aphrogenes_CA_1004
Vibrio_apostichopi_FE10
Vibrio_aquaticus_BEI207
Vibrio_aquimaris_THAF100
Vibrio_artabrorum_CECT_7226
Vibrio_atlanticus_CECT_7223
Vibrio_azureus_LC2_005
Vibrio_barjaei_3062
Vibrio_bathopelagicus_Sal10
Vibrio_bivalvicida_605
Vibrio_breoganii_CECT_7222
Vibrio_caribbeanicus_ATCC_BAA_2122
Vibrio_casei_DSM_22364
Vibrio_celticus_CECT_7224
Vibrio_chaetopteri_CB1_14
Vibrio_chagasii_LMG_21353
Vibrio_cionasavignyae_JAMM2507
Vibrio_clamense_JAMM0920
Vibrio_comitans_LMG_23416
Vibrio_coralliilyticus_DSM_19607
Vibrio_coralliirubri_DSM_27495
Vibrio_cortegadensis_CECT_7227
Vibrio_crassostreae_LMG_22240
Vibrio_cyclitrophicus_LMG_21359
Vibrio_echinoideorum_DSM_107264
Vibrio_ezurae_HDS1_1
Vibrio_fortis_LMG_21557
Vibrio_galatheae_S2757
Vibrio_gallaecicus_CECT_7244
Vibrio_gallicus_CIP_107863
Vibrio_gangliei_DSM_104291
Vibrio_gazogenes_ATCC_29988
Vibrio_gelatinilyticus_ZSDZ34
Vibrio_gigantis_LMG_22741
Vibrio_glycogenivorans_WXL210
Vibrio_halioticoli_IAM_14596
Vibrio_hangzhouensis_CGMCC_1_7062
Vibrio_hibernica_B1_19
Vibrio_hippocampi_CECT_8226
Vibrio_inusitatus_LMG_23434
Vibrio_iocasae_HN007
Vibrio_ishigakensis_JCM_19231
Vibrio_kagoshimensis_JAMM0761
Vibrio_kanaloae_LMG_20539
Vibrio_kasasachensis_JAMM1812
Vibrio_kyushuensis_JAMM1822
Vibrio_lamellibrachiae_JAMM2626
Vibrio_lentus_40M4T
Vibrio_litoralis_DSM_17657
Vibrio_maerlii_G62
Vibrio_mangrovi_CECT_7927
Vibrio_marinisediminis_404
Vibrio_marisflavi_CECT_7928
Vibrio_mediterranei_
Vibrio_methylphosphonaticus_S4B1
Vibrio_mytili_type_strain__CIP103929
Vibrio_neonatus_JCM_21521
Vibrio_neptunius_KCTC_12702
Vibrio_nereis_DSM_19584
Vibrio_nitrifigilis_NFV_1
Vibrio_nomapromontoriensis_JAMM1728
Vibrio_olivae_CECT_8064
Vibrio_orientalis_CIP_102891
Vibrio_ostreicida_CECT_7398
Vibrio_pacinii_DSM_19139
Vibrio_palustris_CECT_9027
Vibrio_pectenicida_LMG_19642
Vibrio_pelagius_ATCC_25916
Vibrio_penaeicida_IFO_15640
Vibrio_pomeroyi_LMG_20537
Vibrio_profundi_TP187
Vibrio_rarus_LMG_23674
Vibrio_renipiscarius_DCR_1_4_2
Vibrio_rhizosphaerae_LMG_23790
Vibrio_ruber_CECT_7878
Vibrio_rumoiensis_FERM_P_14531
Vibrio_sabulosilitoris_MAO6
Vibrio_sagamiensis_NBRC_104589
Vibrio_salilacus_DSG_S6
Vibrio_satsumensis_JAMM0822
Vibrio_sinensis_BEI233
Vibrio_sinus_S4M6
Vibrio_spartinae_CECT_9026
Vibrio_splendidus_LMG_19031
Vibrio_superstes_G3_29
Vibrio_syngnathi_K08M4
Vibrio_tapetis_subsp__quintayensis_CECT_8851
Vibrio_tapetis_subsp__tapetis_
Vibrio_tasmaniensis_LMG_20012
Vibrio_tetraodonis_A511
Vibrio_tetraodonis_subsp__pristinus_OCN044
Vibrio_thalassae_KCTC_32373
Vibrio_toranzoniae_CECT_7225
Vibrio_ulleungensis_188UL20_2
Vibrio_viridaestus_LJC006
Vibrio_wakamikoensis_JAMM2464
Vibrio_zhanjiangensis_NBRC_108723
Creating SNP stats file. 
SNP alignment complete.
Reconstructing phylogeny using FastTree
export OMP_NUM_THREADS=1; FastTree -quiet -nt -gtr < /data/djs217/PROJECTS/56_Vibrio_phaME/01_PhaME/04_workdir_cholerae/results/all_vibrio_fastree_cholerae_ref_all_snp_alignment.fna > /data/djs217/PROJECTS/56_Vibrio_phaME/01_PhaME/04_workdir_cholerae/results/all_vibrio_fastree_cholerae_ref_all.fasttree 2>>/data/djs217/PROJECTS/56_Vibrio_phaME/01_PhaME/04_workdir_cholerae/results/all_vibrio_fastree_cholerae_ref.error 

Tree phylogeny complete.
