/data/djs217/miniconda3/lib/python3.12/site-packages/hybracter/workflow/conda/f3634b33ec8fb5711a0153c480705631_/lib/python3.11/site-packages/medaka/common.py:16: UserWarning: pkg_resources is deprecated as an API. See https://setuptools.pypa.io/en/latest/pkg_resources.html. The pkg_resources package is slated for removal as early as 2025-11-30. Refrain from using this package or pin to Setuptools<81.
  from pkg_resources import resource_filename
/data/djs217/miniconda3/lib/python3.12/site-packages/hybracter/workflow/conda/f3634b33ec8fb5711a0153c480705631_/lib/python3.11/site-packages/medaka/common.py:16: UserWarning: pkg_resources is deprecated as an API. See https://setuptools.pypa.io/en/latest/pkg_resources.html. The pkg_resources package is slated for removal as early as 2025-11-30. Refrain from using this package or pin to Setuptools<81.
  from pkg_resources import resource_filename
/data/djs217/miniconda3/lib/python3.12/site-packages/hybracter/workflow/conda/f3634b33ec8fb5711a0153c480705631_/lib/python3.11/site-packages/medaka/common.py:16: UserWarning: pkg_resources is deprecated as an API. See https://setuptools.pypa.io/en/latest/pkg_resources.html. The pkg_resources package is slated for removal as early as 2025-11-30. Refrain from using this package or pin to Setuptools<81.
  from pkg_resources import resource_filename
[11:24:29 - MdlStrTGZ] Successfully removed temporary files from /tmp/tmpw88z66ws.
/data/djs217/miniconda3/lib/python3.12/site-packages/hybracter/workflow/conda/f3634b33ec8fb5711a0153c480705631_/lib/python3.11/site-packages/medaka/common.py:16: UserWarning: pkg_resources is deprecated as an API. See https://setuptools.pypa.io/en/latest/pkg_resources.html. The pkg_resources package is slated for removal as early as 2025-11-30. Refrain from using this package or pin to Setuptools<81.
  from pkg_resources import resource_filename
[11:24:31 - MdlStrTGZ] Successfully removed temporary files from /tmp/tmpw9rod4xk.
Creating fai index file /data/djs217/vibrio/P0213_250813_11813/01_raw_reads/hybracter_out/processing/incomp_pre_polish/11813_EXE_30_2025_R_PBC74148.fasta.fai
Creating mmi index file /data/djs217/vibrio/P0213_250813_11813/01_raw_reads/hybracter_out/processing/incomp_pre_polish/11813_EXE_30_2025_R_PBC74148.fasta.map-ont.mmi
[M::mm_idx_gen::0.113*1.02] collected minimizers
[M::mm_idx_gen::0.164*1.52] sorted minimizers
[M::main::0.216*1.39] loaded/built the index for 771 target sequence(s)
[M::mm_idx_stat] kmer size: 15; skip: 10; is_hpc: 0; #seq: 771
[M::mm_idx_stat::0.223*1.38] distinct minimizers: 491697 (95.22% are singletons); average occurrences: 1.057; average spacing: 5.345; total length: 2778735
[M::main] Version: 2.30-r1287
[M::main] CMD: minimap2 -I 16G -x map-ont -d /data/djs217/vibrio/P0213_250813_11813/01_raw_reads/hybracter_out/processing/incomp_pre_polish/11813_EXE_30_2025_R_PBC74148.fasta.map-ont.mmi /data/djs217/vibrio/P0213_250813_11813/01_raw_reads/hybracter_out/processing/incomp_pre_polish/11813_EXE_30_2025_R_PBC74148.fasta
[M::main] Real time: 0.229 sec; CPU: 0.314 sec; Peak RSS: 0.028 GB
[M::main::0.053*1.06] loaded/built the index for 771 target sequence(s)
[M::mm_mapopt_update::0.064*1.05] mid_occ = 10
[M::mm_idx_stat] kmer size: 15; skip: 10; is_hpc: 0; #seq: 771
[M::mm_idx_stat::0.071*1.04] distinct minimizers: 491697 (95.22% are singletons); average occurrences: 1.057; average spacing: 5.345; total length: 2778735
[M::worker_pipeline::12.755*0.92] mapped 29896 sequences
[M::main] Version: 2.30-r1287
[M::main] CMD: minimap2 -x map-ont --secondary=no -L --MD -A 2 -B 4 -O 4,24 -E 2,1 -t 1 -a /data/djs217/vibrio/P0213_250813_11813/01_raw_reads/hybracter_out/processing/incomp_pre_polish/11813_EXE_30_2025_R_PBC74148.fasta.map-ont.mmi /data/djs217/vibrio/P0213_250813_11813/01_raw_reads/hybracter_out/processing/qc/11813_EXE_30_2025_R_PBC74148_filt_trim.fastq.gz
[M::main] Real time: 12.773 sec; CPU: 11.692 sec; Peak RSS: 0.131 GB
/data/djs217/miniconda3/lib/python3.12/site-packages/hybracter/workflow/conda/f3634b33ec8fb5711a0153c480705631_/lib/python3.11/site-packages/medaka/common.py:16: UserWarning: pkg_resources is deprecated as an API. See https://setuptools.pypa.io/en/latest/pkg_resources.html. The pkg_resources package is slated for removal as early as 2025-11-30. Refrain from using this package or pin to Setuptools<81.
  from pkg_resources import resource_filename
[11:24:49 - Predict] Processing region(s): contig_1:0-4113 contig_10:0-6882 contig_100:0-2211 contig_101:0-2258 contig_102:0-8979 contig_103:0-4035 contig_104:0-2435 contig_105:0-4411 contig_106:0-4405 contig_107:0-2666 contig_108:0-5908 contig_109:0-5006 contig_11:0-4437 contig_110:0-4606 contig_111:0-4503 contig_112:0-2624 contig_113:0-2612 contig_114:0-2813 contig_115:0-4701 contig_116:0-2402 contig_117:0-7142 contig_118:0-3296 contig_119:0-4263 contig_12:0-3173 contig_120:0-3853 contig_121:0-2416 contig_122:0-5124 contig_123:0-6095 contig_124:0-2206 contig_125:0-2941 contig_126:0-2850 contig_127:0-2853 contig_128:0-3875 contig_129:0-2341 contig_13:0-4093 contig_130:0-2594 contig_131:0-2638 contig_132:0-2353 contig_133:0-2342 contig_134:0-2472 contig_135:0-4817 contig_136:0-2793 contig_137:0-6909 contig_138:0-3623 contig_139:0-2297 contig_14:0-4745 contig_140:0-2518 contig_141:0-2505 contig_142:0-5300 contig_143:0-2686 contig_144:0-4161 contig_145:0-2425 contig_146:0-5379 contig_147:0-6359 contig_148:0-4343 contig_149:0-2693 contig_15:0-10549 contig_150:0-2556 contig_151:0-4260 contig_152:0-4350 contig_153:0-2825 contig_154:0-6910 contig_155:0-6822 contig_156:0-6785 contig_157:0-4263 contig_158:0-4096 contig_159:0-5586 contig_16:0-2655 contig_160:0-2455 contig_161:0-3052 contig_162:0-4701 contig_163:0-3659 contig_164:0-4611 contig_165:0-5745 contig_166:0-2577 contig_167:0-6354 contig_168:0-2694 contig_169:0-2292 contig_17:0-2525 contig_170:0-2900 contig_171:0-2390 contig_172:0-2601 contig_173:0-4974 contig_174:0-2509 contig_175:0-9062 contig_176:0-2513 contig_177:0-3899 contig_178:0-3567 contig_179:0-4402 contig_18:0-1042 contig_180:0-7717 contig_181:0-2187 contig_182:0-3660 contig_183:0-4243 contig_184:0-1502 contig_185:0-2223 contig_186:0-2692 contig_187:0-2373 contig_188:0-1123 contig_189:0-1882 contig_19:0-2440 contig_190:0-6736 contig_191:0-2289 contig_192:0-2781 contig_193:0-2221 contig_194:0-2963 contig_195:0-2787 contig_196:0-8671 contig_197:0-2646 contig_198:0-2217 contig_199:0-6475 contig_2:0-9322 contig_20:0-5510 contig_200:0-2259 contig_201:0-3444 contig_202:0-8292 contig_203:0-2940 contig_204:0-2310 contig_205:0-2393 contig_206:0-4373 contig_207:0-4274 contig_208:0-2441 contig_209:0-2674 contig_21:0-11557 contig_210:0-3406 contig_211:0-4332 contig_212:0-5215 contig_213:0-2262 contig_214:0-4743 contig_215:0-1360 contig_216:0-4095 contig_217:0-2361 contig_218:0-4628 contig_219:0-4803 contig_22:0-2312 contig_220:0-4646 contig_221:0-2230 contig_222:0-1659 contig_223:0-2274 contig_224:0-2336 contig_225:0-2626 contig_226:0-4096 contig_227:0-3156 contig_228:0-2251 contig_229:0-7427 contig_23:0-2468 contig_230:0-2733 contig_231:0-2211 contig_232:0-4118 contig_233:0-2252 contig_234:0-2350 contig_235:0-2562 contig_236:0-2616 contig_237:0-4510 contig_238:0-2487 contig_239:0-4287 contig_24:0-5246 contig_240:0-5122 contig_241:0-3993 contig_242:0-2877 contig_243:0-2971 contig_244:0-2574 contig_245:0-2554 contig_246:0-2752 contig_247:0-6043 contig_248:0-2993 contig_249:0-2486 contig_25:0-2661 contig_250:0-4324 contig_251:0-2380 contig_252:0-7829 contig_253:0-2695 contig_254:0-2556 contig_255:0-3004 contig_256:0-2442 contig_257:0-7623 contig_258:0-3230 contig_259:0-2205 contig_26:0-4076 contig_260:0-2231 contig_261:0-4676 contig_262:0-2853 contig_263:0-6262 contig_264:0-2377 contig_265:0-2362 contig_266:0-2233 contig_267:0-2229 contig_268:0-2488 contig_269:0-3665 contig_27:0-2829 contig_270:0-4429 contig_271:0-3010 contig_272:0-2928 contig_273:0-2497 contig_274:0-2316 contig_275:0-6202 contig_276:0-7168 contig_277:0-2208 contig_278:0-2590 contig_279:0-2204 contig_28:0-2587 contig_280:0-2236 contig_281:0-5045 contig_282:0-4115 contig_283:0-2747 contig_284:0-2246 contig_285:0-4197 contig_286:0-4129 contig_287:0-2296 contig_288:0-2325 contig_289:0-3075 contig_29:0-2258 contig_290:0-2226 contig_291:0-2328 contig_292:0-2383 contig_293:0-2234 contig_294:0-2280 contig_295:0-2721 contig_296:0-2257 contig_297:0-4513 contig_298:0-2395 contig_299:0-2425 contig_3:0-5178 contig_30:0-5065 contig_300:0-2513 contig_301:0-4034 contig_302:0-6781 contig_303:0-4328 contig_304:0-2229 contig_305:0-2313 contig_306:0-2300 contig_307:0-2288 contig_308:0-3389 contig_309:0-3200 contig_31:0-2314 contig_310:0-3835 contig_311:0-2366 contig_312:0-2500 contig_313:0-2313 contig_314:0-2193 contig_315:0-2513 contig_316:0-2249 contig_317:0-2712 contig_318:0-2279 contig_319:0-2714 contig_32:0-5044 contig_320:0-6286 contig_321:0-2446 contig_322:0-2294 contig_323:0-2725 contig_324:0-4578 contig_325:0-2332 contig_326:0-2299 contig_327:0-2284 contig_328:0-2790 contig_329:0-2265 contig_33:0-2907 contig_330:0-2244 contig_331:0-3347 contig_332:0-5704 contig_333:0-2271 contig_334:0-2606 contig_335:0-2224 contig_336:0-2242 contig_337:0-4471 contig_338:0-2971 contig_339:0-2468 contig_34:0-2332 contig_340:0-5160 contig_341:0-2237 contig_342:0-4797 contig_343:0-4580 contig_344:0-2687 contig_345:0-2339 contig_346:0-2493 contig_347:0-3042 contig_348:0-4429 contig_349:0-3940 contig_35:0-4043 contig_350:0-2262 contig_351:0-2307 contig_352:0-2780 contig_353:0-2753 contig_354:0-2404 contig_355:0-2250 contig_356:0-2529 contig_357:0-2273 contig_358:0-1997 contig_359:0-2447 contig_36:0-2525 contig_360:0-10145 contig_361:0-2234 contig_362:0-3466 contig_363:0-2886 contig_364:0-2594 contig_365:0-2994 contig_366:0-2589 contig_367:0-2566 contig_368:0-2550 contig_369:0-6242 contig_37:0-4693 contig_370:0-2640 contig_371:0-2496 contig_372:0-4192 contig_373:0-4392 contig_374:0-5683 contig_375:0-2695 contig_376:0-2626 contig_377:0-2258 contig_378:0-2409 contig_379:0-4964 contig_38:0-6054 contig_380:0-2275 contig_381:0-2274 contig_382:0-2295 contig_383:0-3147 contig_384:0-2918 contig_385:0-2349 contig_386:0-2298 contig_387:0-12065 contig_388:0-2869 contig_389:0-2638 contig_39:0-2553 contig_390:0-2465 contig_391:0-2436 contig_392:0-3064 contig_393:0-2211 contig_394:0-2222 contig_395:0-5101 contig_396:0-2542 contig_397:0-4427 contig_398:0-3363 contig_399:0-2730 contig_4:0-2756 contig_40:0-2503 contig_400:0-2519 contig_401:0-5988 contig_402:0-4724 contig_403:0-5975 contig_404:0-2695 contig_405:0-4266 contig_406:0-2418 contig_407:0-4309 contig_408:0-2298 contig_409:0-4111 contig_41:0-2630 contig_410:0-3968 contig_411:0-2716 contig_412:0-4502 contig_413:0-4319 contig_414:0-3178 contig_415:0-2415 contig_416:0-3046 contig_417:0-3796 contig_418:0-2590 contig_419:0-2667 contig_42:0-10689 contig_420:0-2521 contig_421:0-2425 contig_422:0-2488 contig_423:0-1277 contig_424:0-1201 contig_425:0-2227 contig_426:0-7531 contig_427:0-4653 contig_428:0-2825 contig_429:0-8315 contig_43:0-2676 contig_430:0-2581 contig_431:0-4725 contig_432:0-3089 contig_433:0-4725 contig_434:0-2318 contig_435:0-2814 contig_436:0-2276 contig_437:0-2708 contig_438:0-2351 contig_439:0-2195 contig_44:0-2682 contig_440:0-4451 contig_441:0-2776 contig_442:0-4475 contig_443:0-2427 contig_444:0-2421 contig_445:0-2548 contig_446:0-3613 contig_447:0-2215 contig_448:0-2254 contig_449:0-2797 contig_45:0-3339 contig_450:0-2847 contig_451:0-4080 contig_452:0-2407 contig_453:0-2339 contig_454:0-2373 contig_455:0-5356 contig_456:0-2302 contig_457:0-2402 contig_458:0-2219 contig_459:0-4734 contig_46:0-4249 contig_460:0-2276 contig_461:0-3800 contig_462:0-3591 contig_463:0-2330 contig_464:0-5627 contig_465:0-3062 contig_466:0-2222 contig_467:0-4139 contig_468:0-6182 contig_469:0-4407 contig_47:0-2700 contig_470:0-6599 contig_471:0-3193 contig_472:0-2454 contig_473:0-1999 contig_474:0-2949 contig_475:0-2336 contig_476:0-2335 contig_477:0-4211 contig_478:0-2267 contig_479:0-2459 contig_48:0-2524 contig_480:0-4924 contig_481:0-2454 contig_482:0-2222 contig_483:0-2761 contig_484:0-6568 contig_485:0-3450 contig_486:0-2881 contig_487:0-2273 contig_488:0-2283 contig_489:0-2351 contig_49:0-6043 contig_490:0-2580 contig_491:0-5195 contig_492:0-2936 contig_493:0-3572 contig_494:0-5004 contig_495:0-2319 contig_496:0-4301 contig_497:0-2237 contig_498:0-2898 contig_499:0-2456 contig_5:0-4330 contig_50:0-2304 contig_500:0-2964 contig_501:0-2226 contig_502:0-4356 contig_503:0-4688 contig_504:0-2203 contig_505:0-3838 contig_506:0-2327 contig_507:0-2470 contig_508:0-2453 contig_509:0-2465 contig_51:0-2813 contig_510:0-2237 contig_511:0-2472 contig_512:0-2483 contig_513:0-2228 contig_514:0-2264 contig_515:0-3221 contig_516:0-2297 contig_517:0-4344 contig_518:0-2452 contig_519:0-2749 contig_52:0-2293 contig_520:0-4414 contig_521:0-2341 contig_522:0-2268 contig_523:0-2722 contig_524:0-2512 contig_525:0-2586 contig_526:0-2235 contig_527:0-3562 contig_528:0-3260 contig_529:0-2244 contig_53:0-2467 contig_530:0-2582 contig_531:0-2340 contig_532:0-2602 contig_533:0-2520 contig_534:0-2379 contig_535:0-2341 contig_536:0-2392 contig_537:0-2651 contig_538:0-2831 contig_539:0-2633 contig_54:0-2430 contig_540:0-2215 contig_541:0-2941 contig_542:0-5070 contig_543:0-3677 contig_544:0-2229 contig_545:0-2445 contig_546:0-2279 contig_547:0-2473 contig_548:0-2396 contig_549:0-2623 contig_55:0-6858 contig_550:0-6147 contig_551:0-2472 contig_552:0-2256 contig_553:0-2297 contig_554:0-2345 contig_555:0-2352 contig_556:0-3661 contig_557:0-3112 contig_558:0-2726 contig_559:0-2988 contig_56:0-2306 contig_560:0-8368 contig_561:0-4671 contig_562:0-3613 contig_563:0-2256 contig_564:0-3092 contig_565:0-2464 contig_566:0-2413 contig_567:0-2396 contig_568:0-2254 contig_569:0-2280 contig_57:0-4618 contig_570:0-2557 contig_571:0-2305 contig_572:0-3669 contig_573:0-2564 contig_574:0-2625 contig_575:0-2975 contig_576:0-2574 contig_577:0-2622 contig_578:0-2264 contig_579:0-4289 contig_58:0-2964 contig_580:0-2521 contig_581:0-2377 contig_582:0-2724 contig_583:0-2504 contig_584:0-2207 contig_585:0-4514 contig_586:0-2629 contig_587:0-2315 contig_588:0-4023 contig_589:0-3901 contig_59:0-3637 contig_590:0-2374 contig_591:0-2540 contig_592:0-3095 contig_593:0-2325 contig_594:0-2225 contig_595:0-2809 contig_596:0-2304 contig_597:0-4603 contig_598:0-4744 contig_599:0-3060 contig_6:0-2345 contig_60:0-13738 contig_600:0-2484 contig_601:0-3646 contig_602:0-2594 contig_603:0-2717 contig_604:0-2583 contig_605:0-4437 contig_606:0-4730 contig_607:0-2675 contig_608:0-2460 contig_609:0-2964 contig_61:0-2745 contig_610:0-2363 contig_611:0-2363 contig_612:0-2380 contig_613:0-2782 contig_614:0-2877 contig_615:0-2198 contig_616:0-2875 contig_617:0-2226 contig_618:0-2313 contig_619:0-2561 contig_62:0-6355 contig_620:0-2386 contig_621:0-3861 contig_622:0-2472 contig_623:0-2905 contig_624:0-2510 contig_625:0-2738 contig_626:0-2219 contig_627:0-2418 contig_628:0-2458 contig_629:0-2307 contig_63:0-24043 contig_630:0-2992 contig_631:0-4632 contig_632:0-6164 contig_633:0-2777 contig_634:0-2248 contig_635:0-2737 contig_636:0-2344 contig_637:0-2208 contig_638:0-2365 contig_639:0-3076 contig_64:0-1013 contig_640:0-2541 contig_641:0-3211 contig_642:0-2386 contig_643:0-2149 contig_644:0-2617 contig_645:0-1713 contig_646:0-2518 contig_647:0-2411 contig_648:0-4462 contig_649:0-2743 contig_65:0-4993 contig_650:0-5566 contig_651:0-2549 contig_652:0-2347 contig_653:0-2660 contig_654:0-3935 contig_655:0-2387 contig_656:0-3539 contig_657:0-2568 contig_658:0-2468 contig_659:0-4239 contig_66:0-3867 contig_660:0-2384 contig_661:0-2532 contig_662:0-2835 contig_663:0-5843 contig_664:0-2301 contig_665:0-2716 contig_666:0-2431 contig_667:0-2692 contig_668:0-3960 contig_669:0-2250 contig_67:0-2714 contig_670:0-2691 contig_671:0-2331 contig_672:0-2249 contig_673:0-2691 contig_674:0-2691 contig_675:0-2718 contig_676:0-7062 contig_677:0-2376 contig_678:0-2322 contig_679:0-2218 contig_68:0-3120 contig_680:0-4883 contig_681:0-3433 contig_682:0-2361 contig_683:0-2471 contig_684:0-2937 contig_685:0-1483 contig_686:0-2567 contig_687:0-2225 contig_688:0-2903 contig_689:0-3237 contig_69:0-2707 contig_690:0-3062 contig_691:0-2286 contig_692:0-2291 contig_693:0-2694 contig_694:0-2431 contig_695:0-2206 contig_696:0-2661 contig_697:0-2814 contig_698:0-3278 contig_699:0-4828 contig_7:0-6673 contig_70:0-2257 contig_700:0-4781 contig_701:0-4351 contig_702:0-2229 contig_703:0-2343 contig_704:0-2489 contig_705:0-2935 contig_706:0-5784 contig_707:0-4973 contig_708:0-2685 contig_709:0-2769 contig_71:0-5281 contig_710:0-2255 contig_711:0-2584 contig_712:0-2252 contig_713:0-2271 contig_714:0-5200 contig_715:0-2288 contig_716:0-5013 contig_717:0-3661 contig_718:0-3034 contig_719:0-4531 contig_72:0-2887 contig_720:0-3226 contig_721:0-2221 contig_722:0-2697 contig_723:0-2843 contig_724:0-2211 contig_725:0-5411 contig_726:0-2823 contig_727:0-6427 contig_728:0-2771 contig_729:0-6985 contig_73:0-7776 contig_730:0-9412 contig_731:0-18781 contig_732:0-8232 contig_733:0-7798 contig_734:0-6257 contig_735:0-6907 contig_736:0-7797 contig_737:0-10026 contig_738:0-3391 contig_739:0-4234 contig_74:0-2899 contig_740:0-7597 contig_741:0-7435 contig_742:0-5402 contig_743:0-3753 contig_744:0-8528 contig_745:0-4270 contig_746:0-4219 contig_747:0-8632 contig_748:0-5367 contig_749:0-4417 contig_75:0-5452 contig_750:0-6549 contig_751:0-2787 contig_752:0-14241 contig_753:0-5291 contig_754:0-24354 contig_755:0-4549 contig_756:0-8394 contig_757:0-5493 contig_758:0-4689 contig_759:0-2204 contig_76:0-4859 contig_760:0-4193 contig_761:0-6257 contig_762:0-5281 contig_763:0-5739 contig_764:0-8641 contig_765:0-3741 contig_766:0-6805 contig_767:0-4390 contig_768:0-6714 contig_769:0-2643 contig_77:0-5959 contig_770:0-3541 contig_771:0-3538 contig_78:0-2326 contig_79:0-5800 contig_8:0-5174 contig_80:0-6947 contig_81:0-4976 contig_82:0-2268 contig_83:0-3777 contig_84:0-2418 contig_85:0-4309 contig_86:0-4256 contig_87:0-2218 contig_88:0-12411 contig_89:0-9820 contig_9:0-6564 contig_90:0-4871 contig_91:0-4235 contig_92:0-2542 contig_93:0-2382 contig_94:0-5604 contig_95:0-5126 contig_96:0-2266 contig_97:0-7048 contig_98:0-2581 contig_99:0-2486
[11:24:49 - Predict] Using model: /data/djs217/miniconda3/lib/python3.12/site-packages/hybracter/workflow/conda/f3634b33ec8fb5711a0153c480705631_/lib/python3.11/site-packages/medaka/data/r1041_e82_400bps_sup_v5.0.0_model_pt.tar.gz.
[11:24:49 - Predict] Using minimum mapQ threshold of 1 for read filtering.
[11:24:49 - MdlStrTGZ] Model GRUModel(
  (gru): GRU(10, 128, num_layers=2, batch_first=True, bidirectional=True)
  (linear): Linear(in_features=256, out_features=5, bias=True)
)
[11:24:49 - MdlStrTGZ] loading weights from /tmp/tmpl94udcx9/model/weights.pt
[11:24:49 - MdlStrTGZ] Successfully removed temporary files from /tmp/tmpl94udcx9.
[11:24:49 - Predict] Model device: cpu
[11:24:49 - Predict] Running prediction at full precision
[11:24:49 - BAMFile] Creating pool of 16 BAM file sets.
[11:24:49 - Predict] Processing 12 long region(s) with batching.
[11:24:49 - Sampler] Initializing sampler for consensus of region contig_15:0-10549.
[11:24:49 - Sampler] Initializing sampler for consensus of region contig_21:0-11557.
[11:24:49 - PWorker] Running inference for 0.2M draft bases.
[11:24:49 - Feature] Processed contig_21:0.0-11556.0 (median depth 29.0)
[11:24:49 - Sampler] Took 0.22s to make features.
[11:24:49 - Sampler] Initializing sampler for consensus of region contig_360:0-10145.
[11:24:49 - Feature] Processed contig_15:0.0-10548.0 (median depth 15.0)
[11:24:49 - Sampler] Took 0.25s to make features.
[11:24:49 - Sampler] Initializing sampler for consensus of region contig_387:0-12065.
[11:24:49 - Feature] Processed contig_360:0.0-10144.0 (median depth 9.0)
[11:24:49 - Sampler] Took 0.18s to make features.
[11:24:49 - Sampler] Initializing sampler for consensus of region contig_42:0-10689.
[11:24:49 - Feature] Processed contig_387:0.0-12064.0 (median depth 19.0)
[11:24:49 - Sampler] Took 0.17s to make features.
[11:24:49 - Sampler] Initializing sampler for consensus of region contig_60:0-13738.
[11:24:50 - Feature] Processed contig_42:0.0-10688.0 (median depth 21.0)
[11:24:50 - Sampler] Took 0.15s to make features.
[11:24:50 - Sampler] Initializing sampler for consensus of region contig_63:0-24043.
[11:24:50 - Feature] Processed contig_60:0.0-13737.0 (median depth 24.0)
[11:24:50 - Sampler] Took 0.29s to make features.
[11:24:50 - Sampler] Initializing sampler for consensus of region contig_731:0-18781.
[11:24:50 - Feature] Processed contig_63:0.0-24042.0 (median depth 16.0)
[11:24:50 - Sampler] Took 0.19s to make features.
[11:24:50 - Sampler] Initializing sampler for consensus of region contig_737:0-10026.
[11:24:50 - Feature] Processed contig_737:0.0-10025.0 (median depth 16.0)
[11:24:50 - Sampler] Took 0.19s to make features.
[11:24:50 - Sampler] Initializing sampler for consensus of region contig_752:0-14241.
[11:24:50 - Feature] Processed contig_731:0.0-18780.0 (median depth 22.0)
[11:24:50 - Sampler] Took 0.23s to make features.
[11:24:50 - Sampler] Initializing sampler for consensus of region contig_754:0-24354.
[11:24:50 - Feature] Processed contig_752:0.0-14240.0 (median depth 18.0)
[11:24:50 - Sampler] Took 0.24s to make features.
[11:24:50 - Sampler] Initializing sampler for consensus of region contig_88:0-12411.
[11:24:50 - Feature] Processed contig_754:0.0-24353.0 (median depth 27.0)
[11:24:50 - Sampler] Took 0.28s to make features.
[11:24:51 - Feature] Processed contig_88:0.0-12410.0 (median depth 18.0)
[11:24:51 - Sampler] Took 0.27s to make features.
[11:24:56 - PWorker] Batches in cache: 1.
[11:24:56 - PWorker] Processed 1 batches
[11:24:56 - PWorker] All done, 0 remainder regions.
[11:24:56 - Predict] Processing 759 short region(s).
[11:24:56 - Sampler] Initializing sampler for consensus of region contig_1:0-4113.
[11:24:56 - Sampler] Initializing sampler for consensus of region contig_10:0-6882.
[11:24:56 - PWorker] Running inference for 2.6M draft bases.
[11:24:56 - Feature] Processed contig_1:0.0-4112.0 (median depth 10.0)
[11:24:56 - Sampler] Took 0.14s to make features.
[11:24:56 - Feature] Processed contig_10:0.0-6881.0 (median depth 14.0)
[11:24:56 - Sampler] Initializing sampler for consensus of region contig_100:0-2211.
[11:24:56 - Sampler] Took 0.14s to make features.
[11:24:56 - Sampler] Initializing sampler for consensus of region contig_101:0-2258.
[11:24:56 - Feature] Processed contig_100:0.0-2210.0 (median depth 10.0)
[11:24:56 - Sampler] Took 0.06s to make features.
[11:24:56 - Sampler] Initializing sampler for consensus of region contig_102:0-8979.
[11:24:56 - Feature] Processed contig_101:0.0-2257.0 (median depth 20.0)
[11:24:56 - Sampler] Took 0.09s to make features.
[11:24:56 - Sampler] Initializing sampler for consensus of region contig_103:0-4035.
[11:24:57 - Feature] Processed contig_102:0.0-8978.0 (median depth 29.0)
[11:24:57 - Sampler] Took 0.13s to make features.
[11:24:57 - Sampler] Initializing sampler for consensus of region contig_104:0-2435.
[11:24:57 - Feature] Processed contig_103:0.0-4034.0 (median depth 6.0)
[11:24:57 - Sampler] Took 0.13s to make features.
[11:24:57 - Sampler] Initializing sampler for consensus of region contig_105:0-4411.
[11:24:57 - Feature] Processed contig_104:0.0-2434.0 (median depth 11.0)
[11:24:57 - Sampler] Took 0.08s to make features.
[11:24:57 - Sampler] Initializing sampler for consensus of region contig_106:0-4405.
[11:24:57 - Feature] Processed contig_105:0.0-4410.0 (median depth 9.0)
[11:24:57 - Sampler] Took 0.07s to make features.
[11:24:57 - Sampler] Initializing sampler for consensus of region contig_107:0-2666.
[11:24:57 - Feature] Processed contig_106:0.0-4404.0 (median depth 14.0)
[11:24:57 - Sampler] Took 0.10s to make features.
[11:24:57 - Sampler] Initializing sampler for consensus of region contig_108:0-5908.
[11:24:57 - Feature] Processed contig_107:0.0-2665.0 (median depth 4.0)
[11:24:57 - Sampler] Took 0.10s to make features.
[11:24:57 - Sampler] Initializing sampler for consensus of region contig_109:0-5006.
[11:24:57 - Feature] Processed contig_108:0.0-5907.0 (median depth 8.0)
[11:24:57 - Sampler] Took 0.02s to make features.
[11:24:57 - Sampler] Initializing sampler for consensus of region contig_11:0-4437.
[11:24:57 - Feature] Processed contig_109:0.0-5005.0 (median depth 21.0)
[11:24:57 - Sampler] Took 0.01s to make features.
[11:24:57 - Sampler] Initializing sampler for consensus of region contig_110:0-4606.
[11:24:57 - Feature] Processed contig_11:0.0-4436.0 (median depth 28.0)
[11:24:57 - Sampler] Took 0.01s to make features.
[11:24:57 - Sampler] Initializing sampler for consensus of region contig_111:0-4503.
[11:24:57 - Feature] Processed contig_110:0.0-4605.0 (median depth 18.0)
[11:24:57 - Sampler] Took 0.01s to make features.
[11:24:57 - Sampler] Initializing sampler for consensus of region contig_112:0-2624.
[11:24:57 - Feature] Processed contig_111:0.0-4502.0 (median depth 6.0)
[11:24:57 - Sampler] Took 0.01s to make features.
[11:24:57 - Sampler] Initializing sampler for consensus of region contig_113:0-2612.
[11:24:57 - Feature] Processed contig_112:0.0-2623.0 (median depth 13.0)
[11:24:57 - Sampler] Took 0.01s to make features.
[11:24:57 - Sampler] Initializing sampler for consensus of region contig_114:0-2813.
[11:24:57 - Feature] Processed contig_113:0.0-2611.0 (median depth 19.0)
[11:24:57 - Sampler] Took 0.01s to make features.
[11:24:57 - Sampler] Initializing sampler for consensus of region contig_115:0-4701.
[11:24:57 - Feature] Processed contig_114:0.0-2812.0 (median depth 11.0)
[11:24:57 - Sampler] Took 0.01s to make features.
[11:24:57 - Sampler] Initializing sampler for consensus of region contig_116:0-2402.
[11:24:57 - Feature] Processed contig_116:0.0-2401.0 (median depth 10.0)
[11:24:57 - Sampler] Took 0.01s to make features.
[11:24:57 - Feature] Processed contig_115:0.0-4700.0 (median depth 17.0)
[11:24:57 - Sampler] Took 0.01s to make features.
[11:24:57 - Sampler] Initializing sampler for consensus of region contig_117:0-7142.
[11:24:57 - Feature] Processed contig_117:0.0-7141.0 (median depth 17.0)
[11:24:57 - Sampler] Took 0.01s to make features.
[11:24:58 - Sampler] Initializing sampler for consensus of region contig_118:0-3296.
[11:24:58 - Feature] Processed contig_118:0.0-3295.0 (median depth 12.0)
[11:24:58 - Sampler] Took 0.01s to make features.
[11:24:58 - Sampler] Initializing sampler for consensus of region contig_119:0-4263.
[11:24:58 - Feature] Processed contig_119:0.0-4262.0 (median depth 9.0)
[11:24:58 - Sampler] Took 0.01s to make features.
[11:24:58 - Sampler] Initializing sampler for consensus of region contig_12:0-3173.
[11:24:58 - Feature] Processed contig_12:0.0-3172.0 (median depth 11.0)
[11:24:58 - Sampler] Took 0.01s to make features.
[11:24:59 - Sampler] Initializing sampler for consensus of region contig_120:0-3853.
[11:24:59 - Feature] Processed contig_120:0.0-3852.0 (median depth 13.0)
[11:24:59 - Sampler] Took 0.01s to make features.
[11:25:00 - Sampler] Initializing sampler for consensus of region contig_121:0-2416.
[11:25:00 - Feature] Processed contig_121:0.0-2415.0 (median depth 6.0)
[11:25:00 - Sampler] Took 0.01s to make features.
[11:25:00 - Sampler] Initializing sampler for consensus of region contig_122:0-5124.
[11:25:00 - Feature] Processed contig_122:0.0-5123.0 (median depth 8.0)
[11:25:00 - Sampler] Took 0.01s to make features.
[11:25:00 - Sampler] Initializing sampler for consensus of region contig_123:0-6095.
[11:25:00 - Feature] Processed contig_123:0.0-6094.0 (median depth 14.0)
[11:25:00 - Sampler] Took 0.01s to make features.
[11:25:01 - Sampler] Initializing sampler for consensus of region contig_124:0-2206.
[11:25:01 - Feature] Processed contig_124:0.0-2205.0 (median depth 13.0)
[11:25:01 - Sampler] Took 0.01s to make features.
[11:25:01 - Sampler] Initializing sampler for consensus of region contig_125:0-2941.
[11:25:01 - Feature] Processed contig_125:0.0-2940.0 (median depth 10.0)
[11:25:01 - Sampler] Took 0.01s to make features.
[11:25:01 - PWorker] Batches in cache: 8.
[11:25:01 - Sampler] Initializing sampler for consensus of region contig_126:0-2850.
[11:25:01 - Feature] Processed contig_126:0.0-2849.0 (median depth 5.0)
[11:25:01 - Sampler] Took 0.01s to make features.
[11:25:02 - Sampler] Initializing sampler for consensus of region contig_127:0-2853.
[11:25:02 - Feature] Processed contig_127:0.0-2852.0 (median depth 10.0)
[11:25:02 - Sampler] Took 0.01s to make features.
[11:25:02 - Sampler] Initializing sampler for consensus of region contig_128:0-3875.
[11:25:02 - Feature] Processed contig_128:0.0-3874.0 (median depth 10.0)
[11:25:02 - Sampler] Took 0.01s to make features.
[11:25:03 - Sampler] Initializing sampler for consensus of region contig_129:0-2341.
[11:25:03 - Feature] Processed contig_129:0.0-2340.0 (median depth 10.0)
[11:25:03 - Sampler] Took 0.01s to make features.
[11:25:03 - Sampler] Initializing sampler for consensus of region contig_13:0-4093.
[11:25:03 - Feature] Processed contig_13:0.0-4092.0 (median depth 22.0)
[11:25:03 - Sampler] Took 0.01s to make features.
[11:25:03 - Sampler] Initializing sampler for consensus of region contig_130:0-2594.
[11:25:03 - Feature] Processed contig_130:0.0-2593.0 (median depth 5.0)
[11:25:03 - Sampler] Took 0.01s to make features.
[11:25:04 - Sampler] Initializing sampler for consensus of region contig_131:0-2638.
[11:25:04 - Feature] Processed contig_131:0.0-2637.0 (median depth 10.0)
[11:25:04 - Sampler] Took 0.01s to make features.
[11:25:04 - Sampler] Initializing sampler for consensus of region contig_132:0-2353.
[11:25:04 - Feature] Processed contig_132:0.0-2352.0 (median depth 4.0)
[11:25:04 - Sampler] Took 0.01s to make features.
[11:25:04 - Sampler] Initializing sampler for consensus of region contig_133:0-2342.
[11:25:04 - Feature] Processed contig_133:0.0-2341.0 (median depth 13.0)
[11:25:04 - Sampler] Took 0.01s to make features.
[11:25:05 - Sampler] Initializing sampler for consensus of region contig_134:0-2472.
[11:25:05 - Feature] Processed contig_134:0.0-2471.0 (median depth 8.0)
[11:25:05 - Sampler] Took 0.01s to make features.
[11:25:05 - Sampler] Initializing sampler for consensus of region contig_135:0-4817.
[11:25:05 - Feature] Processed contig_135:0.0-4816.0 (median depth 11.0)
[11:25:05 - Sampler] Took 0.01s to make features.
[11:25:06 - Sampler] Initializing sampler for consensus of region contig_136:0-2793.
[11:25:06 - Feature] Processed contig_136:0.0-2792.0 (median depth 5.0)
[11:25:06 - Sampler] Took 0.01s to make features.
[11:25:06 - Sampler] Initializing sampler for consensus of region contig_137:0-6909.
[11:25:06 - Feature] Processed contig_137:0.0-6908.0 (median depth 12.0)
[11:25:06 - Sampler] Took 0.01s to make features.
[11:25:06 - PWorker] Batches in cache: 8.
[11:25:06 - PWorker] 2.9% Done (0.1/2.6 Mbases) in 10.2s
[11:25:06 - Sampler] Initializing sampler for consensus of region contig_138:0-3623.
[11:25:06 - Feature] Processed contig_138:0.0-3622.0 (median depth 18.0)
[11:25:06 - Sampler] Took 0.01s to make features.
[11:25:07 - Sampler] Initializing sampler for consensus of region contig_139:0-2297.
[11:25:07 - Feature] Processed contig_139:0.0-2296.0 (median depth 15.0)
[11:25:07 - Sampler] Took 0.01s to make features.
[11:25:07 - Sampler] Initializing sampler for consensus of region contig_14:0-4745.
[11:25:07 - Feature] Processed contig_14:0.0-4744.0 (median depth 19.0)
[11:25:07 - Sampler] Took 0.01s to make features.
[11:25:07 - Sampler] Initializing sampler for consensus of region contig_140:0-2518.
[11:25:07 - Feature] Processed contig_140:0.0-2517.0 (median depth 12.0)
[11:25:07 - Sampler] Took 0.01s to make features.
[11:25:08 - Sampler] Initializing sampler for consensus of region contig_141:0-2505.
[11:25:08 - Feature] Processed contig_141:0.0-2504.0 (median depth 7.0)
[11:25:08 - Sampler] Took 0.01s to make features.
[11:25:08 - Sampler] Initializing sampler for consensus of region contig_142:0-5300.
[11:25:08 - Feature] Processed contig_142:0.0-5299.0 (median depth 12.0)
[11:25:08 - Sampler] Took 0.01s to make features.
[11:25:08 - Sampler] Initializing sampler for consensus of region contig_143:0-2686.
[11:25:08 - Feature] Processed contig_143:0.0-2685.0 (median depth 7.0)
[11:25:08 - Sampler] Took 0.01s to make features.
[11:25:09 - Sampler] Initializing sampler for consensus of region contig_144:0-4161.
[11:25:09 - Feature] Processed contig_144:0.0-4160.0 (median depth 13.0)
[11:25:09 - Sampler] Took 0.01s to make features.
[11:25:09 - Sampler] Initializing sampler for consensus of region contig_145:0-2425.
[11:25:09 - Feature] Processed contig_145:0.0-2424.0 (median depth 19.0)
[11:25:09 - Sampler] Took 0.01s to make features.
[11:25:09 - Sampler] Initializing sampler for consensus of region contig_146:0-5379.
[11:25:09 - Feature] Processed contig_146:0.0-5378.0 (median depth 22.0)
[11:25:09 - Sampler] Took 0.01s to make features.
[11:25:09 - Sampler] Initializing sampler for consensus of region contig_147:0-6359.
[11:25:09 - Feature] Processed contig_147:0.0-6358.0 (median depth 9.0)
[11:25:09 - Sampler] Took 0.01s to make features.
[11:25:10 - Sampler] Initializing sampler for consensus of region contig_148:0-4343.
[11:25:10 - Feature] Processed contig_148:0.0-4342.0 (median depth 29.0)
[11:25:10 - Sampler] Took 0.01s to make features.
[11:25:10 - Sampler] Initializing sampler for consensus of region contig_149:0-2693.
[11:25:10 - Feature] Processed contig_149:0.0-2692.0 (median depth 25.0)
[11:25:10 - Sampler] Took 0.01s to make features.
[11:25:10 - Sampler] Initializing sampler for consensus of region contig_150:0-2556.
[11:25:10 - Feature] Processed contig_150:0.0-2555.0 (median depth 4.0)
[11:25:10 - Sampler] Took 0.01s to make features.
[11:25:10 - Sampler] Initializing sampler for consensus of region contig_151:0-4260.
[11:25:10 - Feature] Processed contig_151:0.0-4259.0 (median depth 9.0)
[11:25:10 - Sampler] Took 0.01s to make features.
[11:25:11 - Sampler] Initializing sampler for consensus of region contig_152:0-4350.
[11:25:11 - Feature] Processed contig_152:0.0-4349.0 (median depth 4.0)
[11:25:11 - Sampler] Took 0.01s to make features.
[11:25:11 - Sampler] Initializing sampler for consensus of region contig_153:0-2825.
[11:25:11 - Feature] Processed contig_153:0.0-2824.0 (median depth 5.0)
[11:25:11 - Sampler] Took 0.01s to make features.
[11:25:11 - Sampler] Initializing sampler for consensus of region contig_154:0-6910.
[11:25:11 - Feature] Processed contig_154:0.0-6909.0 (median depth 17.0)
[11:25:11 - Sampler] Took 0.01s to make features.
[11:25:12 - PWorker] Batches in cache: 8.
[11:25:12 - Sampler] Initializing sampler for consensus of region contig_155:0-6822.
[11:25:12 - Feature] Processed contig_155:0.0-6821.0 (median depth 27.0)
[11:25:12 - Sampler] Took 0.02s to make features.
[11:25:12 - Sampler] Initializing sampler for consensus of region contig_156:0-6785.
[11:25:12 - Feature] Processed contig_156:0.0-6784.0 (median depth 16.0)
[11:25:12 - Sampler] Took 0.01s to make features.
[11:25:13 - Sampler] Initializing sampler for consensus of region contig_157:0-4263.
[11:25:13 - Feature] Processed contig_157:0.0-4262.0 (median depth 17.0)
[11:25:13 - Sampler] Took 0.01s to make features.
[11:25:13 - Sampler] Initializing sampler for consensus of region contig_158:0-4096.
[11:25:13 - Feature] Processed contig_158:0.0-4095.0 (median depth 9.0)
[11:25:13 - Sampler] Took 0.01s to make features.
[11:25:13 - Sampler] Initializing sampler for consensus of region contig_159:0-5586.
[11:25:13 - Feature] Processed contig_159:0.0-5585.0 (median depth 18.0)
[11:25:13 - Sampler] Took 0.01s to make features.
[11:25:13 - Sampler] Initializing sampler for consensus of region contig_16:0-2655.
[11:25:13 - Feature] Processed contig_16:0.0-2654.0 (median depth 11.0)
[11:25:13 - Sampler] Took 0.01s to make features.
[11:25:14 - Sampler] Initializing sampler for consensus of region contig_160:0-2455.
[11:25:14 - Feature] Processed contig_160:0.0-2454.0 (median depth 8.0)
[11:25:14 - Sampler] Took 0.01s to make features.
[11:25:14 - Sampler] Initializing sampler for consensus of region contig_161:0-3052.
[11:25:14 - Feature] Processed contig_161:0.0-3051.0 (median depth 10.0)
[11:25:14 - Sampler] Took 0.01s to make features.
[11:25:14 - Sampler] Initializing sampler for consensus of region contig_162:0-4701.
[11:25:14 - Feature] Processed contig_162:0.0-4700.0 (median depth 13.0)
[11:25:14 - Sampler] Took 0.01s to make features.
[11:25:15 - Sampler] Initializing sampler for consensus of region contig_163:0-3659.
[11:25:15 - Feature] Processed contig_163:0.0-3658.0 (median depth 9.0)
[11:25:15 - Sampler] Took 0.01s to make features.
[11:25:15 - Sampler] Initializing sampler for consensus of region contig_164:0-4611.
[11:25:15 - Feature] Processed contig_164:0.0-4610.0 (median depth 14.0)
[11:25:15 - Sampler] Took 0.01s to make features.
[11:25:15 - Sampler] Initializing sampler for consensus of region contig_165:0-5745.
[11:25:15 - Feature] Processed contig_165:0.0-5744.0 (median depth 21.0)
[11:25:15 - Sampler] Took 0.02s to make features.
[11:25:16 - Sampler] Initializing sampler for consensus of region contig_166:0-2577.
[11:25:16 - Feature] Processed contig_166:0.0-2576.0 (median depth 16.0)
[11:25:16 - Sampler] Took 0.01s to make features.
[11:25:16 - Sampler] Initializing sampler for consensus of region contig_167:0-6354.
[11:25:16 - Feature] Processed contig_167:0.0-6353.0 (median depth 12.0)
[11:25:16 - Sampler] Took 0.01s to make features.
[11:25:17 - PWorker] Batches in cache: 8.
[11:25:17 - PWorker] 6.2% Done (0.2/2.6 Mbases) in 20.4s
[11:25:17 - Sampler] Initializing sampler for consensus of region contig_168:0-2694.
[11:25:17 - Feature] Processed contig_168:0.0-2693.0 (median depth 12.0)
[11:25:17 - Sampler] Took 0.01s to make features.
[11:25:17 - Sampler] Initializing sampler for consensus of region contig_169:0-2292.
[11:25:17 - Feature] Processed contig_169:0.0-2291.0 (median depth 12.0)
[11:25:17 - Sampler] Took 0.01s to make features.
[11:25:17 - Sampler] Initializing sampler for consensus of region contig_17:0-2525.
[11:25:17 - Feature] Processed contig_17:0.0-2524.0 (median depth 6.0)
[11:25:17 - Sampler] Took 0.00s to make features.
[11:25:18 - Sampler] Initializing sampler for consensus of region contig_170:0-2900.
[11:25:18 - Feature] Processed contig_170:0.0-2899.0 (median depth 17.0)
[11:25:18 - Sampler] Took 0.01s to make features.
[11:25:18 - Sampler] Initializing sampler for consensus of region contig_171:0-2390.
[11:25:18 - Feature] Processed contig_171:0.0-2389.0 (median depth 13.0)
[11:25:18 - Sampler] Took 0.01s to make features.
[11:25:18 - Sampler] Initializing sampler for consensus of region contig_172:0-2601.
[11:25:18 - Feature] Processed contig_172:0.0-2600.0 (median depth 26.0)
[11:25:18 - Sampler] Took 0.01s to make features.
[11:25:19 - Sampler] Initializing sampler for consensus of region contig_173:0-4974.
[11:25:19 - Feature] Processed contig_173:0.0-4973.0 (median depth 12.0)
[11:25:19 - Sampler] Took 0.01s to make features.
[11:25:20 - Sampler] Initializing sampler for consensus of region contig_174:0-2509.
[11:25:20 - Feature] Processed contig_174:0.0-2508.0 (median depth 9.0)
[11:25:20 - Sampler] Took 0.00s to make features.
[11:25:20 - Sampler] Initializing sampler for consensus of region contig_175:0-9062.
[11:25:20 - Feature] Processed contig_175:0.0-9061.0 (median depth 15.0)
[11:25:20 - Sampler] Took 0.02s to make features.
[11:25:20 - Sampler] Initializing sampler for consensus of region contig_176:0-2513.
[11:25:20 - Feature] Processed contig_176:0.0-2512.0 (median depth 12.0)
[11:25:20 - Sampler] Took 0.01s to make features.
[11:25:21 - Sampler] Initializing sampler for consensus of region contig_177:0-3899.
[11:25:21 - Feature] Processed contig_177:0.0-3898.0 (median depth 13.0)
[11:25:21 - Sampler] Took 0.01s to make features.
[11:25:21 - Sampler] Initializing sampler for consensus of region contig_178:0-3567.
[11:25:21 - Feature] Processed contig_178:0.0-3566.0 (median depth 21.0)
[11:25:21 - Sampler] Took 0.01s to make features.
[11:25:21 - Sampler] Initializing sampler for consensus of region contig_179:0-4402.
[11:25:21 - Feature] Processed contig_179:0.0-4401.0 (median depth 13.0)
[11:25:21 - Sampler] Took 0.01s to make features.
[11:25:22 - Sampler] Initializing sampler for consensus of region contig_18:0-1042.
[11:25:22 - Feature] Processed contig_18:0.0-1041.0 (median depth 32.0)
[11:25:22 - Sampler] Took 0.01s to make features.
[11:25:22 - PWorker] Batches in cache: 8.
[11:25:22 - Sampler] Initializing sampler for consensus of region contig_180:0-7717.
[11:25:22 - Feature] Processed contig_180:0.0-7716.0 (median depth 14.0)
[11:25:22 - Sampler] Took 0.01s to make features.
[11:25:22 - Sampler] Initializing sampler for consensus of region contig_181:0-2187.
[11:25:22 - Feature] Processed contig_181:0.0-2186.0 (median depth 10.0)
[11:25:22 - Sampler] Took 0.01s to make features.
[11:25:23 - Sampler] Initializing sampler for consensus of region contig_182:0-3660.
[11:25:23 - Feature] Processed contig_182:0.0-3659.0 (median depth 8.0)
[11:25:23 - Sampler] Took 0.01s to make features.
[11:25:23 - Sampler] Initializing sampler for consensus of region contig_183:0-4243.
[11:25:23 - Feature] Processed contig_183:0.0-4242.0 (median depth 13.0)
[11:25:23 - Sampler] Took 0.01s to make features.
[11:25:23 - Sampler] Initializing sampler for consensus of region contig_184:0-1502.
[11:25:24 - Feature] Processed contig_184:0.0-1501.0 (median depth 8.0)
[11:25:24 - Sampler] Took 0.01s to make features.
[11:25:24 - Sampler] Initializing sampler for consensus of region contig_185:0-2223.
[11:25:24 - Feature] Processed contig_185:0.0-2222.0 (median depth 12.0)
[11:25:24 - Sampler] Took 0.01s to make features.
[11:25:24 - Sampler] Initializing sampler for consensus of region contig_186:0-2692.
[11:25:24 - Feature] Processed contig_186:0.0-2691.0 (median depth 12.0)
[11:25:24 - Sampler] Took 0.01s to make features.
[11:25:25 - Sampler] Initializing sampler for consensus of region contig_187:0-2373.
[11:25:25 - Feature] Processed contig_187:0.0-2372.0 (median depth 12.0)
[11:25:25 - Sampler] Took 0.01s to make features.
[11:25:25 - Sampler] Initializing sampler for consensus of region contig_188:0-1123.
[11:25:25 - Feature] Processed contig_188:0.0-1122.0 (median depth 4.0)
[11:25:25 - Sampler] Took 0.00s to make features.
[11:25:25 - Sampler] Initializing sampler for consensus of region contig_189:0-1882.
[11:25:25 - Feature] Processed contig_189:0.0-1881.0 (median depth 3.0)
[11:25:25 - Sampler] Took 0.01s to make features.
[11:25:25 - Sampler] Initializing sampler for consensus of region contig_19:0-2440.
[11:25:25 - Feature] Processed contig_19:0.0-2439.0 (median depth 10.0)
[11:25:25 - Sampler] Took 0.01s to make features.
[11:25:25 - Sampler] Initializing sampler for consensus of region contig_190:0-6736.
[11:25:25 - Feature] Processed contig_190:0.0-6735.0 (median depth 12.0)
[11:25:25 - Sampler] Took 0.01s to make features.
[11:25:26 - Sampler] Initializing sampler for consensus of region contig_191:0-2289.
[11:25:26 - Feature] Processed contig_191:0.0-2288.0 (median depth 11.0)
[11:25:26 - Sampler] Took 0.01s to make features.
[11:25:26 - Sampler] Initializing sampler for consensus of region contig_192:0-2781.
[11:25:26 - Feature] Processed contig_192:0.0-2780.0 (median depth 8.0)
[11:25:26 - Sampler] Took 0.01s to make features.
[11:25:27 - PWorker] 9.6% Done (0.2/2.6 Mbases) in 30.7s
[11:25:27 - Sampler] Initializing sampler for consensus of region contig_193:0-2221.
[11:25:27 - Feature] Processed contig_193:0.0-2220.0 (median depth 11.0)
[11:25:27 - Sampler] Took 0.01s to make features.
[11:25:27 - PWorker] Batches in cache: 8.
[11:25:27 - Sampler] Initializing sampler for consensus of region contig_194:0-2963.
[11:25:27 - Feature] Processed contig_194:0.0-2962.0 (median depth 15.0)
[11:25:27 - Sampler] Took 0.01s to make features.
[11:25:27 - Sampler] Initializing sampler for consensus of region contig_195:0-2787.
[11:25:27 - Feature] Processed contig_195:0.0-2786.0 (median depth 21.0)
[11:25:27 - Sampler] Took 0.01s to make features.
[11:25:28 - Sampler] Initializing sampler for consensus of region contig_196:0-8671.
[11:25:28 - Feature] Processed contig_196:0.0-8670.0 (median depth 10.0)
[11:25:28 - Sampler] Took 0.02s to make features.
[11:25:28 - Sampler] Initializing sampler for consensus of region contig_197:0-2646.
[11:25:28 - Feature] Processed contig_197:0.0-2645.0 (median depth 13.0)
[11:25:28 - Sampler] Took 0.01s to make features.
[11:25:28 - Sampler] Initializing sampler for consensus of region contig_198:0-2217.
[11:25:28 - Feature] Processed contig_198:0.0-2216.0 (median depth 7.0)
[11:25:28 - Sampler] Took 0.01s to make features.
[11:25:29 - Sampler] Initializing sampler for consensus of region contig_199:0-6475.
[11:25:29 - Feature] Processed contig_199:0.0-6474.0 (median depth 24.0)
[11:25:29 - Sampler] Took 0.01s to make features.
[11:25:29 - Sampler] Initializing sampler for consensus of region contig_2:0-9322.
[11:25:29 - Feature] Processed contig_2:0.0-9321.0 (median depth 29.0)
[11:25:29 - Sampler] Took 0.02s to make features.
[11:25:29 - Sampler] Initializing sampler for consensus of region contig_20:0-5510.
[11:25:29 - Feature] Processed contig_20:0.0-5509.0 (median depth 8.0)
[11:25:29 - Sampler] Took 0.01s to make features.
[11:25:30 - Sampler] Initializing sampler for consensus of region contig_200:0-2259.
[11:25:30 - Feature] Processed contig_200:0.0-2258.0 (median depth 7.0)
[11:25:30 - Sampler] Took 0.00s to make features.
[11:25:30 - Sampler] Initializing sampler for consensus of region contig_201:0-3444.
[11:25:30 - Feature] Processed contig_201:0.0-3443.0 (median depth 8.0)
[11:25:30 - Sampler] Took 0.01s to make features.
[11:25:30 - Sampler] Initializing sampler for consensus of region contig_202:0-8292.
[11:25:30 - Feature] Processed contig_202:0.0-8291.0 (median depth 7.0)
[11:25:30 - Sampler] Took 0.01s to make features.
[11:25:30 - Sampler] Initializing sampler for consensus of region contig_203:0-2940.
[11:25:30 - Feature] Processed contig_203:0.0-2939.0 (median depth 6.0)
[11:25:30 - Sampler] Took 0.01s to make features.
[11:25:31 - Sampler] Initializing sampler for consensus of region contig_204:0-2310.
[11:25:31 - Feature] Processed contig_204:0.0-2309.0 (median depth 9.0)
[11:25:31 - Sampler] Took 0.01s to make features.
[11:25:31 - Sampler] Initializing sampler for consensus of region contig_205:0-2393.
[11:25:31 - Feature] Processed contig_205:0.0-2392.0 (median depth 11.0)
[11:25:31 - Sampler] Took 0.01s to make features.
[11:25:31 - Sampler] Initializing sampler for consensus of region contig_206:0-4373.
[11:25:31 - Feature] Processed contig_206:0.0-4372.0 (median depth 7.0)
[11:25:31 - Sampler] Took 0.01s to make features.
[11:25:31 - Sampler] Initializing sampler for consensus of region contig_207:0-4274.
[11:25:31 - Feature] Processed contig_207:0.0-4273.0 (median depth 6.0)
[11:25:31 - Sampler] Took 0.01s to make features.
[11:25:32 - Sampler] Initializing sampler for consensus of region contig_208:0-2441.
[11:25:32 - Feature] Processed contig_208:0.0-2440.0 (median depth 9.0)
[11:25:32 - Sampler] Took 0.01s to make features.
[11:25:32 - Sampler] Initializing sampler for consensus of region contig_209:0-2674.
[11:25:32 - Feature] Processed contig_209:0.0-2673.0 (median depth 8.0)
[11:25:32 - Sampler] Took 0.01s to make features.
[11:25:32 - PWorker] Batches in cache: 8.
[11:25:32 - Sampler] Initializing sampler for consensus of region contig_210:0-3406.
[11:25:32 - Feature] Processed contig_210:0.0-3405.0 (median depth 5.0)
[11:25:32 - Sampler] Took 0.01s to make features.
[11:25:32 - Sampler] Initializing sampler for consensus of region contig_211:0-4332.
[11:25:32 - Feature] Processed contig_211:0.0-4331.0 (median depth 8.0)
[11:25:32 - Sampler] Took 0.01s to make features.
[11:25:33 - Sampler] Initializing sampler for consensus of region contig_212:0-5215.
[11:25:33 - Feature] Processed contig_212:0.0-5214.0 (median depth 7.0)
[11:25:33 - Sampler] Took 0.01s to make features.
[11:25:33 - Sampler] Initializing sampler for consensus of region contig_213:0-2262.
[11:25:33 - Feature] Processed contig_213:0.0-2261.0 (median depth 6.0)
[11:25:33 - Sampler] Took 0.01s to make features.
[11:25:34 - Sampler] Initializing sampler for consensus of region contig_214:0-4743.
[11:25:34 - Feature] Processed contig_214:0.0-4742.0 (median depth 16.0)
[11:25:34 - Sampler] Took 0.01s to make features.
[11:25:34 - Sampler] Initializing sampler for consensus of region contig_215:0-1360.
[11:25:34 - Feature] Processed contig_215:0.0-1359.0 (median depth 12.0)
[11:25:34 - Sampler] Took 0.01s to make features.
[11:25:34 - Sampler] Initializing sampler for consensus of region contig_216:0-4095.
[11:25:34 - Feature] Processed contig_216:0.0-4094.0 (median depth 16.0)
[11:25:34 - Sampler] Took 0.01s to make features.
[11:25:35 - Sampler] Initializing sampler for consensus of region contig_217:0-2361.
[11:25:35 - Feature] Processed contig_217:0.0-2360.0 (median depth 5.0)
[11:25:35 - Sampler] Took 0.00s to make features.
[11:25:36 - Sampler] Initializing sampler for consensus of region contig_218:0-4628.
[11:25:36 - Feature] Processed contig_218:0.0-4627.0 (median depth 21.0)
[11:25:36 - Sampler] Took 0.01s to make features.
[11:25:36 - Sampler] Initializing sampler for consensus of region contig_219:0-4803.
[11:25:36 - Feature] Processed contig_219:0.0-4802.0 (median depth 15.0)
[11:25:36 - Sampler] Took 0.01s to make features.
[11:25:36 - Sampler] Initializing sampler for consensus of region contig_22:0-2312.
[11:25:36 - Feature] Processed contig_22:0.0-2311.0 (median depth 7.0)
[11:25:36 - Sampler] Took 0.01s to make features.
[11:25:36 - Sampler] Initializing sampler for consensus of region contig_220:0-4646.
[11:25:36 - Feature] Processed contig_220:0.0-4645.0 (median depth 6.0)
[11:25:36 - Sampler] Took 0.01s to make features.
[11:25:37 - PWorker] Batches in cache: 8.
[11:25:37 - PWorker] 12.9% Done (0.3/2.6 Mbases) in 41.0s
[11:25:37 - Sampler] Initializing sampler for consensus of region contig_221:0-2230.
[11:25:37 - Feature] Processed contig_221:0.0-2229.0 (median depth 14.0)
[11:25:37 - Sampler] Took 0.01s to make features.
[11:25:37 - Sampler] Initializing sampler for consensus of region contig_222:0-1659.
[11:25:37 - Feature] Processed contig_222:0.0-1658.0 (median depth 11.0)
[11:25:37 - Sampler] Took 0.01s to make features.
[11:25:38 - Sampler] Initializing sampler for consensus of region contig_223:0-2274.
[11:25:38 - Feature] Processed contig_223:0.0-2273.0 (median depth 6.0)
[11:25:38 - Sampler] Took 0.00s to make features.
[11:25:38 - Sampler] Initializing sampler for consensus of region contig_224:0-2336.
[11:25:38 - Feature] Processed contig_224:0.0-2335.0 (median depth 4.0)
[11:25:38 - Sampler] Took 0.00s to make features.
[11:25:38 - Sampler] Initializing sampler for consensus of region contig_225:0-2626.
[11:25:38 - Feature] Processed contig_225:0.0-2625.0 (median depth 14.0)
[11:25:38 - Sampler] Took 0.01s to make features.
[11:25:39 - Sampler] Initializing sampler for consensus of region contig_226:0-4096.
[11:25:39 - Feature] Processed contig_226:0.0-4095.0 (median depth 10.0)
[11:25:39 - Sampler] Took 0.01s to make features.
[11:25:39 - Sampler] Initializing sampler for consensus of region contig_227:0-3156.
[11:25:39 - Feature] Processed contig_227:0.0-3155.0 (median depth 12.0)
[11:25:39 - Sampler] Took 0.01s to make features.
[11:25:39 - Sampler] Initializing sampler for consensus of region contig_228:0-2251.
[11:25:39 - Feature] Processed contig_228:0.0-2250.0 (median depth 16.0)
[11:25:39 - Sampler] Took 0.01s to make features.
[11:25:39 - Sampler] Initializing sampler for consensus of region contig_229:0-7427.
[11:25:39 - Feature] Processed contig_229:0.0-7426.0 (median depth 12.0)
[11:25:39 - Sampler] Took 0.01s to make features.
[11:25:40 - Sampler] Initializing sampler for consensus of region contig_23:0-2468.
[11:25:40 - Feature] Processed contig_23:0.0-2467.0 (median depth 23.0)
[11:25:40 - Sampler] Took 0.01s to make features.
[11:25:40 - Sampler] Initializing sampler for consensus of region contig_230:0-2733.
[11:25:40 - Feature] Processed contig_230:0.0-2732.0 (median depth 13.0)
[11:25:40 - Sampler] Took 0.01s to make features.
[11:25:40 - Sampler] Initializing sampler for consensus of region contig_231:0-2211.
[11:25:40 - Feature] Processed contig_231:0.0-2210.0 (median depth 13.0)
[11:25:40 - Sampler] Took 0.01s to make features.
[11:25:41 - Sampler] Initializing sampler for consensus of region contig_232:0-4118.
[11:25:41 - Feature] Processed contig_232:0.0-4117.0 (median depth 20.0)
[11:25:41 - Sampler] Took 0.01s to make features.
[11:25:41 - Sampler] Initializing sampler for consensus of region contig_233:0-2252.
[11:25:41 - Feature] Processed contig_233:0.0-2251.0 (median depth 16.0)
[11:25:41 - Sampler] Took 0.01s to make features.
[11:25:41 - Sampler] Initializing sampler for consensus of region contig_234:0-2350.
[11:25:41 - Feature] Processed contig_234:0.0-2349.0 (median depth 9.0)
[11:25:41 - Sampler] Took 0.01s to make features.
[11:25:42 - Sampler] Initializing sampler for consensus of region contig_235:0-2562.
[11:25:42 - Feature] Processed contig_235:0.0-2561.0 (median depth 8.0)
[11:25:42 - Sampler] Took 0.01s to make features.
[11:25:42 - Sampler] Initializing sampler for consensus of region contig_236:0-2616.
[11:25:42 - Feature] Processed contig_236:0.0-2615.0 (median depth 14.0)
[11:25:42 - Sampler] Took 0.01s to make features.
[11:25:42 - PWorker] Batches in cache: 8.
[11:25:42 - Sampler] Initializing sampler for consensus of region contig_237:0-4510.
[11:25:42 - Feature] Processed contig_237:0.0-4509.0 (median depth 7.0)
[11:25:42 - Sampler] Took 0.01s to make features.
[11:25:43 - Sampler] Initializing sampler for consensus of region contig_238:0-2487.
[11:25:43 - Feature] Processed contig_238:0.0-2486.0 (median depth 11.0)
[11:25:43 - Sampler] Took 0.01s to make features.
[11:25:43 - Sampler] Initializing sampler for consensus of region contig_239:0-4287.
[11:25:43 - Feature] Processed contig_239:0.0-4286.0 (median depth 9.0)
[11:25:43 - Sampler] Took 0.01s to make features.
[11:25:43 - Sampler] Initializing sampler for consensus of region contig_24:0-5246.
[11:25:43 - Feature] Processed contig_24:0.0-5245.0 (median depth 23.0)
[11:25:43 - Sampler] Took 0.01s to make features.
[11:25:43 - Sampler] Initializing sampler for consensus of region contig_240:0-5122.
[11:25:43 - Feature] Processed contig_240:0.0-5121.0 (median depth 21.0)
[11:25:43 - Sampler] Took 0.01s to make features.
[11:25:44 - Sampler] Initializing sampler for consensus of region contig_241:0-3993.
[11:25:44 - Feature] Processed contig_241:0.0-3992.0 (median depth 14.0)
[11:25:44 - Sampler] Took 0.01s to make features.
[11:25:44 - Sampler] Initializing sampler for consensus of region contig_242:0-2877.
[11:25:44 - Feature] Processed contig_242:0.0-2876.0 (median depth 8.0)
[11:25:44 - Sampler] Took 0.01s to make features.
[11:25:44 - Sampler] Initializing sampler for consensus of region contig_243:0-2971.
[11:25:44 - Feature] Processed contig_243:0.0-2970.0 (median depth 16.0)
[11:25:44 - Sampler] Took 0.01s to make features.
[11:25:44 - Sampler] Initializing sampler for consensus of region contig_244:0-2574.
[11:25:44 - Feature] Processed contig_244:0.0-2573.0 (median depth 8.0)
[11:25:44 - Sampler] Took 0.01s to make features.
[11:25:45 - Sampler] Initializing sampler for consensus of region contig_245:0-2554.
[11:25:45 - Feature] Processed contig_245:0.0-2553.0 (median depth 4.0)
[11:25:45 - Sampler] Took 0.00s to make features.
[11:25:45 - Sampler] Initializing sampler for consensus of region contig_246:0-2752.
[11:25:45 - Feature] Processed contig_246:0.0-2751.0 (median depth 8.0)
[11:25:45 - Sampler] Took 0.01s to make features.
[11:25:45 - Sampler] Initializing sampler for consensus of region contig_247:0-6043.
[11:25:45 - Feature] Processed contig_247:0.0-6042.0 (median depth 12.0)
[11:25:45 - Sampler] Took 0.01s to make features.
[11:25:46 - Sampler] Initializing sampler for consensus of region contig_248:0-2993.
[11:25:46 - Feature] Processed contig_248:0.0-2992.0 (median depth 6.0)
[11:25:46 - Sampler] Took 0.01s to make features.
[11:25:46 - Sampler] Initializing sampler for consensus of region contig_249:0-2486.
[11:25:46 - Feature] Processed contig_249:0.0-2485.0 (median depth 3.0)
[11:25:46 - Sampler] Took 0.00s to make features.
[11:25:46 - Sampler] Initializing sampler for consensus of region contig_25:0-2661.
[11:25:46 - Feature] Processed contig_25:0.0-2660.0 (median depth 6.0)
[11:25:46 - Sampler] Took 0.01s to make features.
[11:25:47 - Sampler] Initializing sampler for consensus of region contig_250:0-4324.
[11:25:47 - Feature] Processed contig_250:0.0-4323.0 (median depth 12.0)
[11:25:47 - Sampler] Took 0.01s to make features.
[11:25:47 - Sampler] Initializing sampler for consensus of region contig_251:0-2380.
[11:25:47 - Feature] Processed contig_251:0.0-2379.0 (median depth 5.0)
[11:25:47 - Sampler] Took 0.01s to make features.
[11:25:47 - Sampler] Initializing sampler for consensus of region contig_252:0-7829.
[11:25:47 - Feature] Processed contig_252:0.0-7828.0 (median depth 18.0)
[11:25:47 - Sampler] Took 0.02s to make features.
[11:25:47 - Sampler] Initializing sampler for consensus of region contig_253:0-2695.
[11:25:47 - Feature] Processed contig_253:0.0-2694.0 (median depth 18.0)
[11:25:47 - Sampler] Took 0.01s to make features.
[11:25:47 - PWorker] 16.0% Done (0.4/2.6 Mbases) in 51.2s
[11:25:47 - Sampler] Initializing sampler for consensus of region contig_254:0-2556.
[11:25:47 - Feature] Processed contig_254:0.0-2555.0 (median depth 8.0)
[11:25:47 - Sampler] Took 0.01s to make features.
[11:25:48 - PWorker] Batches in cache: 8.
[11:25:48 - Sampler] Initializing sampler for consensus of region contig_255:0-3004.
[11:25:48 - Feature] Processed contig_255:0.0-3003.0 (median depth 16.0)
[11:25:48 - Sampler] Took 0.01s to make features.
[11:25:48 - Sampler] Initializing sampler for consensus of region contig_256:0-2442.
[11:25:48 - Feature] Processed contig_256:0.0-2441.0 (median depth 8.0)
[11:25:48 - Sampler] Took 0.00s to make features.
[11:25:48 - Sampler] Initializing sampler for consensus of region contig_257:0-7623.
[11:25:48 - Feature] Processed contig_257:0.0-7622.0 (median depth 7.0)
[11:25:48 - Sampler] Took 0.01s to make features.
[11:25:49 - Sampler] Initializing sampler for consensus of region contig_258:0-3230.
[11:25:49 - Feature] Processed contig_258:0.0-3229.0 (median depth 13.0)
[11:25:49 - Sampler] Took 0.01s to make features.
[11:25:49 - Sampler] Initializing sampler for consensus of region contig_259:0-2205.
[11:25:49 - Feature] Processed contig_259:0.0-2204.0 (median depth 5.0)
[11:25:49 - Sampler] Took 0.01s to make features.
[11:25:50 - Sampler] Initializing sampler for consensus of region contig_26:0-4076.
[11:25:50 - Feature] Processed contig_26:0.0-4075.0 (median depth 18.0)
[11:25:50 - Sampler] Took 0.01s to make features.
[11:25:50 - Sampler] Initializing sampler for consensus of region contig_260:0-2231.
[11:25:50 - Feature] Processed contig_260:0.0-2230.0 (median depth 9.0)
[11:25:50 - Sampler] Took 0.01s to make features.
[11:25:50 - Sampler] Initializing sampler for consensus of region contig_261:0-4676.
[11:25:50 - Feature] Processed contig_261:0.0-4675.0 (median depth 13.0)
[11:25:50 - Sampler] Took 0.01s to make features.
[11:25:50 - Sampler] Initializing sampler for consensus of region contig_262:0-2853.
[11:25:50 - Feature] Processed contig_262:0.0-2852.0 (median depth 14.0)
[11:25:50 - Sampler] Took 0.01s to make features.
[11:25:51 - Sampler] Initializing sampler for consensus of region contig_263:0-6262.
[11:25:51 - Feature] Processed contig_263:0.0-6261.0 (median depth 15.0)
[11:25:51 - Sampler] Took 0.01s to make features.
[11:25:51 - Sampler] Initializing sampler for consensus of region contig_264:0-2377.
[11:25:51 - Feature] Processed contig_264:0.0-2376.0 (median depth 7.0)
[11:25:51 - Sampler] Took 0.01s to make features.
[11:25:51 - Sampler] Initializing sampler for consensus of region contig_265:0-2362.
[11:25:51 - Feature] Processed contig_265:0.0-2361.0 (median depth 8.0)
[11:25:51 - Sampler] Took 0.01s to make features.
[11:25:52 - Sampler] Initializing sampler for consensus of region contig_266:0-2233.
[11:25:52 - Feature] Processed contig_266:0.0-2232.0 (median depth 3.0)
[11:25:52 - Sampler] Took 0.01s to make features.
[11:25:52 - Sampler] Initializing sampler for consensus of region contig_267:0-2229.
[11:25:52 - Feature] Processed contig_267:0.0-2228.0 (median depth 7.0)
[11:25:52 - Sampler] Took 0.01s to make features.
[11:25:52 - Sampler] Initializing sampler for consensus of region contig_268:0-2488.
[11:25:52 - Feature] Processed contig_268:0.0-2487.0 (median depth 11.0)
[11:25:52 - Sampler] Took 0.01s to make features.
[11:25:52 - Sampler] Initializing sampler for consensus of region contig_269:0-3665.
[11:25:52 - Feature] Processed contig_269:0.0-3664.0 (median depth 16.0)
[11:25:52 - Sampler] Took 0.01s to make features.
[11:25:53 - Sampler] Initializing sampler for consensus of region contig_27:0-2829.
[11:25:53 - Feature] Processed contig_27:0.0-2828.0 (median depth 7.0)
[11:25:53 - Sampler] Took 0.01s to make features.
[11:25:53 - PWorker] Batches in cache: 8.
[11:25:53 - Sampler] Initializing sampler for consensus of region contig_270:0-4429.
[11:25:53 - Feature] Processed contig_270:0.0-4428.0 (median depth 26.0)
[11:25:53 - Sampler] Took 0.01s to make features.
[11:25:54 - Sampler] Initializing sampler for consensus of region contig_271:0-3010.
[11:25:54 - Feature] Processed contig_271:0.0-3009.0 (median depth 13.0)
[11:25:54 - Sampler] Took 0.01s to make features.
[11:25:54 - Sampler] Initializing sampler for consensus of region contig_272:0-2928.
[11:25:54 - Feature] Processed contig_272:0.0-2927.0 (median depth 12.0)
[11:25:54 - Sampler] Took 0.01s to make features.
[11:25:54 - Sampler] Initializing sampler for consensus of region contig_273:0-2497.
[11:25:54 - Feature] Processed contig_273:0.0-2496.0 (median depth 10.0)
[11:25:54 - Sampler] Took 0.01s to make features.
[11:25:54 - Sampler] Initializing sampler for consensus of region contig_274:0-2316.
[11:25:54 - Feature] Processed contig_274:0.0-2315.0 (median depth 14.0)
[11:25:54 - Sampler] Took 0.01s to make features.
[11:25:55 - Sampler] Initializing sampler for consensus of region contig_275:0-6202.
[11:25:55 - Feature] Processed contig_275:0.0-6201.0 (median depth 9.0)
[11:25:55 - Sampler] Took 0.01s to make features.
[11:25:55 - Sampler] Initializing sampler for consensus of region contig_276:0-7168.
[11:25:55 - Feature] Processed contig_276:0.0-7167.0 (median depth 7.0)
[11:25:55 - Sampler] Took 0.01s to make features.
[11:25:56 - Sampler] Initializing sampler for consensus of region contig_277:0-2208.
[11:25:56 - Feature] Processed contig_277:0.0-2207.0 (median depth 9.0)
[11:25:56 - Sampler] Took 0.01s to make features.
[11:25:56 - Sampler] Initializing sampler for consensus of region contig_278:0-2590.
[11:25:56 - Feature] Processed contig_278:0.0-2589.0 (median depth 5.0)
[11:25:56 - Sampler] Took 0.00s to make features.
[11:25:56 - Sampler] Initializing sampler for consensus of region contig_279:0-2204.
[11:25:56 - Feature] Processed contig_279:0.0-2203.0 (median depth 8.0)
[11:25:56 - Sampler] Took 0.01s to make features.
[11:25:56 - Sampler] Initializing sampler for consensus of region contig_28:0-2587.
[11:25:56 - Feature] Processed contig_28:0.0-2586.0 (median depth 12.0)
[11:25:56 - Sampler] Took 0.01s to make features.
[11:25:57 - Sampler] Initializing sampler for consensus of region contig_280:0-2236.
[11:25:57 - Feature] Processed contig_280:0.0-2235.0 (median depth 8.0)
[11:25:57 - Sampler] Took 0.01s to make features.
[11:25:57 - Sampler] Initializing sampler for consensus of region contig_281:0-5045.
[11:25:57 - Feature] Processed contig_281:0.0-5044.0 (median depth 34.0)
[11:25:57 - Sampler] Took 0.02s to make features.
[11:25:58 - PWorker] 19.2% Done (0.5/2.6 Mbases) in 61.3s
[11:25:58 - Sampler] Initializing sampler for consensus of region contig_282:0-4115.
[11:25:58 - Feature] Processed contig_282:0.0-4114.0 (median depth 11.0)
[11:25:58 - Sampler] Took 0.01s to make features.
[11:25:58 - Sampler] Initializing sampler for consensus of region contig_283:0-2747.
[11:25:58 - Feature] Processed contig_283:0.0-2746.0 (median depth 14.0)
[11:25:58 - Sampler] Took 0.01s to make features.
[11:25:58 - Sampler] Initializing sampler for consensus of region contig_284:0-2246.
[11:25:58 - Feature] Processed contig_284:0.0-2245.0 (median depth 14.0)
[11:25:58 - Sampler] Took 0.01s to make features.
[11:25:58 - Sampler] Initializing sampler for consensus of region contig_285:0-4197.
[11:25:58 - Feature] Processed contig_285:0.0-4196.0 (median depth 12.0)
[11:25:58 - Sampler] Took 0.01s to make features.
[11:25:58 - Sampler] Initializing sampler for consensus of region contig_286:0-4129.
[11:25:58 - Feature] Processed contig_286:0.0-4128.0 (median depth 20.0)
[11:25:58 - Sampler] Took 0.01s to make features.
[11:25:59 - PWorker] Batches in cache: 8.
[11:25:59 - Sampler] Initializing sampler for consensus of region contig_287:0-2296.
[11:25:59 - Feature] Processed contig_287:0.0-2295.0 (median depth 7.0)
[11:25:59 - Sampler] Took 0.00s to make features.
[11:25:59 - Sampler] Initializing sampler for consensus of region contig_288:0-2325.
[11:25:59 - Feature] Processed contig_288:0.0-2324.0 (median depth 7.0)
[11:25:59 - Sampler] Took 0.01s to make features.
[11:25:59 - Sampler] Initializing sampler for consensus of region contig_289:0-3075.
[11:25:59 - Feature] Processed contig_289:0.0-3074.0 (median depth 10.0)
[11:25:59 - Sampler] Took 0.01s to make features.
[11:26:00 - Sampler] Initializing sampler for consensus of region contig_29:0-2258.
[11:26:00 - Feature] Processed contig_29:0.0-2257.0 (median depth 13.0)
[11:26:00 - Sampler] Took 0.01s to make features.
[11:26:00 - Sampler] Initializing sampler for consensus of region contig_290:0-2226.
[11:26:00 - Feature] Processed contig_290:0.0-2225.0 (median depth 8.0)
[11:26:00 - Sampler] Took 0.01s to make features.
[11:26:00 - Sampler] Initializing sampler for consensus of region contig_291:0-2328.
[11:26:00 - Feature] Processed contig_291:0.0-2327.0 (median depth 7.0)
[11:26:00 - Sampler] Took 0.01s to make features.
[11:26:00 - Sampler] Initializing sampler for consensus of region contig_292:0-2383.
[11:26:00 - Feature] Processed contig_292:0.0-2382.0 (median depth 20.0)
[11:26:00 - Sampler] Took 0.01s to make features.
[11:26:01 - Sampler] Initializing sampler for consensus of region contig_293:0-2234.
[11:26:01 - Feature] Processed contig_293:0.0-2233.0 (median depth 21.0)
[11:26:01 - Sampler] Took 0.01s to make features.
[11:26:01 - Sampler] Initializing sampler for consensus of region contig_294:0-2280.
[11:26:01 - Feature] Processed contig_294:0.0-2279.0 (median depth 25.0)
[11:26:01 - Sampler] Took 0.01s to make features.
[11:26:02 - Sampler] Initializing sampler for consensus of region contig_295:0-2721.
[11:26:02 - Feature] Processed contig_295:0.0-2720.0 (median depth 4.0)
[11:26:02 - Sampler] Took 0.00s to make features.
[11:26:02 - Sampler] Initializing sampler for consensus of region contig_296:0-2257.
[11:26:02 - Feature] Processed contig_296:0.0-2256.0 (median depth 11.0)
[11:26:02 - Sampler] Took 0.01s to make features.
[11:26:02 - Sampler] Initializing sampler for consensus of region contig_297:0-4513.
[11:26:02 - Feature] Processed contig_297:0.0-4512.0 (median depth 20.0)
[11:26:02 - Sampler] Took 0.01s to make features.
[11:26:02 - Sampler] Initializing sampler for consensus of region contig_298:0-2395.
[11:26:02 - Feature] Processed contig_298:0.0-2394.0 (median depth 8.0)
[11:26:02 - Sampler] Took 0.00s to make features.
[11:26:02 - Sampler] Initializing sampler for consensus of region contig_299:0-2425.
[11:26:02 - Feature] Processed contig_299:0.0-2424.0 (median depth 6.0)
[11:26:02 - Sampler] Took 0.01s to make features.
[11:26:03 - Sampler] Initializing sampler for consensus of region contig_3:0-5178.
[11:26:03 - Feature] Processed contig_3:0.0-5177.0 (median depth 10.0)
[11:26:03 - Sampler] Took 0.01s to make features.
[11:26:03 - Sampler] Initializing sampler for consensus of region contig_30:0-5065.
[11:26:03 - Feature] Processed contig_30:0.0-5064.0 (median depth 18.0)
[11:26:03 - Sampler] Took 0.01s to make features.
[11:26:04 - Sampler] Initializing sampler for consensus of region contig_300:0-2513.
[11:26:04 - Feature] Processed contig_300:0.0-2512.0 (median depth 13.0)
[11:26:04 - Sampler] Took 0.01s to make features.
[11:26:04 - PWorker] Batches in cache: 8.
[11:26:04 - Sampler] Initializing sampler for consensus of region contig_301:0-4034.
[11:26:04 - Feature] Processed contig_301:0.0-4033.0 (median depth 16.0)
[11:26:04 - Sampler] Took 0.01s to make features.
[11:26:04 - Sampler] Initializing sampler for consensus of region contig_302:0-6781.
[11:26:04 - Feature] Processed contig_302:0.0-6780.0 (median depth 7.0)
[11:26:04 - Sampler] Took 0.01s to make features.
[11:26:04 - Sampler] Initializing sampler for consensus of region contig_303:0-4328.
[11:26:04 - Feature] Processed contig_303:0.0-4327.0 (median depth 4.0)
[11:26:04 - Sampler] Took 0.01s to make features.
[11:26:05 - Sampler] Initializing sampler for consensus of region contig_304:0-2229.
[11:26:05 - Feature] Processed contig_304:0.0-2228.0 (median depth 5.0)
[11:26:05 - Sampler] Took 0.01s to make features.
[11:26:05 - Sampler] Initializing sampler for consensus of region contig_305:0-2313.
[11:26:05 - Feature] Processed contig_305:0.0-2312.0 (median depth 8.0)
[11:26:05 - Sampler] Took 0.01s to make features.
[11:26:05 - Sampler] Initializing sampler for consensus of region contig_306:0-2300.
[11:26:05 - Feature] Processed contig_306:0.0-2299.0 (median depth 6.0)
[11:26:05 - Sampler] Took 0.00s to make features.
[11:26:05 - Sampler] Initializing sampler for consensus of region contig_307:0-2288.
[11:26:05 - Feature] Processed contig_307:0.0-2287.0 (median depth 13.0)
[11:26:05 - Sampler] Took 0.01s to make features.
[11:26:06 - Sampler] Initializing sampler for consensus of region contig_308:0-3389.
[11:26:06 - Feature] Processed contig_308:0.0-3388.0 (median depth 7.0)
[11:26:06 - Sampler] Took 0.01s to make features.
[11:26:06 - Sampler] Initializing sampler for consensus of region contig_309:0-3200.
[11:26:06 - Feature] Processed contig_309:0.0-3199.0 (median depth 15.0)
[11:26:06 - Sampler] Took 0.01s to make features.
[11:26:06 - Sampler] Initializing sampler for consensus of region contig_31:0-2314.
[11:26:06 - Feature] Processed contig_31:0.0-2313.0 (median depth 9.0)
[11:26:06 - Sampler] Took 0.01s to make features.
[11:26:06 - Sampler] Initializing sampler for consensus of region contig_310:0-3835.
[11:26:06 - Feature] Processed contig_310:0.0-3834.0 (median depth 6.0)
[11:26:06 - Sampler] Took 0.01s to make features.
[11:26:06 - Sampler] Initializing sampler for consensus of region contig_311:0-2366.
[11:26:06 - Feature] Processed contig_311:0.0-2365.0 (median depth 6.0)
[11:26:06 - Sampler] Took 0.01s to make features.
[11:26:07 - Sampler] Initializing sampler for consensus of region contig_312:0-2500.
[11:26:07 - Feature] Processed contig_312:0.0-2499.0 (median depth 7.0)
[11:26:07 - Sampler] Took 0.01s to make features.
[11:26:07 - Sampler] Initializing sampler for consensus of region contig_313:0-2313.
[11:26:07 - Feature] Processed contig_313:0.0-2312.0 (median depth 20.0)
[11:26:07 - Sampler] Took 0.01s to make features.
[11:26:07 - Sampler] Initializing sampler for consensus of region contig_314:0-2193.
[11:26:07 - Feature] Processed contig_314:0.0-2192.0 (median depth 23.0)
[11:26:07 - Sampler] Took 0.01s to make features.
[11:26:07 - Sampler] Initializing sampler for consensus of region contig_315:0-2513.
[11:26:07 - Feature] Processed contig_315:0.0-2512.0 (median depth 9.0)
[11:26:07 - Sampler] Took 0.01s to make features.
[11:26:08 - PWorker] 22.2% Done (0.6/2.6 Mbases) in 71.4s
[11:26:08 - Sampler] Initializing sampler for consensus of region contig_316:0-2249.
[11:26:08 - Feature] Processed contig_316:0.0-2248.0 (median depth 5.0)
[11:26:08 - Sampler] Took 0.00s to make features.
[11:26:08 - Sampler] Initializing sampler for consensus of region contig_317:0-2712.
[11:26:08 - Feature] Processed contig_317:0.0-2711.0 (median depth 10.0)
[11:26:08 - Sampler] Took 0.01s to make features.
[11:26:09 - Sampler] Initializing sampler for consensus of region contig_318:0-2279.
[11:26:09 - Feature] Processed contig_318:0.0-2278.0 (median depth 7.0)
[11:26:09 - Sampler] Took 0.00s to make features.
[11:26:09 - PWorker] Batches in cache: 8.
[11:26:09 - Sampler] Initializing sampler for consensus of region contig_319:0-2714.
[11:26:09 - Feature] Processed contig_319:0.0-2713.0 (median depth 3.0)
[11:26:09 - Sampler] Took 0.01s to make features.
[11:26:09 - Sampler] Initializing sampler for consensus of region contig_32:0-5044.
[11:26:09 - Feature] Processed contig_32:0.0-5043.0 (median depth 14.0)
[11:26:09 - Sampler] Took 0.01s to make features.
[11:26:10 - Sampler] Initializing sampler for consensus of region contig_320:0-6286.
[11:26:10 - Feature] Processed contig_320:0.0-6285.0 (median depth 24.0)
[11:26:10 - Sampler] Took 0.02s to make features.
[11:26:10 - Sampler] Initializing sampler for consensus of region contig_321:0-2446.
[11:26:10 - Feature] Processed contig_321:0.0-2445.0 (median depth 23.0)
[11:26:10 - Sampler] Took 0.01s to make features.
[11:26:10 - Sampler] Initializing sampler for consensus of region contig_322:0-2294.
[11:26:10 - Feature] Processed contig_322:0.0-2293.0 (median depth 20.0)
[11:26:10 - Sampler] Took 0.01s to make features.
[11:26:10 - Sampler] Initializing sampler for consensus of region contig_323:0-2725.
[11:26:10 - Feature] Processed contig_323:0.0-2724.0 (median depth 12.0)
[11:26:10 - Sampler] Took 0.01s to make features.
[11:26:11 - Sampler] Initializing sampler for consensus of region contig_324:0-4578.
[11:26:11 - Feature] Processed contig_324:0.0-4577.0 (median depth 11.0)
[11:26:11 - Sampler] Took 0.01s to make features.
[11:26:11 - Sampler] Initializing sampler for consensus of region contig_325:0-2332.
[11:26:11 - Feature] Processed contig_325:0.0-2331.0 (median depth 13.0)
[11:26:11 - Sampler] Took 0.01s to make features.
[11:26:11 - Sampler] Initializing sampler for consensus of region contig_326:0-2299.
[11:26:11 - Feature] Processed contig_326:0.0-2298.0 (median depth 13.0)
[11:26:11 - Sampler] Took 0.01s to make features.
[11:26:11 - Sampler] Initializing sampler for consensus of region contig_327:0-2284.
[11:26:11 - Feature] Processed contig_327:0.0-2283.0 (median depth 8.0)
[11:26:11 - Sampler] Took 0.00s to make features.
[11:26:12 - Sampler] Initializing sampler for consensus of region contig_328:0-2790.
[11:26:12 - Feature] Processed contig_328:0.0-2789.0 (median depth 9.0)
[11:26:12 - Sampler] Took 0.01s to make features.
[11:26:12 - Sampler] Initializing sampler for consensus of region contig_329:0-2265.
[11:26:12 - Feature] Processed contig_329:0.0-2264.0 (median depth 11.0)
[11:26:12 - Sampler] Took 0.01s to make features.
[11:26:12 - Sampler] Initializing sampler for consensus of region contig_33:0-2907.
[11:26:12 - Feature] Processed contig_33:0.0-2906.0 (median depth 7.0)
[11:26:12 - Sampler] Took 0.01s to make features.
[11:26:12 - Sampler] Initializing sampler for consensus of region contig_330:0-2244.
[11:26:12 - Feature] Processed contig_330:0.0-2243.0 (median depth 9.0)
[11:26:12 - Sampler] Took 0.01s to make features.
[11:26:13 - Sampler] Initializing sampler for consensus of region contig_331:0-3347.
[11:26:13 - Feature] Processed contig_331:0.0-3346.0 (median depth 10.0)
[11:26:13 - Sampler] Took 0.01s to make features.
[11:26:13 - Sampler] Initializing sampler for consensus of region contig_332:0-5704.
[11:26:13 - Feature] Processed contig_332:0.0-5703.0 (median depth 14.0)
[11:26:13 - Sampler] Took 0.01s to make features.
[11:26:13 - Sampler] Initializing sampler for consensus of region contig_333:0-2271.
[11:26:13 - Feature] Processed contig_333:0.0-2270.0 (median depth 10.0)
[11:26:13 - Sampler] Took 0.01s to make features.
[11:26:13 - Sampler] Initializing sampler for consensus of region contig_334:0-2606.
[11:26:13 - Feature] Processed contig_334:0.0-2605.0 (median depth 19.0)
[11:26:13 - Sampler] Took 0.01s to make features.
[11:26:13 - Sampler] Initializing sampler for consensus of region contig_335:0-2224.
[11:26:13 - Feature] Processed contig_335:0.0-2223.0 (median depth 6.0)
[11:26:13 - Sampler] Took 0.00s to make features.
[11:26:14 - Sampler] Initializing sampler for consensus of region contig_336:0-2242.
[11:26:14 - Feature] Processed contig_336:0.0-2241.0 (median depth 10.0)
[11:26:14 - Sampler] Took 0.01s to make features.
[11:26:14 - PWorker] Batches in cache: 8.
[11:26:14 - Sampler] Initializing sampler for consensus of region contig_337:0-4471.
[11:26:14 - Feature] Processed contig_337:0.0-4470.0 (median depth 6.0)
[11:26:14 - Sampler] Took 0.01s to make features.
[11:26:14 - Sampler] Initializing sampler for consensus of region contig_338:0-2971.
[11:26:14 - Feature] Processed contig_338:0.0-2970.0 (median depth 6.0)
[11:26:14 - Sampler] Took 0.01s to make features.
[11:26:15 - Sampler] Initializing sampler for consensus of region contig_339:0-2468.
[11:26:15 - Feature] Processed contig_339:0.0-2467.0 (median depth 9.0)
[11:26:15 - Sampler] Took 0.01s to make features.
[11:26:15 - Sampler] Initializing sampler for consensus of region contig_34:0-2332.
[11:26:15 - Feature] Processed contig_34:0.0-2331.0 (median depth 4.0)
[11:26:15 - Sampler] Took 0.00s to make features.
[11:26:15 - Sampler] Initializing sampler for consensus of region contig_340:0-5160.
[11:26:15 - Feature] Processed contig_340:0.0-5159.0 (median depth 10.0)
[11:26:15 - Sampler] Took 0.01s to make features.
[11:26:16 - Sampler] Initializing sampler for consensus of region contig_341:0-2237.
[11:26:16 - Feature] Processed contig_341:0.0-2236.0 (median depth 10.0)
[11:26:16 - Sampler] Took 0.01s to make features.
[11:26:16 - Sampler] Initializing sampler for consensus of region contig_342:0-4797.
[11:26:16 - Feature] Processed contig_342:0.0-4796.0 (median depth 30.0)
[11:26:16 - Sampler] Took 0.01s to make features.
[11:26:16 - Sampler] Initializing sampler for consensus of region contig_343:0-4580.
[11:26:16 - Feature] Processed contig_343:0.0-4579.0 (median depth 6.0)
[11:26:16 - Sampler] Took 0.01s to make features.
[11:26:16 - Sampler] Initializing sampler for consensus of region contig_344:0-2687.
[11:26:16 - Feature] Processed contig_344:0.0-2686.0 (median depth 5.0)
[11:26:16 - Sampler] Took 0.01s to make features.
[11:26:17 - Sampler] Initializing sampler for consensus of region contig_345:0-2339.
[11:26:17 - Feature] Processed contig_345:0.0-2338.0 (median depth 5.0)
[11:26:17 - Sampler] Took 0.01s to make features.
[11:26:17 - Sampler] Initializing sampler for consensus of region contig_346:0-2493.
[11:26:17 - Feature] Processed contig_346:0.0-2492.0 (median depth 8.0)
[11:26:17 - Sampler] Took 0.00s to make features.
[11:26:17 - Sampler] Initializing sampler for consensus of region contig_347:0-3042.
[11:26:17 - Feature] Processed contig_347:0.0-3041.0 (median depth 5.0)
[11:26:17 - Sampler] Took 0.01s to make features.
[11:26:17 - Sampler] Initializing sampler for consensus of region contig_348:0-4429.
[11:26:17 - Feature] Processed contig_348:0.0-4428.0 (median depth 13.0)
[11:26:17 - Sampler] Took 0.01s to make features.
[11:26:18 - Sampler] Initializing sampler for consensus of region contig_349:0-3940.
[11:26:18 - Feature] Processed contig_349:0.0-3939.0 (median depth 17.0)
[11:26:18 - Sampler] Took 0.01s to make features.
[11:26:18 - PWorker] 25.2% Done (0.7/2.6 Mbases) in 81.6s
[11:26:18 - Sampler] Initializing sampler for consensus of region contig_35:0-4043.
[11:26:18 - Feature] Processed contig_35:0.0-4042.0 (median depth 12.0)
[11:26:18 - Sampler] Took 0.01s to make features.
[11:26:18 - Sampler] Initializing sampler for consensus of region contig_350:0-2262.
[11:26:18 - Feature] Processed contig_350:0.0-2261.0 (median depth 5.0)
[11:26:18 - Sampler] Took 0.00s to make features.
[11:26:19 - Sampler] Initializing sampler for consensus of region contig_351:0-2307.
[11:26:19 - Feature] Processed contig_351:0.0-2306.0 (median depth 9.0)
[11:26:19 - Sampler] Took 0.01s to make features.
[11:26:19 - Sampler] Initializing sampler for consensus of region contig_352:0-2780.
[11:26:19 - Feature] Processed contig_352:0.0-2779.0 (median depth 18.0)
[11:26:19 - Sampler] Took 0.01s to make features.
[11:26:19 - PWorker] Batches in cache: 8.
[11:26:19 - Sampler] Initializing sampler for consensus of region contig_353:0-2753.
[11:26:19 - Feature] Processed contig_353:0.0-2752.0 (median depth 9.0)
[11:26:19 - Sampler] Took 0.01s to make features.
[11:26:19 - Sampler] Initializing sampler for consensus of region contig_354:0-2404.
[11:26:19 - Feature] Processed contig_354:0.0-2403.0 (median depth 6.0)
[11:26:19 - Sampler] Took 0.01s to make features.
[11:26:20 - Sampler] Initializing sampler for consensus of region contig_355:0-2250.
[11:26:20 - Feature] Processed contig_355:0.0-2249.0 (median depth 10.0)
[11:26:20 - Sampler] Took 0.01s to make features.
[11:26:20 - Sampler] Initializing sampler for consensus of region contig_356:0-2529.
[11:26:20 - Feature] Processed contig_356:0.0-2528.0 (median depth 11.0)
[11:26:20 - Sampler] Took 0.01s to make features.
[11:26:20 - Sampler] Initializing sampler for consensus of region contig_357:0-2273.
[11:26:20 - Feature] Processed contig_357:0.0-2272.0 (median depth 10.0)
[11:26:20 - Sampler] Took 0.01s to make features.
[11:26:20 - Sampler] Initializing sampler for consensus of region contig_358:0-1997.
[11:26:20 - Feature] Processed contig_358:0.0-1996.0 (median depth 8.0)
[11:26:20 - Sampler] Took 0.01s to make features.
[11:26:21 - Sampler] Initializing sampler for consensus of region contig_359:0-2447.
[11:26:21 - Feature] Processed contig_359:0.0-2446.0 (median depth 9.0)
[11:26:21 - Sampler] Took 0.01s to make features.
[11:26:21 - Sampler] Initializing sampler for consensus of region contig_36:0-2525.
[11:26:21 - Feature] Processed contig_36:0.0-2524.0 (median depth 3.0)
[11:26:21 - Sampler] Took 0.00s to make features.
[11:26:21 - Sampler] Initializing sampler for consensus of region contig_361:0-2234.
[11:26:21 - Feature] Processed contig_361:0.0-2233.0 (median depth 17.0)
[11:26:21 - Sampler] Took 0.01s to make features.
[11:26:22 - Sampler] Initializing sampler for consensus of region contig_362:0-3466.
[11:26:22 - Feature] Processed contig_362:0.0-3465.0 (median depth 9.0)
[11:26:22 - Sampler] Took 0.01s to make features.
[11:26:22 - Sampler] Initializing sampler for consensus of region contig_363:0-2886.
[11:26:22 - Feature] Processed contig_363:0.0-2885.0 (median depth 18.0)
[11:26:22 - Sampler] Took 0.01s to make features.
[11:26:22 - Sampler] Initializing sampler for consensus of region contig_364:0-2594.
[11:26:22 - Feature] Processed contig_364:0.0-2593.0 (median depth 10.0)
[11:26:22 - Sampler] Took 0.01s to make features.
[11:26:22 - Sampler] Initializing sampler for consensus of region contig_365:0-2994.
[11:26:22 - Feature] Processed contig_365:0.0-2993.0 (median depth 6.0)
[11:26:22 - Sampler] Took 0.01s to make features.
[11:26:23 - Sampler] Initializing sampler for consensus of region contig_366:0-2589.
[11:26:23 - Feature] Processed contig_366:0.0-2588.0 (median depth 5.0)
[11:26:23 - Sampler] Took 0.00s to make features.
[11:26:23 - Sampler] Initializing sampler for consensus of region contig_367:0-2566.
[11:26:23 - Feature] Processed contig_367:0.0-2565.0 (median depth 6.0)
[11:26:23 - Sampler] Took 0.01s to make features.
[11:26:23 - Sampler] Initializing sampler for consensus of region contig_368:0-2550.
[11:26:23 - Feature] Processed contig_368:0.0-2549.0 (median depth 15.0)
[11:26:23 - Sampler] Took 0.01s to make features.
[11:26:24 - Sampler] Initializing sampler for consensus of region contig_369:0-6242.
[11:26:24 - Feature] Processed contig_369:0.0-6241.0 (median depth 9.0)
[11:26:24 - Sampler] Took 0.01s to make features.
[11:26:24 - Sampler] Initializing sampler for consensus of region contig_37:0-4693.
[11:26:24 - Feature] Processed contig_37:0.0-4692.0 (median depth 22.0)
[11:26:24 - Sampler] Took 0.01s to make features.
[11:26:24 - PWorker] Batches in cache: 8.
[11:26:24 - Sampler] Initializing sampler for consensus of region contig_370:0-2640.
[11:26:24 - Feature] Processed contig_370:0.0-2639.0 (median depth 7.0)
[11:26:24 - Sampler] Took 0.01s to make features.
[11:26:24 - Sampler] Initializing sampler for consensus of region contig_371:0-2496.
[11:26:24 - Feature] Processed contig_371:0.0-2495.0 (median depth 16.0)
[11:26:24 - Sampler] Took 0.01s to make features.
[11:26:25 - Sampler] Initializing sampler for consensus of region contig_372:0-4192.
[11:26:25 - Feature] Processed contig_372:0.0-4191.0 (median depth 7.0)
[11:26:25 - Sampler] Took 0.01s to make features.
[11:26:25 - Sampler] Initializing sampler for consensus of region contig_373:0-4392.
[11:26:25 - Feature] Processed contig_373:0.0-4391.0 (median depth 7.0)
[11:26:25 - Sampler] Took 0.01s to make features.
[11:26:25 - Sampler] Initializing sampler for consensus of region contig_374:0-5683.
[11:26:25 - Feature] Processed contig_374:0.0-5682.0 (median depth 12.0)
[11:26:25 - Sampler] Took 0.01s to make features.
[11:26:25 - Sampler] Initializing sampler for consensus of region contig_375:0-2695.
[11:26:25 - Feature] Processed contig_375:0.0-2694.0 (median depth 10.0)
[11:26:25 - Sampler] Took 0.01s to make features.
[11:26:25 - Sampler] Initializing sampler for consensus of region contig_376:0-2626.
[11:26:25 - Feature] Processed contig_376:0.0-2625.0 (median depth 5.0)
[11:26:25 - Sampler] Took 0.00s to make features.
[11:26:26 - Sampler] Initializing sampler for consensus of region contig_377:0-2258.
[11:26:26 - Feature] Processed contig_377:0.0-2257.0 (median depth 7.0)
[11:26:26 - Sampler] Took 0.01s to make features.
[11:26:26 - Sampler] Initializing sampler for consensus of region contig_378:0-2409.
[11:26:26 - Feature] Processed contig_378:0.0-2408.0 (median depth 6.0)
[11:26:26 - Sampler] Took 0.01s to make features.
[11:26:26 - Sampler] Initializing sampler for consensus of region contig_379:0-4964.
[11:26:26 - Feature] Processed contig_379:0.0-4963.0 (median depth 11.0)
[11:26:26 - Sampler] Took 0.01s to make features.
[11:26:26 - Sampler] Initializing sampler for consensus of region contig_38:0-6054.
[11:26:26 - Feature] Processed contig_38:0.0-6053.0 (median depth 19.0)
[11:26:26 - Sampler] Took 0.01s to make features.
[11:26:26 - Sampler] Initializing sampler for consensus of region contig_380:0-2275.
[11:26:26 - Feature] Processed contig_380:0.0-2274.0 (median depth 7.0)
[11:26:26 - Sampler] Took 0.00s to make features.
[11:26:27 - Sampler] Initializing sampler for consensus of region contig_381:0-2274.
[11:26:27 - Feature] Processed contig_381:0.0-2273.0 (median depth 12.0)
[11:26:27 - Sampler] Took 0.01s to make features.
[11:26:27 - Sampler] Initializing sampler for consensus of region contig_382:0-2295.
[11:26:27 - Feature] Processed contig_382:0.0-2294.0 (median depth 4.0)
[11:26:27 - Sampler] Took 0.01s to make features.
[11:26:27 - Sampler] Initializing sampler for consensus of region contig_383:0-3147.
[11:26:27 - Feature] Processed contig_383:0.0-3146.0 (median depth 8.0)
[11:26:27 - Sampler] Took 0.01s to make features.
[11:26:27 - Sampler] Initializing sampler for consensus of region contig_384:0-2918.
[11:26:27 - Feature] Processed contig_384:0.0-2917.0 (median depth 8.0)
[11:26:27 - Sampler] Took 0.01s to make features.
[11:26:28 - Sampler] Initializing sampler for consensus of region contig_385:0-2349.
[11:26:28 - Feature] Processed contig_385:0.0-2348.0 (median depth 18.0)
[11:26:28 - Sampler] Took 0.01s to make features.
[11:26:28 - PWorker] 28.2% Done (0.7/2.6 Mbases) in 91.7s
[11:26:28 - Sampler] Initializing sampler for consensus of region contig_386:0-2298.
[11:26:28 - Feature] Processed contig_386:0.0-2297.0 (median depth 11.0)
[11:26:28 - Sampler] Took 0.01s to make features.
[11:26:28 - Sampler] Initializing sampler for consensus of region contig_388:0-2869.
[11:26:28 - Feature] Processed contig_388:0.0-2868.0 (median depth 7.0)
[11:26:28 - Sampler] Took 0.01s to make features.
[11:26:29 - Sampler] Initializing sampler for consensus of region contig_389:0-2638.
[11:26:29 - Feature] Processed contig_389:0.0-2637.0 (median depth 5.0)
[11:26:29 - Sampler] Took 0.01s to make features.
[11:26:29 - PWorker] Batches in cache: 8.
[11:26:29 - Sampler] Initializing sampler for consensus of region contig_39:0-2553.
[11:26:29 - Feature] Processed contig_39:0.0-2552.0 (median depth 12.0)
[11:26:29 - Sampler] Took 0.01s to make features.
[11:26:29 - Sampler] Initializing sampler for consensus of region contig_390:0-2465.
[11:26:29 - Feature] Processed contig_390:0.0-2464.0 (median depth 7.0)
[11:26:29 - Sampler] Took 0.00s to make features.
[11:26:30 - Sampler] Initializing sampler for consensus of region contig_391:0-2436.
[11:26:30 - Feature] Processed contig_391:0.0-2435.0 (median depth 16.0)
[11:26:30 - Sampler] Took 0.01s to make features.
[11:26:30 - Sampler] Initializing sampler for consensus of region contig_392:0-3064.
[11:26:30 - Feature] Processed contig_392:0.0-3063.0 (median depth 13.0)
[11:26:30 - Sampler] Took 0.01s to make features.
[11:26:31 - Sampler] Initializing sampler for consensus of region contig_393:0-2211.
[11:26:31 - Feature] Processed contig_393:0.0-2210.0 (median depth 8.0)
[11:26:31 - Sampler] Took 0.01s to make features.
[11:26:31 - Sampler] Initializing sampler for consensus of region contig_394:0-2222.
[11:26:31 - Feature] Processed contig_394:0.0-2221.0 (median depth 14.0)
[11:26:31 - Sampler] Took 0.01s to make features.
[11:26:31 - Sampler] Initializing sampler for consensus of region contig_395:0-5101.
[11:26:31 - Feature] Processed contig_395:0.0-5100.0 (median depth 13.0)
[11:26:31 - Sampler] Took 0.01s to make features.
[11:26:31 - Sampler] Initializing sampler for consensus of region contig_396:0-2542.
[11:26:31 - Feature] Processed contig_396:0.0-2541.0 (median depth 10.0)
[11:26:31 - Sampler] Took 0.01s to make features.
[11:26:31 - Sampler] Initializing sampler for consensus of region contig_397:0-4427.
[11:26:31 - Feature] Processed contig_397:0.0-4426.0 (median depth 9.0)
[11:26:31 - Sampler] Took 0.01s to make features.
[11:26:32 - Sampler] Initializing sampler for consensus of region contig_398:0-3363.
[11:26:32 - Feature] Processed contig_398:0.0-3362.0 (median depth 14.0)
[11:26:32 - Sampler] Took 0.01s to make features.
[11:26:32 - Sampler] Initializing sampler for consensus of region contig_399:0-2730.
[11:26:32 - Feature] Processed contig_399:0.0-2729.0 (median depth 10.0)
[11:26:32 - Sampler] Took 0.01s to make features.
[11:26:33 - Sampler] Initializing sampler for consensus of region contig_4:0-2756.
[11:26:33 - Feature] Processed contig_4:0.0-2755.0 (median depth 9.0)
[11:26:33 - Sampler] Took 0.01s to make features.
[11:26:33 - Sampler] Initializing sampler for consensus of region contig_40:0-2503.
[11:26:33 - Feature] Processed contig_40:0.0-2502.0 (median depth 8.0)
[11:26:33 - Sampler] Took 0.01s to make features.
[11:26:33 - Sampler] Initializing sampler for consensus of region contig_400:0-2519.
[11:26:33 - Feature] Processed contig_400:0.0-2518.0 (median depth 12.0)
[11:26:33 - Sampler] Took 0.01s to make features.
[11:26:33 - Sampler] Initializing sampler for consensus of region contig_401:0-5988.
[11:26:33 - Feature] Processed contig_401:0.0-5987.0 (median depth 23.0)
[11:26:33 - Sampler] Took 0.02s to make features.
[11:26:34 - Sampler] Initializing sampler for consensus of region contig_402:0-4724.
[11:26:34 - Feature] Processed contig_402:0.0-4723.0 (median depth 9.0)
[11:26:34 - Sampler] Took 0.01s to make features.
[11:26:34 - Sampler] Initializing sampler for consensus of region contig_403:0-5975.
[11:26:34 - Feature] Processed contig_403:0.0-5974.0 (median depth 13.0)
[11:26:34 - Sampler] Took 0.01s to make features.
[11:26:34 - Sampler] Initializing sampler for consensus of region contig_404:0-2695.
[11:26:34 - Feature] Processed contig_404:0.0-2694.0 (median depth 14.0)
[11:26:34 - Sampler] Took 0.01s to make features.
[11:26:34 - PWorker] Batches in cache: 8.
[11:26:34 - Sampler] Initializing sampler for consensus of region contig_405:0-4266.
[11:26:34 - Feature] Processed contig_405:0.0-4265.0 (median depth 11.0)
[11:26:34 - Sampler] Took 0.01s to make features.
[11:26:34 - Sampler] Initializing sampler for consensus of region contig_406:0-2418.
[11:26:34 - Feature] Processed contig_406:0.0-2417.0 (median depth 7.0)
[11:26:34 - Sampler] Took 0.01s to make features.
[11:26:35 - Sampler] Initializing sampler for consensus of region contig_407:0-4309.
[11:26:35 - Feature] Processed contig_407:0.0-4308.0 (median depth 7.0)
[11:26:35 - Sampler] Took 0.01s to make features.
[11:26:35 - Sampler] Initializing sampler for consensus of region contig_408:0-2298.
[11:26:35 - Feature] Processed contig_408:0.0-2297.0 (median depth 5.0)
[11:26:35 - Sampler] Took 0.01s to make features.
[11:26:35 - Sampler] Initializing sampler for consensus of region contig_409:0-4111.
[11:26:35 - Feature] Processed contig_409:0.0-4110.0 (median depth 15.0)
[11:26:35 - Sampler] Took 0.01s to make features.
[11:26:35 - Sampler] Initializing sampler for consensus of region contig_41:0-2630.
[11:26:35 - Feature] Processed contig_41:0.0-2629.0 (median depth 18.0)
[11:26:35 - Sampler] Took 0.01s to make features.
[11:26:36 - Sampler] Initializing sampler for consensus of region contig_410:0-3968.
[11:26:36 - Feature] Processed contig_410:0.0-3967.0 (median depth 16.0)
[11:26:36 - Sampler] Took 0.01s to make features.
[11:26:36 - Sampler] Initializing sampler for consensus of region contig_411:0-2716.
[11:26:36 - Feature] Processed contig_411:0.0-2715.0 (median depth 5.0)
[11:26:36 - Sampler] Took 0.01s to make features.
[11:26:36 - Sampler] Initializing sampler for consensus of region contig_412:0-4502.
[11:26:36 - Feature] Processed contig_412:0.0-4501.0 (median depth 8.0)
[11:26:36 - Sampler] Took 0.01s to make features.
[11:26:36 - Sampler] Initializing sampler for consensus of region contig_413:0-4319.
[11:26:36 - Feature] Processed contig_413:0.0-4318.0 (median depth 4.0)
[11:26:36 - Sampler] Took 0.01s to make features.
[11:26:37 - Sampler] Initializing sampler for consensus of region contig_414:0-3178.
[11:26:37 - Feature] Processed contig_414:0.0-3177.0 (median depth 10.0)
[11:26:37 - Sampler] Took 0.01s to make features.
[11:26:37 - Sampler] Initializing sampler for consensus of region contig_415:0-2415.
[11:26:37 - Feature] Processed contig_415:0.0-2414.0 (median depth 13.0)
[11:26:37 - Sampler] Took 0.01s to make features.
[11:26:37 - Sampler] Initializing sampler for consensus of region contig_416:0-3046.
[11:26:37 - Feature] Processed contig_416:0.0-3045.0 (median depth 11.0)
[11:26:37 - Sampler] Took 0.01s to make features.
[11:26:38 - Sampler] Initializing sampler for consensus of region contig_417:0-3796.
[11:26:38 - Feature] Processed contig_417:0.0-3795.0 (median depth 13.0)
[11:26:38 - Sampler] Took 0.01s to make features.
[11:26:38 - Sampler] Initializing sampler for consensus of region contig_418:0-2590.
[11:26:38 - Feature] Processed contig_418:0.0-2589.0 (median depth 5.0)
[11:26:38 - Sampler] Took 0.01s to make features.
[11:26:38 - PWorker] 31.3% Done (0.8/2.6 Mbases) in 101.9s
[11:26:38 - Sampler] Initializing sampler for consensus of region contig_419:0-2667.
[11:26:38 - Feature] Processed contig_419:0.0-2666.0 (median depth 11.0)
[11:26:38 - Sampler] Took 0.01s to make features.
[11:26:39 - Sampler] Initializing sampler for consensus of region contig_420:0-2521.
[11:26:39 - Feature] Processed contig_420:0.0-2520.0 (median depth 17.0)
[11:26:39 - Sampler] Took 0.01s to make features.
[11:26:39 - Sampler] Initializing sampler for consensus of region contig_421:0-2425.
[11:26:39 - Feature] Processed contig_421:0.0-2424.0 (median depth 6.0)
[11:26:39 - Sampler] Took 0.01s to make features.
[11:26:40 - PWorker] Batches in cache: 8.
[11:26:40 - Sampler] Initializing sampler for consensus of region contig_422:0-2488.
[11:26:40 - Feature] Processed contig_422:0.0-2487.0 (median depth 11.0)
[11:26:40 - Sampler] Took 0.00s to make features.
[11:26:40 - Sampler] Initializing sampler for consensus of region contig_423:0-1277.
[11:26:40 - Feature] Processed contig_423:0.0-1276.0 (median depth 17.0)
[11:26:40 - Sampler] Took 0.01s to make features.
[11:26:40 - Sampler] Initializing sampler for consensus of region contig_424:0-1201.
[11:26:40 - Feature] Processed contig_424:0.0-1200.0 (median depth 10.0)
[11:26:40 - Sampler] Took 0.01s to make features.
[11:26:40 - Sampler] Initializing sampler for consensus of region contig_425:0-2227.
[11:26:40 - Feature] Processed contig_425:0.0-2226.0 (median depth 10.0)
[11:26:40 - Sampler] Took 0.01s to make features.
[11:26:41 - Sampler] Initializing sampler for consensus of region contig_426:0-7531.
[11:26:41 - Feature] Processed contig_426:0.0-7530.0 (median depth 33.0)
[11:26:41 - Sampler] Took 0.02s to make features.
[11:26:41 - Sampler] Initializing sampler for consensus of region contig_427:0-4653.
[11:26:41 - Feature] Processed contig_427:0.0-4652.0 (median depth 9.0)
[11:26:41 - Sampler] Took 0.01s to make features.
[11:26:41 - Sampler] Initializing sampler for consensus of region contig_428:0-2825.
[11:26:41 - Feature] Processed contig_428:0.0-2824.0 (median depth 18.0)
[11:26:41 - Sampler] Took 0.01s to make features.
[11:26:42 - Sampler] Initializing sampler for consensus of region contig_429:0-8315.
[11:26:42 - Feature] Processed contig_429:0.0-8314.0 (median depth 15.0)
[11:26:42 - Sampler] Took 0.01s to make features.
[11:26:42 - Sampler] Initializing sampler for consensus of region contig_43:0-2676.
[11:26:42 - Feature] Processed contig_43:0.0-2675.0 (median depth 15.0)
[11:26:42 - Sampler] Took 0.01s to make features.
[11:26:42 - Sampler] Initializing sampler for consensus of region contig_430:0-2581.
[11:26:42 - Feature] Processed contig_430:0.0-2580.0 (median depth 11.0)
[11:26:42 - Sampler] Took 0.01s to make features.
[11:26:43 - Sampler] Initializing sampler for consensus of region contig_431:0-4725.
[11:26:43 - Feature] Processed contig_431:0.0-4724.0 (median depth 5.0)
[11:26:43 - Sampler] Took 0.01s to make features.
[11:26:43 - Sampler] Initializing sampler for consensus of region contig_432:0-3089.
[11:26:43 - Feature] Processed contig_432:0.0-3088.0 (median depth 14.0)
[11:26:43 - Sampler] Took 0.01s to make features.
[11:26:43 - Sampler] Initializing sampler for consensus of region contig_433:0-4725.
[11:26:43 - Feature] Processed contig_433:0.0-4724.0 (median depth 6.0)
[11:26:43 - Sampler] Took 0.01s to make features.
[11:26:43 - Sampler] Initializing sampler for consensus of region contig_434:0-2318.
[11:26:43 - Feature] Processed contig_434:0.0-2317.0 (median depth 5.0)
[11:26:43 - Sampler] Took 0.00s to make features.
[11:26:44 - Sampler] Initializing sampler for consensus of region contig_435:0-2814.
[11:26:44 - Feature] Processed contig_435:0.0-2813.0 (median depth 17.0)
[11:26:44 - Sampler] Took 0.01s to make features.
[11:26:44 - Sampler] Initializing sampler for consensus of region contig_436:0-2276.
[11:26:44 - Feature] Processed contig_436:0.0-2275.0 (median depth 7.0)
[11:26:44 - Sampler] Took 0.01s to make features.
[11:26:44 - Sampler] Initializing sampler for consensus of region contig_437:0-2708.
[11:26:44 - Feature] Processed contig_437:0.0-2707.0 (median depth 10.0)
[11:26:44 - Sampler] Took 0.01s to make features.
[11:26:44 - Sampler] Initializing sampler for consensus of region contig_438:0-2351.
[11:26:44 - Feature] Processed contig_438:0.0-2350.0 (median depth 5.0)
[11:26:44 - Sampler] Took 0.00s to make features.
[11:26:45 - PWorker] Batches in cache: 8.
[11:26:45 - Sampler] Initializing sampler for consensus of region contig_439:0-2195.
[11:26:45 - Feature] Processed contig_439:0.0-2194.0 (median depth 6.0)
[11:26:45 - Sampler] Took 0.01s to make features.
[11:26:45 - Sampler] Initializing sampler for consensus of region contig_44:0-2682.
[11:26:45 - Feature] Processed contig_44:0.0-2681.0 (median depth 9.0)
[11:26:45 - Sampler] Took 0.01s to make features.
[11:26:45 - Sampler] Initializing sampler for consensus of region contig_440:0-4451.
[11:26:45 - Feature] Processed contig_440:0.0-4450.0 (median depth 6.0)
[11:26:45 - Sampler] Took 0.01s to make features.
[11:26:45 - Sampler] Initializing sampler for consensus of region contig_441:0-2776.
[11:26:45 - Feature] Processed contig_441:0.0-2775.0 (median depth 5.0)
[11:26:45 - Sampler] Took 0.01s to make features.
[11:26:45 - Sampler] Initializing sampler for consensus of region contig_442:0-4475.
[11:26:45 - Feature] Processed contig_442:0.0-4474.0 (median depth 16.0)
[11:26:45 - Sampler] Took 0.01s to make features.
[11:26:46 - Sampler] Initializing sampler for consensus of region contig_443:0-2427.
[11:26:46 - Feature] Processed contig_443:0.0-2426.0 (median depth 8.0)
[11:26:46 - Sampler] Took 0.01s to make features.
[11:26:46 - Sampler] Initializing sampler for consensus of region contig_444:0-2421.
[11:26:46 - Feature] Processed contig_444:0.0-2420.0 (median depth 13.0)
[11:26:46 - Sampler] Took 0.01s to make features.
[11:26:47 - Sampler] Initializing sampler for consensus of region contig_445:0-2548.
[11:26:47 - Feature] Processed contig_445:0.0-2547.0 (median depth 11.0)
[11:26:47 - Sampler] Took 0.01s to make features.
[11:26:47 - Sampler] Initializing sampler for consensus of region contig_446:0-3613.
[11:26:47 - Feature] Processed contig_446:0.0-3612.0 (median depth 8.0)
[11:26:47 - Sampler] Took 0.01s to make features.
[11:26:48 - Sampler] Initializing sampler for consensus of region contig_447:0-2215.
[11:26:48 - Feature] Processed contig_447:0.0-2214.0 (median depth 12.0)
[11:26:48 - Sampler] Took 0.01s to make features.
[11:26:48 - Sampler] Initializing sampler for consensus of region contig_448:0-2254.
[11:26:48 - Feature] Processed contig_448:0.0-2253.0 (median depth 5.0)
[11:26:48 - Sampler] Took 0.01s to make features.
[11:26:48 - PWorker] 34.5% Done (0.9/2.6 Mbases) in 111.9s
[11:26:48 - Sampler] Initializing sampler for consensus of region contig_449:0-2797.
[11:26:48 - Feature] Processed contig_449:0.0-2796.0 (median depth 7.0)
[11:26:48 - Sampler] Took 0.01s to make features.
[11:26:49 - Sampler] Initializing sampler for consensus of region contig_45:0-3339.
[11:26:49 - Feature] Processed contig_45:0.0-3338.0 (median depth 15.0)
[11:26:49 - Sampler] Took 0.01s to make features.
[11:26:49 - Sampler] Initializing sampler for consensus of region contig_450:0-2847.
[11:26:49 - Feature] Processed contig_450:0.0-2846.0 (median depth 11.0)
[11:26:49 - Sampler] Took 0.01s to make features.
[11:26:49 - Sampler] Initializing sampler for consensus of region contig_451:0-4080.
[11:26:49 - Feature] Processed contig_451:0.0-4079.0 (median depth 9.0)
[11:26:49 - Sampler] Took 0.01s to make features.
[11:26:49 - Sampler] Initializing sampler for consensus of region contig_452:0-2407.
[11:26:49 - Feature] Processed contig_452:0.0-2406.0 (median depth 4.0)
[11:26:49 - Sampler] Took 0.01s to make features.
[11:26:50 - Sampler] Initializing sampler for consensus of region contig_453:0-2339.
[11:26:50 - Feature] Processed contig_453:0.0-2338.0 (median depth 17.0)
[11:26:50 - Sampler] Took 0.01s to make features.
[11:26:50 - PWorker] Batches in cache: 8.
[11:26:50 - Sampler] Initializing sampler for consensus of region contig_454:0-2373.
[11:26:50 - Feature] Processed contig_454:0.0-2372.0 (median depth 12.0)
[11:26:50 - Sampler] Took 0.01s to make features.
[11:26:50 - Sampler] Initializing sampler for consensus of region contig_455:0-5356.
[11:26:50 - Feature] Processed contig_455:0.0-5355.0 (median depth 13.0)
[11:26:50 - Sampler] Took 0.01s to make features.
[11:26:50 - Sampler] Initializing sampler for consensus of region contig_456:0-2302.
[11:26:50 - Feature] Processed contig_456:0.0-2301.0 (median depth 8.0)
[11:26:50 - Sampler] Took 0.01s to make features.
[11:26:50 - Sampler] Initializing sampler for consensus of region contig_457:0-2402.
[11:26:50 - Feature] Processed contig_457:0.0-2401.0 (median depth 8.0)
[11:26:50 - Sampler] Took 0.01s to make features.
[11:26:51 - Sampler] Initializing sampler for consensus of region contig_458:0-2219.
[11:26:51 - Feature] Processed contig_458:0.0-2218.0 (median depth 8.0)
[11:26:51 - Sampler] Took 0.01s to make features.
[11:26:51 - Sampler] Initializing sampler for consensus of region contig_459:0-4734.
[11:26:51 - Feature] Processed contig_459:0.0-4733.0 (median depth 27.0)
[11:26:51 - Sampler] Took 0.01s to make features.
[11:26:51 - Sampler] Initializing sampler for consensus of region contig_46:0-4249.
[11:26:51 - Feature] Processed contig_46:0.0-4248.0 (median depth 10.0)
[11:26:51 - Sampler] Took 0.01s to make features.
[11:26:52 - Sampler] Initializing sampler for consensus of region contig_460:0-2276.
[11:26:52 - Feature] Processed contig_460:0.0-2275.0 (median depth 6.0)
[11:26:52 - Sampler] Took 0.01s to make features.
[11:26:52 - Sampler] Initializing sampler for consensus of region contig_461:0-3800.
[11:26:52 - Feature] Processed contig_461:0.0-3799.0 (median depth 11.0)
[11:26:52 - Sampler] Took 0.01s to make features.
[11:26:52 - Sampler] Initializing sampler for consensus of region contig_462:0-3591.
[11:26:52 - Feature] Processed contig_462:0.0-3590.0 (median depth 8.0)
[11:26:52 - Sampler] Took 0.01s to make features.
[11:26:52 - Sampler] Initializing sampler for consensus of region contig_463:0-2330.
[11:26:52 - Feature] Processed contig_463:0.0-2329.0 (median depth 7.0)
[11:26:52 - Sampler] Took 0.01s to make features.
[11:26:53 - Sampler] Initializing sampler for consensus of region contig_464:0-5627.
[11:26:53 - Feature] Processed contig_464:0.0-5626.0 (median depth 8.0)
[11:26:53 - Sampler] Took 0.01s to make features.
[11:26:53 - Sampler] Initializing sampler for consensus of region contig_465:0-3062.
[11:26:53 - Feature] Processed contig_465:0.0-3061.0 (median depth 4.0)
[11:26:53 - Sampler] Took 0.01s to make features.
[11:26:53 - Sampler] Initializing sampler for consensus of region contig_466:0-2222.
[11:26:53 - Feature] Processed contig_466:0.0-2221.0 (median depth 9.0)
[11:26:53 - Sampler] Took 0.00s to make features.
[11:26:53 - Sampler] Initializing sampler for consensus of region contig_467:0-4139.
[11:26:53 - Feature] Processed contig_467:0.0-4138.0 (median depth 9.0)
[11:26:53 - Sampler] Took 0.01s to make features.
[11:26:54 - Sampler] Initializing sampler for consensus of region contig_468:0-6182.
[11:26:54 - Feature] Processed contig_468:0.0-6181.0 (median depth 13.0)
[11:26:54 - Sampler] Took 0.01s to make features.
[11:26:54 - Sampler] Initializing sampler for consensus of region contig_469:0-4407.
[11:26:54 - Feature] Processed contig_469:0.0-4406.0 (median depth 12.0)
[11:26:54 - Sampler] Took 0.01s to make features.
[11:26:54 - Sampler] Initializing sampler for consensus of region contig_47:0-2700.
[11:26:54 - Feature] Processed contig_47:0.0-2699.0 (median depth 10.0)
[11:26:54 - Sampler] Took 0.01s to make features.
[11:26:54 - Sampler] Initializing sampler for consensus of region contig_470:0-6599.
[11:26:54 - Feature] Processed contig_470:0.0-6598.0 (median depth 6.0)
[11:26:54 - Sampler] Took 0.01s to make features.
[11:26:55 - Sampler] Initializing sampler for consensus of region contig_471:0-3193.
[11:26:55 - Feature] Processed contig_471:0.0-3192.0 (median depth 5.0)
[11:26:55 - Sampler] Took 0.01s to make features.
[11:26:55 - Sampler] Initializing sampler for consensus of region contig_472:0-2454.
[11:26:55 - Feature] Processed contig_472:0.0-2453.0 (median depth 7.0)
[11:26:55 - Sampler] Took 0.01s to make features.
[11:26:55 - PWorker] Batches in cache: 8.
[11:26:55 - Sampler] Initializing sampler for consensus of region contig_473:0-1999.
[11:26:55 - Feature] Processed contig_473:0.0-1998.0 (median depth 9.0)
[11:26:55 - Sampler] Took 0.01s to make features.
[11:26:56 - Sampler] Initializing sampler for consensus of region contig_474:0-2949.
[11:26:56 - Feature] Processed contig_474:0.0-2948.0 (median depth 7.0)
[11:26:56 - Sampler] Took 0.01s to make features.
[11:26:56 - Sampler] Initializing sampler for consensus of region contig_475:0-2336.
[11:26:56 - Feature] Processed contig_475:0.0-2335.0 (median depth 14.0)
[11:26:56 - Sampler] Took 0.01s to make features.
[11:26:56 - Sampler] Initializing sampler for consensus of region contig_476:0-2335.
[11:26:56 - Feature] Processed contig_476:0.0-2334.0 (median depth 12.0)
[11:26:56 - Sampler] Took 0.01s to make features.
[11:26:56 - Sampler] Initializing sampler for consensus of region contig_477:0-4211.
[11:26:56 - Feature] Processed contig_477:0.0-4210.0 (median depth 14.0)
[11:26:56 - Sampler] Took 0.01s to make features.
[11:26:57 - Sampler] Initializing sampler for consensus of region contig_478:0-2267.
[11:26:57 - Feature] Processed contig_478:0.0-2266.0 (median depth 10.0)
[11:26:57 - Sampler] Took 0.01s to make features.
[11:26:57 - Sampler] Initializing sampler for consensus of region contig_479:0-2459.
[11:26:57 - Feature] Processed contig_479:0.0-2458.0 (median depth 13.0)
[11:26:57 - Sampler] Took 0.01s to make features.
[11:26:57 - Sampler] Initializing sampler for consensus of region contig_48:0-2524.
[11:26:57 - Feature] Processed contig_48:0.0-2523.0 (median depth 12.0)
[11:26:57 - Sampler] Took 0.01s to make features.
[11:26:58 - Sampler] Initializing sampler for consensus of region contig_480:0-4924.
[11:26:58 - Feature] Processed contig_480:0.0-4923.0 (median depth 12.0)
[11:26:58 - Sampler] Took 0.01s to make features.
[11:26:58 - Sampler] Initializing sampler for consensus of region contig_481:0-2454.
[11:26:58 - Feature] Processed contig_481:0.0-2453.0 (median depth 5.0)
[11:26:58 - Sampler] Took 0.01s to make features.
[11:26:58 - PWorker] 37.5% Done (1.0/2.6 Mbases) in 122.1s
[11:26:58 - Sampler] Initializing sampler for consensus of region contig_482:0-2222.
[11:26:58 - Feature] Processed contig_482:0.0-2221.0 (median depth 10.0)
[11:26:58 - Sampler] Took 0.01s to make features.
[11:26:59 - Sampler] Initializing sampler for consensus of region contig_483:0-2761.
[11:26:59 - Feature] Processed contig_483:0.0-2760.0 (median depth 8.0)
[11:26:59 - Sampler] Took 0.01s to make features.
[11:26:59 - Sampler] Initializing sampler for consensus of region contig_484:0-6568.
[11:26:59 - Feature] Processed contig_484:0.0-6567.0 (median depth 18.0)
[11:26:59 - Sampler] Took 0.01s to make features.
[11:26:59 - Sampler] Initializing sampler for consensus of region contig_485:0-3450.
[11:26:59 - Feature] Processed contig_485:0.0-3449.0 (median depth 5.0)
[11:26:59 - Sampler] Took 0.01s to make features.
[11:27:00 - Sampler] Initializing sampler for consensus of region contig_486:0-2881.
[11:27:00 - Feature] Processed contig_486:0.0-2880.0 (median depth 8.0)
[11:27:00 - Sampler] Took 0.01s to make features.
[11:27:00 - Sampler] Initializing sampler for consensus of region contig_487:0-2273.
[11:27:00 - Feature] Processed contig_487:0.0-2272.0 (median depth 4.0)
[11:27:00 - Sampler] Took 0.00s to make features.
[11:27:00 - Sampler] Initializing sampler for consensus of region contig_488:0-2283.
[11:27:00 - Feature] Processed contig_488:0.0-2282.0 (median depth 10.0)
[11:27:00 - Sampler] Took 0.01s to make features.
[11:27:01 - PWorker] Batches in cache: 8.
[11:27:01 - Sampler] Initializing sampler for consensus of region contig_489:0-2351.
[11:27:01 - Feature] Processed contig_489:0.0-2350.0 (median depth 6.0)
[11:27:01 - Sampler] Took 0.00s to make features.
[11:27:01 - Sampler] Initializing sampler for consensus of region contig_49:0-6043.
[11:27:01 - Feature] Processed contig_49:0.0-6042.0 (median depth 20.0)
[11:27:01 - Sampler] Took 0.02s to make features.
[11:27:01 - Sampler] Initializing sampler for consensus of region contig_490:0-2580.
[11:27:01 - Feature] Processed contig_490:0.0-2579.0 (median depth 11.0)
[11:27:01 - Sampler] Took 0.01s to make features.
[11:27:02 - Sampler] Initializing sampler for consensus of region contig_491:0-5195.
[11:27:02 - Feature] Processed contig_491:0.0-5194.0 (median depth 7.0)
[11:27:02 - Sampler] Took 0.01s to make features.
[11:27:02 - Sampler] Initializing sampler for consensus of region contig_492:0-2936.
[11:27:02 - Feature] Processed contig_492:0.0-2935.0 (median depth 4.0)
[11:27:02 - Sampler] Took 0.01s to make features.
[11:27:02 - Sampler] Initializing sampler for consensus of region contig_493:0-3572.
[11:27:02 - Feature] Processed contig_493:0.0-3571.0 (median depth 5.0)
[11:27:02 - Sampler] Took 0.01s to make features.
[11:27:02 - Sampler] Initializing sampler for consensus of region contig_494:0-5004.
[11:27:02 - Feature] Processed contig_494:0.0-5003.0 (median depth 7.0)
[11:27:02 - Sampler] Took 0.01s to make features.
[11:27:03 - Sampler] Initializing sampler for consensus of region contig_495:0-2319.
[11:27:03 - Feature] Processed contig_495:0.0-2318.0 (median depth 7.0)
[11:27:03 - Sampler] Took 0.00s to make features.
[11:27:03 - Sampler] Initializing sampler for consensus of region contig_496:0-4301.
[11:27:03 - Feature] Processed contig_496:0.0-4300.0 (median depth 16.0)
[11:27:03 - Sampler] Took 0.01s to make features.
[11:27:03 - Sampler] Initializing sampler for consensus of region contig_497:0-2237.
[11:27:03 - Feature] Processed contig_497:0.0-2236.0 (median depth 19.0)
[11:27:03 - Sampler] Took 0.01s to make features.
[11:27:04 - Sampler] Initializing sampler for consensus of region contig_498:0-2898.
[11:27:04 - Feature] Processed contig_498:0.0-2897.0 (median depth 5.0)
[11:27:04 - Sampler] Took 0.01s to make features.
[11:27:04 - Sampler] Initializing sampler for consensus of region contig_499:0-2456.
[11:27:04 - Feature] Processed contig_499:0.0-2455.0 (median depth 14.0)
[11:27:04 - Sampler] Took 0.01s to make features.
[11:27:04 - Sampler] Initializing sampler for consensus of region contig_5:0-4330.
[11:27:04 - Feature] Processed contig_5:0.0-4329.0 (median depth 9.0)
[11:27:04 - Sampler] Took 0.01s to make features.
[11:27:04 - Sampler] Initializing sampler for consensus of region contig_50:0-2304.
[11:27:04 - Feature] Processed contig_50:0.0-2303.0 (median depth 4.0)
[11:27:04 - Sampler] Took 0.01s to make features.
[11:27:05 - Sampler] Initializing sampler for consensus of region contig_500:0-2964.
[11:27:05 - Feature] Processed contig_500:0.0-2963.0 (median depth 10.0)
[11:27:05 - Sampler] Took 0.01s to make features.
[11:27:05 - Sampler] Initializing sampler for consensus of region contig_501:0-2226.
[11:27:05 - Feature] Processed contig_501:0.0-2225.0 (median depth 3.0)
[11:27:05 - Sampler] Took 0.01s to make features.
[11:27:06 - Sampler] Initializing sampler for consensus of region contig_502:0-4356.
[11:27:06 - Feature] Processed contig_502:0.0-4355.0 (median depth 13.0)
[11:27:06 - Sampler] Took 0.01s to make features.
[11:27:06 - PWorker] Batches in cache: 8.
[11:27:06 - Sampler] Initializing sampler for consensus of region contig_503:0-4688.
[11:27:06 - Feature] Processed contig_503:0.0-4687.0 (median depth 31.0)
[11:27:06 - Sampler] Took 0.02s to make features.
[11:27:06 - Sampler] Initializing sampler for consensus of region contig_504:0-2203.
[11:27:06 - Feature] Processed contig_504:0.0-2202.0 (median depth 6.0)
[11:27:06 - Sampler] Took 0.01s to make features.
[11:27:06 - Sampler] Initializing sampler for consensus of region contig_505:0-3838.
[11:27:06 - Feature] Processed contig_505:0.0-3837.0 (median depth 8.0)
[11:27:06 - Sampler] Took 0.01s to make features.
[11:27:06 - Sampler] Initializing sampler for consensus of region contig_506:0-2327.
[11:27:06 - Feature] Processed contig_506:0.0-2326.0 (median depth 15.0)
[11:27:06 - Sampler] Took 0.01s to make features.
[11:27:07 - Sampler] Initializing sampler for consensus of region contig_507:0-2470.
[11:27:07 - Feature] Processed contig_507:0.0-2469.0 (median depth 8.0)
[11:27:07 - Sampler] Took 0.01s to make features.
[11:27:07 - Sampler] Initializing sampler for consensus of region contig_508:0-2453.
[11:27:07 - Feature] Processed contig_508:0.0-2452.0 (median depth 11.0)
[11:27:07 - Sampler] Took 0.01s to make features.
[11:27:08 - Sampler] Initializing sampler for consensus of region contig_509:0-2465.
[11:27:08 - Feature] Processed contig_509:0.0-2464.0 (median depth 8.0)
[11:27:08 - Sampler] Took 0.01s to make features.
[11:27:08 - Sampler] Initializing sampler for consensus of region contig_51:0-2813.
[11:27:08 - Feature] Processed contig_51:0.0-2812.0 (median depth 3.0)
[11:27:08 - Sampler] Took 0.01s to make features.
[11:27:08 - PWorker] 40.5% Done (1.1/2.6 Mbases) in 132.1s
[11:27:08 - Sampler] Initializing sampler for consensus of region contig_510:0-2237.
[11:27:08 - Feature] Processed contig_510:0.0-2236.0 (median depth 5.0)
[11:27:08 - Sampler] Took 0.01s to make features.
[11:27:09 - Sampler] Initializing sampler for consensus of region contig_511:0-2472.
[11:27:09 - Feature] Processed contig_511:0.0-2471.0 (median depth 9.0)
[11:27:09 - Sampler] Took 0.01s to make features.
[11:27:09 - Sampler] Initializing sampler for consensus of region contig_512:0-2483.
[11:27:09 - Feature] Processed contig_512:0.0-2482.0 (median depth 5.0)
[11:27:09 - Sampler] Took 0.01s to make features.
[11:27:09 - Sampler] Initializing sampler for consensus of region contig_513:0-2228.
[11:27:09 - Feature] Processed contig_513:0.0-2227.0 (median depth 3.0)
[11:27:09 - Sampler] Took 0.00s to make features.
[11:27:09 - Sampler] Initializing sampler for consensus of region contig_514:0-2264.
[11:27:10 - Feature] Processed contig_514:0.0-2263.0 (median depth 10.0)
[11:27:10 - Sampler] Took 0.01s to make features.
[11:27:10 - Sampler] Initializing sampler for consensus of region contig_515:0-3221.
[11:27:10 - Feature] Processed contig_515:0.0-3220.0 (median depth 5.0)
[11:27:10 - Sampler] Took 0.01s to make features.
[11:27:10 - Sampler] Initializing sampler for consensus of region contig_516:0-2297.
[11:27:10 - Feature] Processed contig_516:0.0-2296.0 (median depth 7.0)
[11:27:10 - Sampler] Took 0.01s to make features.
[11:27:10 - Sampler] Initializing sampler for consensus of region contig_517:0-4344.
[11:27:10 - Feature] Processed contig_517:0.0-4343.0 (median depth 9.0)
[11:27:10 - Sampler] Took 0.01s to make features.
[11:27:11 - Sampler] Initializing sampler for consensus of region contig_518:0-2452.
[11:27:11 - Feature] Processed contig_518:0.0-2451.0 (median depth 4.0)
[11:27:11 - Sampler] Took 0.01s to make features.
[11:27:11 - Sampler] Initializing sampler for consensus of region contig_519:0-2749.
[11:27:11 - Feature] Processed contig_519:0.0-2748.0 (median depth 8.0)
[11:27:11 - Sampler] Took 0.01s to make features.
[11:27:11 - PWorker] Batches in cache: 8.
[11:27:11 - Sampler] Initializing sampler for consensus of region contig_52:0-2293.
[11:27:11 - Feature] Processed contig_52:0.0-2292.0 (median depth 14.0)
[11:27:11 - Sampler] Took 0.01s to make features.
[11:27:11 - Sampler] Initializing sampler for consensus of region contig_520:0-4414.
[11:27:11 - Feature] Processed contig_520:0.0-4413.0 (median depth 22.0)
[11:27:11 - Sampler] Took 0.01s to make features.
[11:27:12 - Sampler] Initializing sampler for consensus of region contig_521:0-2341.
[11:27:12 - Feature] Processed contig_521:0.0-2340.0 (median depth 4.0)
[11:27:12 - Sampler] Took 0.00s to make features.
[11:27:12 - Sampler] Initializing sampler for consensus of region contig_522:0-2268.
[11:27:12 - Feature] Processed contig_522:0.0-2267.0 (median depth 11.0)
[11:27:12 - Sampler] Took 0.01s to make features.
[11:27:12 - Sampler] Initializing sampler for consensus of region contig_523:0-2722.
[11:27:12 - Feature] Processed contig_523:0.0-2721.0 (median depth 17.0)
[11:27:12 - Sampler] Took 0.01s to make features.
[11:27:13 - Sampler] Initializing sampler for consensus of region contig_524:0-2512.
[11:27:13 - Feature] Processed contig_524:0.0-2511.0 (median depth 9.0)
[11:27:13 - Sampler] Took 0.01s to make features.
[11:27:13 - Sampler] Initializing sampler for consensus of region contig_525:0-2586.
[11:27:13 - Feature] Processed contig_525:0.0-2585.0 (median depth 3.0)
[11:27:13 - Sampler] Took 0.01s to make features.
[11:27:13 - Sampler] Initializing sampler for consensus of region contig_526:0-2235.
[11:27:13 - Feature] Processed contig_526:0.0-2234.0 (median depth 3.0)
[11:27:13 - Sampler] Took 0.01s to make features.
[11:27:13 - Sampler] Initializing sampler for consensus of region contig_527:0-3562.
[11:27:13 - Feature] Processed contig_527:0.0-3561.0 (median depth 15.0)
[11:27:13 - Sampler] Took 0.01s to make features.
[11:27:13 - Sampler] Initializing sampler for consensus of region contig_528:0-3260.
[11:27:13 - Feature] Processed contig_528:0.0-3259.0 (median depth 6.0)
[11:27:13 - Sampler] Took 0.01s to make features.
[11:27:14 - Sampler] Initializing sampler for consensus of region contig_529:0-2244.
[11:27:14 - Feature] Processed contig_529:0.0-2243.0 (median depth 11.0)
[11:27:14 - Sampler] Took 0.01s to make features.
[11:27:14 - Sampler] Initializing sampler for consensus of region contig_53:0-2467.
[11:27:14 - Feature] Processed contig_53:0.0-2466.0 (median depth 17.0)
[11:27:14 - Sampler] Took 0.01s to make features.
[11:27:14 - Sampler] Initializing sampler for consensus of region contig_530:0-2582.
[11:27:14 - Feature] Processed contig_530:0.0-2581.0 (median depth 5.0)
[11:27:14 - Sampler] Took 0.01s to make features.
[11:27:14 - Sampler] Initializing sampler for consensus of region contig_531:0-2340.
[11:27:14 - Feature] Processed contig_531:0.0-2339.0 (median depth 4.0)
[11:27:14 - Sampler] Took 0.01s to make features.
[11:27:14 - Sampler] Initializing sampler for consensus of region contig_532:0-2602.
[11:27:14 - Feature] Processed contig_532:0.0-2601.0 (median depth 9.0)
[11:27:14 - Sampler] Took 0.01s to make features.
[11:27:15 - Sampler] Initializing sampler for consensus of region contig_533:0-2520.
[11:27:15 - Feature] Processed contig_533:0.0-2519.0 (median depth 17.0)
[11:27:15 - Sampler] Took 0.01s to make features.
[11:27:15 - Sampler] Initializing sampler for consensus of region contig_534:0-2379.
[11:27:15 - Feature] Processed contig_534:0.0-2378.0 (median depth 5.0)
[11:27:15 - Sampler] Took 0.01s to make features.
[11:27:15 - Sampler] Initializing sampler for consensus of region contig_535:0-2341.
[11:27:15 - Feature] Processed contig_535:0.0-2340.0 (median depth 8.0)
[11:27:15 - Sampler] Took 0.00s to make features.
[11:27:16 - Sampler] Initializing sampler for consensus of region contig_536:0-2392.
[11:27:16 - Feature] Processed contig_536:0.0-2391.0 (median depth 8.0)
[11:27:16 - Sampler] Took 0.01s to make features.
[11:27:16 - Sampler] Initializing sampler for consensus of region contig_537:0-2651.
[11:27:16 - Feature] Processed contig_537:0.0-2650.0 (median depth 8.0)
[11:27:16 - Sampler] Took 0.01s to make features.
[11:27:16 - Sampler] Initializing sampler for consensus of region contig_538:0-2831.
[11:27:16 - Feature] Processed contig_538:0.0-2830.0 (median depth 7.0)
[11:27:16 - Sampler] Took 0.01s to make features.
[11:27:16 - PWorker] Batches in cache: 8.
[11:27:16 - Sampler] Initializing sampler for consensus of region contig_539:0-2633.
[11:27:16 - Feature] Processed contig_539:0.0-2632.0 (median depth 8.0)
[11:27:16 - Sampler] Took 0.01s to make features.
[11:27:17 - Sampler] Initializing sampler for consensus of region contig_54:0-2430.
[11:27:17 - Feature] Processed contig_54:0.0-2429.0 (median depth 11.0)
[11:27:17 - Sampler] Took 0.01s to make features.
[11:27:17 - Sampler] Initializing sampler for consensus of region contig_540:0-2215.
[11:27:17 - Feature] Processed contig_540:0.0-2214.0 (median depth 10.0)
[11:27:17 - Sampler] Took 0.01s to make features.
[11:27:17 - Sampler] Initializing sampler for consensus of region contig_541:0-2941.
[11:27:17 - Feature] Processed contig_541:0.0-2940.0 (median depth 11.0)
[11:27:17 - Sampler] Took 0.01s to make features.
[11:27:17 - Sampler] Initializing sampler for consensus of region contig_542:0-5070.
[11:27:17 - Feature] Processed contig_542:0.0-5069.0 (median depth 17.0)
[11:27:17 - Sampler] Took 0.01s to make features.
[11:27:17 - Sampler] Initializing sampler for consensus of region contig_543:0-3677.
[11:27:17 - Feature] Processed contig_543:0.0-3676.0 (median depth 13.0)
[11:27:17 - Sampler] Took 0.01s to make features.
[11:27:18 - Sampler] Initializing sampler for consensus of region contig_544:0-2229.
[11:27:18 - Feature] Processed contig_544:0.0-2228.0 (median depth 9.0)
[11:27:18 - Sampler] Took 0.01s to make features.
[11:27:18 - Sampler] Initializing sampler for consensus of region contig_545:0-2445.
[11:27:18 - Feature] Processed contig_545:0.0-2444.0 (median depth 10.0)
[11:27:18 - Sampler] Took 0.01s to make features.
[11:27:18 - Sampler] Initializing sampler for consensus of region contig_546:0-2279.
[11:27:18 - Feature] Processed contig_546:0.0-2278.0 (median depth 10.0)
[11:27:18 - Sampler] Took 0.01s to make features.
[11:27:18 - PWorker] 43.5% Done (1.1/2.6 Mbases) in 142.2s
[11:27:18 - Sampler] Initializing sampler for consensus of region contig_547:0-2473.
[11:27:18 - Feature] Processed contig_547:0.0-2472.0 (median depth 6.0)
[11:27:18 - Sampler] Took 0.01s to make features.
[11:27:19 - Sampler] Initializing sampler for consensus of region contig_548:0-2396.
[11:27:19 - Feature] Processed contig_548:0.0-2395.0 (median depth 6.0)
[11:27:19 - Sampler] Took 0.01s to make features.
[11:27:19 - Sampler] Initializing sampler for consensus of region contig_549:0-2623.
[11:27:19 - Feature] Processed contig_549:0.0-2622.0 (median depth 5.0)
[11:27:19 - Sampler] Took 0.01s to make features.
[11:27:19 - Sampler] Initializing sampler for consensus of region contig_55:0-6858.
[11:27:19 - Feature] Processed contig_55:0.0-6857.0 (median depth 10.0)
[11:27:19 - Sampler] Took 0.01s to make features.
[11:27:19 - Sampler] Initializing sampler for consensus of region contig_550:0-6147.
[11:27:19 - Feature] Processed contig_550:0.0-6146.0 (median depth 18.0)
[11:27:19 - Sampler] Took 0.01s to make features.
[11:27:20 - Sampler] Initializing sampler for consensus of region contig_551:0-2472.
[11:27:20 - Feature] Processed contig_551:0.0-2471.0 (median depth 6.0)
[11:27:20 - Sampler] Took 0.01s to make features.
[11:27:20 - Sampler] Initializing sampler for consensus of region contig_552:0-2256.
[11:27:20 - Feature] Processed contig_552:0.0-2255.0 (median depth 8.0)
[11:27:20 - Sampler] Took 0.01s to make features.
[11:27:20 - Sampler] Initializing sampler for consensus of region contig_553:0-2297.
[11:27:20 - Feature] Processed contig_553:0.0-2296.0 (median depth 9.0)
[11:27:20 - Sampler] Took 0.01s to make features.
[11:27:20 - Sampler] Initializing sampler for consensus of region contig_554:0-2345.
[11:27:20 - Feature] Processed contig_554:0.0-2344.0 (median depth 19.0)
[11:27:20 - Sampler] Took 0.01s to make features.
[11:27:20 - Sampler] Initializing sampler for consensus of region contig_555:0-2352.
[11:27:20 - Feature] Processed contig_555:0.0-2351.0 (median depth 11.0)
[11:27:20 - Sampler] Took 0.01s to make features.
[11:27:21 - Sampler] Initializing sampler for consensus of region contig_556:0-3661.
[11:27:21 - Feature] Processed contig_556:0.0-3660.0 (median depth 10.0)
[11:27:21 - Sampler] Took 0.01s to make features.
[11:27:21 - Sampler] Initializing sampler for consensus of region contig_557:0-3112.
[11:27:21 - Feature] Processed contig_557:0.0-3111.0 (median depth 8.0)
[11:27:21 - Sampler] Took 0.01s to make features.
[11:27:21 - Sampler] Initializing sampler for consensus of region contig_558:0-2726.
[11:27:21 - Feature] Processed contig_558:0.0-2725.0 (median depth 6.0)
[11:27:21 - Sampler] Took 0.01s to make features.
[11:27:21 - Sampler] Initializing sampler for consensus of region contig_559:0-2988.
[11:27:21 - Feature] Processed contig_559:0.0-2987.0 (median depth 13.0)
[11:27:21 - Sampler] Took 0.01s to make features.
[11:27:21 - PWorker] Batches in cache: 8.
[11:27:21 - Sampler] Initializing sampler for consensus of region contig_56:0-2306.
[11:27:22 - Feature] Processed contig_56:0.0-2305.0 (median depth 13.0)
[11:27:22 - Sampler] Took 0.01s to make features.
[11:27:22 - Sampler] Initializing sampler for consensus of region contig_560:0-8368.
[11:27:22 - Feature] Processed contig_560:0.0-8367.0 (median depth 23.0)
[11:27:22 - Sampler] Took 0.02s to make features.
[11:27:22 - Sampler] Initializing sampler for consensus of region contig_561:0-4671.
[11:27:22 - Feature] Processed contig_561:0.0-4670.0 (median depth 8.0)
[11:27:22 - Sampler] Took 0.01s to make features.
[11:27:22 - Sampler] Initializing sampler for consensus of region contig_562:0-3613.
[11:27:22 - Feature] Processed contig_562:0.0-3612.0 (median depth 11.0)
[11:27:22 - Sampler] Took 0.01s to make features.
[11:27:23 - Sampler] Initializing sampler for consensus of region contig_563:0-2256.
[11:27:23 - Feature] Processed contig_563:0.0-2255.0 (median depth 8.0)
[11:27:23 - Sampler] Took 0.01s to make features.
[11:27:23 - Sampler] Initializing sampler for consensus of region contig_564:0-3092.
[11:27:23 - Feature] Processed contig_564:0.0-3091.0 (median depth 14.0)
[11:27:23 - Sampler] Took 0.01s to make features.
[11:27:23 - Sampler] Initializing sampler for consensus of region contig_565:0-2464.
[11:27:23 - Feature] Processed contig_565:0.0-2463.0 (median depth 10.0)
[11:27:23 - Sampler] Took 0.01s to make features.
[11:27:23 - Sampler] Initializing sampler for consensus of region contig_566:0-2413.
[11:27:23 - Feature] Processed contig_566:0.0-2412.0 (median depth 7.0)
[11:27:23 - Sampler] Took 0.01s to make features.
[11:27:24 - Sampler] Initializing sampler for consensus of region contig_567:0-2396.
[11:27:24 - Feature] Processed contig_567:0.0-2395.0 (median depth 6.0)
[11:27:24 - Sampler] Took 0.01s to make features.
[11:27:24 - Sampler] Initializing sampler for consensus of region contig_568:0-2254.
[11:27:24 - Feature] Processed contig_568:0.0-2253.0 (median depth 6.0)
[11:27:24 - Sampler] Took 0.00s to make features.
[11:27:25 - Sampler] Initializing sampler for consensus of region contig_569:0-2280.
[11:27:25 - Feature] Processed contig_569:0.0-2279.0 (median depth 8.0)
[11:27:25 - Sampler] Took 0.01s to make features.
[11:27:25 - Sampler] Initializing sampler for consensus of region contig_57:0-4618.
[11:27:25 - Feature] Processed contig_57:0.0-4617.0 (median depth 11.0)
[11:27:25 - Sampler] Took 0.01s to make features.
[11:27:25 - Sampler] Initializing sampler for consensus of region contig_570:0-2557.
[11:27:25 - Feature] Processed contig_570:0.0-2556.0 (median depth 11.0)
[11:27:25 - Sampler] Took 0.01s to make features.
[11:27:25 - Sampler] Initializing sampler for consensus of region contig_571:0-2305.
[11:27:25 - Feature] Processed contig_571:0.0-2304.0 (median depth 19.0)
[11:27:25 - Sampler] Took 0.01s to make features.
[11:27:26 - Sampler] Initializing sampler for consensus of region contig_572:0-3669.
[11:27:26 - Feature] Processed contig_572:0.0-3668.0 (median depth 8.0)
[11:27:26 - Sampler] Took 0.01s to make features.
[11:27:26 - Sampler] Initializing sampler for consensus of region contig_573:0-2564.
[11:27:26 - Feature] Processed contig_573:0.0-2563.0 (median depth 6.0)
[11:27:26 - Sampler] Took 0.01s to make features.
[11:27:26 - Sampler] Initializing sampler for consensus of region contig_574:0-2625.
[11:27:26 - Feature] Processed contig_574:0.0-2624.0 (median depth 6.0)
[11:27:26 - Sampler] Took 0.01s to make features.
[11:27:26 - Sampler] Initializing sampler for consensus of region contig_575:0-2975.
[11:27:26 - Feature] Processed contig_575:0.0-2974.0 (median depth 5.0)
[11:27:26 - Sampler] Took 0.01s to make features.
[11:27:27 - PWorker] Batches in cache: 8.
[11:27:27 - Sampler] Initializing sampler for consensus of region contig_576:0-2574.
[11:27:27 - Feature] Processed contig_576:0.0-2573.0 (median depth 5.0)
[11:27:27 - Sampler] Took 0.01s to make features.
[11:27:27 - Sampler] Initializing sampler for consensus of region contig_577:0-2622.
[11:27:27 - Feature] Processed contig_577:0.0-2621.0 (median depth 20.0)
[11:27:27 - Sampler] Took 0.01s to make features.
[11:27:27 - Sampler] Initializing sampler for consensus of region contig_578:0-2264.
[11:27:27 - Feature] Processed contig_578:0.0-2263.0 (median depth 5.0)
[11:27:27 - Sampler] Took 0.01s to make features.
[11:27:28 - Sampler] Initializing sampler for consensus of region contig_579:0-4289.
[11:27:28 - Feature] Processed contig_579:0.0-4288.0 (median depth 14.0)
[11:27:28 - Sampler] Took 0.01s to make features.
[11:27:29 - PWorker] 46.4% Done (1.2/2.6 Mbases) in 152.3s
[11:27:29 - Sampler] Initializing sampler for consensus of region contig_58:0-2964.
[11:27:29 - Feature] Processed contig_58:0.0-2963.0 (median depth 11.0)
[11:27:29 - Sampler] Took 0.01s to make features.
[11:27:29 - Sampler] Initializing sampler for consensus of region contig_580:0-2521.
[11:27:29 - Feature] Processed contig_580:0.0-2520.0 (median depth 5.0)
[11:27:29 - Sampler] Took 0.01s to make features.
[11:27:29 - Sampler] Initializing sampler for consensus of region contig_581:0-2377.
[11:27:29 - Feature] Processed contig_581:0.0-2376.0 (median depth 8.0)
[11:27:29 - Sampler] Took 0.01s to make features.
[11:27:30 - Sampler] Initializing sampler for consensus of region contig_582:0-2724.
[11:27:30 - Feature] Processed contig_582:0.0-2723.0 (median depth 12.0)
[11:27:30 - Sampler] Took 0.01s to make features.
[11:27:30 - Sampler] Initializing sampler for consensus of region contig_583:0-2504.
[11:27:30 - Feature] Processed contig_583:0.0-2503.0 (median depth 12.0)
[11:27:30 - Sampler] Took 0.01s to make features.
[11:27:30 - Sampler] Initializing sampler for consensus of region contig_584:0-2207.
[11:27:30 - Feature] Processed contig_584:0.0-2206.0 (median depth 9.0)
[11:27:30 - Sampler] Took 0.01s to make features.
[11:27:30 - Sampler] Initializing sampler for consensus of region contig_585:0-4514.
[11:27:30 - Feature] Processed contig_585:0.0-4513.0 (median depth 12.0)
[11:27:30 - Sampler] Took 0.01s to make features.
[11:27:31 - Sampler] Initializing sampler for consensus of region contig_586:0-2629.
[11:27:31 - Feature] Processed contig_586:0.0-2628.0 (median depth 12.0)
[11:27:31 - Sampler] Took 0.01s to make features.
[11:27:31 - Sampler] Initializing sampler for consensus of region contig_587:0-2315.
[11:27:31 - Feature] Processed contig_587:0.0-2314.0 (median depth 14.0)
[11:27:31 - Sampler] Took 0.01s to make features.
[11:27:32 - Sampler] Initializing sampler for consensus of region contig_588:0-4023.
[11:27:32 - Feature] Processed contig_588:0.0-4022.0 (median depth 4.0)
[11:27:32 - Sampler] Took 0.01s to make features.
[11:27:32 - PWorker] Batches in cache: 8.
[11:27:32 - Sampler] Initializing sampler for consensus of region contig_589:0-3901.
[11:27:32 - Feature] Processed contig_589:0.0-3900.0 (median depth 16.0)
[11:27:32 - Sampler] Took 0.01s to make features.
[11:27:32 - Sampler] Initializing sampler for consensus of region contig_59:0-3637.
[11:27:32 - Feature] Processed contig_59:0.0-3636.0 (median depth 19.0)
[11:27:32 - Sampler] Took 0.01s to make features.
[11:27:32 - Sampler] Initializing sampler for consensus of region contig_590:0-2374.
[11:27:32 - Feature] Processed contig_590:0.0-2373.0 (median depth 7.0)
[11:27:32 - Sampler] Took 0.01s to make features.
[11:27:33 - Sampler] Initializing sampler for consensus of region contig_591:0-2540.
[11:27:33 - Feature] Processed contig_591:0.0-2539.0 (median depth 5.0)
[11:27:33 - Sampler] Took 0.00s to make features.
[11:27:33 - Sampler] Initializing sampler for consensus of region contig_592:0-3095.
[11:27:33 - Feature] Processed contig_592:0.0-3094.0 (median depth 9.0)
[11:27:33 - Sampler] Took 0.01s to make features.
[11:27:33 - Sampler] Initializing sampler for consensus of region contig_593:0-2325.
[11:27:33 - Feature] Processed contig_593:0.0-2324.0 (median depth 10.0)
[11:27:33 - Sampler] Took 0.01s to make features.
[11:27:33 - Sampler] Initializing sampler for consensus of region contig_594:0-2225.
[11:27:33 - Feature] Processed contig_594:0.0-2224.0 (median depth 6.0)
[11:27:33 - Sampler] Took 0.00s to make features.
[11:27:34 - Sampler] Initializing sampler for consensus of region contig_595:0-2809.
[11:27:34 - Feature] Processed contig_595:0.0-2808.0 (median depth 5.0)
[11:27:34 - Sampler] Took 0.01s to make features.
[11:27:34 - Sampler] Initializing sampler for consensus of region contig_596:0-2304.
[11:27:34 - Feature] Processed contig_596:0.0-2303.0 (median depth 7.0)
[11:27:34 - Sampler] Took 0.01s to make features.
[11:27:34 - Sampler] Initializing sampler for consensus of region contig_597:0-4603.
[11:27:34 - Feature] Processed contig_597:0.0-4602.0 (median depth 19.0)
[11:27:34 - Sampler] Took 0.01s to make features.
[11:27:34 - Sampler] Initializing sampler for consensus of region contig_598:0-4744.
[11:27:34 - Feature] Processed contig_598:0.0-4743.0 (median depth 9.0)
[11:27:34 - Sampler] Took 0.01s to make features.
[11:27:35 - Sampler] Initializing sampler for consensus of region contig_599:0-3060.
[11:27:35 - Feature] Processed contig_599:0.0-3059.0 (median depth 12.0)
[11:27:35 - Sampler] Took 0.01s to make features.
[11:27:35 - Sampler] Initializing sampler for consensus of region contig_6:0-2345.
[11:27:35 - Feature] Processed contig_6:0.0-2344.0 (median depth 5.0)
[11:27:35 - Sampler] Took 0.01s to make features.
[11:27:35 - Sampler] Initializing sampler for consensus of region contig_600:0-2484.
[11:27:35 - Feature] Processed contig_600:0.0-2483.0 (median depth 9.0)
[11:27:35 - Sampler] Took 0.01s to make features.
[11:27:35 - Sampler] Initializing sampler for consensus of region contig_601:0-3646.
[11:27:35 - Feature] Processed contig_601:0.0-3645.0 (median depth 13.0)
[11:27:35 - Sampler] Took 0.01s to make features.
[11:27:36 - Sampler] Initializing sampler for consensus of region contig_602:0-2594.
[11:27:36 - Feature] Processed contig_602:0.0-2593.0 (median depth 8.0)
[11:27:36 - Sampler] Took 0.01s to make features.
[11:27:36 - Sampler] Initializing sampler for consensus of region contig_603:0-2717.
[11:27:36 - Feature] Processed contig_603:0.0-2716.0 (median depth 5.0)
[11:27:36 - Sampler] Took 0.00s to make features.
[11:27:36 - Sampler] Initializing sampler for consensus of region contig_604:0-2583.
[11:27:36 - Feature] Processed contig_604:0.0-2582.0 (median depth 11.0)
[11:27:36 - Sampler] Took 0.01s to make features.
[11:27:36 - Sampler] Initializing sampler for consensus of region contig_605:0-4437.
[11:27:36 - Feature] Processed contig_605:0.0-4436.0 (median depth 5.0)
[11:27:36 - Sampler] Took 0.01s to make features.
[11:27:37 - Sampler] Initializing sampler for consensus of region contig_606:0-4730.
[11:27:37 - Feature] Processed contig_606:0.0-4729.0 (median depth 8.0)
[11:27:37 - Sampler] Took 0.01s to make features.
[11:27:37 - PWorker] Batches in cache: 8.
[11:27:37 - Sampler] Initializing sampler for consensus of region contig_607:0-2675.
[11:27:37 - Feature] Processed contig_607:0.0-2674.0 (median depth 11.0)
[11:27:37 - Sampler] Took 0.01s to make features.
[11:27:37 - Sampler] Initializing sampler for consensus of region contig_608:0-2460.
[11:27:37 - Feature] Processed contig_608:0.0-2459.0 (median depth 9.0)
[11:27:37 - Sampler] Took 0.01s to make features.
[11:27:38 - Sampler] Initializing sampler for consensus of region contig_609:0-2964.
[11:27:38 - Feature] Processed contig_609:0.0-2963.0 (median depth 18.0)
[11:27:38 - Sampler] Took 0.01s to make features.
[11:27:38 - Sampler] Initializing sampler for consensus of region contig_61:0-2745.
[11:27:38 - Feature] Processed contig_61:0.0-2744.0 (median depth 19.0)
[11:27:38 - Sampler] Took 0.01s to make features.
[11:27:38 - Sampler] Initializing sampler for consensus of region contig_610:0-2363.
[11:27:38 - Feature] Processed contig_610:0.0-2362.0 (median depth 13.0)
[11:27:38 - Sampler] Took 0.01s to make features.
[11:27:38 - Sampler] Initializing sampler for consensus of region contig_611:0-2363.
[11:27:38 - Feature] Processed contig_611:0.0-2362.0 (median depth 10.0)
[11:27:38 - Sampler] Took 0.01s to make features.
[11:27:38 - Sampler] Initializing sampler for consensus of region contig_612:0-2380.
[11:27:38 - Feature] Processed contig_612:0.0-2379.0 (median depth 10.0)
[11:27:38 - Sampler] Took 0.01s to make features.
[11:27:39 - PWorker] 49.1% Done (1.3/2.6 Mbases) in 162.5s
[11:27:39 - Sampler] Initializing sampler for consensus of region contig_613:0-2782.
[11:27:39 - Feature] Processed contig_613:0.0-2781.0 (median depth 8.0)
[11:27:39 - Sampler] Took 0.01s to make features.
[11:27:39 - Sampler] Initializing sampler for consensus of region contig_614:0-2877.
[11:27:39 - Feature] Processed contig_614:0.0-2876.0 (median depth 5.0)
[11:27:39 - Sampler] Took 0.00s to make features.
[11:27:39 - Sampler] Initializing sampler for consensus of region contig_615:0-2198.
[11:27:39 - Feature] Processed contig_615:0.0-2197.0 (median depth 8.0)
[11:27:39 - Sampler] Took 0.01s to make features.
[11:27:40 - Sampler] Initializing sampler for consensus of region contig_616:0-2875.
[11:27:40 - Feature] Processed contig_616:0.0-2874.0 (median depth 7.0)
[11:27:40 - Sampler] Took 0.00s to make features.
[11:27:40 - Sampler] Initializing sampler for consensus of region contig_617:0-2226.
[11:27:40 - Feature] Processed contig_617:0.0-2225.0 (median depth 8.0)
[11:27:40 - Sampler] Took 0.01s to make features.
[11:27:40 - Sampler] Initializing sampler for consensus of region contig_618:0-2313.
[11:27:40 - Feature] Processed contig_618:0.0-2312.0 (median depth 4.0)
[11:27:40 - Sampler] Took 0.00s to make features.
[11:27:40 - Sampler] Initializing sampler for consensus of region contig_619:0-2561.
[11:27:40 - Feature] Processed contig_619:0.0-2560.0 (median depth 6.0)
[11:27:40 - Sampler] Took 0.01s to make features.
[11:27:41 - Sampler] Initializing sampler for consensus of region contig_62:0-6355.
[11:27:41 - Feature] Processed contig_62:0.0-6354.0 (median depth 18.0)
[11:27:41 - Sampler] Took 0.01s to make features.
[11:27:41 - Sampler] Initializing sampler for consensus of region contig_620:0-2386.
[11:27:41 - Feature] Processed contig_620:0.0-2385.0 (median depth 6.0)
[11:27:41 - Sampler] Took 0.01s to make features.
[11:27:41 - Sampler] Initializing sampler for consensus of region contig_621:0-3861.
[11:27:41 - Feature] Processed contig_621:0.0-3860.0 (median depth 9.0)
[11:27:41 - Sampler] Took 0.01s to make features.
[11:27:41 - Sampler] Initializing sampler for consensus of region contig_622:0-2472.
[11:27:41 - Feature] Processed contig_622:0.0-2471.0 (median depth 9.0)
[11:27:41 - Sampler] Took 0.01s to make features.
[11:27:42 - Sampler] Initializing sampler for consensus of region contig_623:0-2905.
[11:27:42 - Feature] Processed contig_623:0.0-2904.0 (median depth 16.0)
[11:27:42 - Sampler] Took 0.01s to make features.
[11:27:42 - PWorker] Batches in cache: 8.
[11:27:42 - Sampler] Initializing sampler for consensus of region contig_624:0-2510.
[11:27:42 - Feature] Processed contig_624:0.0-2509.0 (median depth 9.0)
[11:27:42 - Sampler] Took 0.01s to make features.
[11:27:43 - Sampler] Initializing sampler for consensus of region contig_625:0-2738.
[11:27:43 - Feature] Processed contig_625:0.0-2737.0 (median depth 11.0)
[11:27:43 - Sampler] Took 0.01s to make features.
[11:27:43 - Sampler] Initializing sampler for consensus of region contig_626:0-2219.
[11:27:43 - Feature] Processed contig_626:0.0-2218.0 (median depth 9.0)
[11:27:43 - Sampler] Took 0.01s to make features.
[11:27:43 - Sampler] Initializing sampler for consensus of region contig_627:0-2418.
[11:27:43 - Feature] Processed contig_627:0.0-2417.0 (median depth 7.0)
[11:27:43 - Sampler] Took 0.01s to make features.
[11:27:43 - Sampler] Initializing sampler for consensus of region contig_628:0-2458.
[11:27:43 - Feature] Processed contig_628:0.0-2457.0 (median depth 5.0)
[11:27:43 - Sampler] Took 0.01s to make features.
[11:27:43 - Sampler] Initializing sampler for consensus of region contig_629:0-2307.
[11:27:43 - Feature] Processed contig_629:0.0-2306.0 (median depth 6.0)
[11:27:43 - Sampler] Took 0.00s to make features.
[11:27:44 - Sampler] Initializing sampler for consensus of region contig_630:0-2992.
[11:27:44 - Feature] Processed contig_630:0.0-2991.0 (median depth 4.0)
[11:27:44 - Sampler] Took 0.00s to make features.
[11:27:44 - Sampler] Initializing sampler for consensus of region contig_631:0-4632.
[11:27:44 - Feature] Processed contig_631:0.0-4631.0 (median depth 8.0)
[11:27:44 - Sampler] Took 0.01s to make features.
[11:27:44 - Sampler] Initializing sampler for consensus of region contig_632:0-6164.
[11:27:44 - Feature] Processed contig_632:0.0-6163.0 (median depth 28.0)
[11:27:44 - Sampler] Took 0.02s to make features.
[11:27:44 - Sampler] Initializing sampler for consensus of region contig_633:0-2777.
[11:27:44 - Feature] Processed contig_633:0.0-2776.0 (median depth 4.0)
[11:27:44 - Sampler] Took 0.01s to make features.
[11:27:45 - Sampler] Initializing sampler for consensus of region contig_634:0-2248.
[11:27:45 - Feature] Processed contig_634:0.0-2247.0 (median depth 9.0)
[11:27:45 - Sampler] Took 0.00s to make features.
[11:27:45 - Sampler] Initializing sampler for consensus of region contig_635:0-2737.
[11:27:45 - Feature] Processed contig_635:0.0-2736.0 (median depth 22.0)
[11:27:45 - Sampler] Took 0.01s to make features.
[11:27:45 - Sampler] Initializing sampler for consensus of region contig_636:0-2344.
[11:27:45 - Feature] Processed contig_636:0.0-2343.0 (median depth 11.0)
[11:27:45 - Sampler] Took 0.01s to make features.
[11:27:45 - Sampler] Initializing sampler for consensus of region contig_637:0-2208.
[11:27:45 - Feature] Processed contig_637:0.0-2207.0 (median depth 9.0)
[11:27:45 - Sampler] Took 0.01s to make features.
[11:27:45 - Sampler] Initializing sampler for consensus of region contig_638:0-2365.
[11:27:45 - Feature] Processed contig_638:0.0-2364.0 (median depth 7.0)
[11:27:45 - Sampler] Took 0.01s to make features.
[11:27:46 - Sampler] Initializing sampler for consensus of region contig_639:0-3076.
[11:27:46 - Feature] Processed contig_639:0.0-3075.0 (median depth 5.0)
[11:27:46 - Sampler] Took 0.01s to make features.
[11:27:46 - Sampler] Initializing sampler for consensus of region contig_64:0-1013.
[11:27:46 - Sampler] Took 0.00s to make features.
[11:27:46 - Sampler] Initializing sampler for consensus of region contig_640:0-2541.
[11:27:46 - Feature] Processed contig_640:0.0-2540.0 (median depth 5.0)
[11:27:46 - Sampler] Took 0.01s to make features.
[11:27:47 - Sampler] Initializing sampler for consensus of region contig_641:0-3211.
[11:27:47 - Feature] Processed contig_641:0.0-3210.0 (median depth 8.0)
[11:27:47 - Sampler] Took 0.01s to make features.
[11:27:47 - Sampler] Initializing sampler for consensus of region contig_642:0-2386.
[11:27:47 - Feature] Processed contig_642:0.0-2385.0 (median depth 10.0)
[11:27:47 - Sampler] Took 0.01s to make features.
[11:27:47 - Sampler] Initializing sampler for consensus of region contig_643:0-2149.
[11:27:47 - Feature] Processed contig_643:0.0-2148.0 (median depth 6.0)
[11:27:47 - Sampler] Took 0.00s to make features.
[11:27:47 - PWorker] Batches in cache: 8.
[11:27:47 - Sampler] Initializing sampler for consensus of region contig_644:0-2617.
[11:27:47 - Feature] Processed contig_644:0.0-2616.0 (median depth 14.0)
[11:27:47 - Sampler] Took 0.01s to make features.
[11:27:48 - Sampler] Initializing sampler for consensus of region contig_645:0-1713.
[11:27:48 - Feature] Processed contig_645:0.0-1712.0 (median depth 12.0)
[11:27:48 - Sampler] Took 0.00s to make features.
[11:27:48 - Sampler] Initializing sampler for consensus of region contig_646:0-2518.
[11:27:48 - Feature] Processed contig_646:0.0-2517.0 (median depth 5.0)
[11:27:48 - Sampler] Took 0.01s to make features.
[11:27:48 - Sampler] Initializing sampler for consensus of region contig_647:0-2411.
[11:27:48 - Feature] Processed contig_647:0.0-2410.0 (median depth 4.0)
[11:27:48 - Sampler] Took 0.00s to make features.
[11:27:48 - Sampler] Initializing sampler for consensus of region contig_648:0-4462.
[11:27:48 - Feature] Processed contig_648:0.0-4461.0 (median depth 3.0)
[11:27:48 - Sampler] Took 0.01s to make features.
[11:27:48 - Sampler] Initializing sampler for consensus of region contig_649:0-2743.
[11:27:48 - Feature] Processed contig_649:0.0-2742.0 (median depth 10.0)
[11:27:48 - Sampler] Took 0.01s to make features.
[11:27:49 - Sampler] Initializing sampler for consensus of region contig_65:0-4993.
[11:27:49 - Feature] Processed contig_65:0.0-4992.0 (median depth 17.0)
[11:27:49 - Sampler] Took 0.01s to make features.
[11:27:49 - PWorker] 52.1% Done (1.4/2.6 Mbases) in 172.8s
[11:27:49 - Sampler] Initializing sampler for consensus of region contig_650:0-5566.
[11:27:49 - Feature] Processed contig_650:0.0-5565.0 (median depth 11.0)
[11:27:49 - Sampler] Took 0.01s to make features.
[11:27:50 - Sampler] Initializing sampler for consensus of region contig_651:0-2549.
[11:27:50 - Feature] Processed contig_651:0.0-2548.0 (median depth 6.0)
[11:27:50 - Sampler] Took 0.01s to make features.
[11:27:50 - Sampler] Initializing sampler for consensus of region contig_652:0-2347.
[11:27:50 - Feature] Processed contig_652:0.0-2346.0 (median depth 22.0)
[11:27:50 - Sampler] Took 0.01s to make features.
[11:27:50 - Sampler] Initializing sampler for consensus of region contig_653:0-2660.
[11:27:50 - Feature] Processed contig_653:0.0-2659.0 (median depth 7.0)
[11:27:50 - Sampler] Took 0.01s to make features.
[11:27:50 - Sampler] Initializing sampler for consensus of region contig_654:0-3935.
[11:27:50 - Feature] Processed contig_654:0.0-3934.0 (median depth 7.0)
[11:27:50 - Sampler] Took 0.01s to make features.
[11:27:50 - Sampler] Initializing sampler for consensus of region contig_655:0-2387.
[11:27:50 - Feature] Processed contig_655:0.0-2386.0 (median depth 11.0)
[11:27:50 - Sampler] Took 0.01s to make features.
[11:27:51 - Sampler] Initializing sampler for consensus of region contig_656:0-3539.
[11:27:51 - Feature] Processed contig_656:0.0-3538.0 (median depth 9.0)
[11:27:51 - Sampler] Took 0.01s to make features.
[11:27:51 - Sampler] Initializing sampler for consensus of region contig_657:0-2568.
[11:27:51 - Feature] Processed contig_657:0.0-2567.0 (median depth 4.0)
[11:27:51 - Sampler] Took 0.00s to make features.
[11:27:51 - Sampler] Initializing sampler for consensus of region contig_658:0-2468.
[11:27:51 - Feature] Processed contig_658:0.0-2467.0 (median depth 30.0)
[11:27:51 - Sampler] Took 0.01s to make features.
[11:27:51 - Sampler] Initializing sampler for consensus of region contig_659:0-4239.
[11:27:51 - Feature] Processed contig_659:0.0-4238.0 (median depth 7.0)
[11:27:51 - Sampler] Took 0.01s to make features.
[11:27:52 - Sampler] Initializing sampler for consensus of region contig_66:0-3867.
[11:27:52 - Feature] Processed contig_66:0.0-3866.0 (median depth 23.0)
[11:27:52 - Sampler] Took 0.01s to make features.
[11:27:52 - Sampler] Initializing sampler for consensus of region contig_660:0-2384.
[11:27:52 - Feature] Processed contig_660:0.0-2383.0 (median depth 5.0)
[11:27:52 - Sampler] Took 0.01s to make features.
[11:27:52 - Sampler] Initializing sampler for consensus of region contig_661:0-2532.
[11:27:52 - Feature] Processed contig_661:0.0-2531.0 (median depth 6.0)
[11:27:52 - Sampler] Took 0.01s to make features.
[11:27:52 - Sampler] Initializing sampler for consensus of region contig_662:0-2835.
[11:27:52 - Feature] Processed contig_662:0.0-2834.0 (median depth 11.0)
[11:27:52 - Sampler] Took 0.01s to make features.
[11:27:52 - PWorker] Batches in cache: 8.
[11:27:52 - Sampler] Initializing sampler for consensus of region contig_663:0-5843.
[11:27:52 - Feature] Processed contig_663:0.0-5842.0 (median depth 14.0)
[11:27:52 - Sampler] Took 0.01s to make features.
[11:27:53 - Sampler] Initializing sampler for consensus of region contig_664:0-2301.
[11:27:53 - Feature] Processed contig_664:0.0-2300.0 (median depth 6.0)
[11:27:53 - Sampler] Took 0.01s to make features.
[11:27:53 - Sampler] Initializing sampler for consensus of region contig_665:0-2716.
[11:27:53 - Feature] Processed contig_665:0.0-2715.0 (median depth 9.0)
[11:27:53 - Sampler] Took 0.01s to make features.
[11:27:53 - Sampler] Initializing sampler for consensus of region contig_666:0-2431.
[11:27:53 - Feature] Processed contig_666:0.0-2430.0 (median depth 6.0)
[11:27:53 - Sampler] Took 0.01s to make features.
[11:27:54 - Sampler] Initializing sampler for consensus of region contig_667:0-2692.
[11:27:54 - Feature] Processed contig_667:0.0-2691.0 (median depth 12.0)
[11:27:54 - Sampler] Took 0.01s to make features.
[11:27:54 - Sampler] Initializing sampler for consensus of region contig_668:0-3960.
[11:27:54 - Feature] Processed contig_668:0.0-3959.0 (median depth 7.0)
[11:27:54 - Sampler] Took 0.01s to make features.
[11:27:54 - Sampler] Initializing sampler for consensus of region contig_669:0-2250.
[11:27:54 - Feature] Processed contig_669:0.0-2249.0 (median depth 9.0)
[11:27:54 - Sampler] Took 0.01s to make features.
[11:27:55 - Sampler] Initializing sampler for consensus of region contig_67:0-2714.
[11:27:55 - Feature] Processed contig_67:0.0-2713.0 (median depth 15.0)
[11:27:55 - Sampler] Took 0.01s to make features.
[11:27:55 - Sampler] Initializing sampler for consensus of region contig_670:0-2691.
[11:27:55 - Feature] Processed contig_670:0.0-2690.0 (median depth 7.0)
[11:27:55 - Sampler] Took 0.01s to make features.
[11:27:55 - Sampler] Initializing sampler for consensus of region contig_671:0-2331.
[11:27:55 - Feature] Processed contig_671:0.0-2330.0 (median depth 5.0)
[11:27:55 - Sampler] Took 0.01s to make features.
[11:27:55 - Sampler] Initializing sampler for consensus of region contig_672:0-2249.
[11:27:55 - Feature] Processed contig_672:0.0-2248.0 (median depth 9.0)
[11:27:55 - Sampler] Took 0.01s to make features.
[11:27:56 - Sampler] Initializing sampler for consensus of region contig_673:0-2691.
[11:27:56 - Feature] Processed contig_673:0.0-2690.0 (median depth 6.0)
[11:27:56 - Sampler] Took 0.01s to make features.
[11:27:56 - Sampler] Initializing sampler for consensus of region contig_674:0-2691.
[11:27:56 - Feature] Processed contig_674:0.0-2690.0 (median depth 8.0)
[11:27:56 - Sampler] Took 0.01s to make features.
[11:27:56 - Sampler] Initializing sampler for consensus of region contig_675:0-2718.
[11:27:56 - Feature] Processed contig_675:0.0-2717.0 (median depth 5.0)
[11:27:56 - Sampler] Took 0.01s to make features.
[11:27:56 - Sampler] Initializing sampler for consensus of region contig_676:0-7062.
[11:27:56 - Feature] Processed contig_676:0.0-7061.0 (median depth 24.0)
[11:27:56 - Sampler] Took 0.02s to make features.
[11:27:57 - Sampler] Initializing sampler for consensus of region contig_677:0-2376.
[11:27:57 - Feature] Processed contig_677:0.0-2375.0 (median depth 6.0)
[11:27:57 - Sampler] Took 0.00s to make features.
[11:27:57 - Sampler] Initializing sampler for consensus of region contig_678:0-2322.
[11:27:57 - Feature] Processed contig_678:0.0-2321.0 (median depth 10.0)
[11:27:57 - Sampler] Took 0.01s to make features.
[11:27:57 - Sampler] Initializing sampler for consensus of region contig_679:0-2218.
[11:27:57 - Feature] Processed contig_679:0.0-2217.0 (median depth 11.0)
[11:27:57 - Sampler] Took 0.01s to make features.
[11:27:58 - PWorker] Batches in cache: 8.
[11:27:58 - Sampler] Initializing sampler for consensus of region contig_68:0-3120.
[11:27:58 - Feature] Processed contig_68:0.0-3119.0 (median depth 7.0)
[11:27:58 - Sampler] Took 0.01s to make features.
[11:27:58 - Sampler] Initializing sampler for consensus of region contig_680:0-4883.
[11:27:58 - Feature] Processed contig_680:0.0-4882.0 (median depth 14.0)
[11:27:58 - Sampler] Took 0.01s to make features.
[11:27:58 - Sampler] Initializing sampler for consensus of region contig_681:0-3433.
[11:27:58 - Feature] Processed contig_681:0.0-3432.0 (median depth 4.0)
[11:27:58 - Sampler] Took 0.00s to make features.
[11:27:59 - Sampler] Initializing sampler for consensus of region contig_682:0-2361.
[11:27:59 - Feature] Processed contig_682:0.0-2360.0 (median depth 7.0)
[11:27:59 - Sampler] Took 0.01s to make features.
[11:27:59 - Sampler] Initializing sampler for consensus of region contig_683:0-2471.
[11:27:59 - Feature] Processed contig_683:0.0-2470.0 (median depth 6.0)
[11:27:59 - Sampler] Took 0.01s to make features.
[11:27:59 - PWorker] 55.0% Done (1.4/2.6 Mbases) in 182.8s
[11:27:59 - Sampler] Initializing sampler for consensus of region contig_684:0-2937.
[11:27:59 - Feature] Processed contig_684:0.0-2936.0 (median depth 7.0)
[11:27:59 - Sampler] Took 0.01s to make features.
[11:27:59 - Sampler] Initializing sampler for consensus of region contig_685:0-1483.
[11:27:59 - Feature] Processed contig_685:0.0-1482.0 (median depth 6.0)
[11:27:59 - Sampler] Took 0.00s to make features.
[11:28:00 - Sampler] Initializing sampler for consensus of region contig_686:0-2567.
[11:28:00 - Feature] Processed contig_686:0.0-2566.0 (median depth 6.0)
[11:28:00 - Sampler] Took 0.01s to make features.
[11:28:00 - Sampler] Initializing sampler for consensus of region contig_687:0-2225.
[11:28:00 - Feature] Processed contig_687:0.0-2224.0 (median depth 14.0)
[11:28:00 - Sampler] Took 0.01s to make features.
[11:28:00 - Sampler] Initializing sampler for consensus of region contig_688:0-2903.
[11:28:00 - Feature] Processed contig_688:0.0-2902.0 (median depth 9.0)
[11:28:00 - Sampler] Took 0.01s to make features.
[11:28:00 - Sampler] Initializing sampler for consensus of region contig_689:0-3237.
[11:28:00 - Feature] Processed contig_689:0.0-3236.0 (median depth 8.0)
[11:28:00 - Sampler] Took 0.01s to make features.
[11:28:00 - Sampler] Initializing sampler for consensus of region contig_69:0-2707.
[11:28:00 - Feature] Processed contig_69:0.0-2706.0 (median depth 7.0)
[11:28:00 - Sampler] Took 0.01s to make features.
[11:28:01 - Sampler] Initializing sampler for consensus of region contig_690:0-3062.
[11:28:01 - Feature] Processed contig_690:0.0-3061.0 (median depth 10.0)
[11:28:01 - Sampler] Took 0.01s to make features.
[11:28:01 - Sampler] Initializing sampler for consensus of region contig_691:0-2286.
[11:28:01 - Feature] Processed contig_691:0.0-2285.0 (median depth 5.0)
[11:28:01 - Sampler] Took 0.00s to make features.
[11:28:01 - Sampler] Initializing sampler for consensus of region contig_692:0-2291.
[11:28:01 - Feature] Processed contig_692:0.0-2290.0 (median depth 4.0)
[11:28:01 - Sampler] Took 0.00s to make features.
[11:28:01 - Sampler] Initializing sampler for consensus of region contig_693:0-2694.
[11:28:01 - Feature] Processed contig_693:0.0-2693.0 (median depth 4.0)
[11:28:01 - Sampler] Took 0.00s to make features.
[11:28:02 - Sampler] Initializing sampler for consensus of region contig_694:0-2431.
[11:28:02 - Feature] Processed contig_694:0.0-2430.0 (median depth 11.0)
[11:28:02 - Sampler] Took 0.00s to make features.
[11:28:02 - Sampler] Initializing sampler for consensus of region contig_695:0-2206.
[11:28:02 - Feature] Processed contig_695:0.0-2205.0 (median depth 6.0)
[11:28:02 - Sampler] Took 0.01s to make features.
[11:28:02 - Sampler] Initializing sampler for consensus of region contig_696:0-2661.
[11:28:02 - Feature] Processed contig_696:0.0-2660.0 (median depth 7.0)
[11:28:02 - Sampler] Took 0.01s to make features.
[11:28:03 - PWorker] Batches in cache: 8.
[11:28:03 - Sampler] Initializing sampler for consensus of region contig_697:0-2814.
[11:28:03 - Feature] Processed contig_697:0.0-2813.0 (median depth 5.0)
[11:28:03 - Sampler] Took 0.01s to make features.
[11:28:03 - Sampler] Initializing sampler for consensus of region contig_698:0-3278.
[11:28:03 - Feature] Processed contig_698:0.0-3277.0 (median depth 5.0)
[11:28:03 - Sampler] Took 0.01s to make features.
[11:28:03 - Sampler] Initializing sampler for consensus of region contig_699:0-4828.
[11:28:03 - Feature] Processed contig_699:0.0-4827.0 (median depth 24.0)
[11:28:03 - Sampler] Took 0.01s to make features.
[11:28:04 - Sampler] Initializing sampler for consensus of region contig_7:0-6673.
[11:28:04 - Feature] Processed contig_7:0.0-6672.0 (median depth 17.0)
[11:28:04 - Sampler] Took 0.01s to make features.
[11:28:04 - Sampler] Initializing sampler for consensus of region contig_70:0-2257.
[11:28:04 - Feature] Processed contig_70:0.0-2256.0 (median depth 6.0)
[11:28:04 - Sampler] Took 0.01s to make features.
[11:28:04 - Sampler] Initializing sampler for consensus of region contig_700:0-4781.
[11:28:04 - Feature] Processed contig_700:0.0-4780.0 (median depth 15.0)
[11:28:04 - Sampler] Took 0.01s to make features.
[11:28:04 - Sampler] Initializing sampler for consensus of region contig_701:0-4351.
[11:28:04 - Feature] Processed contig_701:0.0-4350.0 (median depth 6.0)
[11:28:04 - Sampler] Took 0.01s to make features.
[11:28:04 - Sampler] Initializing sampler for consensus of region contig_702:0-2229.
[11:28:04 - Feature] Processed contig_702:0.0-2228.0 (median depth 5.0)
[11:28:04 - Sampler] Took 0.00s to make features.
[11:28:05 - Sampler] Initializing sampler for consensus of region contig_703:0-2343.
[11:28:05 - Feature] Processed contig_703:0.0-2342.0 (median depth 6.0)
[11:28:05 - Sampler] Took 0.00s to make features.
[11:28:05 - Sampler] Initializing sampler for consensus of region contig_704:0-2489.
[11:28:05 - Feature] Processed contig_704:0.0-2488.0 (median depth 5.0)
[11:28:05 - Sampler] Took 0.01s to make features.
[11:28:05 - Sampler] Initializing sampler for consensus of region contig_705:0-2935.
[11:28:05 - Feature] Processed contig_705:0.0-2934.0 (median depth 7.0)
[11:28:05 - Sampler] Took 0.01s to make features.
[11:28:05 - Sampler] Initializing sampler for consensus of region contig_706:0-5784.
[11:28:05 - Feature] Processed contig_706:0.0-5783.0 (median depth 16.0)
[11:28:05 - Sampler] Took 0.01s to make features.
[11:28:06 - Sampler] Initializing sampler for consensus of region contig_707:0-4973.
[11:28:06 - Feature] Processed contig_707:0.0-4972.0 (median depth 6.0)
[11:28:06 - Sampler] Took 0.01s to make features.
[11:28:06 - Sampler] Initializing sampler for consensus of region contig_708:0-2685.
[11:28:06 - Feature] Processed contig_708:0.0-2684.0 (median depth 9.0)
[11:28:06 - Sampler] Took 0.01s to make features.
[11:28:06 - Sampler] Initializing sampler for consensus of region contig_709:0-2769.
[11:28:06 - Feature] Processed contig_709:0.0-2768.0 (median depth 5.0)
[11:28:06 - Sampler] Took 0.00s to make features.
[11:28:06 - Sampler] Initializing sampler for consensus of region contig_71:0-5281.
[11:28:06 - Feature] Processed contig_71:0.0-5280.0 (median depth 8.0)
[11:28:06 - Sampler] Took 0.01s to make features.
[11:28:07 - Sampler] Initializing sampler for consensus of region contig_710:0-2255.
[11:28:07 - Feature] Processed contig_710:0.0-2254.0 (median depth 6.0)
[11:28:07 - Sampler] Took 0.01s to make features.
[11:28:07 - Sampler] Initializing sampler for consensus of region contig_711:0-2584.
[11:28:07 - Feature] Processed contig_711:0.0-2583.0 (median depth 4.0)
[11:28:07 - Sampler] Took 0.00s to make features.
[11:28:07 - Sampler] Initializing sampler for consensus of region contig_712:0-2252.
[11:28:07 - Feature] Processed contig_712:0.0-2251.0 (median depth 5.0)
[11:28:07 - Sampler] Took 0.01s to make features.
[11:28:07 - Sampler] Initializing sampler for consensus of region contig_713:0-2271.
[11:28:07 - Feature] Processed contig_713:0.0-2270.0 (median depth 9.0)
[11:28:07 - Sampler] Took 0.00s to make features.
[11:28:07 - Sampler] Initializing sampler for consensus of region contig_714:0-5200.
[11:28:07 - Feature] Processed contig_714:0.0-5199.0 (median depth 11.0)
[11:28:07 - Sampler] Took 0.01s to make features.
[11:28:08 - PWorker] Batches in cache: 8.
[11:28:08 - Sampler] Initializing sampler for consensus of region contig_715:0-2288.
[11:28:08 - Feature] Processed contig_715:0.0-2287.0 (median depth 13.0)
[11:28:08 - Sampler] Took 0.01s to make features.
[11:28:08 - Sampler] Initializing sampler for consensus of region contig_716:0-5013.
[11:28:08 - Feature] Processed contig_716:0.0-5012.0 (median depth 15.0)
[11:28:08 - Sampler] Took 0.01s to make features.
[11:28:09 - Sampler] Initializing sampler for consensus of region contig_717:0-3661.
[11:28:09 - Feature] Processed contig_717:0.0-3660.0 (median depth 5.0)
[11:28:09 - Sampler] Took 0.01s to make features.
[11:28:09 - Sampler] Initializing sampler for consensus of region contig_718:0-3034.
[11:28:09 - Feature] Processed contig_718:0.0-3033.0 (median depth 5.0)
[11:28:09 - Sampler] Took 0.01s to make features.
[11:28:09 - PWorker] 58.1% Done (1.5/2.6 Mbases) in 193.3s
[11:28:09 - Sampler] Initializing sampler for consensus of region contig_719:0-4531.
[11:28:09 - Feature] Processed contig_719:0.0-4530.0 (median depth 7.0)
[11:28:09 - Sampler] Took 0.01s to make features.
[11:28:10 - Sampler] Initializing sampler for consensus of region contig_72:0-2887.
[11:28:10 - Feature] Processed contig_72:0.0-2886.0 (median depth 7.0)
[11:28:10 - Sampler] Took 0.01s to make features.
[11:28:10 - Sampler] Initializing sampler for consensus of region contig_720:0-3226.
[11:28:10 - Feature] Processed contig_720:0.0-3225.0 (median depth 14.0)
[11:28:10 - Sampler] Took 0.01s to make features.
[11:28:10 - Sampler] Initializing sampler for consensus of region contig_721:0-2221.
[11:28:10 - Feature] Processed contig_721:0.0-2220.0 (median depth 9.0)
[11:28:10 - Sampler] Took 0.01s to make features.
[11:28:10 - Sampler] Initializing sampler for consensus of region contig_722:0-2697.
[11:28:10 - Feature] Processed contig_722:0.0-2696.0 (median depth 12.0)
[11:28:10 - Sampler] Took 0.01s to make features.
[11:28:11 - Sampler] Initializing sampler for consensus of region contig_723:0-2843.
[11:28:11 - Feature] Processed contig_723:0.0-2842.0 (median depth 7.0)
[11:28:11 - Sampler] Took 0.01s to make features.
[11:28:11 - Sampler] Initializing sampler for consensus of region contig_724:0-2211.
[11:28:11 - Feature] Processed contig_724:0.0-2210.0 (median depth 4.0)
[11:28:11 - Sampler] Took 0.00s to make features.
[11:28:12 - Sampler] Initializing sampler for consensus of region contig_725:0-5411.
[11:28:12 - Feature] Processed contig_725:0.0-5410.0 (median depth 22.0)
[11:28:12 - Sampler] Took 0.01s to make features.
[11:28:12 - Sampler] Initializing sampler for consensus of region contig_726:0-2823.
[11:28:12 - Feature] Processed contig_726:0.0-2822.0 (median depth 13.0)
[11:28:12 - Sampler] Took 0.01s to make features.
[11:28:12 - Sampler] Initializing sampler for consensus of region contig_727:0-6427.
[11:28:12 - Feature] Processed contig_727:0.0-6426.0 (median depth 33.0)
[11:28:12 - Sampler] Took 0.02s to make features.
[11:28:13 - Sampler] Initializing sampler for consensus of region contig_728:0-2771.
[11:28:13 - Feature] Processed contig_728:0.0-2770.0 (median depth 19.0)
[11:28:13 - Sampler] Took 0.01s to make features.
[11:28:13 - PWorker] Batches in cache: 8.
[11:28:13 - Sampler] Initializing sampler for consensus of region contig_729:0-6985.
[11:28:13 - Feature] Processed contig_729:0.0-6984.0 (median depth 23.0)
[11:28:13 - Sampler] Took 0.02s to make features.
[11:28:13 - Sampler] Initializing sampler for consensus of region contig_73:0-7776.
[11:28:13 - Feature] Processed contig_73:0.0-7775.0 (median depth 24.0)
[11:28:13 - Sampler] Took 0.02s to make features.
[11:28:13 - Sampler] Initializing sampler for consensus of region contig_730:0-9412.
[11:28:13 - Feature] Processed contig_730:0.0-9411.0 (median depth 33.0)
[11:28:13 - Sampler] Took 0.02s to make features.
[11:28:13 - Sampler] Initializing sampler for consensus of region contig_732:0-8232.
[11:28:13 - Feature] Processed contig_732:0.0-8231.0 (median depth 33.0)
[11:28:13 - Sampler] Took 0.02s to make features.
[11:28:14 - Sampler] Initializing sampler for consensus of region contig_733:0-7798.
[11:28:14 - Feature] Processed contig_733:0.0-7797.0 (median depth 13.0)
[11:28:14 - Sampler] Took 0.01s to make features.
[11:28:14 - Sampler] Initializing sampler for consensus of region contig_734:0-6257.
[11:28:14 - Feature] Processed contig_734:0.0-6256.0 (median depth 18.0)
[11:28:14 - Sampler] Took 0.01s to make features.
[11:28:15 - Sampler] Initializing sampler for consensus of region contig_735:0-6907.
[11:28:15 - Feature] Processed contig_735:0.0-6906.0 (median depth 24.0)
[11:28:15 - Sampler] Took 0.02s to make features.
[11:28:15 - Sampler] Initializing sampler for consensus of region contig_736:0-7797.
[11:28:15 - Feature] Processed contig_736:0.0-7796.0 (median depth 21.0)
[11:28:15 - Sampler] Took 0.02s to make features.
[11:28:15 - Sampler] Initializing sampler for consensus of region contig_738:0-3391.
[11:28:15 - Feature] Processed contig_738:0.0-3390.0 (median depth 9.0)
[11:28:15 - Sampler] Took 0.01s to make features.
[11:28:16 - Sampler] Initializing sampler for consensus of region contig_739:0-4234.
[11:28:16 - Feature] Processed contig_739:0.0-4233.0 (median depth 13.0)
[11:28:16 - Sampler] Took 0.01s to make features.
[11:28:16 - Sampler] Initializing sampler for consensus of region contig_74:0-2899.
[11:28:16 - Feature] Processed contig_74:0.0-2898.0 (median depth 12.0)
[11:28:16 - Sampler] Took 0.01s to make features.
[11:28:16 - Sampler] Initializing sampler for consensus of region contig_740:0-7597.
[11:28:16 - Feature] Processed contig_740:0.0-7596.0 (median depth 7.0)
[11:28:16 - Sampler] Took 0.01s to make features.
[11:28:16 - Sampler] Initializing sampler for consensus of region contig_741:0-7435.
[11:28:16 - Feature] Processed contig_741:0.0-7434.0 (median depth 10.0)
[11:28:16 - Sampler] Took 0.01s to make features.
[11:28:17 - Sampler] Initializing sampler for consensus of region contig_742:0-5402.
[11:28:17 - Feature] Processed contig_742:0.0-5401.0 (median depth 11.0)
[11:28:17 - Sampler] Took 0.01s to make features.
[11:28:17 - Sampler] Initializing sampler for consensus of region contig_743:0-3753.
[11:28:17 - Feature] Processed contig_743:0.0-3752.0 (median depth 10.0)
[11:28:17 - Sampler] Took 0.01s to make features.
[11:28:17 - Sampler] Initializing sampler for consensus of region contig_744:0-8528.
[11:28:17 - Feature] Processed contig_744:0.0-8527.0 (median depth 18.0)
[11:28:17 - Sampler] Took 0.02s to make features.
[11:28:17 - Sampler] Initializing sampler for consensus of region contig_745:0-4270.
[11:28:17 - Feature] Processed contig_745:0.0-4269.0 (median depth 22.0)
[11:28:17 - Sampler] Took 0.01s to make features.
[11:28:18 - Sampler] Initializing sampler for consensus of region contig_746:0-4219.
[11:28:18 - Feature] Processed contig_746:0.0-4218.0 (median depth 13.0)
[11:28:18 - Sampler] Took 0.01s to make features.
[11:28:18 - PWorker] Batches in cache: 8.
[11:28:18 - Sampler] Initializing sampler for consensus of region contig_747:0-8632.
[11:28:18 - Feature] Processed contig_747:0.0-8631.0 (median depth 7.0)
[11:28:18 - Sampler] Took 0.01s to make features.
[11:28:19 - Sampler] Initializing sampler for consensus of region contig_748:0-5367.
[11:28:19 - Feature] Processed contig_748:0.0-5366.0 (median depth 4.0)
[11:28:19 - Sampler] Took 0.01s to make features.
[11:28:19 - Sampler] Initializing sampler for consensus of region contig_749:0-4417.
[11:28:19 - Feature] Processed contig_749:0.0-4416.0 (median depth 8.0)
[11:28:19 - Sampler] Took 0.01s to make features.
[11:28:20 - PWorker] 61.4% Done (1.6/2.6 Mbases) in 203.8s
[11:28:20 - Sampler] Initializing sampler for consensus of region contig_75:0-5452.
[11:28:20 - Feature] Processed contig_75:0.0-5451.0 (median depth 26.0)
[11:28:20 - Sampler] Took 0.01s to make features.
[11:28:21 - Sampler] Initializing sampler for consensus of region contig_750:0-6549.
[11:28:21 - Feature] Processed contig_750:0.0-6548.0 (median depth 29.0)
[11:28:21 - Sampler] Took 0.02s to make features.
[11:28:22 - Sampler] Initializing sampler for consensus of region contig_751:0-2787.
[11:28:22 - Feature] Processed contig_751:0.0-2786.0 (median depth 18.0)
[11:28:22 - Sampler] Took 0.01s to make features.
[11:28:22 - Sampler] Initializing sampler for consensus of region contig_753:0-5291.
[11:28:22 - Feature] Processed contig_753:0.0-5290.0 (median depth 20.0)
[11:28:22 - Sampler] Took 0.01s to make features.
[11:28:23 - Sampler] Initializing sampler for consensus of region contig_755:0-4549.
[11:28:23 - Feature] Processed contig_755:0.0-4548.0 (median depth 28.0)
[11:28:23 - Sampler] Took 0.01s to make features.
[11:28:24 - PWorker] Batches in cache: 8.
[11:28:24 - Sampler] Initializing sampler for consensus of region contig_756:0-8394.
[11:28:24 - Feature] Processed contig_756:0.0-8393.0 (median depth 11.0)
[11:28:24 - Sampler] Took 0.02s to make features.
[11:28:24 - Sampler] Initializing sampler for consensus of region contig_757:0-5493.
[11:28:24 - Feature] Processed contig_757:0.0-5492.0 (median depth 205.0)
[11:28:24 - Sampler] Took 0.06s to make features.
[11:28:25 - Sampler] Initializing sampler for consensus of region contig_758:0-4689.
[11:28:25 - Feature] Processed contig_758:0.0-4688.0 (median depth 14.0)
[11:28:25 - Sampler] Took 0.01s to make features.
[11:28:25 - Sampler] Initializing sampler for consensus of region contig_759:0-2204.
[11:28:25 - Feature] Processed contig_759:0.0-2203.0 (median depth 9.0)
[11:28:25 - Sampler] Took 0.00s to make features.
[11:28:25 - Sampler] Initializing sampler for consensus of region contig_76:0-4859.
[11:28:25 - Feature] Processed contig_76:0.0-4858.0 (median depth 9.0)
[11:28:25 - Sampler] Took 0.01s to make features.
[11:28:26 - Sampler] Initializing sampler for consensus of region contig_760:0-4193.
[11:28:26 - Feature] Processed contig_760:0.0-4192.0 (median depth 15.0)
[11:28:26 - Sampler] Took 0.01s to make features.
[11:28:27 - Sampler] Initializing sampler for consensus of region contig_761:0-6257.
[11:28:27 - Feature] Processed contig_761:0.0-6256.0 (median depth 9.0)
[11:28:27 - Sampler] Took 0.01s to make features.
[11:28:27 - Sampler] Initializing sampler for consensus of region contig_762:0-5281.
[11:28:27 - Feature] Processed contig_762:0.0-5280.0 (median depth 15.0)
[11:28:27 - Sampler] Took 0.01s to make features.
[11:28:28 - Sampler] Initializing sampler for consensus of region contig_763:0-5739.
[11:28:28 - Feature] Processed contig_763:0.0-5738.0 (median depth 16.0)
[11:28:28 - Sampler] Took 0.01s to make features.
[11:28:28 - Sampler] Initializing sampler for consensus of region contig_764:0-8641.
[11:28:28 - Feature] Processed contig_764:0.0-8640.0 (median depth 21.0)
[11:28:28 - Sampler] Took 0.02s to make features.
[11:28:29 - PWorker] Batches in cache: 8.
[11:28:29 - Sampler] Initializing sampler for consensus of region contig_765:0-3741.
[11:28:29 - Feature] Processed contig_765:0.0-3740.0 (median depth 5.0)
[11:28:29 - Sampler] Took 0.01s to make features.
[11:28:29 - Sampler] Initializing sampler for consensus of region contig_766:0-6805.
[11:28:29 - Feature] Processed contig_766:0.0-6804.0 (median depth 20.0)
[11:28:29 - Sampler] Took 0.01s to make features.
[11:28:30 - Sampler] Initializing sampler for consensus of region contig_767:0-4390.
[11:28:30 - Feature] Processed contig_767:0.0-4389.0 (median depth 12.0)
[11:28:30 - Sampler] Took 0.01s to make features.
[11:28:30 - PWorker] 65.0% Done (1.7/2.6 Mbases) in 214.2s
[11:28:30 - Sampler] Initializing sampler for consensus of region contig_768:0-6714.
[11:28:30 - Feature] Processed contig_768:0.0-6713.0 (median depth 8.0)
[11:28:30 - Sampler] Took 0.01s to make features.
[11:28:31 - Sampler] Initializing sampler for consensus of region contig_769:0-2643.
[11:28:31 - Feature] Processed contig_769:0.0-2642.0 (median depth 7.0)
[11:28:31 - Sampler] Took 0.01s to make features.
[11:28:31 - Sampler] Initializing sampler for consensus of region contig_77:0-5959.
[11:28:31 - Feature] Processed contig_77:0.0-5958.0 (median depth 24.0)
[11:28:31 - Sampler] Took 0.01s to make features.
[11:28:32 - Sampler] Initializing sampler for consensus of region contig_770:0-3541.
[11:28:32 - Feature] Processed contig_770:0.0-3540.0 (median depth 12.0)
[11:28:32 - Sampler] Took 0.01s to make features.
[11:28:32 - Sampler] Initializing sampler for consensus of region contig_771:0-3538.
[11:28:32 - Feature] Processed contig_771:0.0-3537.0 (median depth 7.0)
[11:28:32 - Sampler] Took 0.01s to make features.
[11:28:33 - Sampler] Initializing sampler for consensus of region contig_78:0-2326.
[11:28:33 - Feature] Processed contig_78:0.0-2325.0 (median depth 8.0)
[11:28:33 - Sampler] Took 0.01s to make features.
[11:28:33 - Sampler] Initializing sampler for consensus of region contig_79:0-5800.
[11:28:33 - Feature] Processed contig_79:0.0-5799.0 (median depth 26.0)
[11:28:33 - Sampler] Took 0.01s to make features.
[11:28:34 - PWorker] Batches in cache: 8.
[11:28:34 - Sampler] Initializing sampler for consensus of region contig_8:0-5174.
[11:28:34 - Feature] Processed contig_8:0.0-5173.0 (median depth 11.0)
[11:28:34 - Sampler] Took 0.01s to make features.
[11:28:35 - Sampler] Initializing sampler for consensus of region contig_80:0-6947.
[11:28:35 - Feature] Processed contig_80:0.0-6946.0 (median depth 17.0)
[11:28:35 - Sampler] Took 0.01s to make features.
[11:28:35 - Sampler] Initializing sampler for consensus of region contig_81:0-4976.
[11:28:35 - Feature] Processed contig_81:0.0-4975.0 (median depth 18.0)
[11:28:35 - Sampler] Took 0.01s to make features.
[11:28:35 - Sampler] Initializing sampler for consensus of region contig_82:0-2268.
[11:28:35 - Feature] Processed contig_82:0.0-2267.0 (median depth 13.0)
[11:28:35 - Sampler] Took 0.01s to make features.
[11:28:36 - Sampler] Initializing sampler for consensus of region contig_83:0-3777.
[11:28:36 - Feature] Processed contig_83:0.0-3776.0 (median depth 13.0)
[11:28:36 - Sampler] Took 0.01s to make features.
[11:28:36 - Sampler] Initializing sampler for consensus of region contig_84:0-2418.
[11:28:36 - Feature] Processed contig_84:0.0-2417.0 (median depth 8.0)
[11:28:36 - Sampler] Took 0.01s to make features.
[11:28:37 - Sampler] Initializing sampler for consensus of region contig_85:0-4309.
[11:28:37 - Feature] Processed contig_85:0.0-4308.0 (median depth 7.0)
[11:28:37 - Sampler] Took 0.01s to make features.
[11:28:37 - Sampler] Initializing sampler for consensus of region contig_86:0-4256.
[11:28:37 - Feature] Processed contig_86:0.0-4255.0 (median depth 25.0)
[11:28:37 - Sampler] Took 0.01s to make features.
[11:28:38 - Sampler] Initializing sampler for consensus of region contig_87:0-2218.
[11:28:38 - Feature] Processed contig_87:0.0-2217.0 (median depth 10.0)
[11:28:38 - Sampler] Took 0.01s to make features.
[11:28:39 - Sampler] Initializing sampler for consensus of region contig_89:0-9820.
[11:28:39 - Feature] Processed contig_89:0.0-9819.0 (median depth 19.0)
[11:28:39 - Sampler] Took 0.02s to make features.
[11:28:39 - PWorker] Batches in cache: 8.
[11:28:39 - Sampler] Initializing sampler for consensus of region contig_9:0-6564.
[11:28:39 - Feature] Processed contig_9:0.0-6563.0 (median depth 23.0)
[11:28:39 - Sampler] Took 0.02s to make features.
[11:28:39 - Sampler] Initializing sampler for consensus of region contig_90:0-4871.
[11:28:39 - Feature] Processed contig_90:0.0-4870.0 (median depth 10.0)
[11:28:39 - Sampler] Took 0.01s to make features.
[11:28:40 - Sampler] Initializing sampler for consensus of region contig_91:0-4235.
[11:28:40 - Feature] Processed contig_91:0.0-4234.0 (median depth 13.0)
[11:28:40 - Sampler] Took 0.01s to make features.
[11:28:40 - PWorker] 68.4% Done (1.8/2.6 Mbases) in 224.3s
[11:28:40 - Sampler] Initializing sampler for consensus of region contig_92:0-2542.
[11:28:40 - Feature] Processed contig_92:0.0-2541.0 (median depth 4.0)
[11:28:40 - Sampler] Took 0.00s to make features.
[11:28:41 - Sampler] Initializing sampler for consensus of region contig_93:0-2382.
[11:28:41 - Feature] Processed contig_93:0.0-2381.0 (median depth 7.0)
[11:28:41 - Sampler] Took 0.01s to make features.
[11:28:41 - Sampler] Initializing sampler for consensus of region contig_94:0-5604.
[11:28:41 - Feature] Processed contig_94:0.0-5603.0 (median depth 13.0)
[11:28:41 - Sampler] Took 0.01s to make features.
[11:28:42 - Sampler] Initializing sampler for consensus of region contig_95:0-5126.
[11:28:42 - Feature] Processed contig_95:0.0-5125.0 (median depth 11.0)
[11:28:42 - Sampler] Took 0.01s to make features.
[11:28:42 - Sampler] Initializing sampler for consensus of region contig_96:0-2266.
[11:28:42 - Feature] Processed contig_96:0.0-2265.0 (median depth 17.0)
[11:28:42 - Sampler] Took 0.01s to make features.
[11:28:42 - Sampler] Initializing sampler for consensus of region contig_97:0-7048.
[11:28:42 - Feature] Processed contig_97:0.0-7047.0 (median depth 6.0)
[11:28:42 - Sampler] Took 0.01s to make features.
[11:28:43 - Sampler] Initializing sampler for consensus of region contig_98:0-2581.
[11:28:43 - Feature] Processed contig_98:0.0-2580.0 (median depth 19.0)
[11:28:43 - Sampler] Took 0.01s to make features.
[11:28:43 - Sampler] Initializing sampler for consensus of region contig_99:0-2486.
[11:28:43 - Feature] Processed contig_99:0.0-2485.0 (median depth 5.0)
[11:28:43 - Sampler] Took 0.00s to make features.
[11:28:44 - PWorker] Batches in cache: 8.
[11:28:49 - PWorker] Batches in cache: 6.
[11:28:51 - PWorker] 71.7% Done (1.9/2.6 Mbases) in 234.4s
[11:28:51 - PWorker] Processed 758 batches
[11:28:51 - PWorker] All done, 0 remainder regions.
[11:28:51 - Predict] Finished processing all regions.
/data/djs217/miniconda3/lib/python3.12/site-packages/hybracter/workflow/conda/f3634b33ec8fb5711a0153c480705631_/lib/python3.11/site-packages/medaka/common.py:16: UserWarning: pkg_resources is deprecated as an API. See https://setuptools.pypa.io/en/latest/pkg_resources.html. The pkg_resources package is slated for removal as early as 2025-11-30. Refrain from using this package or pin to Setuptools<81.
  from pkg_resources import resource_filename
[11:28:53 - DataIndx] Loaded 1/1 (100.00%) sample files.
[11:28:53 - Stitcher] Stitching contig_68:0-3120
[11:28:53 - Stitcher] Stitching contig_236:0-2616
[11:28:53 - Stitcher] Stitching contig_668:0-3960
[11:28:53 - Stitcher] Stitching contig_745:0-4270
[11:28:53 - Stitcher] Stitching contig_166:0-2577
[11:28:53 - Stitcher] Stitching contig_734:0-6257
[11:28:53 - Stitcher] Stitching contig_437:0-2708
[11:28:53 - Stitcher] Stitching contig_210:0-3406
[11:28:53 - Stitcher] Stitching contig_342:0-4797
[11:28:53 - Stitcher] Stitching contig_163:0-3659
[11:28:53 - Stitcher] Stitching contig_592:0-3095
[11:28:53 - Stitcher] Stitching contig_11:0-4437
[11:28:53 - Stitcher] Stitching contig_732:0-8232
[11:28:53 - Stitcher] Stitching contig_490:0-2580
[11:28:53 - Stitcher] Stitching contig_726:0-2823
[11:28:53 - Stitcher] Stitching contig_113:0-2612
[11:28:53 - Stitcher] Stitching contig_497:0-2237
[11:28:53 - Stitcher] Stitching contig_191:0-2289
[11:28:53 - Stitcher] Stitching contig_117:0-7142
[11:28:53 - Stitcher] Stitching contig_345:0-2339
[11:28:53 - Stitcher] Stitching contig_622:0-2472
[11:28:53 - Stitcher] Stitching contig_770:0-3541
[11:28:53 - Stitcher] Stitching contig_540:0-2215
[11:28:53 - Stitcher] Stitching contig_104:0-2435
[11:28:53 - Stitcher] Stitching contig_452:0-2407
[11:28:53 - Stitcher] Stitching contig_674:0-2691
[11:28:53 - Stitcher] Stitching contig_280:0-2236
[11:28:53 - Stitcher] Stitching contig_334:0-2606
[11:28:53 - Stitcher] Stitching contig_217:0-2361
[11:28:53 - Stitcher] Stitching contig_453:0-2339
[11:28:53 - Stitcher] Stitching contig_723:0-2843
[11:28:53 - Stitcher] Stitching contig_428:0-2825
[11:28:53 - Stitcher] Stitching contig_481:0-2454
[11:28:53 - Stitcher] Stitching contig_323:0-2725
[11:28:53 - Stitcher] Stitching contig_666:0-2431
[11:28:53 - Stitcher] Stitching contig_669:0-2250
[11:28:53 - Stitcher] Stitching contig_364:0-2594
[11:28:53 - Stitcher] Stitching contig_230:0-2733
[11:28:53 - Stitcher] Stitching contig_350:0-2262
[11:28:53 - Stitcher] Stitching contig_560:0-8368
[11:28:53 - Stitcher] Stitching contig_149:0-2693
[11:28:53 - Stitcher] Stitching contig_634:0-2248
[11:28:53 - Stitcher] Stitching contig_184:0-1502
[11:28:53 - Stitcher] Stitching contig_550:0-6147
[11:28:53 - Stitcher] Stitching contig_656:0-3539
[11:28:53 - Stitcher] Stitching contig_400:0-2519
[11:28:53 - Stitcher] Stitching contig_610:0-2363
[11:28:53 - Stitcher] Stitching contig_548:0-2396
[11:28:53 - Stitcher] Stitching contig_538:0-2831
[11:28:53 - Stitcher] Stitching contig_714:0-5200
[11:28:53 - Stitcher] Stitching contig_566:0-2413
[11:28:53 - Stitcher] Stitching contig_507:0-2470
[11:28:53 - Stitcher] Stitching contig_75:0-5452
[11:28:53 - Stitcher] Stitching contig_329:0-2265
[11:28:53 - Stitcher] Stitching contig_511:0-2472
[11:28:53 - Stitcher] Stitching contig_234:0-2350
[11:28:53 - Stitcher] Stitching contig_54:0-2430
[11:28:53 - Stitcher] Stitching contig_273:0-2497
[11:28:53 - Stitcher] Stitching contig_378:0-2409
[11:28:53 - Stitcher] Stitching contig_116:0-2402
[11:28:53 - Stitcher] Stitching contig_39:0-2553
[11:28:53 - Stitcher] Stitching contig_642:0-2386
[11:28:53 - Stitcher] Stitching contig_215:0-1360
[11:28:53 - Stitcher] Stitching contig_303:0-4328
[11:28:53 - Stitcher] Stitching contig_93:0-2382
[11:28:53 - Stitcher] Stitching contig_523:0-2722
[11:28:53 - Stitcher] Stitching contig_328:0-2790
[11:28:53 - Stitcher] Stitching contig_336:0-2242
[11:28:53 - Stitcher] Stitching contig_534:0-2379
[11:28:53 - Stitcher] Stitching contig_240:0-5122
[11:28:53 - Stitcher] Stitching contig_472:0-2454
[11:28:53 - Stitcher] Stitching contig_635:0-2737
[11:28:53 - Stitcher] Stitching contig_225:0-2626
[11:28:53 - Stitcher] Stitching contig_420:0-2521
[11:28:53 - Stitcher] Stitching contig_195:0-2787
[11:28:53 - Stitcher] Stitching contig_729:0-6985
[11:28:53 - Stitcher] Stitching contig_598:0-4744
[11:28:53 - Stitcher] Stitching contig_474:0-2949
[11:28:53 - Stitcher] Stitching contig_114:0-2813
[11:28:53 - Stitcher] Stitching contig_55:0-6858
[11:28:53 - Stitcher] Stitching contig_623:0-2905
[11:28:53 - Stitcher] Stitching contig_298:0-2395
[11:28:53 - Stitcher] Stitching contig_4:0-2756
[11:28:53 - Stitcher] Stitching contig_281:0-5045
[11:28:53 - Stitcher] Stitching contig_356:0-2529
[11:28:53 - Stitcher] Stitching contig_425:0-2227
[11:28:53 - Stitcher] Stitching contig_737:0-10026
[11:28:53 - Stitcher] Stitching contig_391:0-2436
[11:28:53 - Stitcher] Stitching contig_325:0-2332
[11:28:53 - Stitcher] Stitching contig_141:0-2505
[11:28:53 - Stitcher] Stitching contig_194:0-2963
[11:28:53 - Stitcher] Stitching contig_476:0-2335
[11:28:53 - Stitcher] Stitching contig_406:0-2418
[11:28:53 - Stitcher] Stitching contig_468:0-6182
[11:28:53 - Stitcher] Stitching contig_715:0-2288
[11:28:53 - Stitcher] Stitching contig_431:0-4725
[11:28:53 - Stitcher] Stitching contig_590:0-2374
[11:28:53 - Stitcher] Stitching contig_189:0-1882
[11:28:53 - Stitcher] Stitching contig_35:0-4043
[11:28:53 - Stitcher] Stitching contig_63:0-24043
[11:28:53 - Stitcher] Stitching contig_19:0-2440
[11:28:53 - Stitcher] Stitching contig_48:0-2524
[11:28:53 - Stitcher] Stitching contig_165:0-5745
[11:28:53 - Stitcher] Stitching contig_755:0-4549
[11:28:53 - Stitcher] Stitching contig_57:0-4618
[11:28:53 - Stitcher] Stitching contig_30:0-5065
[11:28:53 - Stitcher] Stitching contig_34:0-2332
[11:28:53 - Stitcher] Stitching contig_346:0-2493
[11:28:53 - Stitcher] Stitching contig_410:0-3968
[11:28:53 - Stitcher] Stitching contig_396:0-2542
[11:28:53 - Stitcher] Stitching contig_177:0-3899
[11:28:53 - Stitcher] Stitching contig_739:0-4234
[11:28:53 - Stitcher] Stitching contig_679:0-2218
[11:28:53 - Stitcher] Stitching contig_746:0-4219
[11:28:53 - Stitcher] Stitching contig_17:0-2525
[11:28:53 - Stitcher] Stitching contig_688:0-2903
[11:28:53 - Stitcher] Stitching contig_624:0-2510
[11:28:53 - Stitcher] Stitching contig_731:0-18781
[11:28:53 - Stitcher] Stitching contig_558:0-2726
[11:28:53 - Stitcher] Stitching contig_493:0-3572
[11:28:53 - Stitcher] Stitching contig_110:0-4606
[11:28:53 - Stitcher] Stitching contig_134:0-2472
[11:28:53 - Stitcher] Stitching contig_102:0-8979
[11:28:53 - Stitcher] Stitching contig_101:0-2258
[11:28:53 - Stitcher] Stitching contig_701:0-4351
[11:28:53 - Stitcher] Stitching contig_435:0-2814
[11:28:53 - Stitcher] Stitching contig_546:0-2279
[11:28:53 - Stitcher] Stitching contig_584:0-2207
[11:28:53 - Stitcher] Stitching contig_121:0-2416
[11:28:53 - Stitcher] Stitching contig_376:0-2626
[11:28:53 - Stitcher] Stitching contig_504:0-2203
[11:28:53 - Stitcher] Stitching contig_306:0-2300
[11:28:53 - Stitcher] Stitching contig_749:0-4417
[11:28:53 - Stitcher] Stitching contig_173:0-4974
[11:28:53 - Stitcher] Stitching contig_335:0-2224
[11:28:53 - Stitcher] Stitching contig_353:0-2753
[11:28:53 - Stitcher] Stitching contig_695:0-2206
[11:28:53 - Stitcher] Stitching contig_232:0-4118
[11:28:53 - Stitcher] Stitching contig_589:0-3901
[11:28:53 - Stitcher] Stitching contig_209:0-2674
[11:28:53 - Stitcher] Stitching contig_581:0-2377
[11:28:53 - Stitcher] Stitching contig_730:0-9412
[11:28:53 - Stitcher] Stitching contig_183:0-4243
[11:28:53 - Stitcher] Stitching contig_436:0-2276
[11:28:53 - Stitcher] Stitching contig_465:0-3062
[11:28:53 - Stitcher] Stitching contig_249:0-2486
[11:28:53 - Stitcher] Stitching contig_582:0-2724
[11:28:53 - Stitcher] Stitching contig_542:0-5070
[11:28:53 - Stitcher] Stitching contig_724:0-2211
[11:28:53 - Stitcher] Stitching contig_470:0-6599
[11:28:53 - Stitcher] Stitching contig_722:0-2697
[11:28:53 - Stitcher] Stitching contig_662:0-2835
[11:28:53 - Stitcher] Stitching contig_208:0-2441
[11:28:53 - Stitcher] Stitching contig_136:0-2793
[11:28:53 - Stitcher] Stitching contig_495:0-2319
[11:28:53 - Stitcher] Stitching contig_66:0-3867
[11:28:53 - Stitcher] Stitching contig_562:0-3613
[11:28:53 - Stitcher] Stitching contig_200:0-2259
[11:28:53 - Stitcher] Stitching contig_575:0-2975
[11:28:53 - Stitcher] Stitching contig_403:0-5975
[11:28:53 - Stitcher] Stitching contig_680:0-4883
[11:28:53 - Stitcher] Stitching contig_532:0-2602
[11:28:53 - Stitcher] Stitching contig_146:0-5379
[11:28:53 - Stitcher] Stitching contig_319:0-2714
[11:28:53 - Stitcher] Stitching contig_612:0-2380
[11:28:53 - Stitcher] Stitching contig_462:0-3591
[11:28:53 - Stitcher] Stitching contig_288:0-2325
[11:28:53 - Stitcher] Stitching contig_588:0-4023
[11:28:53 - Stitcher] Stitching contig_727:0-6427
[11:28:53 - Stitcher] Stitching contig_206:0-4373
[11:28:53 - Stitcher] Stitching contig_144:0-4161
[11:28:53 - Stitcher] Stitching contig_196:0-8671
[11:28:53 - Stitcher] Stitching contig_296:0-2257
[11:28:53 - Stitcher] Stitching contig_103:0-4035
[11:28:53 - Stitcher] Stitching contig_484:0-6568
[11:28:53 - Stitcher] Stitching contig_640:0-2541
[11:28:53 - Stitcher] Stitching contig_594:0-2225
[11:28:53 - Stitcher] Stitching contig_371:0-2496
[11:28:53 - Stitcher] Stitching contig_276:0-7168
[11:28:53 - Stitcher] Stitching contig_150:0-2556
[11:28:53 - Stitcher] Stitching contig_728:0-2771
[11:28:53 - Stitcher] Stitching contig_537:0-2651
[11:28:53 - Stitcher] Stitching contig_348:0-4429
[11:28:53 - Stitcher] Stitching contig_43:0-2676
[11:28:53 - Stitcher] Stitching contig_109:0-5006
[11:28:53 - Stitcher] Stitching contig_609:0-2964
[11:28:53 - Stitcher] Stitching contig_190:0-6736
[11:28:53 - Stitcher] Stitching contig_2:0-9322
[11:28:53 - Stitcher] Stitching contig_293:0-2234
[11:28:53 - Stitcher] Stitching contig_404:0-2695
[11:28:53 - Stitcher] Stitching contig_49:0-6043
[11:28:53 - Stitcher] Stitching contig_320:0-6286
[11:28:53 - Stitcher] Stitching contig_665:0-2716
[11:28:53 - Stitcher] Stitching contig_313:0-2313
[11:28:53 - Stitcher] Stitching contig_768:0-6714
[11:28:53 - Stitcher] Stitching contig_447:0-2215
[11:28:53 - Stitcher] Stitching contig_262:0-2853
[11:28:53 - Stitcher] Stitching contig_132:0-2353
[11:28:53 - Stitcher] Stitching contig_541:0-2941
[11:28:53 - Stitcher] Stitching contig_505:0-3838
[11:28:53 - Stitcher] Stitching contig_618:0-2313
[11:28:53 - Stitcher] Stitching contig_670:0-2691
[11:28:53 - Stitcher] Stitching contig_761:0-6257
[11:28:53 - Stitcher] Stitching contig_5:0-4330
[11:28:53 - Stitcher] Stitching contig_214:0-4743
[11:28:53 - Stitcher] Stitching contig_690:0-3062
[11:28:53 - Stitcher] Stitching contig_339:0-2468
[11:28:53 - Stitcher] Stitching contig_131:0-2638
[11:28:53 - Stitcher] Stitching contig_535:0-2341
[11:28:53 - Stitcher] Stitching contig_386:0-2298
[11:28:53 - Stitcher] Stitching contig_330:0-2244
[11:28:53 - Stitcher] Stitching contig_466:0-2222
[11:28:53 - Stitcher] Stitching contig_613:0-2782
[11:28:53 - Stitcher] Stitching contig_77:0-5959
[11:28:53 - Stitcher] Stitching contig_235:0-2562
[11:28:53 - Stitcher] Stitching contig_6:0-2345
[11:28:53 - Stitcher] Stitching contig_595:0-2809
[11:28:53 - Stitcher] Stitching contig_246:0-2752
[11:28:53 - Stitcher] Stitching contig_172:0-2601
[11:28:53 - Stitcher] Stitching contig_269:0-3665
[11:28:53 - Stitcher] Stitching contig_384:0-2918
[11:28:53 - Stitcher] Stitching contig_684:0-2937
[11:28:53 - Stitcher] Stitching contig_27:0-2829
[11:28:53 - Stitcher] Stitching contig_664:0-2301
[11:28:53 - Stitcher] Stitching contig_438:0-2351
[11:28:53 - Stitcher] Stitching contig_706:0-5784
[11:28:53 - Stitcher] Stitching contig_753:0-5291
[11:28:53 - Stitcher] Stitching contig_717:0-3661
[11:28:53 - Stitcher] Stitching contig_156:0-6785
[11:28:53 - Stitcher] Stitching contig_509:0-2465
[11:28:53 - Stitcher] Stitching contig_60:0-13738
[11:28:53 - Stitcher] Stitching contig_711:0-2584
[11:28:53 - Stitcher] Stitching contig_50:0-2304
[11:28:53 - Stitcher] Stitching contig_629:0-2307
[11:28:53 - Stitcher] Stitching contig_56:0-2306
[11:28:53 - Stitcher] Stitching contig_516:0-2297
[11:28:53 - Stitcher] Stitching contig_687:0-2225
[11:28:53 - Stitcher] Stitching contig_87:0-2218
[11:28:53 - Stitcher] Stitching contig_285:0-4197
[11:28:53 - Stitcher] Stitching contig_480:0-4924
[11:28:53 - Stitcher] Stitching contig_637:0-2208
[11:28:53 - Stitcher] Stitching contig_544:0-2229
[11:28:53 - Stitcher] Stitching contig_619:0-2561
[11:28:53 - Stitcher] Stitching contig_577:0-2622
[11:28:53 - Stitcher] Stitching contig_574:0-2625
[11:28:53 - Stitcher] Stitching contig_317:0-2712
[11:28:53 - Stitcher] Stitching contig_47:0-2700
[11:28:53 - Stitcher] Stitching contig_187:0-2373
[11:28:53 - Stitcher] Stitching contig_486:0-2881
[11:28:53 - Stitcher] Stitching contig_488:0-2283
[11:28:53 - Stitcher] Stitching contig_373:0-4392
[11:28:53 - Stitcher] Stitching contig_349:0-3940
[11:28:53 - Stitcher] Stitching contig_593:0-2325
[11:28:53 - Stitcher] Stitching contig_188:0-1123
[11:28:53 - Stitcher] Stitching contig_520:0-4414
[11:28:53 - Stitcher] Stitching contig_441:0-2776
[11:28:53 - Stitcher] Stitching contig_694:0-2431
[11:28:53 - Stitcher] Stitching contig_363:0-2886
[11:28:53 - Stitcher] Stitching contig_254:0-2556
[11:28:53 - Stitcher] Stitching contig_291:0-2328
[11:28:53 - Stitcher] Stitching contig_41:0-2630
[11:28:53 - Stitcher] Stitching contig_651:0-2549
[11:28:53 - Stitcher] Stitching contig_118:0-3296
[11:28:53 - Stitcher] Stitching contig_251:0-2380
[11:28:53 - Stitcher] Stitching contig_390:0-2465
[11:28:53 - Stitcher] Stitching contig_212:0-5215
[11:28:53 - Stitcher] Stitching contig_528:0-3260
[11:28:53 - Stitcher] Stitching contig_740:0-7597
[11:28:53 - Stitcher] Stitching contig_633:0-2777
[11:28:53 - Stitcher] Stitching contig_79:0-5800
[11:28:53 - Stitcher] Stitching contig_123:0-6095
[11:28:53 - Stitcher] Stitching contig_510:0-2237
[11:28:53 - Stitcher] Stitching contig_767:0-4390
[11:28:53 - Stitcher] Stitching contig_402:0-4724
[11:28:53 - Stitcher] Stitching contig_223:0-2274
[11:28:53 - Stitcher] Stitching contig_247:0-6043
[11:28:53 - Stitcher] Stitching contig_174:0-2509
[11:28:53 - Stitcher] Stitching contig_372:0-4192
[11:28:53 - Stitcher] Stitching contig_338:0-2971
[11:28:53 - Stitcher] Stitching contig_237:0-4510
[11:28:53 - Stitcher] Stitching contig_682:0-2361
[11:28:53 - Stitcher] Stitching contig_263:0-6262
[11:28:53 - Stitcher] Stitching contig_305:0-2313
[11:28:53 - Stitcher] Stitching contig_439:0-2195
[11:28:53 - Stitcher] Stitching contig_395:0-5101
[11:28:53 - Stitcher] Stitching contig_559:0-2988
[11:28:53 - Stitcher] Stitching contig_44:0-2682
[11:28:53 - Stitcher] Stitching contig_147:0-6359
[11:28:53 - Stitcher] Stitching contig_257:0-7623
[11:28:53 - Stitcher] Stitching contig_145:0-2425
[11:28:53 - Stitcher] Stitching contig_275:0-6202
[11:28:53 - Stitcher] Stitching contig_302:0-6781
[11:28:53 - Stitcher] Stitching contig_167:0-6354
[11:28:53 - Stitcher] Stitching contig_524:0-2512
[11:28:53 - Stitcher] Stitching contig_73:0-7776
[11:28:53 - Stitcher] Stitching contig_758:0-4689
[11:28:53 - Stitcher] Stitching contig_765:0-3741
[11:28:53 - Stitcher] Stitching contig_180:0-7717
[11:28:53 - Stitcher] Stitching contig_649:0-2743
[11:28:53 - Stitcher] Stitching contig_500:0-2964
[11:28:53 - Stitcher] Stitching contig_355:0-2250
[11:28:53 - Stitcher] Stitching contig_554:0-2345
[11:28:53 - Stitcher] Stitching contig_416:0-3046
[11:28:53 - Stitcher] Stitching contig_415:0-2415
[11:28:53 - Stitcher] Stitching contig_24:0-5246
[11:28:53 - Stitcher] Stitching contig_154:0-6910
[11:28:53 - Stitcher] Stitching contig_28:0-2587
[11:28:53 - Stitcher] Stitching contig_464:0-5627
[11:28:53 - Stitcher] Stitching contig_307:0-2288
[11:28:53 - Stitcher] Stitching contig_632:0-6164
[11:28:53 - Stitcher] Stitching contig_469:0-4407
[11:28:53 - Stitcher] Stitching contig_91:0-4235
[11:28:53 - Stitcher] Stitching contig_46:0-4249
[11:28:53 - Stitcher] Stitching contig_606:0-4730
[11:28:53 - Stitcher] Stitching contig_33:0-2907
[11:28:53 - Stitcher] Stitching contig_97:0-7048
[11:28:53 - Stitcher] Stitching contig_168:0-2694
[11:28:53 - Stitcher] Stitching contig_284:0-2246
[11:28:53 - Stitcher] Stitching contig_326:0-2299
[11:28:53 - Stitcher] Stitching contig_272:0-2928
[11:28:53 - Stitcher] Stitching contig_517:0-4344
[11:28:53 - Stitcher] Stitching contig_229:0-7427
[11:28:53 - Stitcher] Stitching contig_678:0-2322
[11:28:53 - Stitcher] Stitching contig_708:0-2685
[11:28:53 - Stitcher] Stitching contig_379:0-4964
[11:28:53 - Stitcher] Stitching contig_398:0-3363
[11:28:53 - Stitcher] Stitching contig_374:0-5683
[11:28:53 - Stitcher] Stitching contig_218:0-4628
[11:28:53 - Stitcher] Stitching contig_458:0-2219
[11:28:53 - Stitcher] Stitching contig_631:0-4632
[11:28:53 - Stitcher] Stitching contig_361:0-2234
[11:28:53 - Stitcher] Stitching contig_341:0-2237
[11:28:53 - Stitcher] Stitching contig_515:0-3221
[11:28:53 - Stitcher] Stitching contig_533:0-2520
[11:28:53 - Stitcher] Stitching contig_718:0-3034
[11:28:53 - Stitcher] Stitching contig_197:0-2646
[11:28:53 - Stitcher] Stitching contig_1:0-4113
[11:28:53 - Stitcher] Stitching contig_413:0-4319
[11:28:53 - Stitcher] Stitching contig_253:0-2695
[11:28:53 - Stitcher] Stitching contig_417:0-3796
[11:28:53 - Stitcher] Stitching contig_551:0-2472
[11:28:53 - Stitcher] Stitching contig_26:0-4076
[11:28:53 - Stitcher] Stitching contig_645:0-1713
[11:28:53 - Stitcher] Stitching contig_52:0-2293
[11:28:53 - Stitcher] Stitching contig_331:0-3347
[11:28:53 - Stitcher] Stitching contig_31:0-2314
[11:28:53 - Stitcher] Stitching contig_226:0-4096
[11:28:53 - Stitcher] Stitching contig_699:0-4828
[11:28:53 - Stitcher] Stitching contig_25:0-2661
[11:28:53 - Stitcher] Stitching contig_241:0-3993
[11:28:53 - Stitcher] Stitching contig_252:0-7829
[11:28:53 - Stitcher] Stitching contig_459:0-4734
[11:28:53 - Stitcher] Stitching contig_220:0-4646
[11:28:53 - Stitcher] Stitching contig_62:0-6355
[11:28:53 - Stitcher] Stitching contig_148:0-4343
[11:28:53 - Stitcher] Stitching contig_322:0-2294
[11:28:53 - Stitcher] Stitching contig_557:0-3112
[11:28:53 - Stitcher] Stitching contig_228:0-2251
[11:28:53 - Stitcher] Stitching contig_702:0-2229
[11:28:53 - Stitcher] Stitching contig_162:0-4701
[11:28:53 - Stitcher] Stitching contig_501:0-2226
[11:28:53 - Stitcher] Stitching contig_705:0-2935
[11:28:53 - Stitcher] Stitching contig_106:0-4405
[11:28:53 - Stitcher] Stitching contig_704:0-2489
[11:28:53 - Stitcher] Stitching contig_199:0-6475
[11:28:53 - Stitcher] Stitching contig_703:0-2343
[11:28:53 - Stitcher] Stitching contig_648:0-4462
[11:28:53 - Stitcher] Stitching contig_51:0-2813
[11:28:53 - Stitcher] Stitching contig_105:0-4411
[11:28:53 - Stitcher] Stitching contig_159:0-5586
[11:28:53 - Stitcher] Stitching contig_450:0-2847
[11:28:53 - Stitcher] Stitching contig_178:0-3567
[11:28:53 - Stitcher] Stitching contig_658:0-2468
[11:28:53 - Stitcher] Stitching contig_37:0-4693
[11:28:53 - Stitcher] Stitching contig_477:0-4211
[11:28:53 - Stitcher] Stitching contig_289:0-3075
[11:28:53 - Stitcher] Stitching contig_382:0-2295
[11:28:53 - Stitcher] Stitching contig_13:0-4093
[11:28:53 - Stitcher] Stitching contig_525:0-2586
[11:28:53 - Stitcher] Stitching contig_564:0-3092
[11:28:53 - Stitcher] Stitching contig_600:0-2484
[11:28:53 - Stitcher] Stitching contig_143:0-2686
[11:28:53 - Stitcher] Stitching contig_219:0-4803
[11:28:53 - Stitcher] Stitching contig_397:0-4427
[11:28:53 - Stitcher] Stitching contig_660:0-2384
[11:28:53 - Stitcher] Stitching contig_440:0-4451
[11:28:53 - Stitcher] Stitching contig_587:0-2315
[11:28:53 - Stitcher] Stitching contig_563:0-2256
[11:28:53 - Stitcher] Stitching contig_255:0-3004
[11:28:53 - Stitcher] Stitching contig_738:0-3391
[11:28:53 - Stitcher] Stitching contig_8:0-5174
[11:28:53 - Stitcher] Stitching contig_752:0-14241
[11:28:53 - Stitcher] Stitching contig_192:0-2781
[11:28:53 - Stitcher] Stitching contig_697:0-2814
[11:28:53 - Stitcher] Stitching contig_279:0-2204
[11:28:53 - Stitcher] Stitching contig_261:0-4676
[11:28:53 - Stitcher] Stitching contig_312:0-2500
[11:28:53 - Stitcher] Stitching contig_42:0-10689
[11:28:53 - Stitcher] Stitching contig_473:0-1999
[11:28:53 - Stitcher] Stitching contig_611:0-2363
[11:28:53 - Stitcher] Stitching contig_748:0-5367
[11:28:53 - Stitcher] Stitching contig_265:0-2362
[11:28:53 - Stitcher] Stitching contig_270:0-4429
[11:28:53 - Stitcher] Stitching contig_641:0-3211
[11:28:53 - Stitcher] Stitching contig_449:0-2797
[11:28:53 - Stitcher] Stitching contig_256:0-2442
[11:28:53 - Stitcher] Stitching contig_639:0-3076
[11:28:53 - Stitcher] Stitching contig_681:0-3433
[11:28:53 - Stitcher] Stitching contig_672:0-2249
[11:28:53 - Stitcher] Stitching contig_92:0-2542
[11:28:53 - Stitcher] Stitching contig_489:0-2351
[11:28:53 - Stitcher] Stitching contig_626:0-2219
[11:28:53 - Stitcher] Stitching contig_332:0-5704
[11:28:53 - Stitcher] Stitching contig_29:0-2258
[11:28:53 - Stitcher] Stitching contig_267:0-2229
[11:28:53 - Stitcher] Stitching contig_282:0-4115
[11:28:53 - Stitcher] Stitching contig_389:0-2638
[11:28:53 - Stitcher] Stitching contig_258:0-3230
[11:28:53 - Stitcher] Stitching contig_661:0-2532
[11:28:53 - Stitcher] Stitching contig_547:0-2473
[11:28:53 - Stitcher] Stitching contig_556:0-3661
[11:28:53 - Stitcher] Stitching contig_405:0-4266
[11:28:53 - Stitcher] Stitching contig_164:0-4611
[11:28:53 - Stitcher] Stitching contig_266:0-2233
[11:28:53 - Stitcher] Stitching contig_297:0-4513
[11:28:53 - Stitcher] Stitching contig_337:0-4471
[11:28:53 - Stitcher] Stitching contig_712:0-2252
[11:28:53 - Stitcher] Stitching contig_89:0-9820
[11:28:53 - Stitcher] Stitching contig_573:0-2564
[11:28:53 - Stitcher] Stitching contig_290:0-2226
[11:28:53 - Stitcher] Stitching contig_84:0-2418
[11:28:53 - Stitcher] Stitching contig_375:0-2695
[11:28:53 - Stitcher] Stitching contig_430:0-2581
[11:28:53 - Stitcher] Stitching contig_655:0-2387
[11:28:53 - Stitcher] Stitching contig_531:0-2340
[11:28:53 - Stitcher] Stitching contig_527:0-3562
[11:28:53 - Stitcher] Stitching contig_53:0-2467
[11:28:53 - Stitcher] Stitching contig_69:0-2707
[11:28:53 - Stitcher] Stitching contig_86:0-4256
[11:28:53 - Stitcher] Stitching contig_677:0-2376
[11:28:53 - Stitcher] Stitching contig_271:0-3010
[11:28:53 - Stitcher] Stitching contig_388:0-2869
[11:28:53 - Stitcher] Stitching contig_314:0-2193
[11:28:53 - Stitcher] Stitching contig_161:0-3052
[11:28:53 - Stitcher] Stitching contig_310:0-3835
[11:28:53 - Stitcher] Stitching contig_124:0-2206
[11:28:54 - Stitcher] Stitching contig_736:0-7797
[11:28:54 - Stitcher] Stitching contig_720:0-3226
[11:28:54 - Stitcher] Stitching contig_198:0-2217
[11:28:54 - Stitcher] Stitching contig_221:0-2230
[11:28:54 - Stitcher] Stitching contig_653:0-2660
[11:28:54 - Stitcher] Stitching contig_155:0-6822
[11:28:54 - Stitcher] Stitching contig_245:0-2554
[11:28:54 - Stitcher] Stitching contig_471:0-3193
[11:28:54 - Stitcher] Stitching contig_352:0-2780
[11:28:54 - Stitcher] Stitching contig_108:0-5908
[11:28:54 - Stitcher] Stitching contig_433:0-4725
[11:28:54 - Stitcher] Stitching contig_650:0-5566
[11:28:54 - Stitcher] Stitching contig_414:0-3178
[11:28:54 - Stitcher] Stitching contig_691:0-2286
[11:28:54 - Stitcher] Stitching contig_763:0-5739
[11:28:54 - Stitcher] Stitching contig_519:0-2749
[11:28:54 - Stitcher] Stitching contig_318:0-2279
[11:28:54 - Stitcher] Stitching contig_152:0-4350
[11:28:54 - Stitcher] Stitching contig_138:0-3623
[11:28:54 - Stitcher] Stitching contig_513:0-2228
[11:28:54 - Stitcher] Stitching contig_176:0-2513
[11:28:54 - Stitcher] Stitching contig_357:0-2273
[11:28:54 - Stitcher] Stitching contig_387:0-12065
[11:28:54 - Stitcher] Stitching contig_607:0-2675
[11:28:54 - Stitcher] Stitching contig_683:0-2471
[11:28:54 - Stitcher] Stitching contig_401:0-5988
[11:28:54 - Stitcher] Stitching contig_747:0-8632
[11:28:54 - Stitcher] Stitching contig_181:0-2187
[11:28:54 - Stitcher] Stitching contig_383:0-3147
[11:28:54 - Stitcher] Stitching contig_36:0-2525
[11:28:54 - Stitcher] Stitching contig_45:0-3339
[11:28:54 - Stitcher] Stitching contig_18:0-1042
[11:28:54 - Stitcher] Stitching contig_139:0-2297
[11:28:54 - Stitcher] Stitching contig_576:0-2574
[11:28:54 - Stitcher] Stitching contig_76:0-4859
[11:28:54 - Stitcher] Stitching contig_545:0-2445
[11:28:54 - Stitcher] Stitching contig_636:0-2344
[11:28:54 - Stitcher] Stitching contig_78:0-2326
[11:28:54 - Stitcher] Stitching contig_70:0-2257
[11:28:54 - Stitcher] Stitching contig_553:0-2297
[11:28:54 - Stitcher] Stitching contig_316:0-2249
[11:28:54 - Stitcher] Stitching contig_721:0-2221
[11:28:54 - Stitcher] Stitching contig_741:0-7435
[11:28:54 - Stitcher] Stitching contig_111:0-4503
[11:28:54 - Stitcher] Stitching contig_423:0-1277
[11:28:54 - Stitcher] Stitching contig_392:0-3064
[11:28:54 - Stitcher] Stitching contig_250:0-4324
[11:28:54 - Stitcher] Stitching contig_451:0-4080
[11:28:54 - Stitcher] Stitching contig_448:0-2254
[11:28:54 - Stitcher] Stitching contig_621:0-3861
[11:28:54 - Stitcher] Stitching contig_539:0-2633
[11:28:54 - Stitcher] Stitching contig_442:0-4475
[11:28:54 - Stitcher] Stitching contig_224:0-2336
[11:28:54 - Stitcher] Stitching contig_408:0-2298
[11:28:54 - Stitcher] Stitching contig_380:0-2275
[11:28:54 - Stitcher] Stitching contig_419:0-2667
[11:28:54 - Stitcher] Stitching contig_366:0-2589
[11:28:54 - Stitcher] Stitching contig_80:0-6947
[11:28:54 - Stitcher] Stitching contig_133:0-2342
[11:28:54 - Stitcher] Stitching contig_479:0-2459
[11:28:54 - Stitcher] Stitching contig_522:0-2268
[11:28:54 - Stitcher] Stitching contig_689:0-3237
[11:28:54 - Stitcher] Stitching contig_65:0-4993
[11:28:54 - Stitcher] Stitching contig_231:0-2211
[11:28:54 - Stitcher] Stitching contig_153:0-2825
[11:28:54 - Stitcher] Stitching contig_369:0-6242
[11:28:54 - Stitcher] Stitching contig_40:0-2503
[11:28:54 - Stitcher] Stitching contig_742:0-5402
[11:28:54 - Stitcher] Stitching contig_203:0-2940
[11:28:54 - Stitcher] Stitching contig_96:0-2266
[11:28:54 - Stitcher] Stitching contig_216:0-4095
[11:28:54 - Stitcher] Stitching contig_454:0-2373
[11:28:54 - Stitcher] Stitching contig_625:0-2738
[11:28:54 - Stitcher] Stitching contig_125:0-2941
[11:28:54 - Stitcher] Stitching contig_399:0-2730
[11:28:54 - Stitcher] Stitching contig_751:0-2787
[11:28:54 - Stitcher] Stitching contig_301:0-4034
[11:28:54 - Stitcher] Stitching contig_455:0-5356
[11:28:54 - Stitcher] Stitching contig_552:0-2256
[11:28:54 - Stitcher] Stitching contig_202:0-8292
[11:28:54 - Stitcher] Stitching contig_585:0-4514
[11:28:54 - Stitcher] Stitching contig_354:0-2404
[11:28:54 - Stitcher] Stitching contig_59:0-3637
[11:28:54 - Stitcher] Stitching contig_570:0-2557
[11:28:54 - Stitcher] Stitching contig_23:0-2468
[11:28:54 - Stitcher] Stitching contig_693:0-2694
[11:28:54 - Stitcher] Stitching contig_499:0-2456
[11:28:54 - Stitcher] Stitching contig_769:0-2643
[11:28:54 - Stitcher] Stitching contig_14:0-4745
[11:28:54 - Stitcher] Stitching contig_434:0-2318
[11:28:54 - Stitcher] Stitching contig_100:0-2211
[11:28:54 - Stitcher] Stitching contig_85:0-4309
[11:28:54 - Stitcher] Stitching contig_81:0-4976
[11:28:54 - Stitcher] Stitching contig_193:0-2221
[11:28:54 - Stitcher] Stitching contig_343:0-4580
[11:28:54 - Stitcher] Stitching contig_445:0-2548
[11:28:54 - Stitcher] Stitching contig_591:0-2540
[11:28:54 - Stitcher] Stitching contig_543:0-3677
[11:28:54 - Stitcher] Stitching contig_671:0-2331
[11:28:54 - Stitcher] Stitching contig_605:0-4437
[11:28:54 - Stitcher] Stitching contig_628:0-2458
[11:28:54 - Stitcher] Stitching contig_142:0-5300
[11:28:54 - Stitcher] Stitching contig_603:0-2717
[11:28:54 - Stitcher] Stitching contig_530:0-2582
[11:28:54 - Stitcher] Stitching contig_393:0-2211
[11:28:54 - Stitcher] Stitching contig_137:0-6909
[11:28:54 - Stitcher] Stitching contig_518:0-2452
[11:28:54 - Stitcher] Stitching contig_129:0-2341
[11:28:54 - Stitcher] Stitching contig_367:0-2566
[11:28:54 - Stitcher] Stitching contig_158:0-4096
[11:28:54 - Stitcher] Stitching contig_377:0-2258
[11:28:54 - Stitcher] Stitching contig_243:0-2971
[11:28:54 - Stitcher] Stitching contig_107:0-2666
[11:28:54 - Stitcher] Stitching contig_122:0-5124
[11:28:54 - Stitcher] Stitching contig_211:0-4332
[11:28:54 - Stitcher] Stitching contig_295:0-2721
[11:28:54 - Stitcher] Stitching contig_529:0-2244
[11:28:54 - Stitcher] Stitching contig_294:0-2280
[11:28:54 - Stitcher] Stitching contig_616:0-2875
[11:28:54 - Stitcher] Stitching contig_750:0-6549
[11:28:54 - Stitcher] Stitching contig_239:0-4287
[11:28:54 - Stitcher] Stitching contig_22:0-2312
[11:28:54 - Stitcher] Stitching contig_21:0-11557
[11:28:54 - Stitcher] Stitching contig_248:0-2993
[11:28:54 - Stitcher] Stitching contig_283:0-2747
[11:28:54 - Stitcher] Stitching contig_411:0-2716
[11:28:54 - Stitcher] Stitching contig_135:0-4817
[11:28:54 - Stitcher] Stitching contig_483:0-2761
[11:28:54 - Stitcher] Stitching contig_586:0-2629
[11:28:54 - Stitcher] Stitching contig_638:0-2365
[11:28:54 - Stitcher] Stitching contig_83:0-3777
[11:28:54 - Stitcher] Stitching contig_72:0-2887
[11:28:54 - Stitcher] Stitching contig_227:0-3156
[11:28:54 - Stitcher] Stitching contig_344:0-2687
[11:28:54 - Stitcher] Stitching contig_359:0-2447
[11:28:54 - Stitcher] Stitching contig_572:0-3669
[11:28:54 - Stitcher] Stitching contig_20:0-5510
[11:28:54 - Stitcher] Stitching contig_321:0-2446
[11:28:54 - Stitcher] Stitching contig_201:0-3444
[11:28:54 - Stitcher] Stitching contig_95:0-5126
[11:28:54 - Stitcher] Stitching contig_32:0-5044
[11:28:54 - Stitcher] Stitching contig_569:0-2280
[11:28:54 - Stitcher] Stitching contig_647:0-2411
[11:28:54 - Stitcher] Stitching contig_735:0-6907
[11:28:54 - Stitcher] Stitching contig_90:0-4871
[11:28:54 - Stitcher] Stitching contig_140:0-2518
[11:28:54 - Stitcher] Stitching contig_601:0-3646
[11:28:54 - Stitcher] Stitching contig_340:0-5160
[11:28:54 - Stitcher] Stitching contig_502:0-4356
[11:28:54 - Stitcher] Stitching contig_514:0-2264
[11:28:54 - Stitcher] Stitching contig_580:0-2521
[11:28:54 - Stitcher] Stitching contig_676:0-7062
[11:28:54 - Stitcher] Stitching contig_287:0-2296
[11:28:54 - Stitcher] Stitching contig_652:0-2347
[11:28:54 - Stitcher] Stitching contig_286:0-4129
[11:28:54 - Stitcher] Stitching contig_657:0-2568
[11:28:54 - Stitcher] Stitching contig_259:0-2205
[11:28:54 - Stitcher] Stitching contig_496:0-4301
[11:28:54 - Stitcher] Stitching contig_394:0-2222
[11:28:54 - Stitcher] Stitching contig_381:0-2274
[11:28:54 - Stitcher] Stitching contig_457:0-2402
[11:28:54 - Stitcher] Stitching contig_498:0-2898
[11:28:54 - Stitcher] Stitching contig_766:0-6805
[11:28:54 - Stitcher] Stitching contig_549:0-2623
[11:28:54 - Stitcher] Stitching contig_719:0-4531
[11:28:54 - Stitcher] Stitching contig_444:0-2421
[11:28:54 - Stitcher] Stitching contig_151:0-4260
[11:28:54 - Stitcher] Stitching contig_130:0-2594
[11:28:54 - Stitcher] Stitching contig_667:0-2692
[11:28:54 - Stitcher] Stitching contig_16:0-2655
[11:28:54 - Stitcher] Stitching contig_659:0-4239
[11:28:54 - Stitcher] Stitching contig_7:0-6673
[11:28:54 - Stitcher] Stitching contig_485:0-3450
[11:28:54 - Stitcher] Stitching contig_675:0-2718
[11:28:54 - Stitcher] Stitching contig_571:0-2305
[11:28:54 - Stitcher] Stitching contig_506:0-2327
[11:28:54 - Stitcher] Stitching contig_324:0-4578
[11:28:54 - Stitcher] Stitching contig_421:0-2425
[11:28:54 - Stitcher] Stitching contig_709:0-2769
[11:28:54 - Stitcher] Stitching contig_602:0-2594
[11:28:54 - Stitcher] Stitching contig_351:0-2307
[11:28:54 - Stitcher] Stitching contig_112:0-2624
[11:28:54 - Stitcher] Stitching contig_627:0-2418
[11:28:54 - Stitcher] Stitching contig_9:0-6564
[11:28:54 - Stitcher] Stitching contig_71:0-5281
[11:28:54 - Stitcher] Stitching contig_526:0-2235
[11:28:54 - Stitcher] Stitching contig_568:0-2254
[11:28:54 - Stitcher] Stitching contig_757:0-5493
[11:28:54 - Stitcher] Stitching contig_508:0-2453
[11:28:54 - Stitcher] Stitching contig_663:0-5843
[11:28:54 - Stitcher] Stitching contig_362:0-3466
[11:28:54 - Stitcher] Stitching contig_213:0-2262
[11:28:54 - Stitcher] Stitching contig_579:0-4289
[11:28:54 - Stitcher] Stitching contig_604:0-2583
[11:28:54 - Stitcher] Stitching contig_99:0-2486
[11:28:54 - Stitcher] Stitching contig_503:0-4688
[11:28:54 - Stitcher] Stitching contig_565:0-2464
[11:28:54 - Stitcher] Stitching contig_685:0-1483
[11:28:54 - Stitcher] Stitching contig_643:0-2149
[11:28:54 - Stitcher] Stitching contig_733:0-7798
[11:28:54 - Stitcher] Stitching contig_10:0-6882
[11:28:54 - Stitcher] Stitching contig_238:0-2487
[11:28:54 - Stitcher] Stitching contig_617:0-2226
[11:28:54 - Stitcher] Stitching contig_207:0-4274
[11:28:54 - Stitcher] Stitching contig_204:0-2310
[11:28:54 - Stitcher] Stitching contig_370:0-2640
[11:28:54 - Stitcher] Stitching contig_233:0-2252
[11:28:54 - Stitcher] Stitching contig_171:0-2390
[11:28:54 - Stitcher] Stitching contig_460:0-2276
[11:28:54 - Stitcher] Stitching contig_475:0-2336
[11:28:54 - Stitcher] Stitching contig_583:0-2504
[11:28:54 - Stitcher] Stitching contig_67:0-2714
[11:28:54 - Stitcher] Stitching contig_760:0-4193
[11:28:54 - Stitcher] Stitching contig_771:0-3538
[11:28:54 - Stitcher] Stitching contig_182:0-3660
[11:28:54 - Stitcher] Stitching contig_244:0-2574
[11:28:54 - Stitcher] Stitching contig_358:0-1997
[11:28:54 - Stitcher] Stitching contig_536:0-2392
[11:28:54 - Stitcher] Stitching contig_274:0-2316
[11:28:54 - Stitcher] Stitching contig_756:0-8394
[11:28:54 - Stitcher] Stitching contig_292:0-2383
[11:28:54 - Stitcher] Stitching contig_157:0-4263
[11:28:54 - Stitcher] Stitching contig_686:0-2567
[11:28:54 - Stitcher] Stitching contig_482:0-2222
[11:28:54 - Stitcher] Stitching contig_654:0-3935
[11:28:54 - Stitcher] Stitching contig_160:0-2455
[11:28:54 - Stitcher] Stitching contig_260:0-2231
[11:28:54 - Stitcher] Stitching contig_186:0-2692
[11:28:54 - Stitcher] Stitching contig_446:0-3613
[11:28:54 - Stitcher] Stitching contig_347:0-3042
[11:28:54 - Stitcher] Stitching contig_713:0-2271
[11:28:54 - Stitcher] Stitching contig_308:0-3389
[11:28:54 - Stitcher] Stitching contig_596:0-2304
[11:28:54 - Stitcher] Stitching contig_567:0-2396
[11:28:54 - Stitcher] Stitching contig_599:0-3060
[11:28:54 - Stitcher] Stitching contig_119:0-4263
[11:28:54 - Stitcher] Stitching contig_521:0-2341
[11:28:54 - Stitcher] Stitching contig_716:0-5013
[11:28:54 - Stitcher] Stitching contig_365:0-2994
[11:28:54 - Stitcher] Stitching contig_299:0-2425
[11:28:54 - Stitcher] Stitching contig_427:0-4653
[11:28:54 - Stitcher] Stitching contig_614:0-2877
[11:28:54 - Stitcher] Stitching contig_759:0-2204
[11:28:54 - Stitcher] Stitching contig_3:0-5178
[11:28:54 - Stitcher] Stitching contig_432:0-3089
[11:28:54 - Stitcher] Stitching contig_696:0-2661
[11:28:54 - Stitcher] Stitching contig_277:0-2208
[11:28:54 - Stitcher] Stitching contig_264:0-2377
[11:28:54 - Stitcher] Stitching contig_512:0-2483
[11:28:54 - Stitcher] Stitching contig_179:0-4402
[11:28:54 - Stitcher] Stitching contig_175:0-9062
[11:28:54 - Stitcher] Stitching contig_304:0-2229
[11:28:54 - Stitcher] Stitching contig_744:0-8528
[11:28:54 - Stitcher] Stitching contig_128:0-3875
[11:28:54 - Stitcher] Stitching contig_98:0-2581
[11:28:54 - Stitcher] Stitching contig_422:0-2488
[11:28:54 - Stitcher] Stitching contig_608:0-2460
[11:28:54 - Stitcher] Stitching contig_743:0-3753
[11:28:54 - Stitcher] Stitching contig_327:0-2284
[11:28:54 - Stitcher] Stitching contig_222:0-1659
[11:28:54 - Stitcher] Stitching contig_491:0-5195
[11:28:54 - Stitcher] Stitching contig_692:0-2291
[11:28:54 - Stitcher] Stitching contig_487:0-2273
[11:28:54 - Stitcher] Stitching contig_700:0-4781
[11:28:54 - Stitcher] Stitching contig_698:0-3278
[11:28:54 - Stitcher] Stitching contig_764:0-8641
[11:28:54 - Stitcher] Stitching contig_492:0-2936
[11:28:54 - Stitcher] Stitching contig_185:0-2223
[11:28:54 - Stitcher] Stitching contig_268:0-2488
[11:28:54 - Stitcher] Stitching contig_630:0-2992
[11:28:54 - Stitcher] Stitching contig_126:0-2850
[11:28:54 - Stitcher] Stitching contig_754:0-24354
[11:28:54 - Stitcher] Stitching contig_494:0-5004
[11:28:54 - Stitcher] Stitching contig_309:0-3200
[11:28:54 - Stitcher] Stitching contig_456:0-2302
[11:28:54 - Stitcher] Stitching contig_300:0-2513
[11:28:54 - Stitcher] Stitching contig_429:0-8315
[11:28:54 - Stitcher] Stitching contig_725:0-5411
[11:28:54 - Stitcher] Stitching contig_555:0-2352
[11:28:54 - Stitcher] Stitching contig_710:0-2255
[11:28:54 - Stitcher] Stitching contig_467:0-4139
[11:28:54 - Stitcher] Stitching contig_15:0-10549
[11:28:54 - Stitcher] Stitching contig_58:0-2964
[11:28:54 - Stitcher] Stitching contig_418:0-2590
[11:28:54 - Stitcher] Stitching contig_478:0-2267
[11:28:54 - Stitcher] Stitching contig_762:0-5281
[11:28:54 - Stitcher] Stitching contig_597:0-4603
[11:28:54 - Stitcher] Stitching contig_426:0-7531
[11:28:54 - Stitcher] Stitching contig_461:0-3800
[11:28:54 - Stitcher] Stitching contig_620:0-2386
[11:28:54 - Stitcher] Stitching contig_242:0-2877
[11:28:54 - Stitcher] Stitching contig_578:0-2264
[11:28:54 - Stitcher] Stitching contig_615:0-2198
[11:28:54 - Stitcher] Stitching contig_170:0-2900
[11:28:54 - Stitcher] Stitching contig_412:0-4502
[11:28:54 - Stitcher] Stitching contig_673:0-2691
[11:28:54 - Stitcher] Stitching contig_333:0-2271
[11:28:54 - Stitcher] Stitching contig_443:0-2427
[11:28:54 - Stitcher] Stitching contig_115:0-4701
[11:28:54 - Stitcher] Stitching contig_169:0-2292
[11:28:54 - Stitcher] Stitching contig_360:0-10145
[11:28:54 - Stitcher] Stitching contig_424:0-1201
[11:28:54 - Stitcher] Stitching contig_205:0-2393
[11:28:54 - Stitcher] Stitching contig_82:0-2268
[11:28:54 - Stitcher] Stitching contig_278:0-2590
[11:28:54 - Stitcher] Stitching contig_12:0-3173
[11:28:54 - Stitcher] Stitching contig_707:0-4973
[11:28:54 - Stitcher] Stitching contig_61:0-2745
[11:28:54 - Stitcher] Stitching contig_315:0-2513
[11:28:54 - Stitcher] Stitching contig_561:0-4671
[11:28:54 - Stitcher] Stitching contig_409:0-4111
[11:28:54 - Stitcher] Stitching contig_385:0-2349
[11:28:54 - Stitcher] Stitching contig_368:0-2550
[11:28:54 - Stitcher] Stitching contig_311:0-2366
[11:28:54 - Stitcher] Stitching contig_127:0-2853
[11:28:54 - Stitcher] Stitching contig_88:0-12411
[11:28:54 - Stitcher] Stitching contig_407:0-4309
[11:28:54 - Stitcher] Stitching contig_94:0-5604
[11:28:54 - Stitcher] Stitching contig_644:0-2617
[11:28:54 - Stitcher] Stitching contig_38:0-6054
[11:28:54 - Stitcher] Stitching contig_646:0-2518
[11:28:54 - Stitcher] Stitching contig_463:0-2330
[11:28:54 - Stitcher] Stitching contig_74:0-2899
[11:28:54 - Stitcher] Stitching contig_120:0-3853
[11:28:54 - Stitcher] Copying contig 'contig_64' verbatim from input.
