/data/djs217/miniconda3/lib/python3.12/site-packages/hybracter/workflow/conda/f3634b33ec8fb5711a0153c480705631_/lib/python3.11/site-packages/medaka/common.py:16: UserWarning: pkg_resources is deprecated as an API. See https://setuptools.pypa.io/en/latest/pkg_resources.html. The pkg_resources package is slated for removal as early as 2025-11-30. Refrain from using this package or pin to Setuptools<81.
  from pkg_resources import resource_filename
/data/djs217/miniconda3/lib/python3.12/site-packages/hybracter/workflow/conda/f3634b33ec8fb5711a0153c480705631_/lib/python3.11/site-packages/medaka/common.py:16: UserWarning: pkg_resources is deprecated as an API. See https://setuptools.pypa.io/en/latest/pkg_resources.html. The pkg_resources package is slated for removal as early as 2025-11-30. Refrain from using this package or pin to Setuptools<81.
  from pkg_resources import resource_filename
/data/djs217/miniconda3/lib/python3.12/site-packages/hybracter/workflow/conda/f3634b33ec8fb5711a0153c480705631_/lib/python3.11/site-packages/medaka/common.py:16: UserWarning: pkg_resources is deprecated as an API. See https://setuptools.pypa.io/en/latest/pkg_resources.html. The pkg_resources package is slated for removal as early as 2025-11-30. Refrain from using this package or pin to Setuptools<81.
  from pkg_resources import resource_filename
[11:01:53 - MdlStrTGZ] Successfully removed temporary files from /tmp/tmpmlm8r2u_.
/data/djs217/miniconda3/lib/python3.12/site-packages/hybracter/workflow/conda/f3634b33ec8fb5711a0153c480705631_/lib/python3.11/site-packages/medaka/common.py:16: UserWarning: pkg_resources is deprecated as an API. See https://setuptools.pypa.io/en/latest/pkg_resources.html. The pkg_resources package is slated for removal as early as 2025-11-30. Refrain from using this package or pin to Setuptools<81.
  from pkg_resources import resource_filename
[11:01:56 - MdlStrTGZ] Successfully removed temporary files from /tmp/tmprdgb6448.
Creating fai index file /data/djs217/vibrio/P0213_250813_11813/01_raw_reads/hybracter_out/processing/incomp_pre_polish/11813_EXE_03_2025_A_PBC74148.fasta.fai
Creating mmi index file /data/djs217/vibrio/P0213_250813_11813/01_raw_reads/hybracter_out/processing/incomp_pre_polish/11813_EXE_03_2025_A_PBC74148.fasta.map-ont.mmi
[M::mm_idx_gen::0.074*1.04] collected minimizers
[M::mm_idx_gen::0.110*1.57] sorted minimizers
[M::main::0.142*1.44] loaded/built the index for 519 target sequence(s)
[M::mm_idx_stat] kmer size: 15; skip: 10; is_hpc: 0; #seq: 519
[M::mm_idx_stat::0.147*1.43] distinct minimizers: 290906 (96.21% are singletons); average occurrences: 1.046; average spacing: 5.354; total length: 1629331
[M::main] Version: 2.30-r1287
[M::main] CMD: minimap2 -I 16G -x map-ont -d /data/djs217/vibrio/P0213_250813_11813/01_raw_reads/hybracter_out/processing/incomp_pre_polish/11813_EXE_03_2025_A_PBC74148.fasta.map-ont.mmi /data/djs217/vibrio/P0213_250813_11813/01_raw_reads/hybracter_out/processing/incomp_pre_polish/11813_EXE_03_2025_A_PBC74148.fasta
[M::main] Real time: 0.151 sec; CPU: 0.214 sec; Peak RSS: 0.018 GB
[M::main::0.037*1.09] loaded/built the index for 519 target sequence(s)
[M::mm_mapopt_update::0.044*1.07] mid_occ = 10
[M::mm_idx_stat] kmer size: 15; skip: 10; is_hpc: 0; #seq: 519
[M::mm_idx_stat::0.049*1.07] distinct minimizers: 290906 (96.21% are singletons); average occurrences: 1.046; average spacing: 5.354; total length: 1629331
[M::worker_pipeline::9.279*0.92] mapped 25974 sequences
[M::main] Version: 2.30-r1287
[M::main] CMD: minimap2 -x map-ont --secondary=no -L --MD -A 2 -B 4 -O 4,24 -E 2,1 -t 1 -a /data/djs217/vibrio/P0213_250813_11813/01_raw_reads/hybracter_out/processing/incomp_pre_polish/11813_EXE_03_2025_A_PBC74148.fasta.map-ont.mmi /data/djs217/vibrio/P0213_250813_11813/01_raw_reads/hybracter_out/processing/qc/11813_EXE_03_2025_A_PBC74148_filt_trim.fastq.gz
[M::main] Real time: 9.289 sec; CPU: 8.536 sec; Peak RSS: 0.133 GB
/data/djs217/miniconda3/lib/python3.12/site-packages/hybracter/workflow/conda/f3634b33ec8fb5711a0153c480705631_/lib/python3.11/site-packages/medaka/common.py:16: UserWarning: pkg_resources is deprecated as an API. See https://setuptools.pypa.io/en/latest/pkg_resources.html. The pkg_resources package is slated for removal as early as 2025-11-30. Refrain from using this package or pin to Setuptools<81.
  from pkg_resources import resource_filename
[11:02:09 - Predict] Processing region(s): contig_1:0-1700 contig_10:0-2634 contig_100:0-2332 contig_101:0-2499 contig_102:0-2342 contig_103:0-4401 contig_104:0-2493 contig_105:0-2372 contig_106:0-3456 contig_107:0-2313 contig_108:0-3760 contig_109:0-3187 contig_11:0-6414 contig_110:0-2567 contig_111:0-2617 contig_112:0-2248 contig_113:0-3338 contig_114:0-2218 contig_115:0-5826 contig_116:0-2653 contig_117:0-4774 contig_118:0-3005 contig_119:0-3273 contig_12:0-2400 contig_120:0-3909 contig_121:0-2217 contig_122:0-2972 contig_123:0-2247 contig_124:0-2275 contig_125:0-2535 contig_126:0-2684 contig_127:0-2277 contig_128:0-2316 contig_129:0-2369 contig_13:0-2419 contig_130:0-3887 contig_131:0-2355 contig_132:0-3882 contig_133:0-2418 contig_134:0-2361 contig_135:0-3377 contig_136:0-6040 contig_137:0-2451 contig_138:0-2690 contig_139:0-3122 contig_14:0-2223 contig_140:0-2480 contig_141:0-2414 contig_142:0-2402 contig_143:0-2818 contig_144:0-2341 contig_145:0-5192 contig_146:0-2549 contig_147:0-2505 contig_148:0-2219 contig_149:0-2225 contig_15:0-2573 contig_150:0-2316 contig_151:0-3970 contig_152:0-4185 contig_153:0-3101 contig_154:0-2252 contig_155:0-2783 contig_156:0-2255 contig_157:0-2519 contig_158:0-3008 contig_159:0-2555 contig_16:0-2389 contig_160:0-5630 contig_161:0-2413 contig_162:0-2352 contig_163:0-3018 contig_164:0-2448 contig_165:0-2207 contig_166:0-3511 contig_167:0-2281 contig_168:0-2201 contig_169:0-3019 contig_17:0-3264 contig_170:0-2472 contig_171:0-2707 contig_172:0-2203 contig_173:0-2377 contig_174:0-2624 contig_175:0-3860 contig_176:0-2230 contig_177:0-2242 contig_178:0-6080 contig_179:0-2253 contig_18:0-5180 contig_180:0-2305 contig_181:0-2574 contig_182:0-2759 contig_183:0-3154 contig_184:0-2320 contig_185:0-2251 contig_186:0-2558 contig_187:0-4995 contig_188:0-2250 contig_189:0-2736 contig_19:0-3427 contig_190:0-2331 contig_191:0-2656 contig_192:0-2334 contig_193:0-3555 contig_194:0-2994 contig_195:0-2694 contig_196:0-2492 contig_197:0-4328 contig_198:0-2283 contig_199:0-4898 contig_2:0-1489 contig_20:0-3387 contig_200:0-2684 contig_201:0-4285 contig_202:0-2934 contig_203:0-2342 contig_204:0-2772 contig_205:0-2612 contig_206:0-2414 contig_207:0-3258 contig_208:0-2714 contig_209:0-4484 contig_21:0-3605 contig_210:0-2305 contig_211:0-2275 contig_212:0-3873 contig_213:0-2795 contig_214:0-4083 contig_215:0-3963 contig_216:0-2342 contig_217:0-2632 contig_218:0-2417 contig_219:0-2535 contig_22:0-2376 contig_220:0-3424 contig_221:0-2529 contig_222:0-2449 contig_223:0-2656 contig_224:0-3088 contig_225:0-2207 contig_226:0-2399 contig_227:0-2381 contig_228:0-4713 contig_229:0-3884 contig_23:0-3137 contig_230:0-2551 contig_231:0-2315 contig_232:0-2258 contig_233:0-6093 contig_234:0-3102 contig_235:0-5398 contig_236:0-2884 contig_237:0-2417 contig_238:0-4736 contig_239:0-2201 contig_24:0-2301 contig_240:0-2338 contig_241:0-2262 contig_242:0-2249 contig_243:0-2389 contig_244:0-3179 contig_245:0-5191 contig_246:0-2396 contig_247:0-2880 contig_248:0-4121 contig_249:0-3448 contig_25:0-2611 contig_250:0-2323 contig_251:0-2770 contig_252:0-2334 contig_253:0-2495 contig_254:0-2349 contig_255:0-6888 contig_256:0-2666 contig_257:0-2221 contig_258:0-2652 contig_259:0-5191 contig_26:0-3879 contig_260:0-2347 contig_261:0-2409 contig_262:0-2351 contig_263:0-4990 contig_264:0-2350 contig_265:0-2327 contig_266:0-2357 contig_267:0-2769 contig_268:0-2679 contig_269:0-2451 contig_27:0-2483 contig_270:0-2666 contig_271:0-2303 contig_272:0-3241 contig_273:0-2390 contig_274:0-4551 contig_275:0-2234 contig_276:0-3137 contig_277:0-2499 contig_278:0-2601 contig_279:0-3603 contig_28:0-2262 contig_280:0-3269 contig_281:0-2312 contig_282:0-2217 contig_283:0-3092 contig_284:0-2268 contig_285:0-2872 contig_286:0-1744 contig_287:0-2379 contig_288:0-3072 contig_289:0-4394 contig_29:0-2332 contig_290:0-4753 contig_291:0-2201 contig_292:0-5842 contig_293:0-4236 contig_294:0-2350 contig_295:0-2282 contig_296:0-2742 contig_297:0-2460 contig_298:0-2658 contig_299:0-2362 contig_3:0-2425 contig_30:0-4508 contig_300:0-2622 contig_301:0-2712 contig_302:0-6278 contig_303:0-1507 contig_304:0-2339 contig_305:0-2494 contig_306:0-2662 contig_307:0-2561 contig_308:0-2742 contig_309:0-2879 contig_31:0-2231 contig_310:0-2512 contig_311:0-2355 contig_312:0-2232 contig_313:0-2436 contig_314:0-2844 contig_315:0-2212 contig_316:0-2290 contig_317:0-4365 contig_318:0-2459 contig_319:0-2882 contig_32:0-5525 contig_320:0-2482 contig_321:0-2356 contig_322:0-2670 contig_323:0-2448 contig_324:0-2464 contig_325:0-5608 contig_326:0-6285 contig_327:0-2810 contig_328:0-3043 contig_329:0-4183 contig_33:0-4679 contig_330:0-2351 contig_331:0-2257 contig_332:0-2934 contig_333:0-2492 contig_334:0-2523 contig_335:0-3009 contig_336:0-3801 contig_337:0-2209 contig_338:0-2763 contig_339:0-3712 contig_34:0-2561 contig_340:0-2551 contig_341:0-2257 contig_342:0-2323 contig_343:0-2756 contig_344:0-2211 contig_345:0-3024 contig_346:0-3101 contig_347:0-2599 contig_348:0-2423 contig_349:0-2510 contig_35:0-4502 contig_350:0-2517 contig_351:0-2480 contig_352:0-2753 contig_353:0-2733 contig_354:0-2951 contig_355:0-2475 contig_356:0-3217 contig_357:0-2823 contig_358:0-2195 contig_359:0-2423 contig_36:0-2246 contig_360:0-2348 contig_361:0-2422 contig_362:0-2409 contig_363:0-2596 contig_364:0-2299 contig_365:0-3303 contig_366:0-3226 contig_367:0-2674 contig_368:0-2479 contig_369:0-3334 contig_37:0-2217 contig_370:0-2989 contig_371:0-3488 contig_372:0-2204 contig_373:0-3086 contig_374:0-4724 contig_375:0-3024 contig_376:0-2570 contig_377:0-2688 contig_378:0-4390 contig_379:0-2258 contig_38:0-2249 contig_380:0-2352 contig_381:0-3147 contig_382:0-2816 contig_383:0-2611 contig_384:0-2216 contig_385:0-2653 contig_386:0-2498 contig_387:0-2704 contig_388:0-2448 contig_389:0-2594 contig_39:0-4491 contig_390:0-3019 contig_391:0-2327 contig_392:0-2452 contig_393:0-2579 contig_394:0-2554 contig_395:0-2810 contig_396:0-2452 contig_397:0-5758 contig_398:0-2208 contig_399:0-2911 contig_4:0-2240 contig_40:0-2510 contig_400:0-2617 contig_401:0-2609 contig_402:0-2767 contig_403:0-2266 contig_404:0-2226 contig_405:0-4619 contig_406:0-6922 contig_407:0-2314 contig_408:0-2555 contig_409:0-2418 contig_41:0-2700 contig_410:0-3306 contig_411:0-2748 contig_412:0-2240 contig_413:0-3315 contig_414:0-2447 contig_415:0-2828 contig_416:0-3856 contig_417:0-2264 contig_418:0-2461 contig_419:0-2525 contig_42:0-2813 contig_420:0-2810 contig_421:0-2681 contig_422:0-2823 contig_423:0-2600 contig_424:0-2410 contig_425:0-2464 contig_426:0-2288 contig_427:0-2251 contig_428:0-6683 contig_429:0-2334 contig_43:0-2369 contig_430:0-3348 contig_431:0-4759 contig_432:0-2403 contig_433:0-4861 contig_434:0-2471 contig_435:0-2454 contig_436:0-3440 contig_437:0-2490 contig_438:0-4533 contig_439:0-4932 contig_44:0-2245 contig_440:0-2315 contig_441:0-2738 contig_442:0-2716 contig_443:0-2268 contig_444:0-2235 contig_445:0-2758 contig_446:0-2815 contig_447:0-2432 contig_448:0-2719 contig_449:0-2361 contig_45:0-3818 contig_450:0-2254 contig_451:0-2883 contig_452:0-2272 contig_453:0-4206 contig_454:0-2242 contig_455:0-2441 contig_456:0-2208 contig_457:0-2279 contig_458:0-2290 contig_459:0-2442 contig_46:0-2250 contig_460:0-5065 contig_461:0-2464 contig_462:0-2331 contig_463:0-2224 contig_464:0-4152 contig_465:0-2359 contig_466:0-5478 contig_467:0-4713 contig_468:0-3782 contig_469:0-6301 contig_47:0-1737 contig_470:0-2774 contig_471:0-2542 contig_472:0-3577 contig_473:0-2667 contig_474:0-4511 contig_475:0-4130 contig_476:0-3813 contig_477:0-2339 contig_478:0-4127 contig_479:0-2281 contig_48:0-2284 contig_480:0-5456 contig_481:0-4477 contig_482:0-2477 contig_483:0-4484 contig_484:0-2287 contig_485:0-4053 contig_486:0-2526 contig_487:0-6887 contig_488:0-7651 contig_489:0-5336 contig_49:0-2266 contig_490:0-8190 contig_491:0-4052 contig_492:0-8208 contig_493:0-3450 contig_494:0-11939 contig_495:0-5845 contig_496:0-4589 contig_497:0-9539 contig_498:0-3687 contig_499:0-2417 contig_5:0-2346 contig_50:0-2470 contig_500:0-5612 contig_501:0-3765 contig_502:0-5893 contig_503:0-3652 contig_504:0-6349 contig_505:0-4165 contig_506:0-5957 contig_507:0-3869 contig_508:0-3910 contig_509:0-4290 contig_51:0-1837 contig_510:0-9974 contig_511:0-3979 contig_512:0-2305 contig_513:0-2203 contig_514:0-4694 contig_515:0-3882 contig_516:0-2351 contig_517:0-6687 contig_518:0-4458 contig_519:0-6665 contig_52:0-2397 contig_53:0-2376 contig_54:0-2732 contig_55:0-2280 contig_56:0-2220 contig_57:0-2561 contig_58:0-2440 contig_59:0-4577 contig_6:0-2774 contig_60:0-2232 contig_61:0-2113 contig_62:0-4476 contig_63:0-3551 contig_64:0-2929 contig_65:0-4272 contig_66:0-3889 contig_67:0-2622 contig_68:0-4470 contig_69:0-2345 contig_7:0-2839 contig_70:0-2409 contig_71:0-3745 contig_72:0-2283 contig_73:0-6609 contig_74:0-2323 contig_75:0-2259 contig_76:0-2759 contig_77:0-2208 contig_78:0-2618 contig_79:0-7018 contig_8:0-2014 contig_80:0-2761 contig_81:0-2530 contig_82:0-2616 contig_83:0-2315 contig_84:0-2545 contig_85:0-4251 contig_86:0-5547 contig_87:0-4641 contig_88:0-7184 contig_89:0-2861 contig_9:0-3237 contig_90:0-2366 contig_91:0-3336 contig_92:0-2547 contig_93:0-2378 contig_94:0-3243 contig_95:0-2300 contig_96:0-6466 contig_97:0-2272 contig_98:0-2324 contig_99:0-2242
[11:02:09 - Predict] Using model: /data/djs217/miniconda3/lib/python3.12/site-packages/hybracter/workflow/conda/f3634b33ec8fb5711a0153c480705631_/lib/python3.11/site-packages/medaka/data/r1041_e82_400bps_sup_v5.0.0_model_pt.tar.gz.
[11:02:09 - Predict] Using minimum mapQ threshold of 1 for read filtering.
[11:02:09 - MdlStrTGZ] Model GRUModel(
  (gru): GRU(10, 128, num_layers=2, batch_first=True, bidirectional=True)
  (linear): Linear(in_features=256, out_features=5, bias=True)
)
[11:02:09 - MdlStrTGZ] loading weights from /tmp/tmpimp878wj/model/weights.pt
[11:02:09 - MdlStrTGZ] Successfully removed temporary files from /tmp/tmpimp878wj.
[11:02:09 - Predict] Model device: cpu
[11:02:09 - Predict] Running prediction at full precision
[11:02:09 - BAMFile] Creating pool of 16 BAM file sets.
[11:02:09 - Predict] Processing 1 long region(s) with batching.
[11:02:09 - Sampler] Initializing sampler for consensus of region contig_494:0-11939.
[11:02:09 - PWorker] Running inference for 0.0M draft bases.
[11:02:09 - Feature] Processed contig_494:0.0-11938.0 (median depth 24.0)
[11:02:09 - Sampler] Took 0.22s to make features.
[11:02:11 - PWorker] Processed 1 batches
[11:02:11 - PWorker] All done, 0 remainder regions.
[11:02:11 - Predict] Processing 518 short region(s).
[11:02:11 - Sampler] Initializing sampler for consensus of region contig_1:0-1700.
[11:02:11 - Sampler] Initializing sampler for consensus of region contig_10:0-2634.
[11:02:11 - PWorker] Running inference for 1.6M draft bases.
[11:02:11 - Feature] Processed contig_1:0.0-1699.0 (median depth 14.0)
[11:02:11 - Sampler] Took 0.09s to make features.
[11:02:11 - Sampler] Initializing sampler for consensus of region contig_100:0-2332.
[11:02:11 - Feature] Processed contig_10:0.0-2633.0 (median depth 6.0)
[11:02:11 - Sampler] Took 0.13s to make features.
[11:02:11 - Sampler] Initializing sampler for consensus of region contig_101:0-2499.
[11:02:11 - Feature] Processed contig_100:0.0-2331.0 (median depth 27.0)
[11:02:11 - Sampler] Took 0.09s to make features.
[11:02:11 - Sampler] Initializing sampler for consensus of region contig_102:0-2342.
[11:02:11 - Feature] Processed contig_102:0.0-2341.0 (median depth 7.0)
[11:02:11 - Sampler] Took 0.06s to make features.
[11:02:11 - Sampler] Initializing sampler for consensus of region contig_103:0-4401.
[11:02:11 - Feature] Processed contig_101:0.0-2498.0 (median depth 23.0)
[11:02:11 - Sampler] Took 0.14s to make features.
[11:02:11 - Sampler] Initializing sampler for consensus of region contig_104:0-2493.
[11:02:11 - Feature] Processed contig_104:0.0-2492.0 (median depth 9.0)
[11:02:11 - Sampler] Took 0.06s to make features.
[11:02:11 - Feature] Processed contig_103:0.0-4400.0 (median depth 18.0)
[11:02:11 - Sampler] Initializing sampler for consensus of region contig_105:0-2372.
[11:02:11 - Sampler] Took 0.09s to make features.
[11:02:11 - Sampler] Initializing sampler for consensus of region contig_106:0-3456.
[11:02:11 - Feature] Processed contig_105:0.0-2371.0 (median depth 19.0)
[11:02:11 - Sampler] Took 0.11s to make features.
[11:02:11 - Sampler] Initializing sampler for consensus of region contig_107:0-2313.
[11:02:11 - Feature] Processed contig_106:0.0-3455.0 (median depth 12.0)
[11:02:11 - Sampler] Took 0.16s to make features.
[11:02:11 - Sampler] Initializing sampler for consensus of region contig_108:0-3760.
[11:02:11 - Feature] Processed contig_107:0.0-2312.0 (median depth 8.0)
[11:02:11 - Sampler] Took 0.11s to make features.
[11:02:11 - Sampler] Initializing sampler for consensus of region contig_109:0-3187.
[11:02:11 - Feature] Processed contig_108:0.0-3759.0 (median depth 16.0)
[11:02:11 - Sampler] Took 0.08s to make features.
[11:02:11 - Sampler] Initializing sampler for consensus of region contig_11:0-6414.
[11:02:11 - Feature] Processed contig_109:0.0-3186.0 (median depth 5.0)
[11:02:11 - Sampler] Took 0.06s to make features.
[11:02:11 - Sampler] Initializing sampler for consensus of region contig_110:0-2567.
[11:02:11 - Feature] Processed contig_110:0.0-2566.0 (median depth 26.0)
[11:02:11 - Sampler] Took 0.01s to make features.
[11:02:11 - Sampler] Initializing sampler for consensus of region contig_111:0-2617.
[11:02:11 - Feature] Processed contig_111:0.0-2616.0 (median depth 21.0)
[11:02:11 - Sampler] Took 0.01s to make features.
[11:02:11 - Sampler] Initializing sampler for consensus of region contig_112:0-2248.
[11:02:11 - Feature] Processed contig_11:0.0-6413.0 (median depth 32.0)
[11:02:11 - Sampler] Took 0.02s to make features.
[11:02:11 - Sampler] Initializing sampler for consensus of region contig_113:0-3338.
[11:02:11 - Feature] Processed contig_112:0.0-2247.0 (median depth 5.0)
[11:02:11 - Sampler] Took 0.00s to make features.
[11:02:11 - Sampler] Initializing sampler for consensus of region contig_114:0-2218.
[11:02:11 - Feature] Processed contig_113:0.0-3337.0 (median depth 11.0)
[11:02:11 - Sampler] Took 0.01s to make features.
[11:02:11 - Sampler] Initializing sampler for consensus of region contig_115:0-5826.
[11:02:11 - Feature] Processed contig_114:0.0-2217.0 (median depth 12.0)
[11:02:11 - Sampler] Took 0.01s to make features.
[11:02:11 - Sampler] Initializing sampler for consensus of region contig_116:0-2653.
[11:02:11 - Feature] Processed contig_116:0.0-2652.0 (median depth 4.0)
[11:02:11 - Sampler] Took 0.00s to make features.
[11:02:11 - Sampler] Initializing sampler for consensus of region contig_117:0-4774.
[11:02:11 - Feature] Processed contig_115:0.0-5825.0 (median depth 10.0)
[11:02:11 - Sampler] Took 0.01s to make features.
[11:02:11 - Feature] Processed contig_117:0.0-4773.0 (median depth 14.0)
[11:02:11 - Sampler] Took 0.01s to make features.
[11:02:11 - Sampler] Initializing sampler for consensus of region contig_118:0-3005.
[11:02:11 - Feature] Processed contig_118:0.0-3004.0 (median depth 11.0)
[11:02:11 - Sampler] Took 0.01s to make features.
[11:02:12 - Sampler] Initializing sampler for consensus of region contig_119:0-3273.
[11:02:12 - Feature] Processed contig_119:0.0-3272.0 (median depth 31.0)
[11:02:12 - Sampler] Took 0.01s to make features.
[11:02:12 - Sampler] Initializing sampler for consensus of region contig_12:0-2400.
[11:02:12 - Feature] Processed contig_12:0.0-2399.0 (median depth 27.0)
[11:02:12 - Sampler] Took 0.01s to make features.
[11:02:12 - Sampler] Initializing sampler for consensus of region contig_120:0-3909.
[11:02:12 - Feature] Processed contig_120:0.0-3908.0 (median depth 8.0)
[11:02:12 - Sampler] Took 0.01s to make features.
[11:02:13 - Sampler] Initializing sampler for consensus of region contig_121:0-2217.
[11:02:13 - Feature] Processed contig_121:0.0-2216.0 (median depth 10.0)
[11:02:13 - Sampler] Took 0.01s to make features.
[11:02:13 - Sampler] Initializing sampler for consensus of region contig_122:0-2972.
[11:02:13 - Feature] Processed contig_122:0.0-2971.0 (median depth 12.0)
[11:02:13 - Sampler] Took 0.01s to make features.
[11:02:13 - Sampler] Initializing sampler for consensus of region contig_123:0-2247.
[11:02:13 - Feature] Processed contig_123:0.0-2246.0 (median depth 8.0)
[11:02:13 - Sampler] Took 0.01s to make features.
[11:02:14 - Sampler] Initializing sampler for consensus of region contig_124:0-2275.
[11:02:14 - Feature] Processed contig_124:0.0-2274.0 (median depth 12.0)
[11:02:14 - Sampler] Took 0.01s to make features.
[11:02:14 - Sampler] Initializing sampler for consensus of region contig_125:0-2535.
[11:02:14 - Feature] Processed contig_125:0.0-2534.0 (median depth 5.0)
[11:02:14 - Sampler] Took 0.01s to make features.
[11:02:14 - Sampler] Initializing sampler for consensus of region contig_126:0-2684.
[11:02:14 - Feature] Processed contig_126:0.0-2683.0 (median depth 4.0)
[11:02:14 - Sampler] Took 0.01s to make features.
[11:02:15 - Sampler] Initializing sampler for consensus of region contig_127:0-2277.
[11:02:15 - Feature] Processed contig_127:0.0-2276.0 (median depth 18.0)
[11:02:15 - Sampler] Took 0.01s to make features.
[11:02:15 - Sampler] Initializing sampler for consensus of region contig_128:0-2316.
[11:02:15 - Feature] Processed contig_128:0.0-2315.0 (median depth 6.0)
[11:02:15 - Sampler] Took 0.01s to make features.
[11:02:15 - Sampler] Initializing sampler for consensus of region contig_129:0-2369.
[11:02:15 - Feature] Processed contig_129:0.0-2368.0 (median depth 13.0)
[11:02:15 - Sampler] Took 0.01s to make features.
[11:02:16 - PWorker] Batches in cache: 8.
[11:02:16 - Sampler] Initializing sampler for consensus of region contig_13:0-2419.
[11:02:16 - Feature] Processed contig_13:0.0-2418.0 (median depth 4.0)
[11:02:16 - Sampler] Took 0.01s to make features.
[11:02:16 - Sampler] Initializing sampler for consensus of region contig_130:0-3887.
[11:02:16 - Feature] Processed contig_130:0.0-3886.0 (median depth 13.0)
[11:02:16 - Sampler] Took 0.01s to make features.
[11:02:16 - Sampler] Initializing sampler for consensus of region contig_131:0-2355.
[11:02:16 - Feature] Processed contig_131:0.0-2354.0 (median depth 15.0)
[11:02:16 - Sampler] Took 0.01s to make features.
[11:02:16 - Sampler] Initializing sampler for consensus of region contig_132:0-3882.
[11:02:17 - Feature] Processed contig_132:0.0-3881.0 (median depth 16.0)
[11:02:17 - Sampler] Took 0.01s to make features.
[11:02:17 - Sampler] Initializing sampler for consensus of region contig_133:0-2418.
[11:02:17 - Feature] Processed contig_133:0.0-2417.0 (median depth 8.0)
[11:02:17 - Sampler] Took 0.01s to make features.
[11:02:17 - Sampler] Initializing sampler for consensus of region contig_134:0-2361.
[11:02:17 - Feature] Processed contig_134:0.0-2360.0 (median depth 12.0)
[11:02:17 - Sampler] Took 0.01s to make features.
[11:02:18 - Sampler] Initializing sampler for consensus of region contig_135:0-3377.
[11:02:18 - Feature] Processed contig_135:0.0-3376.0 (median depth 11.0)
[11:02:18 - Sampler] Took 0.01s to make features.
[11:02:18 - Sampler] Initializing sampler for consensus of region contig_136:0-6040.
[11:02:18 - Feature] Processed contig_136:0.0-6039.0 (median depth 8.0)
[11:02:18 - Sampler] Took 0.01s to make features.
[11:02:18 - Sampler] Initializing sampler for consensus of region contig_137:0-2451.
[11:02:18 - Feature] Processed contig_137:0.0-2450.0 (median depth 23.0)
[11:02:18 - Sampler] Took 0.01s to make features.
[11:02:18 - Sampler] Initializing sampler for consensus of region contig_138:0-2690.
[11:02:18 - Feature] Processed contig_138:0.0-2689.0 (median depth 24.0)
[11:02:18 - Sampler] Took 0.01s to make features.
[11:02:19 - Sampler] Initializing sampler for consensus of region contig_139:0-3122.
[11:02:19 - Feature] Processed contig_139:0.0-3121.0 (median depth 14.0)
[11:02:19 - Sampler] Took 0.01s to make features.
[11:02:19 - Sampler] Initializing sampler for consensus of region contig_14:0-2223.
[11:02:19 - Feature] Processed contig_14:0.0-2222.0 (median depth 9.0)
[11:02:19 - Sampler] Took 0.01s to make features.
[11:02:19 - Sampler] Initializing sampler for consensus of region contig_140:0-2480.
[11:02:19 - Feature] Processed contig_140:0.0-2479.0 (median depth 7.0)
[11:02:19 - Sampler] Took 0.00s to make features.
[11:02:19 - Sampler] Initializing sampler for consensus of region contig_141:0-2414.
[11:02:19 - Feature] Processed contig_141:0.0-2413.0 (median depth 10.0)
[11:02:19 - Sampler] Took 0.01s to make features.
[11:02:20 - Sampler] Initializing sampler for consensus of region contig_142:0-2402.
[11:02:20 - Feature] Processed contig_142:0.0-2401.0 (median depth 20.0)
[11:02:20 - Sampler] Took 0.01s to make features.
[11:02:20 - Sampler] Initializing sampler for consensus of region contig_143:0-2818.
[11:02:20 - Feature] Processed contig_143:0.0-2817.0 (median depth 13.0)
[11:02:20 - Sampler] Took 0.01s to make features.
[11:02:20 - Sampler] Initializing sampler for consensus of region contig_144:0-2341.
[11:02:20 - Feature] Processed contig_144:0.0-2340.0 (median depth 16.0)
[11:02:20 - Sampler] Took 0.01s to make features.
[11:02:20 - Sampler] Initializing sampler for consensus of region contig_145:0-5192.
[11:02:20 - Feature] Processed contig_145:0.0-5191.0 (median depth 31.0)
[11:02:20 - Sampler] Took 0.02s to make features.
[11:02:20 - Sampler] Initializing sampler for consensus of region contig_146:0-2549.
[11:02:20 - Feature] Processed contig_146:0.0-2548.0 (median depth 16.0)
[11:02:20 - Sampler] Took 0.01s to make features.
[11:02:21 - Sampler] Initializing sampler for consensus of region contig_147:0-2505.
[11:02:21 - Feature] Processed contig_147:0.0-2504.0 (median depth 10.0)
[11:02:21 - Sampler] Took 0.01s to make features.
[11:02:21 - PWorker] Batches in cache: 8.
[11:02:21 - PWorker] 4.3% Done (0.1/1.6 Mbases) in 10.2s
[11:02:21 - Sampler] Initializing sampler for consensus of region contig_148:0-2219.
[11:02:21 - Feature] Processed contig_148:0.0-2218.0 (median depth 19.0)
[11:02:21 - Sampler] Took 0.01s to make features.
[11:02:21 - Sampler] Initializing sampler for consensus of region contig_149:0-2225.
[11:02:21 - Feature] Processed contig_149:0.0-2224.0 (median depth 9.0)
[11:02:21 - Sampler] Took 0.01s to make features.
[11:02:21 - Sampler] Initializing sampler for consensus of region contig_15:0-2573.
[11:02:21 - Feature] Processed contig_15:0.0-2572.0 (median depth 6.0)
[11:02:21 - Sampler] Took 0.01s to make features.
[11:02:22 - Sampler] Initializing sampler for consensus of region contig_150:0-2316.
[11:02:22 - Feature] Processed contig_150:0.0-2315.0 (median depth 17.0)
[11:02:22 - Sampler] Took 0.01s to make features.
[11:02:22 - Sampler] Initializing sampler for consensus of region contig_151:0-3970.
[11:02:22 - Feature] Processed contig_151:0.0-3969.0 (median depth 25.0)
[11:02:22 - Sampler] Took 0.01s to make features.
[11:02:22 - Sampler] Initializing sampler for consensus of region contig_152:0-4185.
[11:02:22 - Feature] Processed contig_152:0.0-4184.0 (median depth 15.0)
[11:02:22 - Sampler] Took 0.01s to make features.
[11:02:23 - Sampler] Initializing sampler for consensus of region contig_153:0-3101.
[11:02:23 - Feature] Processed contig_153:0.0-3100.0 (median depth 8.0)
[11:02:23 - Sampler] Took 0.01s to make features.
[11:02:23 - Sampler] Initializing sampler for consensus of region contig_154:0-2252.
[11:02:23 - Feature] Processed contig_154:0.0-2251.0 (median depth 7.0)
[11:02:23 - Sampler] Took 0.00s to make features.
[11:02:23 - Sampler] Initializing sampler for consensus of region contig_155:0-2783.
[11:02:23 - Feature] Processed contig_155:0.0-2782.0 (median depth 14.0)
[11:02:23 - Sampler] Took 0.01s to make features.
[11:02:24 - Sampler] Initializing sampler for consensus of region contig_156:0-2255.
[11:02:24 - Feature] Processed contig_156:0.0-2254.0 (median depth 16.0)
[11:02:24 - Sampler] Took 0.01s to make features.
[11:02:24 - Sampler] Initializing sampler for consensus of region contig_157:0-2519.
[11:02:24 - Feature] Processed contig_157:0.0-2518.0 (median depth 6.0)
[11:02:24 - Sampler] Took 0.01s to make features.
[11:02:24 - Sampler] Initializing sampler for consensus of region contig_158:0-3008.
[11:02:24 - Feature] Processed contig_158:0.0-3007.0 (median depth 20.0)
[11:02:24 - Sampler] Took 0.01s to make features.
[11:02:24 - Sampler] Initializing sampler for consensus of region contig_159:0-2555.
[11:02:24 - Feature] Processed contig_159:0.0-2554.0 (median depth 5.0)
[11:02:24 - Sampler] Took 0.01s to make features.
[11:02:24 - Sampler] Initializing sampler for consensus of region contig_16:0-2389.
[11:02:24 - Feature] Processed contig_16:0.0-2388.0 (median depth 13.0)
[11:02:24 - Sampler] Took 0.01s to make features.
[11:02:25 - Sampler] Initializing sampler for consensus of region contig_160:0-5630.
[11:02:25 - Feature] Processed contig_160:0.0-5629.0 (median depth 24.0)
[11:02:25 - Sampler] Took 0.02s to make features.
[11:02:25 - Sampler] Initializing sampler for consensus of region contig_161:0-2413.
[11:02:25 - Feature] Processed contig_161:0.0-2412.0 (median depth 7.0)
[11:02:25 - Sampler] Took 0.01s to make features.
[11:02:25 - Sampler] Initializing sampler for consensus of region contig_162:0-2352.
[11:02:25 - Feature] Processed contig_162:0.0-2351.0 (median depth 16.0)
[11:02:25 - Sampler] Took 0.01s to make features.
[11:02:26 - Sampler] Initializing sampler for consensus of region contig_163:0-3018.
[11:02:26 - Feature] Processed contig_163:0.0-3017.0 (median depth 15.0)
[11:02:26 - Sampler] Took 0.01s to make features.
[11:02:26 - Sampler] Initializing sampler for consensus of region contig_164:0-2448.
[11:02:26 - Feature] Processed contig_164:0.0-2447.0 (median depth 8.0)
[11:02:26 - Sampler] Took 0.01s to make features.
[11:02:26 - PWorker] Batches in cache: 8.
[11:02:26 - Sampler] Initializing sampler for consensus of region contig_165:0-2207.
[11:02:26 - Feature] Processed contig_165:0.0-2206.0 (median depth 11.0)
[11:02:26 - Sampler] Took 0.01s to make features.
[11:02:26 - Sampler] Initializing sampler for consensus of region contig_166:0-3511.
[11:02:26 - Feature] Processed contig_166:0.0-3510.0 (median depth 15.0)
[11:02:26 - Sampler] Took 0.01s to make features.
[11:02:26 - Sampler] Initializing sampler for consensus of region contig_167:0-2281.
[11:02:26 - Feature] Processed contig_167:0.0-2280.0 (median depth 10.0)
[11:02:26 - Sampler] Took 0.01s to make features.
[11:02:27 - Sampler] Initializing sampler for consensus of region contig_168:0-2201.
[11:02:27 - Feature] Processed contig_168:0.0-2200.0 (median depth 6.0)
[11:02:27 - Sampler] Took 0.00s to make features.
[11:02:27 - Sampler] Initializing sampler for consensus of region contig_169:0-3019.
[11:02:27 - Feature] Processed contig_169:0.0-3018.0 (median depth 6.0)
[11:02:27 - Sampler] Took 0.01s to make features.
[11:02:27 - Sampler] Initializing sampler for consensus of region contig_17:0-3264.
[11:02:27 - Feature] Processed contig_17:0.0-3263.0 (median depth 16.0)
[11:02:27 - Sampler] Took 0.01s to make features.
[11:02:28 - Sampler] Initializing sampler for consensus of region contig_170:0-2472.
[11:02:28 - Feature] Processed contig_170:0.0-2471.0 (median depth 9.0)
[11:02:28 - Sampler] Took 0.01s to make features.
[11:02:28 - Sampler] Initializing sampler for consensus of region contig_171:0-2707.
[11:02:28 - Feature] Processed contig_171:0.0-2706.0 (median depth 14.0)
[11:02:28 - Sampler] Took 0.01s to make features.
[11:02:28 - Sampler] Initializing sampler for consensus of region contig_172:0-2203.
[11:02:28 - Feature] Processed contig_172:0.0-2202.0 (median depth 7.0)
[11:02:28 - Sampler] Took 0.00s to make features.
[11:02:28 - Sampler] Initializing sampler for consensus of region contig_173:0-2377.
[11:02:28 - Feature] Processed contig_173:0.0-2376.0 (median depth 16.0)
[11:02:28 - Sampler] Took 0.01s to make features.
[11:02:29 - Sampler] Initializing sampler for consensus of region contig_174:0-2624.
[11:02:29 - Feature] Processed contig_174:0.0-2623.0 (median depth 15.0)
[11:02:29 - Sampler] Took 0.01s to make features.
[11:02:29 - Sampler] Initializing sampler for consensus of region contig_175:0-3860.
[11:02:29 - Feature] Processed contig_175:0.0-3859.0 (median depth 18.0)
[11:02:29 - Sampler] Took 0.01s to make features.
[11:02:29 - Sampler] Initializing sampler for consensus of region contig_176:0-2230.
[11:02:29 - Feature] Processed contig_176:0.0-2229.0 (median depth 8.0)
[11:02:29 - Sampler] Took 0.01s to make features.
[11:02:29 - Sampler] Initializing sampler for consensus of region contig_177:0-2242.
[11:02:29 - Feature] Processed contig_177:0.0-2241.0 (median depth 15.0)
[11:02:29 - Sampler] Took 0.01s to make features.
[11:02:29 - Sampler] Initializing sampler for consensus of region contig_178:0-6080.
[11:02:29 - Feature] Processed contig_178:0.0-6079.0 (median depth 13.0)
[11:02:29 - Sampler] Took 0.01s to make features.
[11:02:30 - Sampler] Initializing sampler for consensus of region contig_179:0-2253.
[11:02:30 - Feature] Processed contig_179:0.0-2252.0 (median depth 21.0)
[11:02:30 - Sampler] Took 0.01s to make features.
[11:02:30 - Sampler] Initializing sampler for consensus of region contig_18:0-5180.
[11:02:30 - Feature] Processed contig_18:0.0-5179.0 (median depth 18.0)
[11:02:30 - Sampler] Took 0.01s to make features.
[11:02:30 - Sampler] Initializing sampler for consensus of region contig_180:0-2305.
[11:02:30 - Feature] Processed contig_180:0.0-2304.0 (median depth 24.0)
[11:02:30 - Sampler] Took 0.01s to make features.
[11:02:31 - Sampler] Initializing sampler for consensus of region contig_181:0-2574.
[11:02:31 - Feature] Processed contig_181:0.0-2573.0 (median depth 14.0)
[11:02:31 - Sampler] Took 0.01s to make features.
[11:02:31 - Sampler] Initializing sampler for consensus of region contig_182:0-2759.
[11:02:31 - Feature] Processed contig_182:0.0-2758.0 (median depth 13.0)
[11:02:31 - Sampler] Took 0.01s to make features.
[11:02:31 - PWorker] 9.0% Done (0.1/1.6 Mbases) in 20.3s
[11:02:31 - Sampler] Initializing sampler for consensus of region contig_183:0-3154.
[11:02:31 - Feature] Processed contig_183:0.0-3153.0 (median depth 13.0)
[11:02:31 - Sampler] Took 0.01s to make features.
[11:02:31 - PWorker] Batches in cache: 8.
[11:02:31 - Sampler] Initializing sampler for consensus of region contig_184:0-2320.
[11:02:31 - Feature] Processed contig_184:0.0-2319.0 (median depth 13.0)
[11:02:31 - Sampler] Took 0.01s to make features.
[11:02:32 - Sampler] Initializing sampler for consensus of region contig_185:0-2251.
[11:02:32 - Feature] Processed contig_185:0.0-2250.0 (median depth 7.0)
[11:02:32 - Sampler] Took 0.01s to make features.
[11:02:32 - Sampler] Initializing sampler for consensus of region contig_186:0-2558.
[11:02:32 - Feature] Processed contig_186:0.0-2557.0 (median depth 43.0)
[11:02:32 - Sampler] Took 0.01s to make features.
[11:02:32 - Sampler] Initializing sampler for consensus of region contig_187:0-4995.
[11:02:32 - Feature] Processed contig_187:0.0-4994.0 (median depth 6.0)
[11:02:32 - Sampler] Took 0.01s to make features.
[11:02:32 - Sampler] Initializing sampler for consensus of region contig_188:0-2250.
[11:02:32 - Feature] Processed contig_188:0.0-2249.0 (median depth 20.0)
[11:02:32 - Sampler] Took 0.01s to make features.
[11:02:33 - Sampler] Initializing sampler for consensus of region contig_189:0-2736.
[11:02:33 - Feature] Processed contig_189:0.0-2735.0 (median depth 13.0)
[11:02:33 - Sampler] Took 0.01s to make features.
[11:02:33 - Sampler] Initializing sampler for consensus of region contig_19:0-3427.
[11:02:33 - Feature] Processed contig_19:0.0-3426.0 (median depth 13.0)
[11:02:33 - Sampler] Took 0.01s to make features.
[11:02:33 - Sampler] Initializing sampler for consensus of region contig_190:0-2331.
[11:02:33 - Feature] Processed contig_190:0.0-2330.0 (median depth 18.0)
[11:02:33 - Sampler] Took 0.01s to make features.
[11:02:33 - Sampler] Initializing sampler for consensus of region contig_191:0-2656.
[11:02:33 - Feature] Processed contig_191:0.0-2655.0 (median depth 5.0)
[11:02:33 - Sampler] Took 0.01s to make features.
[11:02:33 - Sampler] Initializing sampler for consensus of region contig_192:0-2334.
[11:02:33 - Feature] Processed contig_192:0.0-2333.0 (median depth 28.0)
[11:02:33 - Sampler] Took 0.01s to make features.
[11:02:34 - Sampler] Initializing sampler for consensus of region contig_193:0-3555.
[11:02:34 - Feature] Processed contig_193:0.0-3554.0 (median depth 6.0)
[11:02:34 - Sampler] Took 0.01s to make features.
[11:02:34 - Sampler] Initializing sampler for consensus of region contig_194:0-2994.
[11:02:34 - Feature] Processed contig_194:0.0-2993.0 (median depth 7.0)
[11:02:34 - Sampler] Took 0.01s to make features.
[11:02:34 - Sampler] Initializing sampler for consensus of region contig_195:0-2694.
[11:02:34 - Feature] Processed contig_195:0.0-2693.0 (median depth 14.0)
[11:02:34 - Sampler] Took 0.01s to make features.
[11:02:35 - Sampler] Initializing sampler for consensus of region contig_196:0-2492.
[11:02:35 - Feature] Processed contig_196:0.0-2491.0 (median depth 21.0)
[11:02:35 - Sampler] Took 0.01s to make features.
[11:02:35 - Sampler] Initializing sampler for consensus of region contig_197:0-4328.
[11:02:35 - Feature] Processed contig_197:0.0-4327.0 (median depth 21.0)
[11:02:35 - Sampler] Took 0.01s to make features.
[11:02:35 - Sampler] Initializing sampler for consensus of region contig_198:0-2283.
[11:02:35 - Feature] Processed contig_198:0.0-2282.0 (median depth 10.0)
[11:02:35 - Sampler] Took 0.01s to make features.
[11:02:36 - Sampler] Initializing sampler for consensus of region contig_199:0-4898.
[11:02:36 - Feature] Processed contig_199:0.0-4897.0 (median depth 20.0)
[11:02:36 - Sampler] Took 0.01s to make features.
[11:02:36 - Sampler] Initializing sampler for consensus of region contig_2:0-1489.
[11:02:36 - Feature] Processed contig_2:0.0-1488.0 (median depth 25.0)
[11:02:36 - Sampler] Took 0.01s to make features.
[11:02:36 - Sampler] Initializing sampler for consensus of region contig_20:0-3387.
[11:02:36 - Feature] Processed contig_20:0.0-3386.0 (median depth 10.0)
[11:02:36 - Sampler] Took 0.01s to make features.
[11:02:36 - Sampler] Initializing sampler for consensus of region contig_200:0-2684.
[11:02:36 - Feature] Processed contig_200:0.0-2683.0 (median depth 9.0)
[11:02:36 - Sampler] Took 0.01s to make features.
[11:02:37 - PWorker] Batches in cache: 8.
[11:02:37 - Sampler] Initializing sampler for consensus of region contig_201:0-4285.
[11:02:37 - Feature] Processed contig_201:0.0-4284.0 (median depth 7.0)
[11:02:37 - Sampler] Took 0.01s to make features.
[11:02:37 - Sampler] Initializing sampler for consensus of region contig_202:0-2934.
[11:02:37 - Feature] Processed contig_202:0.0-2933.0 (median depth 12.0)
[11:02:37 - Sampler] Took 0.01s to make features.
[11:02:37 - Sampler] Initializing sampler for consensus of region contig_203:0-2342.
[11:02:37 - Feature] Processed contig_203:0.0-2341.0 (median depth 10.0)
[11:02:37 - Sampler] Took 0.01s to make features.
[11:02:37 - Sampler] Initializing sampler for consensus of region contig_204:0-2772.
[11:02:37 - Feature] Processed contig_204:0.0-2771.0 (median depth 21.0)
[11:02:37 - Sampler] Took 0.01s to make features.
[11:02:38 - Sampler] Initializing sampler for consensus of region contig_205:0-2612.
[11:02:38 - Feature] Processed contig_205:0.0-2611.0 (median depth 8.0)
[11:02:38 - Sampler] Took 0.01s to make features.
[11:02:38 - Sampler] Initializing sampler for consensus of region contig_206:0-2414.
[11:02:38 - Feature] Processed contig_206:0.0-2413.0 (median depth 10.0)
[11:02:38 - Sampler] Took 0.01s to make features.
[11:02:38 - Sampler] Initializing sampler for consensus of region contig_207:0-3258.
[11:02:38 - Feature] Processed contig_207:0.0-3257.0 (median depth 9.0)
[11:02:38 - Sampler] Took 0.01s to make features.
[11:02:38 - Sampler] Initializing sampler for consensus of region contig_208:0-2714.
[11:02:38 - Feature] Processed contig_208:0.0-2713.0 (median depth 22.0)
[11:02:38 - Sampler] Took 0.01s to make features.
[11:02:39 - Sampler] Initializing sampler for consensus of region contig_209:0-4484.
[11:02:39 - Feature] Processed contig_209:0.0-4483.0 (median depth 17.0)
[11:02:39 - Sampler] Took 0.01s to make features.
[11:02:39 - Sampler] Initializing sampler for consensus of region contig_21:0-3605.
[11:02:39 - Feature] Processed contig_21:0.0-3604.0 (median depth 27.0)
[11:02:39 - Sampler] Took 0.01s to make features.
[11:02:39 - Sampler] Initializing sampler for consensus of region contig_210:0-2305.
[11:02:39 - Feature] Processed contig_210:0.0-2304.0 (median depth 5.0)
[11:02:39 - Sampler] Took 0.00s to make features.
[11:02:39 - Sampler] Initializing sampler for consensus of region contig_211:0-2275.
[11:02:39 - Feature] Processed contig_211:0.0-2274.0 (median depth 20.0)
[11:02:39 - Sampler] Took 0.01s to make features.
[11:02:40 - Sampler] Initializing sampler for consensus of region contig_212:0-3873.
[11:02:40 - Feature] Processed contig_212:0.0-3872.0 (median depth 6.0)
[11:02:40 - Sampler] Took 0.01s to make features.
[11:02:40 - Sampler] Initializing sampler for consensus of region contig_213:0-2795.
[11:02:40 - Feature] Processed contig_213:0.0-2794.0 (median depth 9.0)
[11:02:40 - Sampler] Took 0.01s to make features.
[11:02:40 - Sampler] Initializing sampler for consensus of region contig_214:0-4083.
[11:02:40 - Feature] Processed contig_214:0.0-4082.0 (median depth 19.0)
[11:02:40 - Sampler] Took 0.01s to make features.
[11:02:40 - Sampler] Initializing sampler for consensus of region contig_215:0-3963.
[11:02:40 - Feature] Processed contig_215:0.0-3962.0 (median depth 14.0)
[11:02:40 - Sampler] Took 0.01s to make features.
[11:02:41 - Sampler] Initializing sampler for consensus of region contig_216:0-2342.
[11:02:41 - Feature] Processed contig_216:0.0-2341.0 (median depth 15.0)
[11:02:41 - Sampler] Took 0.01s to make features.
[11:02:41 - Sampler] Initializing sampler for consensus of region contig_217:0-2632.
[11:02:41 - Feature] Processed contig_217:0.0-2631.0 (median depth 18.0)
[11:02:41 - Sampler] Took 0.01s to make features.
[11:02:41 - PWorker] 13.8% Done (0.2/1.6 Mbases) in 30.6s
[11:02:41 - Sampler] Initializing sampler for consensus of region contig_218:0-2417.
[11:02:41 - Feature] Processed contig_218:0.0-2416.0 (median depth 7.0)
[11:02:41 - Sampler] Took 0.01s to make features.
[11:02:42 - PWorker] Batches in cache: 8.
[11:02:42 - Sampler] Initializing sampler for consensus of region contig_219:0-2535.
[11:02:42 - Feature] Processed contig_219:0.0-2534.0 (median depth 12.0)
[11:02:42 - Sampler] Took 0.01s to make features.
[11:02:42 - Sampler] Initializing sampler for consensus of region contig_22:0-2376.
[11:02:42 - Feature] Processed contig_22:0.0-2375.0 (median depth 9.0)
[11:02:42 - Sampler] Took 0.01s to make features.
[11:02:42 - Sampler] Initializing sampler for consensus of region contig_220:0-3424.
[11:02:42 - Feature] Processed contig_220:0.0-3423.0 (median depth 9.0)
[11:02:42 - Sampler] Took 0.01s to make features.
[11:02:42 - Sampler] Initializing sampler for consensus of region contig_221:0-2529.
[11:02:42 - Feature] Processed contig_221:0.0-2528.0 (median depth 22.0)
[11:02:42 - Sampler] Took 0.01s to make features.
[11:02:43 - Sampler] Initializing sampler for consensus of region contig_222:0-2449.
[11:02:43 - Feature] Processed contig_222:0.0-2448.0 (median depth 8.0)
[11:02:43 - Sampler] Took 0.01s to make features.
[11:02:43 - Sampler] Initializing sampler for consensus of region contig_223:0-2656.
[11:02:43 - Feature] Processed contig_223:0.0-2655.0 (median depth 10.0)
[11:02:43 - Sampler] Took 0.01s to make features.
[11:02:43 - Sampler] Initializing sampler for consensus of region contig_224:0-3088.
[11:02:43 - Feature] Processed contig_224:0.0-3087.0 (median depth 10.0)
[11:02:43 - Sampler] Took 0.01s to make features.
[11:02:43 - Sampler] Initializing sampler for consensus of region contig_225:0-2207.
[11:02:43 - Feature] Processed contig_225:0.0-2206.0 (median depth 12.0)
[11:02:43 - Sampler] Took 0.01s to make features.
[11:02:44 - Sampler] Initializing sampler for consensus of region contig_226:0-2399.
[11:02:44 - Feature] Processed contig_226:0.0-2398.0 (median depth 8.0)
[11:02:44 - Sampler] Took 0.01s to make features.
[11:02:44 - Sampler] Initializing sampler for consensus of region contig_227:0-2381.
[11:02:44 - Feature] Processed contig_227:0.0-2380.0 (median depth 11.0)
[11:02:44 - Sampler] Took 0.00s to make features.
[11:02:44 - Sampler] Initializing sampler for consensus of region contig_228:0-4713.
[11:02:44 - Feature] Processed contig_228:0.0-4712.0 (median depth 10.0)
[11:02:44 - Sampler] Took 0.01s to make features.
[11:02:45 - Sampler] Initializing sampler for consensus of region contig_229:0-3884.
[11:02:45 - Feature] Processed contig_229:0.0-3883.0 (median depth 20.0)
[11:02:45 - Sampler] Took 0.01s to make features.
[11:02:45 - Sampler] Initializing sampler for consensus of region contig_23:0-3137.
[11:02:45 - Feature] Processed contig_23:0.0-3136.0 (median depth 21.0)
[11:02:45 - Sampler] Took 0.01s to make features.
[11:02:45 - Sampler] Initializing sampler for consensus of region contig_230:0-2551.
[11:02:45 - Feature] Processed contig_230:0.0-2550.0 (median depth 21.0)
[11:02:45 - Sampler] Took 0.01s to make features.
[11:02:45 - Sampler] Initializing sampler for consensus of region contig_231:0-2315.
[11:02:45 - Feature] Processed contig_231:0.0-2314.0 (median depth 5.0)
[11:02:45 - Sampler] Took 0.01s to make features.
[11:02:46 - Sampler] Initializing sampler for consensus of region contig_232:0-2258.
[11:02:46 - Feature] Processed contig_232:0.0-2257.0 (median depth 11.0)
[11:02:46 - Sampler] Took 0.01s to make features.
[11:02:46 - Sampler] Initializing sampler for consensus of region contig_233:0-6093.
[11:02:46 - Feature] Processed contig_233:0.0-6092.0 (median depth 10.0)
[11:02:46 - Sampler] Took 0.01s to make features.
[11:02:46 - Sampler] Initializing sampler for consensus of region contig_234:0-3102.
[11:02:46 - Feature] Processed contig_234:0.0-3101.0 (median depth 18.0)
[11:02:46 - Sampler] Took 0.01s to make features.
[11:02:47 - Sampler] Initializing sampler for consensus of region contig_235:0-5398.
[11:02:47 - Feature] Processed contig_235:0.0-5397.0 (median depth 6.0)
[11:02:47 - Sampler] Took 0.01s to make features.
[11:02:47 - PWorker] Batches in cache: 8.
[11:02:47 - Sampler] Initializing sampler for consensus of region contig_236:0-2884.
[11:02:47 - Feature] Processed contig_236:0.0-2883.0 (median depth 11.0)
[11:02:47 - Sampler] Took 0.01s to make features.
[11:02:47 - Sampler] Initializing sampler for consensus of region contig_237:0-2417.
[11:02:47 - Feature] Processed contig_237:0.0-2416.0 (median depth 9.0)
[11:02:47 - Sampler] Took 0.01s to make features.
[11:02:47 - Sampler] Initializing sampler for consensus of region contig_238:0-4736.
[11:02:47 - Feature] Processed contig_238:0.0-4735.0 (median depth 6.0)
[11:02:47 - Sampler] Took 0.01s to make features.
[11:02:47 - Sampler] Initializing sampler for consensus of region contig_239:0-2201.
[11:02:47 - Feature] Processed contig_239:0.0-2200.0 (median depth 9.0)
[11:02:47 - Sampler] Took 0.01s to make features.
[11:02:48 - Sampler] Initializing sampler for consensus of region contig_24:0-2301.
[11:02:48 - Feature] Processed contig_24:0.0-2300.0 (median depth 7.0)
[11:02:48 - Sampler] Took 0.01s to make features.
[11:02:48 - Sampler] Initializing sampler for consensus of region contig_240:0-2338.
[11:02:48 - Feature] Processed contig_240:0.0-2337.0 (median depth 15.0)
[11:02:48 - Sampler] Took 0.01s to make features.
[11:02:48 - Sampler] Initializing sampler for consensus of region contig_241:0-2262.
[11:02:48 - Feature] Processed contig_241:0.0-2261.0 (median depth 14.0)
[11:02:48 - Sampler] Took 0.01s to make features.
[11:02:48 - Sampler] Initializing sampler for consensus of region contig_242:0-2249.
[11:02:48 - Feature] Processed contig_242:0.0-2248.0 (median depth 5.0)
[11:02:48 - Sampler] Took 0.01s to make features.
[11:02:49 - Sampler] Initializing sampler for consensus of region contig_243:0-2389.
[11:02:49 - Feature] Processed contig_243:0.0-2388.0 (median depth 17.0)
[11:02:49 - Sampler] Took 0.01s to make features.
[11:02:49 - Sampler] Initializing sampler for consensus of region contig_244:0-3179.
[11:02:49 - Feature] Processed contig_244:0.0-3178.0 (median depth 7.0)
[11:02:49 - Sampler] Took 0.01s to make features.
[11:02:49 - Sampler] Initializing sampler for consensus of region contig_245:0-5191.
[11:02:49 - Feature] Processed contig_245:0.0-5190.0 (median depth 25.0)
[11:02:49 - Sampler] Took 0.02s to make features.
[11:02:49 - Sampler] Initializing sampler for consensus of region contig_246:0-2396.
[11:02:49 - Feature] Processed contig_246:0.0-2395.0 (median depth 11.0)
[11:02:49 - Sampler] Took 0.01s to make features.
[11:02:50 - Sampler] Initializing sampler for consensus of region contig_247:0-2880.
[11:02:50 - Feature] Processed contig_247:0.0-2879.0 (median depth 13.0)
[11:02:50 - Sampler] Took 0.01s to make features.
[11:02:50 - Sampler] Initializing sampler for consensus of region contig_248:0-4121.
[11:02:50 - Feature] Processed contig_248:0.0-4120.0 (median depth 20.0)
[11:02:50 - Sampler] Took 0.01s to make features.
[11:02:50 - Sampler] Initializing sampler for consensus of region contig_249:0-3448.
[11:02:50 - Feature] Processed contig_249:0.0-3447.0 (median depth 6.0)
[11:02:50 - Sampler] Took 0.01s to make features.
[11:02:50 - Sampler] Initializing sampler for consensus of region contig_25:0-2611.
[11:02:51 - Feature] Processed contig_25:0.0-2610.0 (median depth 15.0)
[11:02:51 - Sampler] Took 0.01s to make features.
[11:02:51 - Sampler] Initializing sampler for consensus of region contig_250:0-2323.
[11:02:51 - Feature] Processed contig_250:0.0-2322.0 (median depth 6.0)
[11:02:51 - Sampler] Took 0.01s to make features.
[11:02:51 - Sampler] Initializing sampler for consensus of region contig_251:0-2770.
[11:02:51 - Feature] Processed contig_251:0.0-2769.0 (median depth 10.0)
[11:02:51 - Sampler] Took 0.01s to make features.
[11:02:52 - PWorker] 18.7% Done (0.3/1.6 Mbases) in 40.8s
[11:02:52 - Sampler] Initializing sampler for consensus of region contig_252:0-2334.
[11:02:52 - Feature] Processed contig_252:0.0-2333.0 (median depth 9.0)
[11:02:52 - Sampler] Took 0.01s to make features.
[11:02:52 - PWorker] Batches in cache: 8.
[11:02:52 - Sampler] Initializing sampler for consensus of region contig_253:0-2495.
[11:02:52 - Feature] Processed contig_253:0.0-2494.0 (median depth 6.0)
[11:02:52 - Sampler] Took 0.00s to make features.
[11:02:52 - Sampler] Initializing sampler for consensus of region contig_254:0-2349.
[11:02:52 - Feature] Processed contig_254:0.0-2348.0 (median depth 10.0)
[11:02:52 - Sampler] Took 0.01s to make features.
[11:02:52 - Sampler] Initializing sampler for consensus of region contig_255:0-6888.
[11:02:53 - Feature] Processed contig_255:0.0-6887.0 (median depth 208.0)
[11:02:53 - Sampler] Took 0.06s to make features.
[11:02:53 - Sampler] Initializing sampler for consensus of region contig_256:0-2666.
[11:02:53 - Feature] Processed contig_256:0.0-2665.0 (median depth 16.0)
[11:02:53 - Sampler] Took 0.01s to make features.
[11:02:53 - Sampler] Initializing sampler for consensus of region contig_257:0-2221.
[11:02:53 - Feature] Processed contig_257:0.0-2220.0 (median depth 10.0)
[11:02:53 - Sampler] Took 0.01s to make features.
[11:02:53 - Sampler] Initializing sampler for consensus of region contig_258:0-2652.
[11:02:53 - Feature] Processed contig_258:0.0-2651.0 (median depth 15.0)
[11:02:53 - Sampler] Took 0.01s to make features.
[11:02:53 - Sampler] Initializing sampler for consensus of region contig_259:0-5191.
[11:02:53 - Feature] Processed contig_259:0.0-5190.0 (median depth 11.0)
[11:02:53 - Sampler] Took 0.01s to make features.
[11:02:54 - Sampler] Initializing sampler for consensus of region contig_26:0-3879.
[11:02:54 - Feature] Processed contig_26:0.0-3878.0 (median depth 8.0)
[11:02:54 - Sampler] Took 0.01s to make features.
[11:02:54 - Sampler] Initializing sampler for consensus of region contig_260:0-2347.
[11:02:54 - Feature] Processed contig_260:0.0-2346.0 (median depth 11.0)
[11:02:54 - Sampler] Took 0.01s to make features.
[11:02:54 - Sampler] Initializing sampler for consensus of region contig_261:0-2409.
[11:02:54 - Feature] Processed contig_261:0.0-2408.0 (median depth 7.0)
[11:02:54 - Sampler] Took 0.01s to make features.
[11:02:54 - Sampler] Initializing sampler for consensus of region contig_262:0-2351.
[11:02:54 - Feature] Processed contig_262:0.0-2350.0 (median depth 5.0)
[11:02:54 - Sampler] Took 0.01s to make features.
[11:02:55 - Sampler] Initializing sampler for consensus of region contig_263:0-4990.
[11:02:55 - Feature] Processed contig_263:0.0-4989.0 (median depth 5.0)
[11:02:55 - Sampler] Took 0.01s to make features.
[11:02:55 - Sampler] Initializing sampler for consensus of region contig_264:0-2350.
[11:02:55 - Feature] Processed contig_264:0.0-2349.0 (median depth 6.0)
[11:02:55 - Sampler] Took 0.01s to make features.
[11:02:55 - Sampler] Initializing sampler for consensus of region contig_265:0-2327.
[11:02:55 - Feature] Processed contig_265:0.0-2326.0 (median depth 11.0)
[11:02:55 - Sampler] Took 0.01s to make features.
[11:02:56 - Sampler] Initializing sampler for consensus of region contig_266:0-2357.
[11:02:56 - Feature] Processed contig_266:0.0-2356.0 (median depth 15.0)
[11:02:56 - Sampler] Took 0.01s to make features.
[11:02:56 - Sampler] Initializing sampler for consensus of region contig_267:0-2769.
[11:02:56 - Feature] Processed contig_267:0.0-2768.0 (median depth 11.0)
[11:02:56 - Sampler] Took 0.01s to make features.
[11:02:56 - Sampler] Initializing sampler for consensus of region contig_268:0-2679.
[11:02:56 - Feature] Processed contig_268:0.0-2678.0 (median depth 8.0)
[11:02:56 - Sampler] Took 0.01s to make features.
[11:02:56 - Sampler] Initializing sampler for consensus of region contig_269:0-2451.
[11:02:56 - Feature] Processed contig_269:0.0-2450.0 (median depth 15.0)
[11:02:56 - Sampler] Took 0.01s to make features.
[11:02:57 - Sampler] Initializing sampler for consensus of region contig_27:0-2483.
[11:02:57 - Feature] Processed contig_27:0.0-2482.0 (median depth 32.0)
[11:02:57 - Sampler] Took 0.01s to make features.
[11:02:57 - Sampler] Initializing sampler for consensus of region contig_270:0-2666.
[11:02:57 - Feature] Processed contig_270:0.0-2665.0 (median depth 9.0)
[11:02:57 - Sampler] Took 0.01s to make features.
[11:02:57 - PWorker] Batches in cache: 8.
[11:02:57 - Sampler] Initializing sampler for consensus of region contig_271:0-2303.
[11:02:57 - Feature] Processed contig_271:0.0-2302.0 (median depth 6.0)
[11:02:57 - Sampler] Took 0.00s to make features.
[11:02:57 - Sampler] Initializing sampler for consensus of region contig_272:0-3241.
[11:02:57 - Feature] Processed contig_272:0.0-3240.0 (median depth 9.0)
[11:02:57 - Sampler] Took 0.01s to make features.
[11:02:58 - Sampler] Initializing sampler for consensus of region contig_273:0-2390.
[11:02:58 - Feature] Processed contig_273:0.0-2389.0 (median depth 12.0)
[11:02:58 - Sampler] Took 0.01s to make features.
[11:02:58 - Sampler] Initializing sampler for consensus of region contig_274:0-4551.
[11:02:58 - Feature] Processed contig_274:0.0-4550.0 (median depth 19.0)
[11:02:58 - Sampler] Took 0.01s to make features.
[11:02:59 - Sampler] Initializing sampler for consensus of region contig_275:0-2234.
[11:02:59 - Feature] Processed contig_275:0.0-2233.0 (median depth 21.0)
[11:02:59 - Sampler] Took 0.01s to make features.
[11:02:59 - Sampler] Initializing sampler for consensus of region contig_276:0-3137.
[11:02:59 - Feature] Processed contig_276:0.0-3136.0 (median depth 5.0)
[11:02:59 - Sampler] Took 0.01s to make features.
[11:02:59 - Sampler] Initializing sampler for consensus of region contig_277:0-2499.
[11:02:59 - Feature] Processed contig_277:0.0-2498.0 (median depth 15.0)
[11:02:59 - Sampler] Took 0.01s to make features.
[11:03:00 - Sampler] Initializing sampler for consensus of region contig_278:0-2601.
[11:03:00 - Feature] Processed contig_278:0.0-2600.0 (median depth 8.0)
[11:03:00 - Sampler] Took 0.01s to make features.
[11:03:00 - Sampler] Initializing sampler for consensus of region contig_279:0-3603.
[11:03:00 - Feature] Processed contig_279:0.0-3602.0 (median depth 12.0)
[11:03:00 - Sampler] Took 0.01s to make features.
[11:03:00 - Sampler] Initializing sampler for consensus of region contig_28:0-2262.
[11:03:00 - Feature] Processed contig_28:0.0-2261.0 (median depth 9.0)
[11:03:00 - Sampler] Took 0.01s to make features.
[11:03:00 - Sampler] Initializing sampler for consensus of region contig_280:0-3269.
[11:03:00 - Feature] Processed contig_280:0.0-3268.0 (median depth 5.0)
[11:03:00 - Sampler] Took 0.01s to make features.
[11:03:01 - Sampler] Initializing sampler for consensus of region contig_281:0-2312.
[11:03:01 - Feature] Processed contig_281:0.0-2311.0 (median depth 7.0)
[11:03:01 - Sampler] Took 0.00s to make features.
[11:03:01 - Sampler] Initializing sampler for consensus of region contig_282:0-2217.
[11:03:01 - Feature] Processed contig_282:0.0-2216.0 (median depth 9.0)
[11:03:01 - Sampler] Took 0.01s to make features.
[11:03:01 - Sampler] Initializing sampler for consensus of region contig_283:0-3092.
[11:03:01 - Feature] Processed contig_283:0.0-3091.0 (median depth 8.0)
[11:03:01 - Sampler] Took 0.01s to make features.
[11:03:01 - Sampler] Initializing sampler for consensus of region contig_284:0-2268.
[11:03:01 - Feature] Processed contig_284:0.0-2267.0 (median depth 13.0)
[11:03:01 - Sampler] Took 0.01s to make features.
[11:03:01 - Sampler] Initializing sampler for consensus of region contig_285:0-2872.
[11:03:01 - Feature] Processed contig_285:0.0-2871.0 (median depth 7.0)
[11:03:01 - Sampler] Took 0.01s to make features.
[11:03:02 - PWorker] 23.5% Done (0.4/1.6 Mbases) in 51.0s
[11:03:02 - Sampler] Initializing sampler for consensus of region contig_286:0-1744.
[11:03:02 - Feature] Processed contig_286:0.0-1743.0 (median depth 16.0)
[11:03:02 - Sampler] Took 0.01s to make features.
[11:03:02 - Sampler] Initializing sampler for consensus of region contig_287:0-2379.
[11:03:02 - Feature] Processed contig_287:0.0-2378.0 (median depth 9.0)
[11:03:02 - Sampler] Took 0.01s to make features.
[11:03:02 - PWorker] Batches in cache: 8.
[11:03:02 - Sampler] Initializing sampler for consensus of region contig_288:0-3072.
[11:03:02 - Feature] Processed contig_288:0.0-3071.0 (median depth 14.0)
[11:03:02 - Sampler] Took 0.01s to make features.
[11:03:02 - Sampler] Initializing sampler for consensus of region contig_289:0-4394.
[11:03:02 - Feature] Processed contig_289:0.0-4393.0 (median depth 23.0)
[11:03:02 - Sampler] Took 0.01s to make features.
[11:03:03 - Sampler] Initializing sampler for consensus of region contig_29:0-2332.
[11:03:03 - Feature] Processed contig_29:0.0-2331.0 (median depth 7.0)
[11:03:03 - Sampler] Took 0.01s to make features.
[11:03:03 - Sampler] Initializing sampler for consensus of region contig_290:0-4753.
[11:03:03 - Feature] Processed contig_290:0.0-4752.0 (median depth 14.0)
[11:03:03 - Sampler] Took 0.01s to make features.
[11:03:03 - Sampler] Initializing sampler for consensus of region contig_291:0-2201.
[11:03:03 - Feature] Processed contig_291:0.0-2200.0 (median depth 11.0)
[11:03:03 - Sampler] Took 0.00s to make features.
[11:03:04 - Sampler] Initializing sampler for consensus of region contig_292:0-5842.
[11:03:04 - Feature] Processed contig_292:0.0-5841.0 (median depth 6.0)
[11:03:04 - Sampler] Took 0.01s to make features.
[11:03:04 - Sampler] Initializing sampler for consensus of region contig_293:0-4236.
[11:03:04 - Feature] Processed contig_293:0.0-4235.0 (median depth 22.0)
[11:03:04 - Sampler] Took 0.01s to make features.
[11:03:04 - Sampler] Initializing sampler for consensus of region contig_294:0-2350.
[11:03:04 - Feature] Processed contig_294:0.0-2349.0 (median depth 21.0)
[11:03:04 - Sampler] Took 0.01s to make features.
[11:03:04 - Sampler] Initializing sampler for consensus of region contig_295:0-2282.
[11:03:04 - Feature] Processed contig_295:0.0-2281.0 (median depth 5.0)
[11:03:04 - Sampler] Took 0.00s to make features.
[11:03:04 - Sampler] Initializing sampler for consensus of region contig_296:0-2742.
[11:03:04 - Feature] Processed contig_296:0.0-2741.0 (median depth 12.0)
[11:03:04 - Sampler] Took 0.01s to make features.
[11:03:05 - Sampler] Initializing sampler for consensus of region contig_297:0-2460.
[11:03:05 - Feature] Processed contig_297:0.0-2459.0 (median depth 7.0)
[11:03:05 - Sampler] Took 0.01s to make features.
[11:03:05 - Sampler] Initializing sampler for consensus of region contig_298:0-2658.
[11:03:05 - Feature] Processed contig_298:0.0-2657.0 (median depth 9.0)
[11:03:05 - Sampler] Took 0.01s to make features.
[11:03:05 - Sampler] Initializing sampler for consensus of region contig_299:0-2362.
[11:03:05 - Feature] Processed contig_299:0.0-2361.0 (median depth 17.0)
[11:03:05 - Sampler] Took 0.01s to make features.
[11:03:05 - Sampler] Initializing sampler for consensus of region contig_3:0-2425.
[11:03:05 - Feature] Processed contig_3:0.0-2424.0 (median depth 19.0)
[11:03:05 - Sampler] Took 0.01s to make features.
[11:03:06 - Sampler] Initializing sampler for consensus of region contig_30:0-4508.
[11:03:06 - Feature] Processed contig_30:0.0-4507.0 (median depth 27.0)
[11:03:06 - Sampler] Took 0.01s to make features.
[11:03:06 - Sampler] Initializing sampler for consensus of region contig_300:0-2622.
[11:03:06 - Feature] Processed contig_300:0.0-2621.0 (median depth 18.0)
[11:03:06 - Sampler] Took 0.01s to make features.
[11:03:06 - Sampler] Initializing sampler for consensus of region contig_301:0-2712.
[11:03:06 - Feature] Processed contig_301:0.0-2711.0 (median depth 11.0)
[11:03:06 - Sampler] Took 0.01s to make features.
[11:03:06 - Sampler] Initializing sampler for consensus of region contig_302:0-6278.
[11:03:06 - Feature] Processed contig_302:0.0-6277.0 (median depth 32.0)
[11:03:06 - Sampler] Took 0.02s to make features.
[11:03:07 - Sampler] Initializing sampler for consensus of region contig_303:0-1507.
[11:03:07 - Feature] Processed contig_303:0.0-1506.0 (median depth 10.0)
[11:03:07 - Sampler] Took 0.01s to make features.
[11:03:07 - Sampler] Initializing sampler for consensus of region contig_304:0-2339.
[11:03:07 - Feature] Processed contig_304:0.0-2338.0 (median depth 11.0)
[11:03:07 - Sampler] Took 0.01s to make features.
[11:03:07 - Sampler] Initializing sampler for consensus of region contig_305:0-2494.
[11:03:07 - Feature] Processed contig_305:0.0-2493.0 (median depth 17.0)
[11:03:07 - Sampler] Took 0.01s to make features.
[11:03:07 - PWorker] Batches in cache: 8.
[11:03:07 - Sampler] Initializing sampler for consensus of region contig_306:0-2662.
[11:03:07 - Feature] Processed contig_306:0.0-2661.0 (median depth 14.0)
[11:03:07 - Sampler] Took 0.01s to make features.
[11:03:08 - Sampler] Initializing sampler for consensus of region contig_307:0-2561.
[11:03:08 - Feature] Processed contig_307:0.0-2560.0 (median depth 17.0)
[11:03:08 - Sampler] Took 0.01s to make features.
[11:03:08 - Sampler] Initializing sampler for consensus of region contig_308:0-2742.
[11:03:08 - Feature] Processed contig_308:0.0-2741.0 (median depth 5.0)
[11:03:08 - Sampler] Took 0.01s to make features.
[11:03:08 - Sampler] Initializing sampler for consensus of region contig_309:0-2879.
[11:03:08 - Feature] Processed contig_309:0.0-2878.0 (median depth 8.0)
[11:03:08 - Sampler] Took 0.01s to make features.
[11:03:09 - Sampler] Initializing sampler for consensus of region contig_31:0-2231.
[11:03:09 - Feature] Processed contig_31:0.0-2230.0 (median depth 25.0)
[11:03:09 - Sampler] Took 0.01s to make features.
[11:03:09 - Sampler] Initializing sampler for consensus of region contig_310:0-2512.
[11:03:09 - Feature] Processed contig_310:0.0-2511.0 (median depth 13.0)
[11:03:09 - Sampler] Took 0.01s to make features.
[11:03:09 - Sampler] Initializing sampler for consensus of region contig_311:0-2355.
[11:03:09 - Feature] Processed contig_311:0.0-2354.0 (median depth 21.0)
[11:03:09 - Sampler] Took 0.01s to make features.
[11:03:10 - Sampler] Initializing sampler for consensus of region contig_312:0-2232.
[11:03:10 - Feature] Processed contig_312:0.0-2231.0 (median depth 4.0)
[11:03:10 - Sampler] Took 0.00s to make features.
[11:03:10 - Sampler] Initializing sampler for consensus of region contig_313:0-2436.
[11:03:10 - Feature] Processed contig_313:0.0-2435.0 (median depth 18.0)
[11:03:10 - Sampler] Took 0.01s to make features.
[11:03:10 - Sampler] Initializing sampler for consensus of region contig_314:0-2844.
[11:03:10 - Feature] Processed contig_314:0.0-2843.0 (median depth 9.0)
[11:03:10 - Sampler] Took 0.01s to make features.
[11:03:10 - Sampler] Initializing sampler for consensus of region contig_315:0-2212.
[11:03:10 - Feature] Processed contig_315:0.0-2211.0 (median depth 19.0)
[11:03:10 - Sampler] Took 0.01s to make features.
[11:03:10 - Sampler] Initializing sampler for consensus of region contig_316:0-2290.
[11:03:10 - Feature] Processed contig_316:0.0-2289.0 (median depth 7.0)
[11:03:10 - Sampler] Took 0.01s to make features.
[11:03:11 - Sampler] Initializing sampler for consensus of region contig_317:0-4365.
[11:03:11 - Feature] Processed contig_317:0.0-4364.0 (median depth 23.0)
[11:03:11 - Sampler] Took 0.01s to make features.
[11:03:11 - Sampler] Initializing sampler for consensus of region contig_318:0-2459.
[11:03:11 - Feature] Processed contig_318:0.0-2458.0 (median depth 13.0)
[11:03:11 - Sampler] Took 0.01s to make features.
[11:03:11 - Sampler] Initializing sampler for consensus of region contig_319:0-2882.
[11:03:11 - Feature] Processed contig_319:0.0-2881.0 (median depth 14.0)
[11:03:11 - Sampler] Took 0.01s to make features.
[11:03:12 - Sampler] Initializing sampler for consensus of region contig_32:0-5525.
[11:03:12 - Feature] Processed contig_32:0.0-5524.0 (median depth 28.0)
[11:03:12 - Sampler] Took 0.02s to make features.
[11:03:12 - PWorker] 28.4% Done (0.5/1.6 Mbases) in 61.4s
[11:03:12 - Sampler] Initializing sampler for consensus of region contig_320:0-2482.
[11:03:12 - Feature] Processed contig_320:0.0-2481.0 (median depth 8.0)
[11:03:12 - Sampler] Took 0.01s to make features.
[11:03:12 - Sampler] Initializing sampler for consensus of region contig_321:0-2356.
[11:03:12 - Feature] Processed contig_321:0.0-2355.0 (median depth 23.0)
[11:03:12 - Sampler] Took 0.01s to make features.
[11:03:12 - PWorker] Batches in cache: 8.
[11:03:12 - Sampler] Initializing sampler for consensus of region contig_322:0-2670.
[11:03:12 - Feature] Processed contig_322:0.0-2669.0 (median depth 19.0)
[11:03:12 - Sampler] Took 0.01s to make features.
[11:03:13 - Sampler] Initializing sampler for consensus of region contig_323:0-2448.
[11:03:13 - Feature] Processed contig_323:0.0-2447.0 (median depth 16.0)
[11:03:13 - Sampler] Took 0.01s to make features.
[11:03:13 - Sampler] Initializing sampler for consensus of region contig_324:0-2464.
[11:03:13 - Feature] Processed contig_324:0.0-2463.0 (median depth 6.0)
[11:03:13 - Sampler] Took 0.01s to make features.
[11:03:13 - Sampler] Initializing sampler for consensus of region contig_325:0-5608.
[11:03:13 - Feature] Processed contig_325:0.0-5607.0 (median depth 9.0)
[11:03:13 - Sampler] Took 0.01s to make features.
[11:03:13 - Sampler] Initializing sampler for consensus of region contig_326:0-6285.
[11:03:13 - Feature] Processed contig_326:0.0-6284.0 (median depth 21.0)
[11:03:13 - Sampler] Took 0.01s to make features.
[11:03:14 - Sampler] Initializing sampler for consensus of region contig_327:0-2810.
[11:03:14 - Feature] Processed contig_327:0.0-2809.0 (median depth 7.0)
[11:03:14 - Sampler] Took 0.01s to make features.
[11:03:14 - Sampler] Initializing sampler for consensus of region contig_328:0-3043.
[11:03:14 - Feature] Processed contig_328:0.0-3042.0 (median depth 7.0)
[11:03:14 - Sampler] Took 0.01s to make features.
[11:03:14 - Sampler] Initializing sampler for consensus of region contig_329:0-4183.
[11:03:14 - Feature] Processed contig_329:0.0-4182.0 (median depth 11.0)
[11:03:14 - Sampler] Took 0.01s to make features.
[11:03:14 - Sampler] Initializing sampler for consensus of region contig_33:0-4679.
[11:03:14 - Feature] Processed contig_33:0.0-4678.0 (median depth 10.0)
[11:03:14 - Sampler] Took 0.01s to make features.
[11:03:14 - Sampler] Initializing sampler for consensus of region contig_330:0-2351.
[11:03:14 - Feature] Processed contig_330:0.0-2350.0 (median depth 7.0)
[11:03:14 - Sampler] Took 0.01s to make features.
[11:03:15 - Sampler] Initializing sampler for consensus of region contig_331:0-2257.
[11:03:15 - Feature] Processed contig_331:0.0-2256.0 (median depth 6.0)
[11:03:15 - Sampler] Took 0.00s to make features.
[11:03:15 - Sampler] Initializing sampler for consensus of region contig_332:0-2934.
[11:03:15 - Feature] Processed contig_332:0.0-2933.0 (median depth 12.0)
[11:03:15 - Sampler] Took 0.01s to make features.
[11:03:15 - Sampler] Initializing sampler for consensus of region contig_333:0-2492.
[11:03:15 - Feature] Processed contig_333:0.0-2491.0 (median depth 9.0)
[11:03:15 - Sampler] Took 0.01s to make features.
[11:03:15 - Sampler] Initializing sampler for consensus of region contig_334:0-2523.
[11:03:15 - Feature] Processed contig_334:0.0-2522.0 (median depth 7.0)
[11:03:15 - Sampler] Took 0.01s to make features.
[11:03:16 - Sampler] Initializing sampler for consensus of region contig_335:0-3009.
[11:03:16 - Feature] Processed contig_335:0.0-3008.0 (median depth 5.0)
[11:03:16 - Sampler] Took 0.01s to make features.
[11:03:16 - Sampler] Initializing sampler for consensus of region contig_336:0-3801.
[11:03:16 - Feature] Pileup counts do not span requested region, requested contig_336:0-3801, received 0-3788.
[11:03:16 - Feature] Processed contig_336:0.0-3788.0 (median depth 3.0)
[11:03:16 - Sampler] Took 0.01s to make features.
[11:03:16 - Sampler] Initializing sampler for consensus of region contig_337:0-2209.
[11:03:16 - Feature] Processed contig_337:0.0-2208.0 (median depth 9.0)
[11:03:16 - Sampler] Took 0.01s to make features.
[11:03:17 - Sampler] Initializing sampler for consensus of region contig_338:0-2763.
[11:03:17 - Feature] Processed contig_338:0.0-2762.0 (median depth 23.0)
[11:03:17 - Sampler] Took 0.01s to make features.
[11:03:17 - Sampler] Initializing sampler for consensus of region contig_339:0-3712.
[11:03:17 - Feature] Processed contig_339:0.0-3711.0 (median depth 12.0)
[11:03:17 - Sampler] Took 0.01s to make features.
[11:03:17 - Sampler] Initializing sampler for consensus of region contig_34:0-2561.
[11:03:17 - Feature] Processed contig_34:0.0-2560.0 (median depth 16.0)
[11:03:17 - Sampler] Took 0.01s to make features.
[11:03:17 - Sampler] Initializing sampler for consensus of region contig_340:0-2551.
[11:03:17 - Feature] Processed contig_340:0.0-2550.0 (median depth 10.0)
[11:03:17 - Sampler] Took 0.01s to make features.
[11:03:18 - PWorker] Batches in cache: 8.
[11:03:18 - Sampler] Initializing sampler for consensus of region contig_341:0-2257.
[11:03:18 - Feature] Processed contig_341:0.0-2256.0 (median depth 13.0)
[11:03:18 - Sampler] Took 0.01s to make features.
[11:03:18 - Sampler] Initializing sampler for consensus of region contig_342:0-2323.
[11:03:18 - Feature] Processed contig_342:0.0-2322.0 (median depth 10.0)
[11:03:18 - Sampler] Took 0.01s to make features.
[11:03:18 - Sampler] Initializing sampler for consensus of region contig_343:0-2756.
[11:03:18 - Feature] Processed contig_343:0.0-2755.0 (median depth 11.0)
[11:03:18 - Sampler] Took 0.01s to make features.
[11:03:19 - Sampler] Initializing sampler for consensus of region contig_344:0-2211.
[11:03:19 - Feature] Processed contig_344:0.0-2210.0 (median depth 7.0)
[11:03:19 - Sampler] Took 0.01s to make features.
[11:03:19 - Sampler] Initializing sampler for consensus of region contig_345:0-3024.
[11:03:19 - Feature] Processed contig_345:0.0-3023.0 (median depth 7.0)
[11:03:19 - Sampler] Took 0.01s to make features.
[11:03:19 - Sampler] Initializing sampler for consensus of region contig_346:0-3101.
[11:03:19 - Feature] Processed contig_346:0.0-3100.0 (median depth 12.0)
[11:03:19 - Sampler] Took 0.01s to make features.
[11:03:20 - Sampler] Initializing sampler for consensus of region contig_347:0-2599.
[11:03:20 - Feature] Processed contig_347:0.0-2598.0 (median depth 13.0)
[11:03:20 - Sampler] Took 0.01s to make features.
[11:03:20 - Sampler] Initializing sampler for consensus of region contig_348:0-2423.
[11:03:20 - Feature] Processed contig_348:0.0-2422.0 (median depth 12.0)
[11:03:20 - Sampler] Took 0.01s to make features.
[11:03:20 - Sampler] Initializing sampler for consensus of region contig_349:0-2510.
[11:03:20 - Feature] Processed contig_349:0.0-2509.0 (median depth 11.0)
[11:03:20 - Sampler] Took 0.01s to make features.
[11:03:21 - Sampler] Initializing sampler for consensus of region contig_35:0-4502.
[11:03:21 - Feature] Processed contig_35:0.0-4501.0 (median depth 12.0)
[11:03:21 - Sampler] Took 0.01s to make features.
[11:03:21 - Sampler] Initializing sampler for consensus of region contig_350:0-2517.
[11:03:21 - Feature] Processed contig_350:0.0-2516.0 (median depth 4.0)
[11:03:21 - Sampler] Took 0.00s to make features.
[11:03:21 - Sampler] Initializing sampler for consensus of region contig_351:0-2480.
[11:03:21 - Feature] Processed contig_351:0.0-2479.0 (median depth 19.0)
[11:03:21 - Sampler] Took 0.01s to make features.
[11:03:21 - Sampler] Initializing sampler for consensus of region contig_352:0-2753.
[11:03:21 - Feature] Processed contig_352:0.0-2752.0 (median depth 9.0)
[11:03:21 - Sampler] Took 0.01s to make features.
[11:03:22 - Sampler] Initializing sampler for consensus of region contig_353:0-2733.
[11:03:22 - Feature] Processed contig_353:0.0-2732.0 (median depth 6.0)
[11:03:22 - Sampler] Took 0.01s to make features.
[11:03:22 - Sampler] Initializing sampler for consensus of region contig_354:0-2951.
[11:03:22 - Feature] Processed contig_354:0.0-2950.0 (median depth 12.0)
[11:03:22 - Sampler] Took 0.01s to make features.
[11:03:22 - Sampler] Initializing sampler for consensus of region contig_355:0-2475.
[11:03:22 - Feature] Processed contig_355:0.0-2474.0 (median depth 16.0)
[11:03:22 - Sampler] Took 0.01s to make features.
[11:03:22 - PWorker] 33.2% Done (0.5/1.6 Mbases) in 71.6s
[11:03:22 - Sampler] Initializing sampler for consensus of region contig_356:0-3217.
[11:03:22 - Feature] Processed contig_356:0.0-3216.0 (median depth 16.0)
[11:03:22 - Sampler] Took 0.01s to make features.
[11:03:23 - PWorker] Batches in cache: 8.
[11:03:23 - Sampler] Initializing sampler for consensus of region contig_357:0-2823.
[11:03:23 - Feature] Processed contig_357:0.0-2822.0 (median depth 10.0)
[11:03:23 - Sampler] Took 0.01s to make features.
[11:03:23 - Sampler] Initializing sampler for consensus of region contig_358:0-2195.
[11:03:23 - Feature] Processed contig_358:0.0-2194.0 (median depth 8.0)
[11:03:23 - Sampler] Took 0.01s to make features.
[11:03:23 - Sampler] Initializing sampler for consensus of region contig_359:0-2423.
[11:03:23 - Feature] Processed contig_359:0.0-2422.0 (median depth 7.0)
[11:03:23 - Sampler] Took 0.01s to make features.
[11:03:23 - Sampler] Initializing sampler for consensus of region contig_36:0-2246.
[11:03:23 - Feature] Processed contig_36:0.0-2245.0 (median depth 8.0)
[11:03:23 - Sampler] Took 0.01s to make features.
[11:03:23 - Sampler] Initializing sampler for consensus of region contig_360:0-2348.
[11:03:23 - Feature] Processed contig_360:0.0-2347.0 (median depth 15.0)
[11:03:23 - Sampler] Took 0.01s to make features.
[11:03:24 - Sampler] Initializing sampler for consensus of region contig_361:0-2422.
[11:03:24 - Feature] Processed contig_361:0.0-2421.0 (median depth 8.0)
[11:03:24 - Sampler] Took 0.01s to make features.
[11:03:24 - Sampler] Initializing sampler for consensus of region contig_362:0-2409.
[11:03:24 - Feature] Processed contig_362:0.0-2408.0 (median depth 4.0)
[11:03:24 - Sampler] Took 0.00s to make features.
[11:03:24 - Sampler] Initializing sampler for consensus of region contig_363:0-2596.
[11:03:24 - Feature] Processed contig_363:0.0-2595.0 (median depth 17.0)
[11:03:24 - Sampler] Took 0.01s to make features.
[11:03:24 - Sampler] Initializing sampler for consensus of region contig_364:0-2299.
[11:03:24 - Feature] Processed contig_364:0.0-2298.0 (median depth 6.0)
[11:03:24 - Sampler] Took 0.00s to make features.
[11:03:25 - Sampler] Initializing sampler for consensus of region contig_365:0-3303.
[11:03:25 - Feature] Processed contig_365:0.0-3302.0 (median depth 13.0)
[11:03:25 - Sampler] Took 0.01s to make features.
[11:03:25 - Sampler] Initializing sampler for consensus of region contig_366:0-3226.
[11:03:25 - Feature] Processed contig_366:0.0-3225.0 (median depth 17.0)
[11:03:25 - Sampler] Took 0.01s to make features.
[11:03:25 - Sampler] Initializing sampler for consensus of region contig_367:0-2674.
[11:03:25 - Feature] Processed contig_367:0.0-2673.0 (median depth 9.0)
[11:03:25 - Sampler] Took 0.01s to make features.
[11:03:26 - Sampler] Initializing sampler for consensus of region contig_368:0-2479.
[11:03:26 - Feature] Processed contig_368:0.0-2478.0 (median depth 24.0)
[11:03:26 - Sampler] Took 0.01s to make features.
[11:03:26 - Sampler] Initializing sampler for consensus of region contig_369:0-3334.
[11:03:26 - Feature] Processed contig_369:0.0-3333.0 (median depth 45.0)
[11:03:26 - Sampler] Took 0.02s to make features.
[11:03:26 - Sampler] Initializing sampler for consensus of region contig_37:0-2217.
[11:03:26 - Feature] Processed contig_37:0.0-2216.0 (median depth 4.0)
[11:03:26 - Sampler] Took 0.00s to make features.
[11:03:26 - Sampler] Initializing sampler for consensus of region contig_370:0-2989.
[11:03:26 - Feature] Processed contig_370:0.0-2988.0 (median depth 20.0)
[11:03:26 - Sampler] Took 0.01s to make features.
[11:03:26 - Sampler] Initializing sampler for consensus of region contig_371:0-3488.
[11:03:26 - Feature] Processed contig_371:0.0-3487.0 (median depth 11.0)
[11:03:26 - Sampler] Took 0.01s to make features.
[11:03:27 - Sampler] Initializing sampler for consensus of region contig_372:0-2204.
[11:03:27 - Feature] Processed contig_372:0.0-2203.0 (median depth 12.0)
[11:03:27 - Sampler] Took 0.01s to make features.
[11:03:27 - Sampler] Initializing sampler for consensus of region contig_373:0-3086.
[11:03:27 - Feature] Processed contig_373:0.0-3085.0 (median depth 8.0)
[11:03:27 - Sampler] Took 0.01s to make features.
[11:03:27 - Sampler] Initializing sampler for consensus of region contig_374:0-4724.
[11:03:27 - Feature] Processed contig_374:0.0-4723.0 (median depth 22.0)
[11:03:27 - Sampler] Took 0.01s to make features.
[11:03:27 - Sampler] Initializing sampler for consensus of region contig_375:0-3024.
[11:03:27 - Feature] Processed contig_375:0.0-3023.0 (median depth 9.0)
[11:03:27 - Sampler] Took 0.01s to make features.
[11:03:28 - PWorker] Batches in cache: 8.
[11:03:28 - Sampler] Initializing sampler for consensus of region contig_376:0-2570.
[11:03:28 - Feature] Processed contig_376:0.0-2569.0 (median depth 6.0)
[11:03:28 - Sampler] Took 0.01s to make features.
[11:03:28 - Sampler] Initializing sampler for consensus of region contig_377:0-2688.
[11:03:28 - Feature] Processed contig_377:0.0-2687.0 (median depth 4.0)
[11:03:28 - Sampler] Took 0.01s to make features.
[11:03:28 - Sampler] Initializing sampler for consensus of region contig_378:0-4390.
[11:03:28 - Feature] Processed contig_378:0.0-4389.0 (median depth 9.0)
[11:03:28 - Sampler] Took 0.01s to make features.
[11:03:28 - Sampler] Initializing sampler for consensus of region contig_379:0-2258.
[11:03:28 - Feature] Processed contig_379:0.0-2257.0 (median depth 5.0)
[11:03:28 - Sampler] Took 0.01s to make features.
[11:03:29 - Sampler] Initializing sampler for consensus of region contig_38:0-2249.
[11:03:29 - Feature] Processed contig_38:0.0-2248.0 (median depth 6.0)
[11:03:29 - Sampler] Took 0.01s to make features.
[11:03:29 - Sampler] Initializing sampler for consensus of region contig_380:0-2352.
[11:03:29 - Feature] Processed contig_380:0.0-2351.0 (median depth 9.0)
[11:03:29 - Sampler] Took 0.01s to make features.
[11:03:29 - Sampler] Initializing sampler for consensus of region contig_381:0-3147.
[11:03:29 - Feature] Processed contig_381:0.0-3146.0 (median depth 11.0)
[11:03:29 - Sampler] Took 0.01s to make features.
[11:03:29 - Sampler] Initializing sampler for consensus of region contig_382:0-2816.
[11:03:29 - Feature] Processed contig_382:0.0-2815.0 (median depth 6.0)
[11:03:29 - Sampler] Took 0.01s to make features.
[11:03:29 - Sampler] Initializing sampler for consensus of region contig_383:0-2611.
[11:03:29 - Feature] Processed contig_383:0.0-2610.0 (median depth 7.0)
[11:03:29 - Sampler] Took 0.01s to make features.
[11:03:30 - Sampler] Initializing sampler for consensus of region contig_384:0-2216.
[11:03:30 - Feature] Processed contig_384:0.0-2215.0 (median depth 12.0)
[11:03:30 - Sampler] Took 0.01s to make features.
[11:03:30 - Sampler] Initializing sampler for consensus of region contig_385:0-2653.
[11:03:30 - Feature] Processed contig_385:0.0-2652.0 (median depth 6.0)
[11:03:30 - Sampler] Took 0.01s to make features.
[11:03:30 - Sampler] Initializing sampler for consensus of region contig_386:0-2498.
[11:03:30 - Feature] Processed contig_386:0.0-2497.0 (median depth 5.0)
[11:03:30 - Sampler] Took 0.00s to make features.
[11:03:31 - Sampler] Initializing sampler for consensus of region contig_387:0-2704.
[11:03:31 - Feature] Processed contig_387:0.0-2703.0 (median depth 10.0)
[11:03:31 - Sampler] Took 0.01s to make features.
[11:03:31 - Sampler] Initializing sampler for consensus of region contig_388:0-2448.
[11:03:31 - Feature] Processed contig_388:0.0-2447.0 (median depth 11.0)
[11:03:31 - Sampler] Took 0.01s to make features.
[11:03:31 - Sampler] Initializing sampler for consensus of region contig_389:0-2594.
[11:03:31 - Feature] Processed contig_389:0.0-2593.0 (median depth 11.0)
[11:03:31 - Sampler] Took 0.01s to make features.
[11:03:31 - Sampler] Initializing sampler for consensus of region contig_39:0-4491.
[11:03:31 - Feature] Processed contig_39:0.0-4490.0 (median depth 15.0)
[11:03:31 - Sampler] Took 0.01s to make features.
[11:03:31 - Sampler] Initializing sampler for consensus of region contig_390:0-3019.
[11:03:31 - Feature] Processed contig_390:0.0-3018.0 (median depth 6.0)
[11:03:31 - Sampler] Took 0.01s to make features.
[11:03:32 - Sampler] Initializing sampler for consensus of region contig_391:0-2327.
[11:03:32 - Feature] Processed contig_391:0.0-2326.0 (median depth 16.0)
[11:03:32 - Sampler] Took 0.01s to make features.
[11:03:32 - Sampler] Initializing sampler for consensus of region contig_392:0-2452.
[11:03:32 - Feature] Processed contig_392:0.0-2451.0 (median depth 19.0)
[11:03:32 - Sampler] Took 0.01s to make features.
[11:03:32 - PWorker] 37.8% Done (0.6/1.6 Mbases) in 81.7s
[11:03:32 - Sampler] Initializing sampler for consensus of region contig_393:0-2579.
[11:03:32 - Feature] Processed contig_393:0.0-2578.0 (median depth 6.0)
[11:03:32 - Sampler] Took 0.01s to make features.
[11:03:33 - Sampler] Initializing sampler for consensus of region contig_394:0-2554.
[11:03:33 - Feature] Processed contig_394:0.0-2553.0 (median depth 6.0)
[11:03:33 - Sampler] Took 0.01s to make features.
[11:03:33 - PWorker] Batches in cache: 8.
[11:03:33 - Sampler] Initializing sampler for consensus of region contig_395:0-2810.
[11:03:33 - Feature] Processed contig_395:0.0-2809.0 (median depth 8.0)
[11:03:33 - Sampler] Took 0.01s to make features.
[11:03:33 - Sampler] Initializing sampler for consensus of region contig_396:0-2452.
[11:03:33 - Feature] Processed contig_396:0.0-2451.0 (median depth 20.0)
[11:03:33 - Sampler] Took 0.01s to make features.
[11:03:33 - Sampler] Initializing sampler for consensus of region contig_397:0-5758.
[11:03:33 - Feature] Processed contig_397:0.0-5757.0 (median depth 27.0)
[11:03:33 - Sampler] Took 0.02s to make features.
[11:03:34 - Sampler] Initializing sampler for consensus of region contig_398:0-2208.
[11:03:34 - Feature] Processed contig_398:0.0-2207.0 (median depth 7.0)
[11:03:34 - Sampler] Took 0.01s to make features.
[11:03:34 - Sampler] Initializing sampler for consensus of region contig_399:0-2911.
[11:03:34 - Feature] Processed contig_399:0.0-2910.0 (median depth 10.0)
[11:03:34 - Sampler] Took 0.01s to make features.
[11:03:34 - Sampler] Initializing sampler for consensus of region contig_4:0-2240.
[11:03:34 - Feature] Processed contig_4:0.0-2239.0 (median depth 9.0)
[11:03:34 - Sampler] Took 0.01s to make features.
[11:03:34 - Sampler] Initializing sampler for consensus of region contig_40:0-2510.
[11:03:34 - Feature] Processed contig_40:0.0-2509.0 (median depth 21.0)
[11:03:34 - Sampler] Took 0.01s to make features.
[11:03:35 - Sampler] Initializing sampler for consensus of region contig_400:0-2617.
[11:03:35 - Feature] Processed contig_400:0.0-2616.0 (median depth 10.0)
[11:03:35 - Sampler] Took 0.01s to make features.
[11:03:35 - Sampler] Initializing sampler for consensus of region contig_401:0-2609.
[11:03:35 - Feature] Processed contig_401:0.0-2608.0 (median depth 11.0)
[11:03:35 - Sampler] Took 0.01s to make features.
[11:03:35 - Sampler] Initializing sampler for consensus of region contig_402:0-2767.
[11:03:35 - Feature] Processed contig_402:0.0-2766.0 (median depth 7.0)
[11:03:35 - Sampler] Took 0.01s to make features.
[11:03:35 - Sampler] Initializing sampler for consensus of region contig_403:0-2266.
[11:03:35 - Feature] Processed contig_403:0.0-2265.0 (median depth 5.0)
[11:03:35 - Sampler] Took 0.00s to make features.
[11:03:35 - Sampler] Initializing sampler for consensus of region contig_404:0-2226.
[11:03:35 - Feature] Processed contig_404:0.0-2225.0 (median depth 3.0)
[11:03:35 - Sampler] Took 0.00s to make features.
[11:03:36 - Sampler] Initializing sampler for consensus of region contig_405:0-4619.
[11:03:36 - Feature] Processed contig_405:0.0-4618.0 (median depth 8.0)
[11:03:36 - Sampler] Took 0.01s to make features.
[11:03:36 - Sampler] Initializing sampler for consensus of region contig_406:0-6922.
[11:03:36 - Feature] Processed contig_406:0.0-6921.0 (median depth 33.0)
[11:03:36 - Sampler] Took 0.02s to make features.
[11:03:36 - Sampler] Initializing sampler for consensus of region contig_407:0-2314.
[11:03:36 - Feature] Processed contig_407:0.0-2313.0 (median depth 6.0)
[11:03:36 - Sampler] Took 0.00s to make features.
[11:03:37 - Sampler] Initializing sampler for consensus of region contig_408:0-2555.
[11:03:37 - Feature] Processed contig_408:0.0-2554.0 (median depth 11.0)
[11:03:37 - Sampler] Took 0.01s to make features.
[11:03:37 - Sampler] Initializing sampler for consensus of region contig_409:0-2418.
[11:03:37 - Feature] Processed contig_409:0.0-2417.0 (median depth 4.0)
[11:03:37 - Sampler] Took 0.00s to make features.
[11:03:37 - Sampler] Initializing sampler for consensus of region contig_41:0-2700.
[11:03:37 - Feature] Processed contig_41:0.0-2699.0 (median depth 16.0)
[11:03:37 - Sampler] Took 0.01s to make features.
[11:03:37 - Sampler] Initializing sampler for consensus of region contig_410:0-3306.
[11:03:37 - Feature] Processed contig_410:0.0-3305.0 (median depth 7.0)
[11:03:37 - Sampler] Took 0.01s to make features.
[11:03:37 - Sampler] Initializing sampler for consensus of region contig_411:0-2748.
[11:03:37 - Feature] Processed contig_411:0.0-2747.0 (median depth 16.0)
[11:03:37 - Sampler] Took 0.01s to make features.
[11:03:38 - Sampler] Initializing sampler for consensus of region contig_412:0-2240.
[11:03:38 - Feature] Processed contig_412:0.0-2239.0 (median depth 6.0)
[11:03:38 - Sampler] Took 0.01s to make features.
[11:03:38 - PWorker] Batches in cache: 8.
[11:03:38 - Sampler] Initializing sampler for consensus of region contig_413:0-3315.
[11:03:38 - Feature] Processed contig_413:0.0-3314.0 (median depth 4.0)
[11:03:38 - Sampler] Took 0.01s to make features.
[11:03:38 - Sampler] Initializing sampler for consensus of region contig_414:0-2447.
[11:03:38 - Feature] Processed contig_414:0.0-2446.0 (median depth 5.0)
[11:03:38 - Sampler] Took 0.01s to make features.
[11:03:39 - Sampler] Initializing sampler for consensus of region contig_415:0-2828.
[11:03:39 - Feature] Processed contig_415:0.0-2827.0 (median depth 6.0)
[11:03:39 - Sampler] Took 0.01s to make features.
[11:03:39 - Sampler] Initializing sampler for consensus of region contig_416:0-3856.
[11:03:39 - Feature] Processed contig_416:0.0-3855.0 (median depth 24.0)
[11:03:39 - Sampler] Took 0.01s to make features.
[11:03:39 - Sampler] Initializing sampler for consensus of region contig_417:0-2264.
[11:03:39 - Feature] Processed contig_417:0.0-2263.0 (median depth 14.0)
[11:03:39 - Sampler] Took 0.01s to make features.
[11:03:39 - Sampler] Initializing sampler for consensus of region contig_418:0-2461.
[11:03:39 - Feature] Processed contig_418:0.0-2460.0 (median depth 10.0)
[11:03:39 - Sampler] Took 0.01s to make features.
[11:03:40 - Sampler] Initializing sampler for consensus of region contig_419:0-2525.
[11:03:40 - Feature] Processed contig_419:0.0-2524.0 (median depth 15.0)
[11:03:40 - Sampler] Took 0.01s to make features.
[11:03:40 - Sampler] Initializing sampler for consensus of region contig_42:0-2813.
[11:03:40 - Feature] Processed contig_42:0.0-2812.0 (median depth 19.0)
[11:03:40 - Sampler] Took 0.01s to make features.
[11:03:40 - Sampler] Initializing sampler for consensus of region contig_420:0-2810.
[11:03:40 - Feature] Processed contig_420:0.0-2809.0 (median depth 6.0)
[11:03:40 - Sampler] Took 0.01s to make features.
[11:03:40 - Sampler] Initializing sampler for consensus of region contig_421:0-2681.
[11:03:40 - Feature] Processed contig_421:0.0-2680.0 (median depth 6.0)
[11:03:40 - Sampler] Took 0.01s to make features.
[11:03:40 - Sampler] Initializing sampler for consensus of region contig_422:0-2823.
[11:03:40 - Feature] Processed contig_422:0.0-2822.0 (median depth 13.0)
[11:03:40 - Sampler] Took 0.01s to make features.
[11:03:41 - Sampler] Initializing sampler for consensus of region contig_423:0-2600.
[11:03:41 - Feature] Processed contig_423:0.0-2599.0 (median depth 18.0)
[11:03:41 - Sampler] Took 0.01s to make features.
[11:03:41 - Sampler] Initializing sampler for consensus of region contig_424:0-2410.
[11:03:41 - Feature] Processed contig_424:0.0-2409.0 (median depth 6.0)
[11:03:41 - Sampler] Took 0.01s to make features.
[11:03:42 - Sampler] Initializing sampler for consensus of region contig_425:0-2464.
[11:03:42 - Feature] Processed contig_425:0.0-2463.0 (median depth 8.0)
[11:03:42 - Sampler] Took 0.01s to make features.
[11:03:42 - Sampler] Initializing sampler for consensus of region contig_426:0-2288.
[11:03:42 - Feature] Processed contig_426:0.0-2287.0 (median depth 12.0)
[11:03:42 - Sampler] Took 0.01s to make features.
[11:03:42 - Sampler] Initializing sampler for consensus of region contig_427:0-2251.
[11:03:42 - Feature] Processed contig_427:0.0-2250.0 (median depth 7.0)
[11:03:42 - Sampler] Took 0.01s to make features.
[11:03:42 - Sampler] Initializing sampler for consensus of region contig_428:0-6683.
[11:03:42 - Feature] Processed contig_428:0.0-6682.0 (median depth 7.0)
[11:03:42 - Sampler] Took 0.01s to make features.
[11:03:43 - PWorker] 42.6% Done (0.7/1.6 Mbases) in 92.0s
[11:03:43 - Sampler] Initializing sampler for consensus of region contig_429:0-2334.
[11:03:43 - Feature] Processed contig_429:0.0-2333.0 (median depth 6.0)
[11:03:43 - Sampler] Took 0.01s to make features.
[11:03:43 - PWorker] Batches in cache: 8.
[11:03:43 - Sampler] Initializing sampler for consensus of region contig_43:0-2369.
[11:03:43 - Feature] Processed contig_43:0.0-2368.0 (median depth 5.0)
[11:03:43 - Sampler] Took 0.00s to make features.
[11:03:43 - Sampler] Initializing sampler for consensus of region contig_430:0-3348.
[11:03:43 - Feature] Processed contig_430:0.0-3347.0 (median depth 13.0)
[11:03:43 - Sampler] Took 0.01s to make features.
[11:03:43 - Sampler] Initializing sampler for consensus of region contig_431:0-4759.
[11:03:43 - Feature] Processed contig_431:0.0-4758.0 (median depth 5.0)
[11:03:43 - Sampler] Took 0.01s to make features.
[11:03:44 - Sampler] Initializing sampler for consensus of region contig_432:0-2403.
[11:03:44 - Feature] Processed contig_432:0.0-2402.0 (median depth 15.0)
[11:03:44 - Sampler] Took 0.01s to make features.
[11:03:44 - Sampler] Initializing sampler for consensus of region contig_433:0-4861.
[11:03:44 - Feature] Processed contig_433:0.0-4860.0 (median depth 29.0)
[11:03:44 - Sampler] Took 0.01s to make features.
[11:03:44 - Sampler] Initializing sampler for consensus of region contig_434:0-2471.
[11:03:44 - Feature] Processed contig_434:0.0-2470.0 (median depth 12.0)
[11:03:44 - Sampler] Took 0.01s to make features.
[11:03:44 - Sampler] Initializing sampler for consensus of region contig_435:0-2454.
[11:03:44 - Feature] Processed contig_435:0.0-2453.0 (median depth 6.0)
[11:03:44 - Sampler] Took 0.01s to make features.
[11:03:45 - Sampler] Initializing sampler for consensus of region contig_436:0-3440.
[11:03:45 - Feature] Processed contig_436:0.0-3439.0 (median depth 10.0)
[11:03:45 - Sampler] Took 0.01s to make features.
[11:03:45 - Sampler] Initializing sampler for consensus of region contig_437:0-2490.
[11:03:45 - Feature] Processed contig_437:0.0-2489.0 (median depth 8.0)
[11:03:45 - Sampler] Took 0.01s to make features.
[11:03:45 - Sampler] Initializing sampler for consensus of region contig_438:0-4533.
[11:03:45 - Feature] Processed contig_438:0.0-4532.0 (median depth 10.0)
[11:03:45 - Sampler] Took 0.01s to make features.
[11:03:45 - Sampler] Initializing sampler for consensus of region contig_439:0-4932.
[11:03:45 - Feature] Processed contig_439:0.0-4931.0 (median depth 6.0)
[11:03:45 - Sampler] Took 0.01s to make features.
[11:03:46 - Sampler] Initializing sampler for consensus of region contig_44:0-2245.
[11:03:46 - Feature] Processed contig_44:0.0-2244.0 (median depth 11.0)
[11:03:46 - Sampler] Took 0.01s to make features.
[11:03:46 - Sampler] Initializing sampler for consensus of region contig_440:0-2315.
[11:03:46 - Feature] Processed contig_440:0.0-2314.0 (median depth 13.0)
[11:03:46 - Sampler] Took 0.01s to make features.
[11:03:46 - Sampler] Initializing sampler for consensus of region contig_441:0-2738.
[11:03:46 - Feature] Processed contig_441:0.0-2737.0 (median depth 7.0)
[11:03:46 - Sampler] Took 0.01s to make features.
[11:03:46 - Sampler] Initializing sampler for consensus of region contig_442:0-2716.
[11:03:46 - Feature] Processed contig_442:0.0-2715.0 (median depth 16.0)
[11:03:46 - Sampler] Took 0.01s to make features.
[11:03:46 - Sampler] Initializing sampler for consensus of region contig_443:0-2268.
[11:03:46 - Feature] Processed contig_443:0.0-2267.0 (median depth 10.0)
[11:03:46 - Sampler] Took 0.01s to make features.
[11:03:47 - Sampler] Initializing sampler for consensus of region contig_444:0-2235.
[11:03:47 - Feature] Processed contig_444:0.0-2234.0 (median depth 5.0)
[11:03:47 - Sampler] Took 0.01s to make features.
[11:03:47 - Sampler] Initializing sampler for consensus of region contig_445:0-2758.
[11:03:47 - Feature] Processed contig_445:0.0-2757.0 (median depth 11.0)
[11:03:47 - Sampler] Took 0.01s to make features.
[11:03:47 - Sampler] Initializing sampler for consensus of region contig_446:0-2815.
[11:03:47 - Feature] Processed contig_446:0.0-2814.0 (median depth 7.0)
[11:03:47 - Sampler] Took 0.01s to make features.
[11:03:48 - Sampler] Initializing sampler for consensus of region contig_447:0-2432.
[11:03:48 - Feature] Processed contig_447:0.0-2431.0 (median depth 13.0)
[11:03:48 - Sampler] Took 0.01s to make features.
[11:03:48 - Sampler] Initializing sampler for consensus of region contig_448:0-2719.
[11:03:48 - Feature] Processed contig_448:0.0-2718.0 (median depth 16.0)
[11:03:48 - Sampler] Took 0.01s to make features.
[11:03:48 - PWorker] Batches in cache: 8.
[11:03:48 - Sampler] Initializing sampler for consensus of region contig_449:0-2361.
[11:03:48 - Feature] Processed contig_449:0.0-2360.0 (median depth 11.0)
[11:03:48 - Sampler] Took 0.01s to make features.
[11:03:49 - Sampler] Initializing sampler for consensus of region contig_45:0-3818.
[11:03:49 - Feature] Processed contig_45:0.0-3817.0 (median depth 26.0)
[11:03:49 - Sampler] Took 0.01s to make features.
[11:03:49 - Sampler] Initializing sampler for consensus of region contig_450:0-2254.
[11:03:49 - Feature] Processed contig_450:0.0-2253.0 (median depth 7.0)
[11:03:49 - Sampler] Took 0.01s to make features.
[11:03:49 - Sampler] Initializing sampler for consensus of region contig_451:0-2883.
[11:03:49 - Feature] Processed contig_451:0.0-2882.0 (median depth 8.0)
[11:03:49 - Sampler] Took 0.01s to make features.
[11:03:49 - Sampler] Initializing sampler for consensus of region contig_452:0-2272.
[11:03:49 - Feature] Processed contig_452:0.0-2271.0 (median depth 9.0)
[11:03:49 - Sampler] Took 0.01s to make features.
[11:03:50 - Sampler] Initializing sampler for consensus of region contig_453:0-4206.
[11:03:50 - Feature] Processed contig_453:0.0-4205.0 (median depth 17.0)
[11:03:50 - Sampler] Took 0.01s to make features.
[11:03:50 - Sampler] Initializing sampler for consensus of region contig_454:0-2242.
[11:03:50 - Feature] Processed contig_454:0.0-2241.0 (median depth 6.0)
[11:03:50 - Sampler] Took 0.00s to make features.
[11:03:50 - Sampler] Initializing sampler for consensus of region contig_455:0-2441.
[11:03:50 - Feature] Processed contig_455:0.0-2440.0 (median depth 6.0)
[11:03:50 - Sampler] Took 0.01s to make features.
[11:03:51 - Sampler] Initializing sampler for consensus of region contig_456:0-2208.
[11:03:51 - Feature] Processed contig_456:0.0-2207.0 (median depth 16.0)
[11:03:51 - Sampler] Took 0.01s to make features.
[11:03:51 - Sampler] Initializing sampler for consensus of region contig_457:0-2279.
[11:03:51 - Feature] Processed contig_457:0.0-2278.0 (median depth 18.0)
[11:03:51 - Sampler] Took 0.01s to make features.
[11:03:51 - Sampler] Initializing sampler for consensus of region contig_458:0-2290.
[11:03:51 - Feature] Processed contig_458:0.0-2289.0 (median depth 9.0)
[11:03:51 - Sampler] Took 0.01s to make features.
[11:03:51 - Sampler] Initializing sampler for consensus of region contig_459:0-2442.
[11:03:51 - Feature] Processed contig_459:0.0-2441.0 (median depth 6.0)
[11:03:51 - Sampler] Took 0.01s to make features.
[11:03:52 - Sampler] Initializing sampler for consensus of region contig_46:0-2250.
[11:03:52 - Feature] Processed contig_46:0.0-2249.0 (median depth 30.0)
[11:03:52 - Sampler] Took 0.01s to make features.
[11:03:52 - Sampler] Initializing sampler for consensus of region contig_460:0-5065.
[11:03:52 - Feature] Processed contig_460:0.0-5064.0 (median depth 21.0)
[11:03:52 - Sampler] Took 0.01s to make features.
[11:03:52 - Sampler] Initializing sampler for consensus of region contig_461:0-2464.
[11:03:52 - Feature] Processed contig_461:0.0-2463.0 (median depth 11.0)
[11:03:52 - Sampler] Took 0.01s to make features.
[11:03:52 - Sampler] Initializing sampler for consensus of region contig_462:0-2331.
[11:03:52 - Feature] Processed contig_462:0.0-2330.0 (median depth 8.0)
[11:03:52 - Sampler] Took 0.01s to make features.
[11:03:52 - Sampler] Initializing sampler for consensus of region contig_463:0-2224.
[11:03:53 - Feature] Processed contig_463:0.0-2223.0 (median depth 25.0)
[11:03:53 - Sampler] Took 0.01s to make features.
[11:03:53 - PWorker] 47.3% Done (0.8/1.6 Mbases) in 102.0s
[11:03:53 - Sampler] Initializing sampler for consensus of region contig_464:0-4152.
[11:03:53 - Feature] Processed contig_464:0.0-4151.0 (median depth 7.0)
[11:03:53 - Sampler] Took 0.01s to make features.
[11:03:53 - Sampler] Initializing sampler for consensus of region contig_465:0-2359.
[11:03:53 - Feature] Processed contig_465:0.0-2358.0 (median depth 4.0)
[11:03:53 - Sampler] Took 0.00s to make features.
[11:03:53 - PWorker] Batches in cache: 8.
[11:03:53 - Sampler] Initializing sampler for consensus of region contig_466:0-5478.
[11:03:53 - Feature] Processed contig_466:0.0-5477.0 (median depth 25.0)
[11:03:53 - Sampler] Took 0.02s to make features.
[11:03:53 - Sampler] Initializing sampler for consensus of region contig_467:0-4713.
[11:03:53 - Feature] Processed contig_467:0.0-4712.0 (median depth 17.0)
[11:03:53 - Sampler] Took 0.02s to make features.
[11:03:54 - Sampler] Initializing sampler for consensus of region contig_468:0-3782.
[11:03:54 - Feature] Processed contig_468:0.0-3781.0 (median depth 8.0)
[11:03:54 - Sampler] Took 0.01s to make features.
[11:03:54 - Sampler] Initializing sampler for consensus of region contig_469:0-6301.
[11:03:54 - Feature] Processed contig_469:0.0-6300.0 (median depth 25.0)
[11:03:54 - Sampler] Took 0.02s to make features.
[11:03:54 - Sampler] Initializing sampler for consensus of region contig_47:0-1737.
[11:03:54 - Feature] Processed contig_47:0.0-1736.0 (median depth 19.0)
[11:03:54 - Sampler] Took 0.01s to make features.
[11:03:54 - Sampler] Initializing sampler for consensus of region contig_470:0-2774.
[11:03:54 - Feature] Processed contig_470:0.0-2773.0 (median depth 21.0)
[11:03:54 - Sampler] Took 0.01s to make features.
[11:03:55 - Sampler] Initializing sampler for consensus of region contig_471:0-2542.
[11:03:55 - Feature] Processed contig_471:0.0-2541.0 (median depth 19.0)
[11:03:55 - Sampler] Took 0.01s to make features.
[11:03:55 - Sampler] Initializing sampler for consensus of region contig_472:0-3577.
[11:03:55 - Feature] Processed contig_472:0.0-3576.0 (median depth 21.0)
[11:03:55 - Sampler] Took 0.01s to make features.
[11:03:55 - Sampler] Initializing sampler for consensus of region contig_473:0-2667.
[11:03:55 - Feature] Processed contig_473:0.0-2666.0 (median depth 13.0)
[11:03:55 - Sampler] Took 0.01s to make features.
[11:03:55 - Sampler] Initializing sampler for consensus of region contig_474:0-4511.
[11:03:55 - Feature] Processed contig_474:0.0-4510.0 (median depth 16.0)
[11:03:55 - Sampler] Took 0.01s to make features.
[11:03:56 - Sampler] Initializing sampler for consensus of region contig_475:0-4130.
[11:03:56 - Feature] Processed contig_475:0.0-4129.0 (median depth 7.0)
[11:03:56 - Sampler] Took 0.01s to make features.
[11:03:56 - Sampler] Initializing sampler for consensus of region contig_476:0-3813.
[11:03:56 - Feature] Processed contig_476:0.0-3812.0 (median depth 17.0)
[11:03:56 - Sampler] Took 0.01s to make features.
[11:03:56 - Sampler] Initializing sampler for consensus of region contig_477:0-2339.
[11:03:56 - Feature] Processed contig_477:0.0-2338.0 (median depth 9.0)
[11:03:56 - Sampler] Took 0.01s to make features.
[11:03:56 - Sampler] Initializing sampler for consensus of region contig_478:0-4127.
[11:03:56 - Feature] Processed contig_478:0.0-4126.0 (median depth 17.0)
[11:03:56 - Sampler] Took 0.01s to make features.
[11:03:57 - Sampler] Initializing sampler for consensus of region contig_479:0-2281.
[11:03:57 - Feature] Processed contig_479:0.0-2280.0 (median depth 20.0)
[11:03:57 - Sampler] Took 0.01s to make features.
[11:03:57 - Sampler] Initializing sampler for consensus of region contig_48:0-2284.
[11:03:57 - Feature] Processed contig_48:0.0-2283.0 (median depth 13.0)
[11:03:57 - Sampler] Took 0.01s to make features.
[11:03:57 - Sampler] Initializing sampler for consensus of region contig_480:0-5456.
[11:03:57 - Feature] Processed contig_480:0.0-5455.0 (median depth 20.0)
[11:03:57 - Sampler] Took 0.01s to make features.
[11:03:57 - Sampler] Initializing sampler for consensus of region contig_481:0-4477.
[11:03:57 - Feature] Processed contig_481:0.0-4476.0 (median depth 16.0)
[11:03:57 - Sampler] Took 0.01s to make features.
[11:03:58 - Sampler] Initializing sampler for consensus of region contig_482:0-2477.
[11:03:58 - Feature] Processed contig_482:0.0-2476.0 (median depth 7.0)
[11:03:58 - Sampler] Took 0.01s to make features.
[11:03:58 - Sampler] Initializing sampler for consensus of region contig_483:0-4484.
[11:03:58 - Feature] Processed contig_483:0.0-4483.0 (median depth 20.0)
[11:03:58 - Sampler] Took 0.01s to make features.
[11:03:58 - PWorker] Batches in cache: 8.
[11:03:58 - Sampler] Initializing sampler for consensus of region contig_484:0-2287.
[11:03:58 - Feature] Processed contig_484:0.0-2286.0 (median depth 6.0)
[11:03:58 - Sampler] Took 0.01s to make features.
[11:03:59 - Sampler] Initializing sampler for consensus of region contig_485:0-4053.
[11:03:59 - Feature] Processed contig_485:0.0-4052.0 (median depth 13.0)
[11:03:59 - Sampler] Took 0.01s to make features.
[11:03:59 - Sampler] Initializing sampler for consensus of region contig_486:0-2526.
[11:03:59 - Feature] Processed contig_486:0.0-2525.0 (median depth 15.0)
[11:03:59 - Sampler] Took 0.01s to make features.
[11:04:00 - Sampler] Initializing sampler for consensus of region contig_487:0-6887.
[11:04:00 - Feature] Processed contig_487:0.0-6886.0 (median depth 27.0)
[11:04:00 - Sampler] Took 0.02s to make features.
[11:04:00 - Sampler] Initializing sampler for consensus of region contig_488:0-7651.
[11:04:00 - Feature] Processed contig_488:0.0-7650.0 (median depth 13.0)
[11:04:00 - Sampler] Took 0.02s to make features.
[11:04:00 - Sampler] Initializing sampler for consensus of region contig_489:0-5336.
[11:04:00 - Feature] Processed contig_489:0.0-5335.0 (median depth 28.0)
[11:04:00 - Sampler] Took 0.02s to make features.
[11:04:00 - Sampler] Initializing sampler for consensus of region contig_49:0-2266.
[11:04:00 - Feature] Processed contig_49:0.0-2265.0 (median depth 13.0)
[11:04:00 - Sampler] Took 0.01s to make features.
[11:04:01 - Sampler] Initializing sampler for consensus of region contig_490:0-8190.
[11:04:01 - Feature] Processed contig_490:0.0-8189.0 (median depth 20.0)
[11:04:01 - Sampler] Took 0.02s to make features.
[11:04:01 - Sampler] Initializing sampler for consensus of region contig_491:0-4052.
[11:04:01 - Feature] Processed contig_491:0.0-4051.0 (median depth 16.0)
[11:04:01 - Sampler] Took 0.01s to make features.
[11:04:01 - Sampler] Initializing sampler for consensus of region contig_492:0-8208.
[11:04:01 - Feature] Processed contig_492:0.0-8207.0 (median depth 26.0)
[11:04:01 - Sampler] Took 0.02s to make features.
[11:04:02 - Sampler] Initializing sampler for consensus of region contig_493:0-3450.
[11:04:02 - Feature] Processed contig_493:0.0-3449.0 (median depth 15.0)
[11:04:02 - Sampler] Took 0.01s to make features.
[11:04:02 - Sampler] Initializing sampler for consensus of region contig_495:0-5845.
[11:04:02 - Feature] Processed contig_495:0.0-5844.0 (median depth 25.0)
[11:04:02 - Sampler] Took 0.02s to make features.
[11:04:02 - Sampler] Initializing sampler for consensus of region contig_496:0-4589.
[11:04:02 - Feature] Processed contig_496:0.0-4588.0 (median depth 10.0)
[11:04:02 - Sampler] Took 0.01s to make features.
[11:04:03 - Sampler] Initializing sampler for consensus of region contig_497:0-9539.
[11:04:03 - Feature] Processed contig_497:0.0-9538.0 (median depth 13.0)
[11:04:03 - Sampler] Took 0.02s to make features.
[11:04:03 - PWorker] 52.2% Done (0.8/1.6 Mbases) in 112.1s
[11:04:03 - Sampler] Initializing sampler for consensus of region contig_498:0-3687.
[11:04:03 - Feature] Processed contig_498:0.0-3686.0 (median depth 31.0)
[11:04:03 - Sampler] Took 0.01s to make features.
[11:04:03 - Sampler] Initializing sampler for consensus of region contig_499:0-2417.
[11:04:03 - Feature] Processed contig_499:0.0-2416.0 (median depth 17.0)
[11:04:03 - Sampler] Took 0.01s to make features.
[11:04:04 - PWorker] Batches in cache: 8.
[11:04:04 - Sampler] Initializing sampler for consensus of region contig_5:0-2346.
[11:04:04 - Feature] Processed contig_5:0.0-2345.0 (median depth 25.0)
[11:04:04 - Sampler] Took 0.01s to make features.
[11:04:04 - Sampler] Initializing sampler for consensus of region contig_50:0-2470.
[11:04:04 - Feature] Processed contig_50:0.0-2469.0 (median depth 17.0)
[11:04:04 - Sampler] Took 0.01s to make features.
[11:04:04 - Sampler] Initializing sampler for consensus of region contig_500:0-5612.
[11:04:04 - Feature] Processed contig_500:0.0-5611.0 (median depth 10.0)
[11:04:04 - Sampler] Took 0.01s to make features.
[11:04:05 - Sampler] Initializing sampler for consensus of region contig_501:0-3765.
[11:04:05 - Feature] Processed contig_501:0.0-3764.0 (median depth 14.0)
[11:04:05 - Sampler] Took 0.01s to make features.
[11:04:05 - Sampler] Initializing sampler for consensus of region contig_502:0-5893.
[11:04:05 - Feature] Processed contig_502:0.0-5892.0 (median depth 18.0)
[11:04:05 - Sampler] Took 0.01s to make features.
[11:04:05 - Sampler] Initializing sampler for consensus of region contig_503:0-3652.
[11:04:05 - Feature] Processed contig_503:0.0-3651.0 (median depth 13.0)
[11:04:05 - Sampler] Took 0.01s to make features.
[11:04:05 - Sampler] Initializing sampler for consensus of region contig_504:0-6349.
[11:04:05 - Feature] Processed contig_504:0.0-6348.0 (median depth 22.0)
[11:04:05 - Sampler] Took 0.02s to make features.
[11:04:06 - Sampler] Initializing sampler for consensus of region contig_505:0-4165.
[11:04:06 - Feature] Processed contig_505:0.0-4164.0 (median depth 21.0)
[11:04:06 - Sampler] Took 0.01s to make features.
[11:04:07 - Sampler] Initializing sampler for consensus of region contig_506:0-5957.
[11:04:07 - Feature] Processed contig_506:0.0-5956.0 (median depth 18.0)
[11:04:07 - Sampler] Took 0.01s to make features.
[11:04:07 - Sampler] Initializing sampler for consensus of region contig_507:0-3869.
[11:04:07 - Feature] Processed contig_507:0.0-3868.0 (median depth 11.0)
[11:04:07 - Sampler] Took 0.01s to make features.
[11:04:07 - Sampler] Initializing sampler for consensus of region contig_508:0-3910.
[11:04:07 - Feature] Processed contig_508:0.0-3909.0 (median depth 12.0)
[11:04:07 - Sampler] Took 0.01s to make features.
[11:04:08 - Sampler] Initializing sampler for consensus of region contig_509:0-4290.
[11:04:08 - Feature] Processed contig_509:0.0-4289.0 (median depth 20.0)
[11:04:08 - Sampler] Took 0.01s to make features.
[11:04:08 - Sampler] Initializing sampler for consensus of region contig_51:0-1837.
[11:04:08 - Feature] Processed contig_51:0.0-1836.0 (median depth 12.0)
[11:04:08 - Sampler] Took 0.01s to make features.
[11:04:09 - PWorker] Batches in cache: 8.
[11:04:09 - Sampler] Initializing sampler for consensus of region contig_510:0-9974.
[11:04:09 - Feature] Processed contig_510:0.0-9973.0 (median depth 18.0)
[11:04:09 - Sampler] Took 0.02s to make features.
[11:04:10 - Sampler] Initializing sampler for consensus of region contig_511:0-3979.
[11:04:10 - Feature] Processed contig_511:0.0-3978.0 (median depth 8.0)
[11:04:10 - Sampler] Took 0.01s to make features.
[11:04:10 - Sampler] Initializing sampler for consensus of region contig_512:0-2305.
[11:04:10 - Feature] Processed contig_512:0.0-2304.0 (median depth 20.0)
[11:04:10 - Sampler] Took 0.01s to make features.
[11:04:10 - Sampler] Initializing sampler for consensus of region contig_513:0-2203.
[11:04:11 - Feature] Processed contig_513:0.0-2202.0 (median depth 20.0)
[11:04:11 - Sampler] Took 0.01s to make features.
[11:04:11 - Sampler] Initializing sampler for consensus of region contig_514:0-4694.
[11:04:11 - Feature] Processed contig_514:0.0-4693.0 (median depth 23.0)
[11:04:11 - Sampler] Took 0.01s to make features.
[11:04:12 - Sampler] Initializing sampler for consensus of region contig_515:0-3882.
[11:04:12 - Feature] Processed contig_515:0.0-3881.0 (median depth 20.0)
[11:04:12 - Sampler] Took 0.01s to make features.
[11:04:12 - Sampler] Initializing sampler for consensus of region contig_516:0-2351.
[11:04:12 - Feature] Processed contig_516:0.0-2350.0 (median depth 11.0)
[11:04:12 - Sampler] Took 0.01s to make features.
[11:04:12 - Sampler] Initializing sampler for consensus of region contig_517:0-6687.
[11:04:12 - Feature] Processed contig_517:0.0-6686.0 (median depth 23.0)
[11:04:12 - Sampler] Took 0.02s to make features.
[11:04:12 - Sampler] Initializing sampler for consensus of region contig_518:0-4458.
[11:04:12 - Feature] Processed contig_518:0.0-4457.0 (median depth 11.0)
[11:04:12 - Sampler] Took 0.01s to make features.
[11:04:13 - PWorker] 57.6% Done (0.9/1.6 Mbases) in 122.2s
[11:04:13 - Sampler] Initializing sampler for consensus of region contig_519:0-6665.
[11:04:13 - Feature] Processed contig_519:0.0-6664.0 (median depth 22.0)
[11:04:13 - Sampler] Took 0.02s to make features.
[11:04:13 - Sampler] Initializing sampler for consensus of region contig_52:0-2397.
[11:04:13 - Feature] Processed contig_52:0.0-2396.0 (median depth 18.0)
[11:04:13 - Sampler] Took 0.01s to make features.
[11:04:14 - Sampler] Initializing sampler for consensus of region contig_53:0-2376.
[11:04:14 - Feature] Processed contig_53:0.0-2375.0 (median depth 21.0)
[11:04:14 - Sampler] Took 0.01s to make features.
[11:04:14 - Sampler] Initializing sampler for consensus of region contig_54:0-2732.
[11:04:14 - Feature] Processed contig_54:0.0-2731.0 (median depth 28.0)
[11:04:14 - Sampler] Took 0.01s to make features.
[11:04:15 - PWorker] Batches in cache: 8.
[11:04:15 - Sampler] Initializing sampler for consensus of region contig_55:0-2280.
[11:04:15 - Feature] Processed contig_55:0.0-2279.0 (median depth 12.0)
[11:04:15 - Sampler] Took 0.01s to make features.
[11:04:15 - Sampler] Initializing sampler for consensus of region contig_56:0-2220.
[11:04:15 - Feature] Processed contig_56:0.0-2219.0 (median depth 7.0)
[11:04:15 - Sampler] Took 0.01s to make features.
[11:04:16 - Sampler] Initializing sampler for consensus of region contig_57:0-2561.
[11:04:16 - Feature] Processed contig_57:0.0-2560.0 (median depth 14.0)
[11:04:16 - Sampler] Took 0.01s to make features.
[11:04:16 - Sampler] Initializing sampler for consensus of region contig_58:0-2440.
[11:04:16 - Feature] Processed contig_58:0.0-2439.0 (median depth 13.0)
[11:04:16 - Sampler] Took 0.01s to make features.
[11:04:16 - Sampler] Initializing sampler for consensus of region contig_59:0-4577.
[11:04:16 - Feature] Processed contig_59:0.0-4576.0 (median depth 20.0)
[11:04:16 - Sampler] Took 0.01s to make features.
[11:04:17 - Sampler] Initializing sampler for consensus of region contig_6:0-2774.
[11:04:17 - Feature] Processed contig_6:0.0-2773.0 (median depth 23.0)
[11:04:17 - Sampler] Took 0.01s to make features.
[11:04:17 - Sampler] Initializing sampler for consensus of region contig_60:0-2232.
[11:04:17 - Feature] Processed contig_60:0.0-2231.0 (median depth 9.0)
[11:04:17 - Sampler] Took 0.01s to make features.
[11:04:18 - Sampler] Initializing sampler for consensus of region contig_61:0-2113.
[11:04:18 - Feature] Processed contig_61:0.0-2112.0 (median depth 156.0)
[11:04:18 - Sampler] Took 0.03s to make features.
[11:04:18 - Sampler] Initializing sampler for consensus of region contig_62:0-4476.
[11:04:18 - Feature] Processed contig_62:0.0-4475.0 (median depth 19.0)
[11:04:18 - Sampler] Took 0.01s to make features.
[11:04:18 - Sampler] Initializing sampler for consensus of region contig_63:0-3551.
[11:04:18 - Feature] Processed contig_63:0.0-3550.0 (median depth 12.0)
[11:04:18 - Sampler] Took 0.01s to make features.
[11:04:18 - Sampler] Initializing sampler for consensus of region contig_64:0-2929.
[11:04:18 - Feature] Processed contig_64:0.0-2928.0 (median depth 20.0)
[11:04:18 - Sampler] Took 0.01s to make features.
[11:04:19 - Sampler] Initializing sampler for consensus of region contig_65:0-4272.
[11:04:19 - Feature] Processed contig_65:0.0-4271.0 (median depth 24.0)
[11:04:19 - Sampler] Took 0.01s to make features.
[11:04:19 - Sampler] Initializing sampler for consensus of region contig_66:0-3889.
[11:04:19 - Feature] Processed contig_66:0.0-3888.0 (median depth 16.0)
[11:04:19 - Sampler] Took 0.01s to make features.
[11:04:19 - Sampler] Initializing sampler for consensus of region contig_67:0-2622.
[11:04:19 - Feature] Processed contig_67:0.0-2621.0 (median depth 15.0)
[11:04:19 - Sampler] Took 0.01s to make features.
[11:04:20 - PWorker] Batches in cache: 8.
[11:04:20 - Sampler] Initializing sampler for consensus of region contig_68:0-4470.
[11:04:20 - Feature] Processed contig_68:0.0-4469.0 (median depth 12.0)
[11:04:20 - Sampler] Took 0.01s to make features.
[11:04:20 - Sampler] Initializing sampler for consensus of region contig_69:0-2345.
[11:04:20 - Feature] Processed contig_69:0.0-2344.0 (median depth 24.0)
[11:04:20 - Sampler] Took 0.01s to make features.
[11:04:21 - Sampler] Initializing sampler for consensus of region contig_7:0-2839.
[11:04:21 - Feature] Processed contig_7:0.0-2838.0 (median depth 15.0)
[11:04:21 - Sampler] Took 0.01s to make features.
[11:04:21 - Sampler] Initializing sampler for consensus of region contig_70:0-2409.
[11:04:21 - Feature] Processed contig_70:0.0-2408.0 (median depth 16.0)
[11:04:21 - Sampler] Took 0.01s to make features.
[11:04:22 - Sampler] Initializing sampler for consensus of region contig_71:0-3745.
[11:04:22 - Feature] Processed contig_71:0.0-3744.0 (median depth 15.0)
[11:04:22 - Sampler] Took 0.01s to make features.
[11:04:22 - Sampler] Initializing sampler for consensus of region contig_72:0-2283.
[11:04:22 - Feature] Processed contig_72:0.0-2282.0 (median depth 14.0)
[11:04:22 - Sampler] Took 0.01s to make features.
[11:04:22 - Sampler] Initializing sampler for consensus of region contig_73:0-6609.
[11:04:22 - Feature] Processed contig_73:0.0-6608.0 (median depth 17.0)
[11:04:22 - Sampler] Took 0.02s to make features.
[11:04:22 - Sampler] Initializing sampler for consensus of region contig_74:0-2323.
[11:04:22 - Feature] Processed contig_74:0.0-2322.0 (median depth 19.0)
[11:04:22 - Sampler] Took 0.01s to make features.
[11:04:22 - Sampler] Initializing sampler for consensus of region contig_75:0-2259.
[11:04:22 - Feature] Processed contig_75:0.0-2258.0 (median depth 10.0)
[11:04:22 - Sampler] Took 0.01s to make features.
[11:04:23 - Sampler] Initializing sampler for consensus of region contig_76:0-2759.
[11:04:23 - Feature] Processed contig_76:0.0-2758.0 (median depth 6.0)
[11:04:23 - Sampler] Took 0.01s to make features.
[11:04:23 - PWorker] 62.9% Done (1.0/1.6 Mbases) in 132.3s
[11:04:23 - Sampler] Initializing sampler for consensus of region contig_77:0-2208.
[11:04:23 - Feature] Processed contig_77:0.0-2207.0 (median depth 8.0)
[11:04:23 - Sampler] Took 0.01s to make features.
[11:04:23 - Sampler] Initializing sampler for consensus of region contig_78:0-2618.
[11:04:23 - Feature] Processed contig_78:0.0-2617.0 (median depth 8.0)
[11:04:23 - Sampler] Took 0.01s to make features.
[11:04:23 - Sampler] Initializing sampler for consensus of region contig_79:0-7018.
[11:04:23 - Feature] Processed contig_79:0.0-7017.0 (median depth 26.0)
[11:04:23 - Sampler] Took 0.02s to make features.
[11:04:24 - Sampler] Initializing sampler for consensus of region contig_8:0-2014.
[11:04:24 - Feature] Processed contig_8:0.0-2013.0 (median depth 23.0)
[11:04:24 - Sampler] Took 0.01s to make features.
[11:04:24 - Sampler] Initializing sampler for consensus of region contig_80:0-2761.
[11:04:24 - Feature] Processed contig_80:0.0-2760.0 (median depth 29.0)
[11:04:24 - Sampler] Took 0.01s to make features.
[11:04:24 - Sampler] Initializing sampler for consensus of region contig_81:0-2530.
[11:04:24 - Feature] Processed contig_81:0.0-2529.0 (median depth 5.0)
[11:04:24 - Sampler] Took 0.00s to make features.
[11:04:25 - Sampler] Initializing sampler for consensus of region contig_82:0-2616.
[11:04:25 - Feature] Processed contig_82:0.0-2615.0 (median depth 9.0)
[11:04:25 - Sampler] Took 0.01s to make features.
[11:04:25 - PWorker] Batches in cache: 8.
[11:04:25 - Sampler] Initializing sampler for consensus of region contig_83:0-2315.
[11:04:25 - Feature] Processed contig_83:0.0-2314.0 (median depth 9.0)
[11:04:25 - Sampler] Took 0.01s to make features.
[11:04:25 - Sampler] Initializing sampler for consensus of region contig_84:0-2545.
[11:04:26 - Feature] Processed contig_84:0.0-2544.0 (median depth 8.0)
[11:04:26 - Sampler] Took 0.01s to make features.
[11:04:26 - Sampler] Initializing sampler for consensus of region contig_85:0-4251.
[11:04:26 - Feature] Processed contig_85:0.0-4250.0 (median depth 20.0)
[11:04:26 - Sampler] Took 0.01s to make features.
[11:04:26 - Sampler] Initializing sampler for consensus of region contig_86:0-5547.
[11:04:26 - Feature] Processed contig_86:0.0-5546.0 (median depth 13.0)
[11:04:26 - Sampler] Took 0.01s to make features.
[11:04:26 - Sampler] Initializing sampler for consensus of region contig_87:0-4641.
[11:04:26 - Feature] Processed contig_87:0.0-4640.0 (median depth 12.0)
[11:04:26 - Sampler] Took 0.01s to make features.
[11:04:27 - Sampler] Initializing sampler for consensus of region contig_88:0-7184.
[11:04:27 - Feature] Processed contig_88:0.0-7183.0 (median depth 16.0)
[11:04:27 - Sampler] Took 0.01s to make features.
[11:04:27 - Sampler] Initializing sampler for consensus of region contig_89:0-2861.
[11:04:27 - Feature] Processed contig_89:0.0-2860.0 (median depth 15.0)
[11:04:27 - Sampler] Took 0.01s to make features.
[11:04:27 - Sampler] Initializing sampler for consensus of region contig_9:0-3237.
[11:04:27 - Feature] Processed contig_9:0.0-3236.0 (median depth 32.0)
[11:04:27 - Sampler] Took 0.01s to make features.
[11:04:27 - Sampler] Initializing sampler for consensus of region contig_90:0-2366.
[11:04:27 - Feature] Processed contig_90:0.0-2365.0 (median depth 7.0)
[11:04:27 - Sampler] Took 0.01s to make features.
[11:04:28 - Sampler] Initializing sampler for consensus of region contig_91:0-3336.
[11:04:28 - Feature] Processed contig_91:0.0-3335.0 (median depth 19.0)
[11:04:28 - Sampler] Took 0.01s to make features.
[11:04:28 - Sampler] Initializing sampler for consensus of region contig_92:0-2547.
[11:04:28 - Feature] Processed contig_92:0.0-2546.0 (median depth 18.0)
[11:04:28 - Sampler] Took 0.01s to make features.
[11:04:28 - Sampler] Initializing sampler for consensus of region contig_93:0-2378.
[11:04:28 - Feature] Processed contig_93:0.0-2377.0 (median depth 22.0)
[11:04:28 - Sampler] Took 0.01s to make features.
[11:04:29 - Sampler] Initializing sampler for consensus of region contig_94:0-3243.
[11:04:29 - Feature] Processed contig_94:0.0-3242.0 (median depth 19.0)
[11:04:29 - Sampler] Took 0.01s to make features.
[11:04:29 - Sampler] Initializing sampler for consensus of region contig_95:0-2300.
[11:04:29 - Feature] Processed contig_95:0.0-2299.0 (median depth 13.0)
[11:04:29 - Sampler] Took 0.01s to make features.
[11:04:29 - Sampler] Initializing sampler for consensus of region contig_96:0-6466.
[11:04:29 - Feature] Processed contig_96:0.0-6465.0 (median depth 39.0)
[11:04:29 - Sampler] Took 0.02s to make features.
[11:04:30 - Sampler] Initializing sampler for consensus of region contig_97:0-2272.
[11:04:30 - Feature] Processed contig_97:0.0-2271.0 (median depth 9.0)
[11:04:30 - Sampler] Took 0.01s to make features.
[11:04:30 - Sampler] Initializing sampler for consensus of region contig_98:0-2324.
[11:04:30 - Feature] Processed contig_98:0.0-2323.0 (median depth 6.0)
[11:04:30 - Sampler] Took 0.01s to make features.
[11:04:30 - Sampler] Initializing sampler for consensus of region contig_99:0-2242.
[11:04:30 - Feature] Processed contig_99:0.0-2241.0 (median depth 11.0)
[11:04:30 - Sampler] Took 0.01s to make features.
[11:04:30 - PWorker] Batches in cache: 8.
[11:04:33 - PWorker] 67.9% Done (1.1/1.6 Mbases) in 142.5s
[11:04:36 - PWorker] Batches in cache: 4.
[11:04:36 - PWorker] Processed 518 batches
[11:04:36 - PWorker] All done, 0 remainder regions.
[11:04:36 - Predict] Finished processing all regions.
/data/djs217/miniconda3/lib/python3.12/site-packages/hybracter/workflow/conda/f3634b33ec8fb5711a0153c480705631_/lib/python3.11/site-packages/medaka/common.py:16: UserWarning: pkg_resources is deprecated as an API. See https://setuptools.pypa.io/en/latest/pkg_resources.html. The pkg_resources package is slated for removal as early as 2025-11-30. Refrain from using this package or pin to Setuptools<81.
  from pkg_resources import resource_filename
[11:04:38 - DataIndx] Loaded 1/1 (100.00%) sample files.
[11:04:38 - Stitcher] Stitching contig_48:0-2284
[11:04:38 - Stitcher] Stitching contig_12:0-2400
[11:04:38 - Stitcher] Stitching contig_494:0-11939
[11:04:38 - Stitcher] Stitching contig_442:0-2716
[11:04:38 - Stitcher] Stitching contig_510:0-9974
[11:04:38 - Stitcher] Stitching contig_4:0-2240
[11:04:38 - Stitcher] Stitching contig_165:0-2207
[11:04:38 - Stitcher] Stitching contig_228:0-4713
[11:04:38 - Stitcher] Stitching contig_489:0-5336
[11:04:38 - Stitcher] Stitching contig_47:0-1737
[11:04:38 - Stitcher] Stitching contig_455:0-2441
[11:04:38 - Stitcher] Stitching contig_398:0-2208
[11:04:38 - Stitcher] Stitching contig_92:0-2547
[11:04:38 - Stitcher] Stitching contig_464:0-4152
[11:04:38 - Stitcher] Stitching contig_429:0-2334
[11:04:38 - Stitcher] Stitching contig_211:0-2275
[11:04:38 - Stitcher] Stitching contig_259:0-5191
[11:04:38 - Stitcher] Stitching contig_42:0-2813
[11:04:38 - Stitcher] Stitching contig_308:0-2742
[11:04:38 - Stitcher] Stitching contig_418:0-2461
[11:04:38 - Stitcher] Stitching contig_327:0-2810
[11:04:38 - Stitcher] Stitching contig_470:0-2774
[11:04:38 - Stitcher] Stitching contig_342:0-2323
[11:04:38 - Stitcher] Stitching contig_215:0-3963
[11:04:38 - Stitcher] Stitching contig_436:0-3440
[11:04:38 - Stitcher] Stitching contig_294:0-2350
[11:04:38 - Stitcher] Stitching contig_374:0-4724
[11:04:38 - Stitcher] Stitching contig_401:0-2609
[11:04:38 - Stitcher] Stitching contig_193:0-3555
[11:04:38 - Stitcher] Stitching contig_132:0-3882
[11:04:38 - Stitcher] Stitching contig_370:0-2989
[11:04:38 - Stitcher] Stitching contig_456:0-2208
[11:04:38 - Stitcher] Stitching contig_115:0-5826
[11:04:38 - Stitcher] Stitching contig_369:0-3334
[11:04:38 - Stitcher] Stitching contig_329:0-4183
[11:04:38 - Stitcher] Stitching contig_485:0-4053
[11:04:38 - Stitcher] Stitching contig_50:0-2470
[11:04:38 - Stitcher] Stitching contig_105:0-2372
[11:04:38 - Stitcher] Stitching contig_192:0-2334
[11:04:38 - Stitcher] Stitching contig_515:0-3882
[11:04:38 - Stitcher] Stitching contig_279:0-3603
[11:04:38 - Stitcher] Stitching contig_305:0-2494
[11:04:38 - Stitcher] Stitching contig_149:0-2225
[11:04:38 - Stitcher] Stitching contig_255:0-6888
[11:04:38 - Stitcher] Stitching contig_191:0-2656
[11:04:38 - Stitcher] Stitching contig_205:0-2612
[11:04:38 - Stitcher] Stitching contig_258:0-2652
[11:04:38 - Stitcher] Stitching contig_341:0-2257
[11:04:38 - Stitcher] Stitching contig_297:0-2460
[11:04:38 - Stitcher] Stitching contig_86:0-5547
[11:04:38 - Stitcher] Stitching contig_519:0-6665
[11:04:38 - Stitcher] Stitching contig_146:0-2549
[11:04:38 - Stitcher] Stitching contig_287:0-2379
[11:04:38 - Stitcher] Stitching contig_337:0-2209
[11:04:38 - Stitcher] Stitching contig_406:0-6922
[11:04:38 - Stitcher] Stitching contig_466:0-5478
[11:04:38 - Stitcher] Stitching contig_189:0-2736
[11:04:38 - Stitcher] Stitching contig_154:0-2252
[11:04:38 - Stitcher] Stitching contig_226:0-2399
[11:04:38 - Stitcher] Stitching contig_265:0-2327
[11:04:38 - Stitcher] Stitching contig_76:0-2759
[11:04:38 - Stitcher] Stitching contig_31:0-2231
[11:04:38 - Stitcher] Stitching contig_437:0-2490
[11:04:38 - Stitcher] Stitching contig_53:0-2376
[11:04:38 - Stitcher] Stitching contig_386:0-2498
[11:04:38 - Stitcher] Stitching contig_185:0-2251
[11:04:38 - Stitcher] Stitching contig_344:0-2211
[11:04:38 - Stitcher] Stitching contig_343:0-2756
[11:04:38 - Stitcher] Stitching contig_214:0-4083
[11:04:38 - Stitcher] Stitching contig_467:0-4713
[11:04:38 - Stitcher] Stitching contig_469:0-6301
[11:04:38 - Stitcher] Stitching contig_51:0-1837
[11:04:38 - Stitcher] Stitching contig_284:0-2268
[11:04:38 - Stitcher] Stitching contig_201:0-4285
[11:04:38 - Stitcher] Stitching contig_486:0-2526
[11:04:38 - Stitcher] Stitching contig_236:0-2884
[11:04:38 - Stitcher] Stitching contig_447:0-2432
[11:04:38 - Stitcher] Stitching contig_315:0-2212
[11:04:38 - Stitcher] Stitching contig_176:0-2230
[11:04:38 - Stitcher] Stitching contig_306:0-2662
[11:04:38 - Stitcher] Stitching contig_143:0-2818
[11:04:38 - Stitcher] Stitching contig_99:0-2242
[11:04:38 - Stitcher] Stitching contig_114:0-2218
[11:04:38 - Stitcher] Stitching contig_152:0-4185
[11:04:38 - Stitcher] Stitching contig_20:0-3387
[11:04:38 - Stitcher] Stitching contig_347:0-2599
[11:04:38 - Stitcher] Stitching contig_478:0-4127
[11:04:38 - Stitcher] Stitching contig_410:0-3306
[11:04:38 - Stitcher] Stitching contig_247:0-2880
[11:04:38 - Stitcher] Stitching contig_87:0-4641
[11:04:38 - Stitcher] Stitching contig_444:0-2235
[11:04:38 - Stitcher] Stitching contig_256:0-2666
[11:04:38 - Stitcher] Stitching contig_312:0-2232
[11:04:38 - Stitcher] Stitching contig_491:0-4052
[11:04:38 - Stitcher] Stitching contig_268:0-2679
[11:04:38 - Stitcher] Stitching contig_497:0-9539
[11:04:38 - Stitcher] Stitching contig_233:0-6093
[11:04:38 - Stitcher] Stitching contig_472:0-3577
[11:04:38 - Stitcher] Stitching contig_407:0-2314
[11:04:38 - Stitcher] Stitching contig_95:0-2300
[11:04:38 - Stitcher] Stitching contig_452:0-2272
[11:04:38 - Stitcher] Stitching contig_232:0-2258
[11:04:38 - Stitcher] Stitching contig_269:0-2451
[11:04:38 - Stitcher] Stitching contig_270:0-2666
[11:04:38 - Stitcher] Stitching contig_97:0-2272
[11:04:38 - Stitcher] Stitching contig_339:0-3712
[11:04:38 - Stitcher] Stitching contig_147:0-2505
[11:04:38 - Stitcher] Stitching contig_240:0-2338
[11:04:38 - Stitcher] Stitching contig_371:0-3488
[11:04:38 - Stitcher] Stitching contig_38:0-2249
[11:04:38 - Stitcher] Stitching contig_435:0-2454
[11:04:38 - Stitcher] Stitching contig_164:0-2448
[11:04:38 - Stitcher] Stitching contig_431:0-4759
[11:04:38 - Stitcher] Stitching contig_434:0-2471
[11:04:38 - Stitcher] Stitching contig_118:0-3005
[11:04:38 - Stitcher] Stitching contig_55:0-2280
[11:04:38 - Stitcher] Stitching contig_286:0-1744
[11:04:38 - Stitcher] Stitching contig_57:0-2561
[11:04:38 - Stitcher] Stitching contig_432:0-2403
[11:04:38 - Stitcher] Stitching contig_163:0-3018
[11:04:38 - Stitcher] Stitching contig_454:0-2242
[11:04:38 - Stitcher] Stitching contig_348:0-2423
[11:04:38 - Stitcher] Stitching contig_309:0-2879
[11:04:38 - Stitcher] Stitching contig_483:0-4484
[11:04:38 - Stitcher] Stitching contig_126:0-2684
[11:04:38 - Stitcher] Stitching contig_503:0-3652
[11:04:38 - Stitcher] Stitching contig_376:0-2570
[11:04:38 - Stitcher] Stitching contig_262:0-2351
[11:04:38 - Stitcher] Stitching contig_365:0-3303
[11:04:38 - Stitcher] Stitching contig_481:0-4477
[11:04:38 - Stitcher] Stitching contig_440:0-2315
[11:04:38 - Stitcher] Stitching contig_404:0-2226
[11:04:38 - Stitcher] Stitching contig_89:0-2861
[11:04:38 - Stitcher] Stitching contig_495:0-5845
[11:04:38 - Stitcher] Stitching contig_129:0-2369
[11:04:38 - Stitcher] Stitching contig_231:0-2315
[11:04:38 - Stitcher] Stitching contig_263:0-4990
[11:04:38 - Stitcher] Stitching contig_487:0-6887
[11:04:38 - Stitcher] Stitching contig_110:0-2567
[11:04:38 - Stitcher] Stitching contig_461:0-2464
[11:04:38 - Stitcher] Stitching contig_502:0-5893
[11:04:38 - Stitcher] Stitching contig_77:0-2208
[11:04:38 - Stitcher] Stitching contig_320:0-2482
[11:04:38 - Stitcher] Stitching contig_246:0-2396
[11:04:38 - Stitcher] Stitching contig_200:0-2684
[11:04:38 - Stitcher] Stitching contig_368:0-2479
[11:04:38 - Stitcher] Stitching contig_220:0-3424
[11:04:38 - Stitcher] Stitching contig_411:0-2748
[11:04:38 - Stitcher] Stitching contig_186:0-2558
[11:04:38 - Stitcher] Stitching contig_271:0-2303
[11:04:38 - Stitcher] Stitching contig_254:0-2349
[11:04:38 - Stitcher] Stitching contig_261:0-2409
[11:04:38 - Stitcher] Stitching contig_166:0-3511
[11:04:38 - Stitcher] Stitching contig_468:0-3782
[11:04:38 - Stitcher] Stitching contig_351:0-2480
[11:04:38 - Stitcher] Stitching contig_282:0-2217
[11:04:38 - Stitcher] Stitching contig_10:0-2634
[11:04:38 - Stitcher] Stitching contig_283:0-3092
[11:04:38 - Stitcher] Stitching contig_318:0-2459
[11:04:38 - Stitcher] Stitching contig_91:0-3336
[11:04:38 - Stitcher] Stitching contig_43:0-2369
[11:04:38 - Stitcher] Stitching contig_216:0-2342
[11:04:38 - Stitcher] Stitching contig_252:0-2334
[11:04:38 - Stitcher] Stitching contig_281:0-2312
[11:04:38 - Stitcher] Stitching contig_67:0-2622
[11:04:38 - Stitcher] Stitching contig_390:0-3019
[11:04:38 - Stitcher] Stitching contig_93:0-2378
[11:04:38 - Stitcher] Stitching contig_321:0-2356
[11:04:38 - Stitcher] Stitching contig_396:0-2452
[11:04:38 - Stitcher] Stitching contig_239:0-2201
[11:04:38 - Stitcher] Stitching contig_475:0-4130
[11:04:38 - Stitcher] Stitching contig_394:0-2554
[11:04:38 - Stitcher] Stitching contig_471:0-2542
[11:04:38 - Stitcher] Stitching contig_69:0-2345
[11:04:38 - Stitcher] Stitching contig_430:0-3348
[11:04:38 - Stitcher] Stitching contig_500:0-5612
[11:04:38 - Stitcher] Stitching contig_116:0-2653
[11:04:38 - Stitcher] Stitching contig_277:0-2499
[11:04:38 - Stitcher] Stitching contig_420:0-2810
[11:04:38 - Stitcher] Stitching contig_34:0-2561
[11:04:38 - Stitcher] Stitching contig_177:0-2242
[11:04:38 - Stitcher] Stitching contig_23:0-3137
[11:04:38 - Stitcher] Stitching contig_217:0-2632
[11:04:38 - Stitcher] Stitching contig_106:0-3456
[11:04:38 - Stitcher] Stitching contig_37:0-2217
[11:04:38 - Stitcher] Stitching contig_427:0-2251
[11:04:38 - Stitcher] Stitching contig_241:0-2262
[11:04:38 - Stitcher] Stitching contig_278:0-2601
[11:04:38 - Stitcher] Stitching contig_399:0-2911
[11:04:38 - Stitcher] Stitching contig_137:0-2451
[11:04:38 - Stitcher] Stitching contig_101:0-2499
[11:04:38 - Stitcher] Stitching contig_8:0-2014
[11:04:38 - Stitcher] Stitching contig_83:0-2315
[11:04:38 - Stitcher] Stitching contig_107:0-2313
[11:04:38 - Stitcher] Stitching contig_73:0-6609
[11:04:38 - Stitcher] Stitching contig_175:0-3860
[11:04:38 - Stitcher] Stitching contig_35:0-4502
[11:04:38 - Stitcher] Stitching contig_15:0-2573
[11:04:38 - Stitcher] Stitching contig_493:0-3450
[11:04:38 - Stitcher] Stitching contig_199:0-4898
[11:04:38 - Stitcher] Stitching contig_364:0-2299
[11:04:38 - Stitcher] Stitching contig_213:0-2795
[11:04:38 - Stitcher] Stitching contig_159:0-2555
[11:04:38 - Stitcher] Stitching contig_403:0-2266
[11:04:38 - Stitcher] Stitching contig_45:0-3818
[11:04:38 - Stitcher] Stitching contig_518:0-4458
[11:04:38 - Stitcher] Stitching contig_179:0-2253
[11:04:38 - Stitcher] Stitching contig_417:0-2264
[11:04:38 - Stitcher] Stitching contig_130:0-3887
[11:04:38 - Stitcher] Stitching contig_367:0-2674
[11:04:38 - Stitcher] Stitching contig_120:0-3909
[11:04:38 - Stitcher] Stitching contig_13:0-2419
[11:04:38 - Stitcher] Stitching contig_275:0-2234
[11:04:38 - Stitcher] Stitching contig_36:0-2246
[11:04:38 - Stitcher] Stitching contig_71:0-3745
[11:04:38 - Stitcher] Stitching contig_207:0-3258
[11:04:38 - Stitcher] Stitching contig_393:0-2579
[11:04:38 - Stitcher] Stitching contig_288:0-3072
[11:04:38 - Stitcher] Stitching contig_171:0-2707
[11:04:38 - Stitcher] Stitching contig_158:0-3008
[11:04:38 - Stitcher] Stitching contig_249:0-3448
[11:04:38 - Stitcher] Stitching contig_204:0-2772
[11:04:38 - Stitcher] Stitching contig_358:0-2195
[11:04:38 - Stitcher] Stitching contig_14:0-2223
[11:04:38 - Stitcher] Stitching contig_133:0-2418
[11:04:38 - Stitcher] Stitching contig_266:0-2357
[11:04:38 - Stitcher] Stitching contig_208:0-2714
[11:04:38 - Stitcher] Stitching contig_459:0-2442
[11:04:38 - Stitcher] Stitching contig_178:0-6080
[11:04:38 - Stitcher] Stitching contig_482:0-2477
[11:04:38 - Stitcher] Stitching contig_79:0-7018
[11:04:38 - Stitcher] Stitching contig_356:0-3217
[11:04:38 - Stitcher] Stitching contig_139:0-3122
[11:04:38 - Stitcher] Stitching contig_3:0-2425
[11:04:38 - Stitcher] Stitching contig_311:0-2355
[11:04:38 - Stitcher] Stitching contig_413:0-3315
[11:04:38 - Stitcher] Stitching contig_111:0-2617
[11:04:38 - Stitcher] Stitching contig_330:0-2351
[11:04:38 - Stitcher] Stitching contig_24:0-2301
[11:04:38 - Stitcher] Stitching contig_60:0-2232
[11:04:38 - Stitcher] Stitching contig_428:0-6683
[11:04:38 - Stitcher] Stitching contig_334:0-2523
[11:04:38 - Stitcher] Stitching contig_378:0-4390
[11:04:38 - Stitcher] Stitching contig_360:0-2348
[11:04:38 - Stitcher] Stitching contig_210:0-2305
[11:04:38 - Stitcher] Stitching contig_317:0-4365
[11:04:38 - Stitcher] Stitching contig_331:0-2257
[11:04:38 - Stitcher] Stitching contig_264:0-2350
[11:04:38 - Stitcher] Stitching contig_504:0-6349
[11:04:38 - Stitcher] Stitching contig_298:0-2658
[11:04:38 - Stitcher] Stitching contig_276:0-3137
[11:04:38 - Stitcher] Stitching contig_477:0-2339
[11:04:38 - Stitcher] Stitching contig_517:0-6687
[11:04:38 - Stitcher] Stitching contig_250:0-2323
[11:04:38 - Stitcher] Stitching contig_465:0-2359
[11:04:38 - Stitcher] Stitching contig_138:0-2690
[11:04:38 - Stitcher] Stitching contig_299:0-2362
[11:04:38 - Stitcher] Stitching contig_505:0-4165
[11:04:38 - Stitcher] Stitching contig_257:0-2221
[11:04:38 - Stitcher] Stitching contig_243:0-2389
[11:04:38 - Stitcher] Stitching contig_7:0-2839
[11:04:38 - Stitcher] Stitching contig_290:0-4753
[11:04:38 - Stitcher] Stitching contig_338:0-2763
[11:04:38 - Stitcher] Stitching contig_384:0-2216
[11:04:38 - Stitcher] Stitching contig_512:0-2305
[11:04:38 - Stitcher] Stitching contig_66:0-3889
[11:04:38 - Stitcher] Stitching contig_511:0-3979
[11:04:38 - Stitcher] Stitching contig_323:0-2448
[11:04:38 - Stitcher] Stitching contig_134:0-2361
[11:04:38 - Stitcher] Stitching contig_319:0-2882
[11:04:38 - Stitcher] Stitching contig_224:0-3088
[11:04:38 - Stitcher] Stitching contig_425:0-2464
[11:04:38 - Stitcher] Stitching contig_144:0-2341
[11:04:38 - Stitcher] Stitching contig_457:0-2279
[11:04:38 - Stitcher] Stitching contig_460:0-5065
[11:04:38 - Stitcher] Stitching contig_230:0-2551
[11:04:38 - Stitcher] Stitching contig_392:0-2452
[11:04:38 - Stitcher] Stitching contig_74:0-2323
[11:04:38 - Stitcher] Stitching contig_88:0-7184
[11:04:38 - Stitcher] Stitching contig_41:0-2700
[11:04:38 - Stitcher] Stitching contig_366:0-3226
[11:04:38 - Stitcher] Stitching contig_167:0-2281
[11:04:38 - Stitcher] Stitching contig_498:0-3687
[11:04:38 - Stitcher] Stitching contig_453:0-4206
[11:04:38 - Stitcher] Stitching contig_181:0-2574
[11:04:38 - Stitcher] Stitching contig_169:0-3019
[11:04:38 - Stitcher] Stitching contig_219:0-2535
[11:04:38 - Stitcher] Stitching contig_350:0-2517
[11:04:38 - Stitcher] Stitching contig_514:0-4694
[11:04:38 - Stitcher] Stitching contig_65:0-4272
[11:04:38 - Stitcher] Stitching contig_64:0-2929
[11:04:38 - Stitcher] Stitching contig_155:0-2783
[11:04:38 - Stitcher] Stitching contig_380:0-2352
[11:04:38 - Stitcher] Stitching contig_174:0-2624
[11:04:38 - Stitcher] Stitching contig_141:0-2414
[11:04:38 - Stitcher] Stitching contig_293:0-4236
[11:04:38 - Stitcher] Stitching contig_387:0-2704
[11:04:38 - Stitcher] Stitching contig_449:0-2361
[11:04:38 - Stitcher] Stitching contig_302:0-6278
[11:04:38 - Stitcher] Stitching contig_492:0-8208
[11:04:38 - Stitcher] Stitching contig_108:0-3760
[11:04:38 - Stitcher] Stitching contig_203:0-2342
[11:04:38 - Stitcher] Stitching contig_260:0-2347
[11:04:38 - Stitcher] Stitching contig_476:0-3813
[11:04:38 - Stitcher] Stitching contig_433:0-4861
[11:04:38 - Stitcher] Stitching contig_235:0-5398
[11:04:38 - Stitcher] Stitching contig_345:0-3024
[11:04:38 - Stitcher] Stitching contig_424:0-2410
[11:04:38 - Stitcher] Stitching contig_441:0-2738
[11:04:38 - Stitcher] Stitching contig_349:0-2510
[11:04:38 - Stitcher] Stitching contig_148:0-2219
[11:04:38 - Stitcher] Stitching contig_359:0-2423
[11:04:38 - Stitcher] Stitching contig_190:0-2331
[11:04:38 - Stitcher] Stitching contig_11:0-6414
[11:04:38 - Stitcher] Stitching contig_195:0-2694
[11:04:38 - Stitcher] Stitching contig_80:0-2761
[11:04:38 - Stitcher] Stitching contig_405:0-4619
[11:04:38 - Stitcher] Stitching contig_127:0-2277
[11:04:38 - Stitcher] Stitching contig_123:0-2247
[11:04:38 - Stitcher] Stitching contig_507:0-3869
[11:04:38 - Stitcher] Stitching contig_295:0-2282
[11:04:38 - Stitcher] Stitching contig_162:0-2352
[11:04:38 - Stitcher] Stitching contig_21:0-3605
[11:04:38 - Stitcher] Stitching contig_346:0-3101
[11:04:38 - Stitcher] Stitching contig_363:0-2596
[11:04:38 - Stitcher] Stitching contig_218:0-2417
[11:04:38 - Stitcher] Stitching contig_75:0-2259
[11:04:38 - Stitcher] Stitching contig_121:0-2217
[11:04:38 - Stitcher] Stitching contig_136:0-6040
[11:04:38 - Stitcher] Stitching contig_273:0-2390
[11:04:38 - Stitcher] Stitching contig_285:0-2872
[11:04:38 - Stitcher] Stitching contig_187:0-4995
[11:04:38 - Stitcher] Stitching contig_463:0-2224
[11:04:38 - Stitcher] Stitching contig_223:0-2656
[11:04:38 - Stitcher] Stitching contig_28:0-2262
[11:04:38 - Stitcher] Stitching contig_422:0-2823
[11:04:38 - Stitcher] Stitching contig_379:0-2258
[11:04:38 - Stitcher] Stitching contig_124:0-2275
[11:04:38 - Stitcher] Stitching contig_325:0-5608
[11:04:38 - Stitcher] Stitching contig_119:0-3273
[11:04:38 - Stitcher] Stitching contig_300:0-2622
[11:04:38 - Stitcher] Stitching contig_202:0-2934
[11:04:38 - Stitcher] Stitching contig_102:0-2342
[11:04:38 - Stitcher] Stitching contig_509:0-4290
[11:04:38 - Stitcher] Stitching contig_244:0-3179
[11:04:38 - Stitcher] Stitching contig_443:0-2268
[11:04:38 - Stitcher] Stitching contig_5:0-2346
[11:04:38 - Stitcher] Stitching contig_414:0-2447
[11:04:38 - Stitcher] Stitching contig_499:0-2417
[11:04:38 - Stitcher] Stitching contig_361:0-2422
[11:04:38 - Stitcher] Stitching contig_206:0-2414
[11:04:38 - Stitcher] Stitching contig_388:0-2448
[11:04:38 - Stitcher] Stitching contig_479:0-2281
[11:04:38 - Stitcher] Stitching contig_381:0-3147
[11:04:38 - Stitcher] Stitching contig_480:0-5456
[11:04:38 - Stitcher] Stitching contig_27:0-2483
[11:04:38 - Stitcher] Stitching contig_372:0-2204
[11:04:38 - Stitcher] Stitching contig_197:0-4328
[11:04:38 - Stitcher] Stitching contig_314:0-2844
[11:04:38 - Stitcher] Stitching contig_212:0-3873
[11:04:38 - Stitcher] Stitching contig_332:0-2934
[11:04:38 - Stitcher] Stitching contig_44:0-2245
[11:04:38 - Stitcher] Stitching contig_333:0-2492
[11:04:38 - Stitcher] Stitching contig_221:0-2529
[11:04:38 - Stitcher] Stitching contig_160:0-5630
[11:04:38 - Stitcher] Stitching contig_310:0-2512
[11:04:38 - Stitcher] Stitching contig_516:0-2351
[11:04:38 - Stitcher] Stitching contig_25:0-2611
[11:04:38 - Stitcher] Stitching contig_90:0-2366
[11:04:38 - Stitcher] Stitching contig_419:0-2525
[11:04:38 - Stitcher] Stitching contig_336:0-3801
[11:04:38 - Stitcher] Stitching contig_415:0-2828
[11:04:38 - Stitcher] Stitching contig_62:0-4476
[11:04:38 - Stitcher] Stitching contig_357:0-2823
[11:04:38 - Stitcher] Stitching contig_274:0-4551
[11:04:38 - Stitcher] Stitching contig_335:0-3009
[11:04:38 - Stitcher] Stitching contig_445:0-2758
[11:04:38 - Stitcher] Stitching contig_316:0-2290
[11:04:38 - Stitcher] Stitching contig_362:0-2409
[11:04:38 - Stitcher] Stitching contig_26:0-3879
[11:04:38 - Stitcher] Stitching contig_355:0-2475
[11:04:38 - Stitcher] Stitching contig_188:0-2250
[11:04:38 - Stitcher] Stitching contig_291:0-2201
[11:04:38 - Stitcher] Stitching contig_301:0-2712
[11:04:38 - Stitcher] Stitching contig_222:0-2449
[11:04:38 - Stitcher] Stitching contig_328:0-3043
[11:04:38 - Stitcher] Stitching contig_19:0-3427
[11:04:38 - Stitcher] Stitching contig_389:0-2594
[11:04:38 - Stitcher] Stitching contig_180:0-2305
[11:04:38 - Stitcher] Stitching contig_59:0-4577
[11:04:38 - Stitcher] Stitching contig_183:0-3154
[11:04:38 - Stitcher] Stitching contig_383:0-2611
[11:04:38 - Stitcher] Stitching contig_40:0-2510
[11:04:38 - Stitcher] Stitching contig_458:0-2290
[11:04:38 - Stitcher] Stitching contig_161:0-2413
[11:04:38 - Stitcher] Stitching contig_391:0-2327
[11:04:39 - Stitcher] Stitching contig_373:0-3086
[11:04:39 - Stitcher] Stitching contig_39:0-4491
[11:04:39 - Stitcher] Stitching contig_227:0-2381
[11:04:39 - Stitcher] Stitching contig_104:0-2493
[11:04:39 - Stitcher] Stitching contig_113:0-3338
[11:04:39 - Stitcher] Stitching contig_168:0-2201
[11:04:39 - Stitcher] Stitching contig_29:0-2332
[11:04:39 - Stitcher] Stitching contig_140:0-2480
[11:04:39 - Stitcher] Stitching contig_170:0-2472
[11:04:39 - Stitcher] Stitching contig_58:0-2440
[11:04:39 - Stitcher] Stitching contig_94:0-3243
[11:04:39 - Stitcher] Stitching contig_151:0-3970
[11:04:39 - Stitcher] Stitching contig_439:0-4932
[11:04:39 - Stitcher] Stitching contig_375:0-3024
[11:04:39 - Stitcher] Stitching contig_184:0-2320
[11:04:39 - Stitcher] Stitching contig_416:0-3856
[11:04:39 - Stitcher] Stitching contig_412:0-2240
[11:04:39 - Stitcher] Stitching contig_397:0-5758
[11:04:39 - Stitcher] Stitching contig_153:0-3101
[11:04:39 - Stitcher] Stitching contig_402:0-2767
[11:04:39 - Stitcher] Stitching contig_448:0-2719
[11:04:39 - Stitcher] Stitching contig_78:0-2618
[11:04:39 - Stitcher] Stitching contig_385:0-2653
[11:04:39 - Stitcher] Stitching contig_225:0-2207
[11:04:39 - Stitcher] Stitching contig_56:0-2220
[11:04:39 - Stitcher] Stitching contig_68:0-4470
[11:04:39 - Stitcher] Stitching contig_237:0-2417
[11:04:39 - Stitcher] Stitching contig_245:0-5191
[11:04:39 - Stitcher] Stitching contig_451:0-2883
[11:04:39 - Stitcher] Stitching contig_501:0-3765
[11:04:39 - Stitcher] Stitching contig_409:0-2418
[11:04:39 - Stitcher] Stitching contig_473:0-2667
[11:04:39 - Stitcher] Stitching contig_81:0-2530
[11:04:39 - Stitcher] Stitching contig_304:0-2339
[11:04:39 - Stitcher] Stitching contig_307:0-2561
[11:04:39 - Stitcher] Stitching contig_513:0-2203
[11:04:39 - Stitcher] Stitching contig_135:0-3377
[11:04:39 - Stitcher] Stitching contig_324:0-2464
[11:04:39 - Stitcher] Stitching contig_229:0-3884
[11:04:39 - Stitcher] Stitching contig_61:0-2113
[11:04:39 - Stitcher] Stitching contig_145:0-5192
[11:04:39 - Stitcher] Stitching contig_100:0-2332
[11:04:39 - Stitcher] Stitching contig_49:0-2266
[11:04:39 - Stitcher] Stitching contig_296:0-2742
[11:04:39 - Stitcher] Stitching contig_326:0-6285
[11:04:39 - Stitcher] Stitching contig_408:0-2555
[11:04:39 - Stitcher] Stitching contig_313:0-2436
[11:04:39 - Stitcher] Stitching contig_292:0-5842
[11:04:39 - Stitcher] Stitching contig_462:0-2331
[11:04:39 - Stitcher] Stitching contig_9:0-3237
[11:04:39 - Stitcher] Stitching contig_1:0-1700
[11:04:39 - Stitcher] Stitching contig_30:0-4508
[11:04:39 - Stitcher] Stitching contig_85:0-4251
[11:04:39 - Stitcher] Stitching contig_98:0-2324
[11:04:39 - Stitcher] Stitching contig_484:0-2287
[11:04:39 - Stitcher] Stitching contig_474:0-4511
[11:04:39 - Stitcher] Stitching contig_289:0-4394
[11:04:39 - Stitcher] Stitching contig_112:0-2248
[11:04:39 - Stitcher] Stitching contig_340:0-2551
[11:04:39 - Stitcher] Stitching contig_400:0-2617
[11:04:39 - Stitcher] Stitching contig_377:0-2688
[11:04:39 - Stitcher] Stitching contig_267:0-2769
[11:04:39 - Stitcher] Stitching contig_196:0-2492
[11:04:39 - Stitcher] Stitching contig_354:0-2951
[11:04:39 - Stitcher] Stitching contig_322:0-2670
[11:04:39 - Stitcher] Stitching contig_242:0-2249
[11:04:39 - Stitcher] Stitching contig_22:0-2376
[11:04:39 - Stitcher] Stitching contig_172:0-2203
[11:04:39 - Stitcher] Stitching contig_131:0-2355
[11:04:39 - Stitcher] Stitching contig_122:0-2972
[11:04:39 - Stitcher] Stitching contig_209:0-4484
[11:04:39 - Stitcher] Stitching contig_54:0-2732
[11:04:39 - Stitcher] Stitching contig_46:0-2250
[11:04:39 - Stitcher] Stitching contig_238:0-4736
[11:04:39 - Stitcher] Stitching contig_496:0-4589
[11:04:39 - Stitcher] Stitching contig_490:0-8190
[11:04:39 - Stitcher] Stitching contig_150:0-2316
[11:04:39 - Stitcher] Stitching contig_109:0-3187
[11:04:39 - Stitcher] Stitching contig_156:0-2255
[11:04:39 - Stitcher] Stitching contig_173:0-2377
[11:04:39 - Stitcher] Stitching contig_63:0-3551
[11:04:39 - Stitcher] Stitching contig_96:0-6466
[11:04:39 - Stitcher] Stitching contig_18:0-5180
[11:04:39 - Stitcher] Stitching contig_117:0-4774
[11:04:39 - Stitcher] Stitching contig_198:0-2283
[11:04:39 - Stitcher] Stitching contig_423:0-2600
[11:04:39 - Stitcher] Stitching contig_303:0-1507
[11:04:39 - Stitcher] Stitching contig_438:0-4533
[11:04:39 - Stitcher] Stitching contig_280:0-3269
[11:04:39 - Stitcher] Stitching contig_352:0-2753
[11:04:39 - Stitcher] Stitching contig_426:0-2288
[11:04:39 - Stitcher] Stitching contig_157:0-2519
[11:04:39 - Stitcher] Stitching contig_382:0-2816
[11:04:39 - Stitcher] Stitching contig_52:0-2397
[11:04:39 - Stitcher] Stitching contig_82:0-2616
[11:04:39 - Stitcher] Stitching contig_72:0-2283
[11:04:39 - Stitcher] Stitching contig_128:0-2316
[11:04:39 - Stitcher] Stitching contig_488:0-7651
[11:04:39 - Stitcher] Stitching contig_32:0-5525
[11:04:39 - Stitcher] Stitching contig_2:0-1489
[11:04:39 - Stitcher] Stitching contig_194:0-2994
[11:04:39 - Stitcher] Stitching contig_508:0-3910
[11:04:39 - Stitcher] Stitching contig_253:0-2495
[11:04:39 - Stitcher] Stitching contig_16:0-2389
[11:04:39 - Stitcher] Stitching contig_182:0-2759
[11:04:39 - Stitcher] Stitching contig_142:0-2402
[11:04:39 - Stitcher] Stitching contig_70:0-2409
[11:04:39 - Stitcher] Stitching contig_84:0-2545
[11:04:39 - Stitcher] Stitching contig_234:0-3102
[11:04:39 - Stitcher] Stitching contig_248:0-4121
[11:04:39 - Stitcher] Stitching contig_353:0-2733
[11:04:39 - Stitcher] Stitching contig_506:0-5957
[11:04:39 - Stitcher] Stitching contig_421:0-2681
[11:04:39 - Stitcher] Stitching contig_17:0-3264
[11:04:39 - Stitcher] Stitching contig_251:0-2770
[11:04:39 - Stitcher] Stitching contig_33:0-4679
[11:04:39 - Stitcher] Stitching contig_395:0-2810
[11:04:39 - Stitcher] Stitching contig_272:0-3241
[11:04:39 - Stitcher] Stitching contig_450:0-2254
[11:04:39 - Stitcher] Stitching contig_446:0-2815
[11:04:39 - Stitcher] Stitching contig_103:0-4401
[11:04:39 - Stitcher] Stitching contig_6:0-2774
[11:04:39 - Stitcher] Stitching contig_125:0-2535
