/data/djs217/miniconda3/lib/python3.12/site-packages/hybracter/workflow/conda/f3634b33ec8fb5711a0153c480705631_/lib/python3.11/site-packages/medaka/common.py:16: UserWarning: pkg_resources is deprecated as an API. See https://setuptools.pypa.io/en/latest/pkg_resources.html. The pkg_resources package is slated for removal as early as 2025-11-30. Refrain from using this package or pin to Setuptools<81.
  from pkg_resources import resource_filename
/data/djs217/miniconda3/lib/python3.12/site-packages/hybracter/workflow/conda/f3634b33ec8fb5711a0153c480705631_/lib/python3.11/site-packages/medaka/common.py:16: UserWarning: pkg_resources is deprecated as an API. See https://setuptools.pypa.io/en/latest/pkg_resources.html. The pkg_resources package is slated for removal as early as 2025-11-30. Refrain from using this package or pin to Setuptools<81.
  from pkg_resources import resource_filename
/data/djs217/miniconda3/lib/python3.12/site-packages/hybracter/workflow/conda/f3634b33ec8fb5711a0153c480705631_/lib/python3.11/site-packages/medaka/common.py:16: UserWarning: pkg_resources is deprecated as an API. See https://setuptools.pypa.io/en/latest/pkg_resources.html. The pkg_resources package is slated for removal as early as 2025-11-30. Refrain from using this package or pin to Setuptools<81.
  from pkg_resources import resource_filename
[11:34:27 - MdlStrTGZ] Successfully removed temporary files from /tmp/tmptf9p2i84.
/data/djs217/miniconda3/lib/python3.12/site-packages/hybracter/workflow/conda/f3634b33ec8fb5711a0153c480705631_/lib/python3.11/site-packages/medaka/common.py:16: UserWarning: pkg_resources is deprecated as an API. See https://setuptools.pypa.io/en/latest/pkg_resources.html. The pkg_resources package is slated for removal as early as 2025-11-30. Refrain from using this package or pin to Setuptools<81.
  from pkg_resources import resource_filename
[11:34:28 - MdlStrTGZ] Successfully removed temporary files from /tmp/tmph8r35c42.
Creating fai index file /data/djs217/vibrio/P0213_250813_11813/01_raw_reads/hybracter_out/processing/incomp_pre_polish/11813_EXE_33_2024_E_PBC74148.fasta.fai
Creating mmi index file /data/djs217/vibrio/P0213_250813_11813/01_raw_reads/hybracter_out/processing/incomp_pre_polish/11813_EXE_33_2024_E_PBC74148.fasta.map-ont.mmi
[M::mm_idx_gen::0.115*1.02] collected minimizers
[M::mm_idx_gen::0.162*1.49] sorted minimizers
[M::main::0.207*1.38] loaded/built the index for 867 target sequence(s)
[M::mm_idx_stat] kmer size: 15; skip: 10; is_hpc: 0; #seq: 867
[M::mm_idx_stat::0.216*1.37] distinct minimizers: 570767 (94.56% are singletons); average occurrences: 1.060; average spacing: 5.358; total length: 3241101
[M::main] Version: 2.30-r1287
[M::main] CMD: minimap2 -I 16G -x map-ont -d /data/djs217/vibrio/P0213_250813_11813/01_raw_reads/hybracter_out/processing/incomp_pre_polish/11813_EXE_33_2024_E_PBC74148.fasta.map-ont.mmi /data/djs217/vibrio/P0213_250813_11813/01_raw_reads/hybracter_out/processing/incomp_pre_polish/11813_EXE_33_2024_E_PBC74148.fasta
[M::main] Real time: 0.222 sec; CPU: 0.302 sec; Peak RSS: 0.030 GB
[M::main::0.051*1.06] loaded/built the index for 867 target sequence(s)
[M::mm_mapopt_update::0.063*1.05] mid_occ = 10
[M::mm_idx_stat] kmer size: 15; skip: 10; is_hpc: 0; #seq: 867
[M::mm_idx_stat::0.070*1.04] distinct minimizers: 570767 (94.56% are singletons); average occurrences: 1.060; average spacing: 5.358; total length: 3241101
[M::worker_pipeline::21.649*0.93] mapped 55908 sequences
[M::main] Version: 2.30-r1287
[M::main] CMD: minimap2 -x map-ont --secondary=no -L --MD -A 2 -B 4 -O 4,24 -E 2,1 -t 1 -a /data/djs217/vibrio/P0213_250813_11813/01_raw_reads/hybracter_out/processing/incomp_pre_polish/11813_EXE_33_2024_E_PBC74148.fasta.map-ont.mmi /data/djs217/vibrio/P0213_250813_11813/01_raw_reads/hybracter_out/processing/qc/11813_EXE_33_2024_E_PBC74148_filt_trim.fastq.gz
[M::main] Real time: 21.657 sec; CPU: 20.232 sec; Peak RSS: 0.212 GB
/data/djs217/miniconda3/lib/python3.12/site-packages/hybracter/workflow/conda/f3634b33ec8fb5711a0153c480705631_/lib/python3.11/site-packages/medaka/common.py:16: UserWarning: pkg_resources is deprecated as an API. See https://setuptools.pypa.io/en/latest/pkg_resources.html. The pkg_resources package is slated for removal as early as 2025-11-30. Refrain from using this package or pin to Setuptools<81.
  from pkg_resources import resource_filename
[11:34:56 - Predict] Processing region(s): contig_1:0-5570 contig_10:0-2309 contig_100:0-3065 contig_101:0-10302 contig_102:0-6995 contig_103:0-7824 contig_104:0-9578 contig_105:0-2499 contig_106:0-2418 contig_107:0-7183 contig_108:0-2835 contig_109:0-3716 contig_11:0-2907 contig_110:0-4387 contig_111:0-6322 contig_112:0-6308 contig_113:0-5223 contig_114:0-2611 contig_115:0-2212 contig_116:0-2379 contig_117:0-6459 contig_118:0-3071 contig_119:0-6381 contig_12:0-2303 contig_120:0-2483 contig_121:0-2596 contig_122:0-2221 contig_123:0-4341 contig_124:0-3742 contig_125:0-2320 contig_126:0-7336 contig_127:0-3069 contig_128:0-7366 contig_129:0-2499 contig_13:0-2259 contig_130:0-3067 contig_131:0-2459 contig_132:0-2607 contig_133:0-2724 contig_134:0-4270 contig_135:0-2257 contig_136:0-4291 contig_137:0-5446 contig_138:0-2554 contig_139:0-2817 contig_14:0-6344 contig_140:0-3866 contig_141:0-5860 contig_142:0-2472 contig_143:0-2344 contig_144:0-4589 contig_145:0-2356 contig_146:0-6100 contig_147:0-5854 contig_148:0-2293 contig_149:0-2409 contig_15:0-5610 contig_150:0-2434 contig_151:0-4117 contig_152:0-5696 contig_153:0-2422 contig_154:0-4977 contig_155:0-2400 contig_156:0-7454 contig_157:0-5354 contig_158:0-2300 contig_159:0-3219 contig_16:0-2853 contig_160:0-2807 contig_161:0-2465 contig_162:0-3114 contig_163:0-2504 contig_164:0-2606 contig_165:0-2655 contig_166:0-6102 contig_167:0-2600 contig_168:0-2255 contig_169:0-5887 contig_17:0-2499 contig_170:0-4136 contig_171:0-2882 contig_172:0-2219 contig_173:0-7297 contig_174:0-2296 contig_175:0-2399 contig_176:0-5988 contig_177:0-2724 contig_178:0-3923 contig_179:0-3833 contig_18:0-5502 contig_180:0-3504 contig_181:0-4483 contig_182:0-2545 contig_183:0-3887 contig_184:0-2230 contig_185:0-5469 contig_186:0-2639 contig_187:0-2312 contig_188:0-2686 contig_189:0-2364 contig_19:0-2806 contig_190:0-3515 contig_191:0-2490 contig_192:0-6582 contig_193:0-6808 contig_194:0-2206 contig_195:0-5485 contig_196:0-6274 contig_197:0-6468 contig_198:0-2255 contig_199:0-2582 contig_2:0-3300 contig_20:0-3220 contig_200:0-5611 contig_201:0-2240 contig_202:0-2270 contig_203:0-2479 contig_204:0-9404 contig_205:0-2814 contig_206:0-2721 contig_207:0-5560 contig_208:0-3008 contig_209:0-5321 contig_21:0-10496 contig_210:0-7277 contig_211:0-2247 contig_212:0-3098 contig_213:0-3307 contig_214:0-2450 contig_215:0-9924 contig_216:0-2461 contig_217:0-2308 contig_218:0-4483 contig_219:0-2595 contig_22:0-4706 contig_220:0-2558 contig_221:0-3217 contig_222:0-2513 contig_223:0-8066 contig_224:0-2724 contig_225:0-2418 contig_226:0-2792 contig_227:0-6400 contig_228:0-2353 contig_229:0-2885 contig_23:0-5067 contig_230:0-2609 contig_231:0-11069 contig_232:0-3896 contig_233:0-2273 contig_234:0-2229 contig_235:0-6098 contig_236:0-3253 contig_237:0-2733 contig_238:0-2913 contig_239:0-3272 contig_24:0-2322 contig_240:0-6983 contig_241:0-3056 contig_242:0-2325 contig_243:0-3635 contig_244:0-2548 contig_245:0-4978 contig_246:0-2286 contig_247:0-2498 contig_248:0-4255 contig_249:0-2413 contig_25:0-2760 contig_250:0-2312 contig_251:0-9451 contig_252:0-2735 contig_253:0-2292 contig_254:0-3094 contig_255:0-2865 contig_256:0-5966 contig_257:0-2732 contig_258:0-2385 contig_259:0-2640 contig_26:0-3001 contig_260:0-4208 contig_261:0-2237 contig_262:0-6626 contig_263:0-5122 contig_264:0-12914 contig_265:0-2685 contig_266:0-3195 contig_267:0-4798 contig_268:0-2530 contig_269:0-2222 contig_27:0-2948 contig_270:0-3677 contig_271:0-3833 contig_272:0-2712 contig_273:0-12735 contig_274:0-5026 contig_275:0-6901 contig_276:0-2284 contig_277:0-2330 contig_278:0-4667 contig_279:0-3210 contig_28:0-2427 contig_280:0-2345 contig_281:0-2261 contig_282:0-2477 contig_283:0-2294 contig_284:0-2250 contig_285:0-2542 contig_286:0-2425 contig_287:0-2224 contig_288:0-2392 contig_289:0-2766 contig_29:0-2353 contig_290:0-2710 contig_291:0-2425 contig_292:0-2253 contig_293:0-4382 contig_294:0-7451 contig_295:0-3021 contig_296:0-2533 contig_297:0-2304 contig_298:0-2241 contig_299:0-2405 contig_3:0-2228 contig_30:0-2426 contig_300:0-2553 contig_301:0-2421 contig_302:0-2256 contig_303:0-3930 contig_304:0-2327 contig_305:0-2820 contig_306:0-2611 contig_307:0-2405 contig_308:0-2880 contig_309:0-2277 contig_31:0-1878 contig_310:0-3849 contig_311:0-6059 contig_312:0-3133 contig_313:0-2459 contig_314:0-2322 contig_315:0-2324 contig_316:0-2464 contig_317:0-2655 contig_318:0-2878 contig_319:0-2232 contig_32:0-1438 contig_320:0-2407 contig_321:0-2662 contig_322:0-2506 contig_323:0-4640 contig_324:0-2644 contig_325:0-4262 contig_326:0-2635 contig_327:0-2423 contig_328:0-4351 contig_329:0-3903 contig_33:0-2240 contig_330:0-3176 contig_331:0-2232 contig_332:0-2368 contig_333:0-2628 contig_334:0-2685 contig_335:0-8229 contig_336:0-11995 contig_337:0-2744 contig_338:0-2560 contig_339:0-2469 contig_34:0-7772 contig_340:0-2463 contig_341:0-2504 contig_342:0-2995 contig_343:0-3980 contig_344:0-2380 contig_345:0-2838 contig_346:0-2950 contig_347:0-2774 contig_348:0-2277 contig_349:0-2664 contig_35:0-5186 contig_350:0-2978 contig_351:0-2763 contig_352:0-2265 contig_353:0-6641 contig_354:0-4252 contig_355:0-2954 contig_356:0-3259 contig_357:0-5424 contig_358:0-2441 contig_359:0-6845 contig_36:0-6574 contig_360:0-5840 contig_361:0-3307 contig_362:0-4091 contig_363:0-3931 contig_364:0-4733 contig_365:0-2727 contig_366:0-2204 contig_367:0-2482 contig_368:0-2633 contig_369:0-2721 contig_37:0-3144 contig_370:0-2201 contig_371:0-4224 contig_372:0-9250 contig_373:0-3107 contig_374:0-2402 contig_375:0-2550 contig_376:0-2279 contig_377:0-2415 contig_378:0-2537 contig_379:0-2530 contig_38:0-8401 contig_380:0-8731 contig_381:0-2571 contig_382:0-2295 contig_383:0-2400 contig_384:0-5192 contig_385:0-2354 contig_386:0-2301 contig_387:0-4726 contig_388:0-2482 contig_389:0-5274 contig_39:0-2301 contig_390:0-2943 contig_391:0-2635 contig_392:0-2799 contig_393:0-4127 contig_394:0-2303 contig_395:0-2629 contig_396:0-2465 contig_397:0-3012 contig_398:0-2955 contig_399:0-2574 contig_4:0-2480 contig_40:0-2279 contig_400:0-2358 contig_401:0-4573 contig_402:0-2814 contig_403:0-2786 contig_404:0-2274 contig_405:0-2544 contig_406:0-3093 contig_407:0-4723 contig_408:0-3727 contig_409:0-2626 contig_41:0-9093 contig_410:0-4430 contig_411:0-10609 contig_412:0-3076 contig_413:0-4680 contig_414:0-11873 contig_415:0-2527 contig_416:0-2267 contig_417:0-2263 contig_418:0-4036 contig_419:0-2975 contig_42:0-2680 contig_420:0-14087 contig_421:0-2342 contig_422:0-2225 contig_423:0-2261 contig_424:0-2318 contig_425:0-2293 contig_426:0-2932 contig_427:0-4270 contig_428:0-2647 contig_429:0-2443 contig_43:0-2247 contig_430:0-2229 contig_431:0-5445 contig_432:0-7312 contig_433:0-4514 contig_434:0-4109 contig_435:0-2541 contig_436:0-4807 contig_437:0-2394 contig_438:0-2815 contig_439:0-4156 contig_44:0-2545 contig_440:0-5311 contig_441:0-2437 contig_442:0-2382 contig_443:0-2580 contig_444:0-4518 contig_445:0-2259 contig_446:0-2662 contig_447:0-2586 contig_448:0-2970 contig_449:0-2297 contig_45:0-2274 contig_450:0-2374 contig_451:0-4255 contig_452:0-2306 contig_453:0-2422 contig_454:0-2778 contig_455:0-2208 contig_456:0-2489 contig_457:0-2235 contig_458:0-2710 contig_459:0-2382 contig_46:0-4293 contig_460:0-2607 contig_461:0-3345 contig_462:0-2268 contig_463:0-3109 contig_464:0-2521 contig_465:0-2306 contig_466:0-2902 contig_467:0-2663 contig_468:0-2714 contig_469:0-2593 contig_47:0-2213 contig_470:0-2343 contig_471:0-4513 contig_472:0-3628 contig_473:0-2268 contig_474:0-2266 contig_475:0-2241 contig_476:0-2210 contig_477:0-2568 contig_478:0-6375 contig_479:0-2990 contig_48:0-3890 contig_480:0-2204 contig_481:0-3337 contig_482:0-2466 contig_483:0-2288 contig_484:0-2331 contig_485:0-2293 contig_486:0-2781 contig_487:0-6084 contig_488:0-2453 contig_489:0-2391 contig_49:0-6465 contig_490:0-2231 contig_491:0-2461 contig_492:0-2205 contig_493:0-2534 contig_494:0-3505 contig_495:0-2543 contig_496:0-2359 contig_497:0-2776 contig_498:0-5297 contig_499:0-2402 contig_5:0-2248 contig_50:0-2520 contig_500:0-2380 contig_501:0-7900 contig_502:0-2880 contig_503:0-3424 contig_504:0-2343 contig_505:0-5758 contig_506:0-2524 contig_507:0-4506 contig_508:0-3482 contig_509:0-2304 contig_51:0-6689 contig_510:0-2459 contig_511:0-4442 contig_512:0-2977 contig_513:0-3230 contig_514:0-3756 contig_515:0-2998 contig_516:0-2267 contig_517:0-3116 contig_518:0-16923 contig_519:0-1817 contig_52:0-10615 contig_520:0-7152 contig_521:0-3207 contig_522:0-2926 contig_523:0-4322 contig_524:0-2755 contig_525:0-3392 contig_526:0-4258 contig_527:0-5689 contig_528:0-3159 contig_529:0-2197 contig_53:0-4368 contig_530:0-3345 contig_531:0-4038 contig_532:0-2914 contig_533:0-2577 contig_534:0-3317 contig_535:0-5329 contig_536:0-2698 contig_537:0-2411 contig_538:0-2390 contig_539:0-2435 contig_54:0-3597 contig_540:0-2495 contig_541:0-3828 contig_542:0-2486 contig_543:0-3549 contig_544:0-2391 contig_545:0-2211 contig_546:0-2468 contig_547:0-2956 contig_548:0-2955 contig_549:0-2243 contig_55:0-6367 contig_550:0-2223 contig_551:0-2812 contig_552:0-4516 contig_553:0-2415 contig_554:0-2354 contig_555:0-3257 contig_556:0-2408 contig_557:0-2232 contig_558:0-2228 contig_559:0-2693 contig_56:0-4033 contig_560:0-5612 contig_561:0-2628 contig_562:0-2545 contig_563:0-2821 contig_564:0-2609 contig_565:0-2945 contig_566:0-2260 contig_567:0-4430 contig_568:0-2553 contig_569:0-2211 contig_57:0-2216 contig_570:0-5577 contig_571:0-2501 contig_572:0-1392 contig_573:0-2445 contig_574:0-5852 contig_575:0-2338 contig_576:0-2869 contig_577:0-2382 contig_578:0-2271 contig_579:0-2295 contig_58:0-2247 contig_580:0-2316 contig_581:0-2606 contig_582:0-3097 contig_583:0-2569 contig_584:0-3003 contig_585:0-2991 contig_586:0-3047 contig_587:0-2712 contig_588:0-2655 contig_589:0-2519 contig_59:0-2738 contig_590:0-5350 contig_591:0-2408 contig_592:0-2979 contig_593:0-2242 contig_594:0-2230 contig_595:0-2764 contig_596:0-2313 contig_597:0-2386 contig_598:0-2999 contig_599:0-2633 contig_6:0-2600 contig_60:0-2857 contig_600:0-3221 contig_601:0-2210 contig_602:0-2873 contig_603:0-2620 contig_604:0-2431 contig_605:0-2708 contig_606:0-2255 contig_607:0-2858 contig_608:0-2445 contig_609:0-2520 contig_61:0-4397 contig_610:0-2335 contig_611:0-3957 contig_612:0-5369 contig_613:0-10943 contig_614:0-2429 contig_615:0-2627 contig_616:0-2451 contig_617:0-2322 contig_618:0-4297 contig_619:0-4411 contig_62:0-2226 contig_620:0-2352 contig_621:0-4031 contig_622:0-3769 contig_623:0-2475 contig_624:0-2478 contig_625:0-2446 contig_626:0-2648 contig_627:0-2974 contig_628:0-2644 contig_629:0-3373 contig_63:0-2905 contig_630:0-2468 contig_631:0-4097 contig_632:0-3801 contig_633:0-4144 contig_634:0-2270 contig_635:0-2979 contig_636:0-3115 contig_637:0-3023 contig_638:0-3481 contig_639:0-2499 contig_64:0-4655 contig_640:0-2538 contig_641:0-3468 contig_642:0-3811 contig_643:0-2772 contig_644:0-2839 contig_645:0-2256 contig_646:0-2210 contig_647:0-2916 contig_648:0-2558 contig_649:0-2837 contig_65:0-3905 contig_650:0-4495 contig_651:0-2666 contig_652:0-4418 contig_653:0-2356 contig_654:0-2697 contig_655:0-2898 contig_656:0-2244 contig_657:0-9639 contig_658:0-2977 contig_659:0-2422 contig_66:0-2303 contig_660:0-2423 contig_661:0-3374 contig_662:0-4304 contig_663:0-2199 contig_664:0-2397 contig_665:0-2203 contig_666:0-2211 contig_667:0-3137 contig_668:0-2232 contig_669:0-2364 contig_67:0-14786 contig_670:0-2548 contig_671:0-2750 contig_672:0-2408 contig_673:0-2258 contig_674:0-2559 contig_675:0-2332 contig_676:0-2311 contig_677:0-2301 contig_678:0-2470 contig_679:0-2425 contig_68:0-2359 contig_680:0-2346 contig_681:0-2257 contig_682:0-3172 contig_683:0-3261 contig_684:0-2203 contig_685:0-2341 contig_686:0-2671 contig_687:0-2580 contig_688:0-2466 contig_689:0-4036 contig_69:0-4462 contig_690:0-3147 contig_691:0-3093 contig_692:0-2285 contig_693:0-3811 contig_694:0-3101 contig_695:0-2276 contig_696:0-2367 contig_697:0-2253 contig_698:0-3466 contig_699:0-2490 contig_7:0-2384 contig_70:0-2555 contig_700:0-2361 contig_701:0-1898 contig_702:0-2292 contig_703:0-2736 contig_704:0-2321 contig_705:0-2211 contig_706:0-2206 contig_707:0-2725 contig_708:0-6576 contig_709:0-2817 contig_71:0-7848 contig_710:0-2695 contig_711:0-2407 contig_712:0-2214 contig_713:0-2364 contig_714:0-2353 contig_715:0-7874 contig_716:0-4136 contig_717:0-2254 contig_718:0-2591 contig_719:0-3598 contig_72:0-2367 contig_720:0-2812 contig_721:0-2220 contig_722:0-3327 contig_723:0-2267 contig_724:0-2372 contig_725:0-5431 contig_726:0-2239 contig_727:0-2344 contig_728:0-2520 contig_729:0-2546 contig_73:0-4176 contig_730:0-2528 contig_731:0-5539 contig_732:0-3526 contig_733:0-2575 contig_734:0-4309 contig_735:0-2665 contig_736:0-2502 contig_737:0-2747 contig_738:0-2273 contig_739:0-2812 contig_74:0-3902 contig_740:0-2447 contig_741:0-2400 contig_742:0-2236 contig_743:0-2467 contig_744:0-2707 contig_745:0-2763 contig_746:0-2633 contig_747:0-2387 contig_748:0-2302 contig_749:0-3727 contig_75:0-3818 contig_750:0-3081 contig_752:0-2776 contig_753:0-2316 contig_754:0-2203 contig_755:0-2479 contig_756:0-2281 contig_757:0-4983 contig_758:0-2250 contig_759:0-2277 contig_76:0-4599 contig_760:0-2912 contig_761:0-2627 contig_762:0-2297 contig_763:0-4614 contig_764:0-2478 contig_765:0-2426 contig_766:0-2787 contig_767:0-2330 contig_768:0-2978 contig_769:0-2655 contig_77:0-2100 contig_770:0-2334 contig_771:0-2269 contig_772:0-2316 contig_773:0-2669 contig_774:0-2301 contig_775:0-2292 contig_776:0-2650 contig_777:0-4404 contig_778:0-2512 contig_779:0-3985 contig_78:0-3397 contig_780:0-2494 contig_781:0-2332 contig_782:0-2247 contig_783:0-2540 contig_784:0-2307 contig_785:0-2305 contig_786:0-7251 contig_787:0-2364 contig_788:0-2572 contig_789:0-2332 contig_79:0-2309 contig_790:0-2387 contig_791:0-2781 contig_792:0-2435 contig_793:0-2852 contig_794:0-2260 contig_795:0-20975 contig_796:0-3515 contig_797:0-7958 contig_798:0-5718 contig_799:0-5607 contig_8:0-2463 contig_80:0-22398 contig_800:0-7366 contig_801:0-3270 contig_802:0-20253 contig_803:0-7814 contig_804:0-6842 contig_805:0-2538 contig_806:0-15804 contig_807:0-2258 contig_808:0-12266 contig_809:0-9717 contig_81:0-2247 contig_810:0-9294 contig_811:0-12366 contig_812:0-5557 contig_813:0-12902 contig_814:0-6800 contig_815:0-3325 contig_816:0-10449 contig_817:0-3617 contig_818:0-3551 contig_819:0-3667 contig_82:0-2836 contig_820:0-3459 contig_821:0-5284 contig_822:0-12089 contig_823:0-4109 contig_824:0-7754 contig_825:0-5942 contig_826:0-7370 contig_827:0-15147 contig_828:0-2224 contig_829:0-3321 contig_83:0-2287 contig_830:0-11480 contig_831:0-9836 contig_832:0-5735 contig_833:0-8400 contig_834:0-4514 contig_835:0-3645 contig_836:0-7159 contig_837:0-3050 contig_838:0-2956 contig_839:0-5478 contig_84:0-2516 contig_840:0-8349 contig_841:0-6739 contig_842:0-3696 contig_843:0-6046 contig_844:0-10143 contig_845:0-3622 contig_846:0-8254 contig_847:0-9061 contig_848:0-6239 contig_849:0-6022 contig_85:0-2520 contig_850:0-2647 contig_851:0-11011 contig_852:0-3737 contig_853:0-5523 contig_854:0-4735 contig_855:0-3451 contig_856:0-2619 contig_857:0-8852 contig_858:0-5824 contig_859:0-3311 contig_86:0-7266 contig_860:0-3870 contig_861:0-6409 contig_862:0-4903 contig_863:0-5281 contig_864:0-6598 contig_865:0-2933 contig_866:0-4370 contig_867:0-14243 contig_868:0-3113 contig_87:0-7093 contig_88:0-5044 contig_89:0-2459 contig_9:0-2761 contig_90:0-4129 contig_91:0-2586 contig_92:0-3952 contig_93:0-6217 contig_94:0-3922 contig_95:0-4564 contig_96:0-4986 contig_97:0-5844 contig_98:0-2344 contig_99:0-3054
[11:34:56 - Predict] Using model: /data/djs217/miniconda3/lib/python3.12/site-packages/hybracter/workflow/conda/f3634b33ec8fb5711a0153c480705631_/lib/python3.11/site-packages/medaka/data/r1041_e82_400bps_sup_v5.0.0_model_pt.tar.gz.
[11:34:56 - Predict] Using minimum mapQ threshold of 1 for read filtering.
[11:34:56 - MdlStrTGZ] Model GRUModel(
  (gru): GRU(10, 128, num_layers=2, batch_first=True, bidirectional=True)
  (linear): Linear(in_features=256, out_features=5, bias=True)
)
[11:34:56 - MdlStrTGZ] loading weights from /tmp/tmp1w_8s334/model/weights.pt
[11:34:56 - MdlStrTGZ] Successfully removed temporary files from /tmp/tmp1w_8s334.
[11:34:56 - Predict] Model device: cpu
[11:34:56 - Predict] Running prediction at full precision
[11:34:56 - BAMFile] Creating pool of 16 BAM file sets.
[11:34:56 - Predict] Processing 27 long region(s) with batching.
[11:34:56 - Sampler] Initializing sampler for consensus of region contig_101:0-10302.
[11:34:56 - Sampler] Initializing sampler for consensus of region contig_21:0-10496.
[11:34:56 - PWorker] Running inference for 0.4M draft bases.
[11:34:56 - Feature] Processed contig_21:0.0-10495.0 (median depth 48.0)
[11:34:56 - Sampler] Took 0.19s to make features.
[11:34:56 - Sampler] Initializing sampler for consensus of region contig_231:0-11069.
[11:34:56 - Feature] Processed contig_101:0.0-10301.0 (median depth 29.0)
[11:34:56 - Sampler] Took 0.23s to make features.
[11:34:56 - Sampler] Initializing sampler for consensus of region contig_264:0-12914.
[11:34:56 - Feature] Processed contig_231:0.0-11068.0 (median depth 37.0)
[11:34:56 - Sampler] Took 0.22s to make features.
[11:34:56 - Sampler] Initializing sampler for consensus of region contig_273:0-12735.
[11:34:57 - Feature] Processed contig_264:0.0-12913.0 (median depth 190.0)
[11:34:57 - Sampler] Took 0.25s to make features.
[11:34:57 - Sampler] Initializing sampler for consensus of region contig_336:0-11995.
[11:34:57 - Feature] Processed contig_273:0.0-12734.0 (median depth 18.0)
[11:34:57 - Sampler] Took 0.14s to make features.
[11:34:57 - Sampler] Initializing sampler for consensus of region contig_411:0-10609.
[11:34:57 - Feature] Processed contig_336:0.0-11994.0 (median depth 33.0)
[11:34:57 - Sampler] Took 0.20s to make features.
[11:34:57 - Sampler] Initializing sampler for consensus of region contig_414:0-11873.
[11:34:57 - Feature] Processed contig_411:0.0-10608.0 (median depth 18.0)
[11:34:57 - Sampler] Took 0.15s to make features.
[11:34:57 - Sampler] Initializing sampler for consensus of region contig_420:0-14087.
[11:34:57 - Feature] Processed contig_414:0.0-11872.0 (median depth 32.0)
[11:34:57 - Sampler] Took 0.23s to make features.
[11:34:57 - Sampler] Initializing sampler for consensus of region contig_518:0-16923.
[11:34:57 - Feature] Processed contig_420:0.0-14086.0 (median depth 30.0)
[11:34:57 - Sampler] Took 0.27s to make features.
[11:34:57 - Sampler] Initializing sampler for consensus of region contig_52:0-10615.
[11:34:57 - Feature] Processed contig_518:0.0-16922.0 (median depth 31.0)
[11:34:57 - Sampler] Took 0.22s to make features.
[11:34:57 - Sampler] Initializing sampler for consensus of region contig_613:0-10943.
[11:34:57 - Feature] Processed contig_52:0.0-10614.0 (median depth 26.0)
[11:34:57 - Sampler] Took 0.31s to make features.
[11:34:57 - Sampler] Initializing sampler for consensus of region contig_67:0-14786.
[11:34:57 - Feature] Processed contig_613:0.0-10942.0 (median depth 9.0)
[11:34:57 - Sampler] Took 0.28s to make features.
[11:34:57 - Sampler] Initializing sampler for consensus of region contig_795:0-20975.
[11:34:58 - Feature] Processed contig_67:0.0-14785.0 (median depth 36.0)
[11:34:58 - Sampler] Took 0.18s to make features.
[11:34:58 - Sampler] Initializing sampler for consensus of region contig_80:0-22398.
[11:34:58 - Feature] Processed contig_795:0.0-20974.0 (median depth 55.0)
[11:34:58 - Sampler] Took 0.28s to make features.
[11:34:58 - Sampler] Initializing sampler for consensus of region contig_802:0-20253.
[11:34:58 - Feature] Processed contig_80:0.0-22397.0 (median depth 45.0)
[11:34:58 - Sampler] Took 0.25s to make features.
[11:34:58 - Sampler] Initializing sampler for consensus of region contig_806:0-15804.
[11:34:58 - Feature] Processed contig_806:0.0-15803.0 (median depth 24.0)
[11:34:58 - Sampler] Took 0.23s to make features.
[11:34:58 - Sampler] Initializing sampler for consensus of region contig_808:0-12266.
[11:34:58 - Feature] Processed contig_802:0.0-20252.0 (median depth 53.0)
[11:34:58 - Sampler] Took 0.32s to make features.
[11:34:58 - Sampler] Initializing sampler for consensus of region contig_811:0-12366.
[11:34:58 - Feature] Processed contig_808:0.0-12265.0 (median depth 28.0)
[11:34:58 - Sampler] Took 0.22s to make features.
[11:34:58 - Sampler] Initializing sampler for consensus of region contig_813:0-12902.
[11:34:58 - Feature] Processed contig_811:0.0-12365.0 (median depth 30.0)
[11:34:58 - Sampler] Took 0.24s to make features.
[11:34:58 - Sampler] Initializing sampler for consensus of region contig_816:0-10449.
[11:34:58 - Feature] Processed contig_813:0.0-12901.0 (median depth 21.0)
[11:34:58 - Sampler] Took 0.17s to make features.
[11:34:58 - Sampler] Initializing sampler for consensus of region contig_822:0-12089.
[11:34:59 - Feature] Processed contig_816:0.0-10448.0 (median depth 18.0)
[11:34:59 - Sampler] Took 0.24s to make features.
[11:34:59 - Sampler] Initializing sampler for consensus of region contig_827:0-15147.
[11:34:59 - Feature] Processed contig_822:0.0-12088.0 (median depth 37.0)
[11:34:59 - Sampler] Took 0.28s to make features.
[11:34:59 - Sampler] Initializing sampler for consensus of region contig_830:0-11480.
[11:34:59 - Feature] Processed contig_827:0.0-15146.0 (median depth 55.0)
[11:34:59 - Sampler] Took 0.18s to make features.
[11:34:59 - Sampler] Initializing sampler for consensus of region contig_844:0-10143.
[11:34:59 - Feature] Processed contig_844:0.0-10142.0 (median depth 8.0)
[11:34:59 - Sampler] Took 0.10s to make features.
[11:34:59 - Sampler] Initializing sampler for consensus of region contig_851:0-11011.
[11:34:59 - Feature] Processed contig_830:0.0-11479.0 (median depth 23.0)
[11:34:59 - Sampler] Took 0.27s to make features.
[11:34:59 - Sampler] Initializing sampler for consensus of region contig_867:0-14243.
[11:34:59 - Feature] Processed contig_851:0.0-11010.0 (median depth 15.0)
[11:34:59 - Sampler] Took 0.25s to make features.
[11:34:59 - Feature] Processed contig_867:0.0-14242.0 (median depth 14.0)
[11:34:59 - Sampler] Took 0.15s to make features.
[11:35:09 - PWorker] Batches in cache: 1.
[11:35:09 - PWorker] 100.0% Done (0.4/0.4 Mbases) in 13.2s
[11:35:09 - PWorker] Processed 1 batches
[11:35:09 - PWorker] All done, 0 remainder regions.
[11:35:09 - Predict] Processing 840 short region(s).
[11:35:09 - Sampler] Initializing sampler for consensus of region contig_1:0-5570.
[11:35:09 - Sampler] Initializing sampler for consensus of region contig_10:0-2309.
[11:35:09 - PWorker] Running inference for 2.9M draft bases.
[11:35:10 - Feature] Processed contig_1:0.0-5569.0 (median depth 12.0)
[11:35:10 - Sampler] Took 0.17s to make features.
[11:35:10 - Sampler] Initializing sampler for consensus of region contig_100:0-3065.
[11:35:10 - Feature] Processed contig_10:0.0-2308.0 (median depth 9.0)
[11:35:10 - Sampler] Took 0.19s to make features.
[11:35:10 - Sampler] Initializing sampler for consensus of region contig_102:0-6995.
[11:35:10 - Feature] Processed contig_100:0.0-3064.0 (median depth 9.0)
[11:35:10 - Sampler] Took 0.17s to make features.
[11:35:10 - Sampler] Initializing sampler for consensus of region contig_103:0-7824.
[11:35:10 - Feature] Processed contig_102:0.0-6994.0 (median depth 48.0)
[11:35:10 - Sampler] Took 0.21s to make features.
[11:35:10 - Sampler] Initializing sampler for consensus of region contig_104:0-9578.
[11:35:10 - Feature] Processed contig_103:0.0-7823.0 (median depth 48.0)
[11:35:10 - Sampler] Took 0.18s to make features.
[11:35:10 - Sampler] Initializing sampler for consensus of region contig_105:0-2499.
[11:35:10 - Feature] Processed contig_104:0.0-9577.0 (median depth 29.0)
[11:35:10 - Sampler] Took 0.17s to make features.
[11:35:10 - Sampler] Initializing sampler for consensus of region contig_106:0-2418.
[11:35:10 - Feature] Processed contig_105:0.0-2498.0 (median depth 12.0)
[11:35:10 - Sampler] Took 0.12s to make features.
[11:35:10 - Sampler] Initializing sampler for consensus of region contig_107:0-7183.
[11:35:10 - Feature] Processed contig_106:0.0-2417.0 (median depth 10.0)
[11:35:10 - Sampler] Took 0.11s to make features.
[11:35:10 - Sampler] Initializing sampler for consensus of region contig_108:0-2835.
[11:35:10 - Feature] Processed contig_108:0.0-2834.0 (median depth 23.0)
[11:35:10 - Sampler] Took 0.13s to make features.
[11:35:10 - Sampler] Initializing sampler for consensus of region contig_109:0-3716.
[11:35:10 - Feature] Processed contig_107:0.0-7182.0 (median depth 17.0)
[11:35:10 - Sampler] Took 0.19s to make features.
[11:35:10 - Sampler] Initializing sampler for consensus of region contig_11:0-2907.
[11:35:10 - Feature] Processed contig_109:0.0-3715.0 (median depth 18.0)
[11:35:10 - Sampler] Took 0.13s to make features.
[11:35:10 - Sampler] Initializing sampler for consensus of region contig_110:0-4387.
[11:35:10 - Feature] Processed contig_11:0.0-2906.0 (median depth 11.0)
[11:35:10 - Sampler] Took 0.11s to make features.
[11:35:10 - Sampler] Initializing sampler for consensus of region contig_111:0-6322.
[11:35:10 - Feature] Processed contig_110:0.0-4386.0 (median depth 17.0)
[11:35:10 - Sampler] Took 0.01s to make features.
[11:35:10 - Sampler] Initializing sampler for consensus of region contig_112:0-6308.
[11:35:10 - Feature] Processed contig_111:0.0-6321.0 (median depth 18.0)
[11:35:10 - Sampler] Took 0.01s to make features.
[11:35:10 - Sampler] Initializing sampler for consensus of region contig_113:0-5223.
[11:35:10 - Feature] Processed contig_113:0.0-5222.0 (median depth 17.0)
[11:35:10 - Sampler] Took 0.01s to make features.
[11:35:10 - Sampler] Initializing sampler for consensus of region contig_114:0-2611.
[11:35:10 - Feature] Processed contig_112:0.0-6307.0 (median depth 31.0)
[11:35:10 - Sampler] Took 0.02s to make features.
[11:35:10 - Sampler] Initializing sampler for consensus of region contig_115:0-2212.
[11:35:10 - Feature] Processed contig_114:0.0-2610.0 (median depth 8.0)
[11:35:10 - Sampler] Took 0.00s to make features.
[11:35:10 - Sampler] Initializing sampler for consensus of region contig_116:0-2379.
[11:35:10 - Feature] Processed contig_115:0.0-2211.0 (median depth 11.0)
[11:35:10 - Sampler] Took 0.01s to make features.
[11:35:10 - Sampler] Initializing sampler for consensus of region contig_117:0-6459.
[11:35:10 - Feature] Processed contig_116:0.0-2378.0 (median depth 6.0)
[11:35:10 - Sampler] Took 0.01s to make features.
[11:35:10 - Sampler] Initializing sampler for consensus of region contig_118:0-3071.
[11:35:10 - Feature] Processed contig_118:0.0-3070.0 (median depth 8.0)
[11:35:10 - Sampler] Took 0.01s to make features.
[11:35:10 - Sampler] Initializing sampler for consensus of region contig_119:0-6381.
[11:35:10 - Feature] Processed contig_117:0.0-6458.0 (median depth 8.0)
[11:35:10 - Sampler] Took 0.01s to make features.
[11:35:10 - Feature] Processed contig_119:0.0-6380.0 (median depth 47.0)
[11:35:10 - Sampler] Took 0.02s to make features.
[11:35:11 - Sampler] Initializing sampler for consensus of region contig_12:0-2303.
[11:35:11 - Feature] Processed contig_12:0.0-2302.0 (median depth 11.0)
[11:35:11 - Sampler] Took 0.00s to make features.
[11:35:11 - Sampler] Initializing sampler for consensus of region contig_120:0-2483.
[11:35:11 - Feature] Processed contig_120:0.0-2482.0 (median depth 25.0)
[11:35:11 - Sampler] Took 0.01s to make features.
[11:35:12 - Sampler] Initializing sampler for consensus of region contig_121:0-2596.
[11:35:12 - Feature] Processed contig_121:0.0-2595.0 (median depth 17.0)
[11:35:12 - Sampler] Took 0.01s to make features.
[11:35:13 - Sampler] Initializing sampler for consensus of region contig_122:0-2221.
[11:35:13 - Feature] Processed contig_122:0.0-2220.0 (median depth 9.0)
[11:35:13 - Sampler] Took 0.01s to make features.
[11:35:13 - Sampler] Initializing sampler for consensus of region contig_123:0-4341.
[11:35:13 - Feature] Processed contig_123:0.0-4340.0 (median depth 22.0)
[11:35:13 - Sampler] Took 0.01s to make features.
[11:35:13 - Sampler] Initializing sampler for consensus of region contig_124:0-3742.
[11:35:14 - Feature] Processed contig_124:0.0-3741.0 (median depth 20.0)
[11:35:14 - Sampler] Took 0.01s to make features.
[11:35:14 - Sampler] Initializing sampler for consensus of region contig_125:0-2320.
[11:35:14 - Feature] Processed contig_125:0.0-2319.0 (median depth 9.0)
[11:35:14 - Sampler] Took 0.01s to make features.
[11:35:14 - Sampler] Initializing sampler for consensus of region contig_126:0-7336.
[11:35:14 - Feature] Processed contig_126:0.0-7335.0 (median depth 35.0)
[11:35:14 - Sampler] Took 0.02s to make features.
[11:35:15 - PWorker] Batches in cache: 8.
[11:35:15 - Sampler] Initializing sampler for consensus of region contig_127:0-3069.
[11:35:15 - Feature] Processed contig_127:0.0-3068.0 (median depth 24.0)
[11:35:15 - Sampler] Took 0.01s to make features.
[11:35:15 - Sampler] Initializing sampler for consensus of region contig_128:0-7366.
[11:35:15 - Feature] Processed contig_128:0.0-7365.0 (median depth 46.0)
[11:35:15 - Sampler] Took 0.03s to make features.
[11:35:15 - Sampler] Initializing sampler for consensus of region contig_129:0-2499.
[11:35:15 - Feature] Processed contig_129:0.0-2498.0 (median depth 7.0)
[11:35:15 - Sampler] Took 0.00s to make features.
[11:35:16 - Sampler] Initializing sampler for consensus of region contig_13:0-2259.
[11:35:16 - Feature] Processed contig_13:0.0-2258.0 (median depth 8.0)
[11:35:16 - Sampler] Took 0.01s to make features.
[11:35:16 - Sampler] Initializing sampler for consensus of region contig_130:0-3067.
[11:35:16 - Feature] Processed contig_130:0.0-3066.0 (median depth 25.0)
[11:35:16 - Sampler] Took 0.01s to make features.
[11:35:17 - Sampler] Initializing sampler for consensus of region contig_131:0-2459.
[11:35:17 - Feature] Processed contig_131:0.0-2458.0 (median depth 5.0)
[11:35:17 - Sampler] Took 0.01s to make features.
[11:35:17 - Sampler] Initializing sampler for consensus of region contig_132:0-2607.
[11:35:17 - Feature] Processed contig_132:0.0-2606.0 (median depth 14.0)
[11:35:17 - Sampler] Took 0.01s to make features.
[11:35:17 - Sampler] Initializing sampler for consensus of region contig_133:0-2724.
[11:35:17 - Feature] Processed contig_133:0.0-2723.0 (median depth 8.0)
[11:35:17 - Sampler] Took 0.01s to make features.
[11:35:18 - Sampler] Initializing sampler for consensus of region contig_134:0-4270.
[11:35:18 - Feature] Processed contig_134:0.0-4269.0 (median depth 20.0)
[11:35:18 - Sampler] Took 0.01s to make features.
[11:35:18 - Sampler] Initializing sampler for consensus of region contig_135:0-2257.
[11:35:18 - Feature] Processed contig_135:0.0-2256.0 (median depth 27.0)
[11:35:18 - Sampler] Took 0.01s to make features.
[11:35:19 - Sampler] Initializing sampler for consensus of region contig_136:0-4291.
[11:35:19 - Feature] Processed contig_136:0.0-4290.0 (median depth 23.0)
[11:35:19 - Sampler] Took 0.01s to make features.
[11:35:19 - Sampler] Initializing sampler for consensus of region contig_137:0-5446.
[11:35:19 - Feature] Processed contig_137:0.0-5445.0 (median depth 35.0)
[11:35:19 - Sampler] Took 0.02s to make features.
[11:35:19 - Sampler] Initializing sampler for consensus of region contig_138:0-2554.
[11:35:19 - Feature] Processed contig_138:0.0-2553.0 (median depth 31.0)
[11:35:19 - Sampler] Took 0.01s to make features.
[11:35:20 - PWorker] 2.9% Done (0.1/2.9 Mbases) in 10.2s
[11:35:20 - Sampler] Initializing sampler for consensus of region contig_139:0-2817.
[11:35:20 - Feature] Processed contig_139:0.0-2816.0 (median depth 8.0)
[11:35:20 - Sampler] Took 0.01s to make features.
[11:35:20 - PWorker] Batches in cache: 8.
[11:35:20 - Sampler] Initializing sampler for consensus of region contig_14:0-6344.
[11:35:20 - Feature] Processed contig_14:0.0-6343.0 (median depth 15.0)
[11:35:20 - Sampler] Took 0.01s to make features.
[11:35:20 - Sampler] Initializing sampler for consensus of region contig_140:0-3866.
[11:35:20 - Feature] Processed contig_140:0.0-3865.0 (median depth 7.0)
[11:35:20 - Sampler] Took 0.01s to make features.
[11:35:20 - Sampler] Initializing sampler for consensus of region contig_141:0-5860.
[11:35:20 - Feature] Processed contig_141:0.0-5859.0 (median depth 21.0)
[11:35:20 - Sampler] Took 0.01s to make features.
[11:35:21 - Sampler] Initializing sampler for consensus of region contig_142:0-2472.
[11:35:21 - Feature] Processed contig_142:0.0-2471.0 (median depth 13.0)
[11:35:21 - Sampler] Took 0.01s to make features.
[11:35:21 - Sampler] Initializing sampler for consensus of region contig_143:0-2344.
[11:35:21 - Feature] Processed contig_143:0.0-2343.0 (median depth 8.0)
[11:35:21 - Sampler] Took 0.01s to make features.
[11:35:22 - Sampler] Initializing sampler for consensus of region contig_144:0-4589.
[11:35:22 - Feature] Processed contig_144:0.0-4588.0 (median depth 14.0)
[11:35:22 - Sampler] Took 0.01s to make features.
[11:35:22 - Sampler] Initializing sampler for consensus of region contig_145:0-2356.
[11:35:22 - Feature] Processed contig_145:0.0-2355.0 (median depth 12.0)
[11:35:22 - Sampler] Took 0.01s to make features.
[11:35:23 - Sampler] Initializing sampler for consensus of region contig_146:0-6100.
[11:35:23 - Feature] Processed contig_146:0.0-6099.0 (median depth 43.0)
[11:35:23 - Sampler] Took 0.02s to make features.
[11:35:23 - Sampler] Initializing sampler for consensus of region contig_147:0-5854.
[11:35:23 - Feature] Processed contig_147:0.0-5853.0 (median depth 42.0)
[11:35:23 - Sampler] Took 0.02s to make features.
[11:35:23 - Sampler] Initializing sampler for consensus of region contig_148:0-2293.
[11:35:23 - Feature] Processed contig_148:0.0-2292.0 (median depth 14.0)
[11:35:23 - Sampler] Took 0.01s to make features.
[11:35:23 - Sampler] Initializing sampler for consensus of region contig_149:0-2409.
[11:35:23 - Feature] Processed contig_149:0.0-2408.0 (median depth 34.0)
[11:35:23 - Sampler] Took 0.01s to make features.
[11:35:24 - Sampler] Initializing sampler for consensus of region contig_15:0-5610.
[11:35:24 - Feature] Processed contig_15:0.0-5609.0 (median depth 7.0)
[11:35:24 - Sampler] Took 0.01s to make features.
[11:35:24 - Sampler] Initializing sampler for consensus of region contig_150:0-2434.
[11:35:24 - Feature] Processed contig_150:0.0-2433.0 (median depth 21.0)
[11:35:24 - Sampler] Took 0.01s to make features.
[11:35:24 - Sampler] Initializing sampler for consensus of region contig_151:0-4117.
[11:35:24 - Feature] Processed contig_151:0.0-4116.0 (median depth 8.0)
[11:35:24 - Sampler] Took 0.01s to make features.
[11:35:25 - Sampler] Initializing sampler for consensus of region contig_152:0-5696.
[11:35:25 - Feature] Processed contig_152:0.0-5695.0 (median depth 37.0)
[11:35:25 - Sampler] Took 0.02s to make features.
[11:35:25 - Sampler] Initializing sampler for consensus of region contig_153:0-2422.
[11:35:25 - Feature] Processed contig_153:0.0-2421.0 (median depth 23.0)
[11:35:25 - Sampler] Took 0.01s to make features.
[11:35:25 - PWorker] Batches in cache: 8.
[11:35:25 - Sampler] Initializing sampler for consensus of region contig_154:0-4977.
[11:35:25 - Feature] Processed contig_154:0.0-4976.0 (median depth 25.0)
[11:35:25 - Sampler] Took 0.01s to make features.
[11:35:26 - Sampler] Initializing sampler for consensus of region contig_155:0-2400.
[11:35:26 - Feature] Processed contig_155:0.0-2399.0 (median depth 6.0)
[11:35:26 - Sampler] Took 0.00s to make features.
[11:35:26 - Sampler] Initializing sampler for consensus of region contig_156:0-7454.
[11:35:26 - Feature] Processed contig_156:0.0-7453.0 (median depth 33.0)
[11:35:26 - Sampler] Took 0.02s to make features.
[11:35:26 - Sampler] Initializing sampler for consensus of region contig_157:0-5354.
[11:35:26 - Feature] Processed contig_157:0.0-5353.0 (median depth 19.0)
[11:35:26 - Sampler] Took 0.01s to make features.
[11:35:27 - Sampler] Initializing sampler for consensus of region contig_158:0-2300.
[11:35:27 - Feature] Processed contig_158:0.0-2299.0 (median depth 15.0)
[11:35:27 - Sampler] Took 0.01s to make features.
[11:35:27 - Sampler] Initializing sampler for consensus of region contig_159:0-3219.
[11:35:27 - Feature] Processed contig_159:0.0-3218.0 (median depth 11.0)
[11:35:27 - Sampler] Took 0.01s to make features.
[11:35:28 - Sampler] Initializing sampler for consensus of region contig_16:0-2853.
[11:35:28 - Feature] Processed contig_16:0.0-2852.0 (median depth 7.0)
[11:35:28 - Sampler] Took 0.00s to make features.
[11:35:28 - Sampler] Initializing sampler for consensus of region contig_160:0-2807.
[11:35:28 - Feature] Processed contig_160:0.0-2806.0 (median depth 30.0)
[11:35:28 - Sampler] Took 0.01s to make features.
[11:35:28 - Sampler] Initializing sampler for consensus of region contig_161:0-2465.
[11:35:28 - Feature] Processed contig_161:0.0-2464.0 (median depth 44.0)
[11:35:28 - Sampler] Took 0.01s to make features.
[11:35:28 - Sampler] Initializing sampler for consensus of region contig_162:0-3114.
[11:35:28 - Feature] Processed contig_162:0.0-3113.0 (median depth 13.0)
[11:35:28 - Sampler] Took 0.01s to make features.
[11:35:29 - Sampler] Initializing sampler for consensus of region contig_163:0-2504.
[11:35:29 - Feature] Processed contig_163:0.0-2503.0 (median depth 23.0)
[11:35:29 - Sampler] Took 0.01s to make features.
[11:35:29 - Sampler] Initializing sampler for consensus of region contig_164:0-2606.
[11:35:29 - Feature] Processed contig_164:0.0-2605.0 (median depth 7.0)
[11:35:29 - Sampler] Took 0.00s to make features.
[11:35:30 - PWorker] 5.8% Done (0.2/2.9 Mbases) in 20.4s
[11:35:30 - Sampler] Initializing sampler for consensus of region contig_165:0-2655.
[11:35:30 - Feature] Processed contig_165:0.0-2654.0 (median depth 20.0)
[11:35:30 - Sampler] Took 0.01s to make features.
[11:35:30 - Sampler] Initializing sampler for consensus of region contig_166:0-6102.
[11:35:30 - Feature] Processed contig_166:0.0-6101.0 (median depth 11.0)
[11:35:30 - Sampler] Took 0.01s to make features.
[11:35:30 - PWorker] Batches in cache: 8.
[11:35:30 - Sampler] Initializing sampler for consensus of region contig_167:0-2600.
[11:35:30 - Feature] Processed contig_167:0.0-2599.0 (median depth 22.0)
[11:35:30 - Sampler] Took 0.01s to make features.
[11:35:31 - Sampler] Initializing sampler for consensus of region contig_168:0-2255.
[11:35:31 - Feature] Processed contig_168:0.0-2254.0 (median depth 12.0)
[11:35:31 - Sampler] Took 0.01s to make features.
[11:35:31 - Sampler] Initializing sampler for consensus of region contig_169:0-5887.
[11:35:31 - Feature] Processed contig_169:0.0-5886.0 (median depth 21.0)
[11:35:31 - Sampler] Took 0.01s to make features.
[11:35:31 - Sampler] Initializing sampler for consensus of region contig_17:0-2499.
[11:35:31 - Feature] Processed contig_17:0.0-2498.0 (median depth 16.0)
[11:35:31 - Sampler] Took 0.01s to make features.
[11:35:32 - Sampler] Initializing sampler for consensus of region contig_170:0-4136.
[11:35:32 - Feature] Processed contig_170:0.0-4135.0 (median depth 27.0)
[11:35:32 - Sampler] Took 0.01s to make features.
[11:35:32 - Sampler] Initializing sampler for consensus of region contig_171:0-2882.
[11:35:32 - Feature] Processed contig_171:0.0-2881.0 (median depth 15.0)
[11:35:32 - Sampler] Took 0.01s to make features.
[11:35:33 - Sampler] Initializing sampler for consensus of region contig_172:0-2219.
[11:35:33 - Feature] Processed contig_172:0.0-2218.0 (median depth 25.0)
[11:35:33 - Sampler] Took 0.01s to make features.
[11:35:33 - Sampler] Initializing sampler for consensus of region contig_173:0-7297.
[11:35:33 - Feature] Processed contig_173:0.0-7296.0 (median depth 20.0)
[11:35:33 - Sampler] Took 0.02s to make features.
[11:35:33 - Sampler] Initializing sampler for consensus of region contig_174:0-2296.
[11:35:33 - Feature] Processed contig_174:0.0-2295.0 (median depth 6.0)
[11:35:33 - Sampler] Took 0.01s to make features.
[11:35:34 - Sampler] Initializing sampler for consensus of region contig_175:0-2399.
[11:35:34 - Feature] Processed contig_175:0.0-2398.0 (median depth 29.0)
[11:35:34 - Sampler] Took 0.01s to make features.
[11:35:34 - Sampler] Initializing sampler for consensus of region contig_176:0-5988.
[11:35:34 - Feature] Processed contig_176:0.0-5987.0 (median depth 12.0)
[11:35:34 - Sampler] Took 0.01s to make features.
[11:35:34 - Sampler] Initializing sampler for consensus of region contig_177:0-2724.
[11:35:34 - Feature] Processed contig_177:0.0-2723.0 (median depth 19.0)
[11:35:34 - Sampler] Took 0.01s to make features.
[11:35:35 - Sampler] Initializing sampler for consensus of region contig_178:0-3923.
[11:35:35 - Feature] Processed contig_178:0.0-3922.0 (median depth 33.0)
[11:35:35 - Sampler] Took 0.01s to make features.
[11:35:35 - Sampler] Initializing sampler for consensus of region contig_179:0-3833.
[11:35:35 - Feature] Processed contig_179:0.0-3832.0 (median depth 34.0)
[11:35:35 - Sampler] Took 0.01s to make features.
[11:35:35 - Sampler] Initializing sampler for consensus of region contig_18:0-5502.
[11:35:35 - Feature] Processed contig_18:0.0-5501.0 (median depth 37.0)
[11:35:35 - Sampler] Took 0.02s to make features.
[11:35:35 - PWorker] Batches in cache: 8.
[11:35:35 - Sampler] Initializing sampler for consensus of region contig_180:0-3504.
[11:35:35 - Feature] Processed contig_180:0.0-3503.0 (median depth 11.0)
[11:35:35 - Sampler] Took 0.01s to make features.
[11:35:36 - Sampler] Initializing sampler for consensus of region contig_181:0-4483.
[11:35:36 - Feature] Processed contig_181:0.0-4482.0 (median depth 36.0)
[11:35:36 - Sampler] Took 0.01s to make features.
[11:35:36 - Sampler] Initializing sampler for consensus of region contig_182:0-2545.
[11:35:36 - Feature] Processed contig_182:0.0-2544.0 (median depth 17.0)
[11:35:36 - Sampler] Took 0.01s to make features.
[11:35:36 - Sampler] Initializing sampler for consensus of region contig_183:0-3887.
[11:35:36 - Feature] Processed contig_183:0.0-3886.0 (median depth 38.0)
[11:35:36 - Sampler] Took 0.02s to make features.
[11:35:37 - Sampler] Initializing sampler for consensus of region contig_184:0-2230.
[11:35:37 - Feature] Processed contig_184:0.0-2229.0 (median depth 16.0)
[11:35:37 - Sampler] Took 0.01s to make features.
[11:35:37 - Sampler] Initializing sampler for consensus of region contig_185:0-5469.
[11:35:37 - Feature] Processed contig_185:0.0-5468.0 (median depth 35.0)
[11:35:37 - Sampler] Took 0.02s to make features.
[11:35:37 - Sampler] Initializing sampler for consensus of region contig_186:0-2639.
[11:35:37 - Feature] Processed contig_186:0.0-2638.0 (median depth 9.0)
[11:35:37 - Sampler] Took 0.01s to make features.
[11:35:38 - Sampler] Initializing sampler for consensus of region contig_187:0-2312.
[11:35:38 - Feature] Processed contig_187:0.0-2311.0 (median depth 8.0)
[11:35:38 - Sampler] Took 0.01s to make features.
[11:35:38 - Sampler] Initializing sampler for consensus of region contig_188:0-2686.
[11:35:38 - Feature] Processed contig_188:0.0-2685.0 (median depth 9.0)
[11:35:38 - Sampler] Took 0.01s to make features.
[11:35:38 - Sampler] Initializing sampler for consensus of region contig_189:0-2364.
[11:35:38 - Feature] Processed contig_189:0.0-2363.0 (median depth 30.0)
[11:35:38 - Sampler] Took 0.01s to make features.
[11:35:39 - Sampler] Initializing sampler for consensus of region contig_19:0-2806.
[11:35:39 - Feature] Processed contig_19:0.0-2805.0 (median depth 6.0)
[11:35:39 - Sampler] Took 0.01s to make features.
[11:35:39 - Sampler] Initializing sampler for consensus of region contig_190:0-3515.
[11:35:39 - Feature] Processed contig_190:0.0-3514.0 (median depth 12.0)
[11:35:39 - Sampler] Took 0.01s to make features.
[11:35:39 - Sampler] Initializing sampler for consensus of region contig_191:0-2490.
[11:35:39 - Feature] Processed contig_191:0.0-2489.0 (median depth 8.0)
[11:35:39 - Sampler] Took 0.01s to make features.
[11:35:40 - Sampler] Initializing sampler for consensus of region contig_192:0-6582.
[11:35:40 - Feature] Processed contig_192:0.0-6581.0 (median depth 37.0)
[11:35:40 - Sampler] Took 0.02s to make features.
[11:35:40 - PWorker] 8.6% Done (0.2/2.9 Mbases) in 30.4s
[11:35:40 - Sampler] Initializing sampler for consensus of region contig_193:0-6808.
[11:35:40 - Feature] Processed contig_193:0.0-6807.0 (median depth 22.0)
[11:35:40 - Sampler] Took 0.02s to make features.
[11:35:40 - Sampler] Initializing sampler for consensus of region contig_194:0-2206.
[11:35:40 - Feature] Processed contig_194:0.0-2205.0 (median depth 6.0)
[11:35:40 - Sampler] Took 0.00s to make features.
[11:35:41 - PWorker] Batches in cache: 8.
[11:35:41 - Sampler] Initializing sampler for consensus of region contig_195:0-5485.
[11:35:41 - Feature] Processed contig_195:0.0-5484.0 (median depth 8.0)
[11:35:41 - Sampler] Took 0.01s to make features.
[11:35:41 - Sampler] Initializing sampler for consensus of region contig_196:0-6274.
[11:35:41 - Feature] Processed contig_196:0.0-6273.0 (median depth 13.0)
[11:35:41 - Sampler] Took 0.01s to make features.
[11:35:41 - Sampler] Initializing sampler for consensus of region contig_197:0-6468.
[11:35:41 - Feature] Processed contig_197:0.0-6467.0 (median depth 19.0)
[11:35:41 - Sampler] Took 0.02s to make features.
[11:35:42 - Sampler] Initializing sampler for consensus of region contig_198:0-2255.
[11:35:42 - Feature] Processed contig_198:0.0-2254.0 (median depth 22.0)
[11:35:42 - Sampler] Took 0.01s to make features.
[11:35:42 - Sampler] Initializing sampler for consensus of region contig_199:0-2582.
[11:35:42 - Feature] Processed contig_199:0.0-2581.0 (median depth 15.0)
[11:35:42 - Sampler] Took 0.01s to make features.
[11:35:43 - Sampler] Initializing sampler for consensus of region contig_2:0-3300.
[11:35:43 - Feature] Processed contig_2:0.0-3299.0 (median depth 19.0)
[11:35:43 - Sampler] Took 0.01s to make features.
[11:35:43 - Sampler] Initializing sampler for consensus of region contig_20:0-3220.
[11:35:43 - Feature] Processed contig_20:0.0-3219.0 (median depth 8.0)
[11:35:43 - Sampler] Took 0.01s to make features.
[11:35:43 - Sampler] Initializing sampler for consensus of region contig_200:0-5611.
[11:35:43 - Feature] Processed contig_200:0.0-5610.0 (median depth 24.0)
[11:35:43 - Sampler] Took 0.02s to make features.
[11:35:43 - Sampler] Initializing sampler for consensus of region contig_201:0-2240.
[11:35:43 - Feature] Processed contig_201:0.0-2239.0 (median depth 23.0)
[11:35:43 - Sampler] Took 0.01s to make features.
[11:35:44 - Sampler] Initializing sampler for consensus of region contig_202:0-2270.
[11:35:44 - Feature] Processed contig_202:0.0-2269.0 (median depth 22.0)
[11:35:44 - Sampler] Took 0.01s to make features.
[11:35:44 - Sampler] Initializing sampler for consensus of region contig_203:0-2479.
[11:35:44 - Feature] Processed contig_203:0.0-2478.0 (median depth 26.0)
[11:35:44 - Sampler] Took 0.01s to make features.
[11:35:44 - Sampler] Initializing sampler for consensus of region contig_204:0-9404.
[11:35:44 - Feature] Processed contig_204:0.0-9403.0 (median depth 15.0)
[11:35:44 - Sampler] Took 0.02s to make features.
[11:35:45 - Sampler] Initializing sampler for consensus of region contig_205:0-2814.
[11:35:45 - Feature] Processed contig_205:0.0-2813.0 (median depth 14.0)
[11:35:45 - Sampler] Took 0.01s to make features.
[11:35:45 - Sampler] Initializing sampler for consensus of region contig_206:0-2721.
[11:35:45 - Feature] Processed contig_206:0.0-2720.0 (median depth 23.0)
[11:35:45 - Sampler] Took 0.01s to make features.
[11:35:45 - Sampler] Initializing sampler for consensus of region contig_207:0-5560.
[11:35:45 - Feature] Processed contig_207:0.0-5559.0 (median depth 9.0)
[11:35:45 - Sampler] Took 0.01s to make features.
[11:35:45 - Sampler] Initializing sampler for consensus of region contig_208:0-3008.
[11:35:45 - Feature] Processed contig_208:0.0-3007.0 (median depth 15.0)
[11:35:45 - Sampler] Took 0.01s to make features.
[11:35:46 - Sampler] Initializing sampler for consensus of region contig_209:0-5321.
[11:35:46 - Feature] Processed contig_209:0.0-5320.0 (median depth 13.0)
[11:35:46 - Sampler] Took 0.01s to make features.
[11:35:46 - PWorker] Batches in cache: 8.
[11:35:46 - Sampler] Initializing sampler for consensus of region contig_210:0-7277.
[11:35:46 - Feature] Processed contig_210:0.0-7276.0 (median depth 23.5)
[11:35:46 - Sampler] Took 0.02s to make features.
[11:35:47 - Sampler] Initializing sampler for consensus of region contig_211:0-2247.
[11:35:47 - Feature] Processed contig_211:0.0-2246.0 (median depth 18.0)
[11:35:47 - Sampler] Took 0.01s to make features.
[11:35:47 - Sampler] Initializing sampler for consensus of region contig_212:0-3098.
[11:35:47 - Feature] Processed contig_212:0.0-3097.0 (median depth 13.0)
[11:35:47 - Sampler] Took 0.01s to make features.
[11:35:48 - Sampler] Initializing sampler for consensus of region contig_213:0-3307.
[11:35:48 - Feature] Processed contig_213:0.0-3306.0 (median depth 11.0)
[11:35:48 - Sampler] Took 0.01s to make features.
[11:35:48 - Sampler] Initializing sampler for consensus of region contig_214:0-2450.
[11:35:48 - Feature] Processed contig_214:0.0-2449.0 (median depth 8.0)
[11:35:48 - Sampler] Took 0.01s to make features.
[11:35:49 - Sampler] Initializing sampler for consensus of region contig_215:0-9924.
[11:35:49 - Feature] Processed contig_215:0.0-9923.0 (median depth 25.0)
[11:35:49 - Sampler] Took 0.02s to make features.
[11:35:49 - Sampler] Initializing sampler for consensus of region contig_216:0-2461.
[11:35:49 - Feature] Processed contig_216:0.0-2460.0 (median depth 11.0)
[11:35:49 - Sampler] Took 0.01s to make features.
[11:35:49 - Sampler] Initializing sampler for consensus of region contig_217:0-2308.
[11:35:49 - Feature] Processed contig_217:0.0-2307.0 (median depth 11.0)
[11:35:49 - Sampler] Took 0.00s to make features.
[11:35:49 - Sampler] Initializing sampler for consensus of region contig_218:0-4483.
[11:35:49 - Feature] Processed contig_218:0.0-4482.0 (median depth 40.0)
[11:35:49 - Sampler] Took 0.02s to make features.
[11:35:50 - Sampler] Initializing sampler for consensus of region contig_219:0-2595.
[11:35:50 - Feature] Processed contig_219:0.0-2594.0 (median depth 22.0)
[11:35:50 - Sampler] Took 0.01s to make features.
[11:35:50 - PWorker] 11.6% Done (0.3/2.9 Mbases) in 40.8s
[11:35:50 - Sampler] Initializing sampler for consensus of region contig_22:0-4706.
[11:35:50 - Feature] Processed contig_22:0.0-4705.0 (median depth 27.0)
[11:35:50 - Sampler] Took 0.01s to make features.
[11:35:50 - Sampler] Initializing sampler for consensus of region contig_220:0-2558.
[11:35:50 - Feature] Processed contig_220:0.0-2557.0 (median depth 6.0)
[11:35:50 - Sampler] Took 0.01s to make features.
[11:35:51 - Sampler] Initializing sampler for consensus of region contig_221:0-3217.
[11:35:51 - Feature] Processed contig_221:0.0-3216.0 (median depth 8.0)
[11:35:51 - Sampler] Took 0.01s to make features.
[11:35:51 - Sampler] Initializing sampler for consensus of region contig_222:0-2513.
[11:35:51 - Feature] Processed contig_222:0.0-2512.0 (median depth 26.0)
[11:35:51 - Sampler] Took 0.01s to make features.
[11:35:52 - PWorker] Batches in cache: 8.
[11:35:52 - Sampler] Initializing sampler for consensus of region contig_223:0-8066.
[11:35:52 - Feature] Processed contig_223:0.0-8065.0 (median depth 10.0)
[11:35:52 - Sampler] Took 0.01s to make features.
[11:35:52 - Sampler] Initializing sampler for consensus of region contig_224:0-2724.
[11:35:52 - Feature] Processed contig_224:0.0-2723.0 (median depth 18.0)
[11:35:52 - Sampler] Took 0.01s to make features.
[11:35:52 - Sampler] Initializing sampler for consensus of region contig_225:0-2418.
[11:35:52 - Feature] Processed contig_225:0.0-2417.0 (median depth 32.0)
[11:35:52 - Sampler] Took 0.01s to make features.
[11:35:53 - Sampler] Initializing sampler for consensus of region contig_226:0-2792.
[11:35:53 - Feature] Processed contig_226:0.0-2791.0 (median depth 14.0)
[11:35:53 - Sampler] Took 0.01s to make features.
[11:35:53 - Sampler] Initializing sampler for consensus of region contig_227:0-6400.
[11:35:53 - Feature] Processed contig_227:0.0-6399.0 (median depth 43.0)
[11:35:53 - Sampler] Took 0.02s to make features.
[11:35:53 - Sampler] Initializing sampler for consensus of region contig_228:0-2353.
[11:35:53 - Feature] Processed contig_228:0.0-2352.0 (median depth 12.0)
[11:35:53 - Sampler] Took 0.01s to make features.
[11:35:54 - Sampler] Initializing sampler for consensus of region contig_229:0-2885.
[11:35:54 - Feature] Processed contig_229:0.0-2884.0 (median depth 10.0)
[11:35:54 - Sampler] Took 0.01s to make features.
[11:35:54 - Sampler] Initializing sampler for consensus of region contig_23:0-5067.
[11:35:54 - Feature] Processed contig_23:0.0-5066.0 (median depth 26.0)
[11:35:54 - Sampler] Took 0.01s to make features.
[11:35:55 - Sampler] Initializing sampler for consensus of region contig_230:0-2609.
[11:35:55 - Feature] Processed contig_230:0.0-2608.0 (median depth 12.0)
[11:35:55 - Sampler] Took 0.01s to make features.
[11:35:55 - Sampler] Initializing sampler for consensus of region contig_232:0-3896.
[11:35:55 - Feature] Processed contig_232:0.0-3895.0 (median depth 32.0)
[11:35:55 - Sampler] Took 0.02s to make features.
[11:35:55 - Sampler] Initializing sampler for consensus of region contig_233:0-2273.
[11:35:55 - Feature] Processed contig_233:0.0-2272.0 (median depth 8.0)
[11:35:55 - Sampler] Took 0.01s to make features.
[11:35:56 - Sampler] Initializing sampler for consensus of region contig_234:0-2229.
[11:35:56 - Feature] Processed contig_234:0.0-2228.0 (median depth 13.0)
[11:35:56 - Sampler] Took 0.01s to make features.
[11:35:56 - Sampler] Initializing sampler for consensus of region contig_235:0-6098.
[11:35:56 - Feature] Processed contig_235:0.0-6097.0 (median depth 12.0)
[11:35:56 - Sampler] Took 0.01s to make features.
[11:35:56 - Sampler] Initializing sampler for consensus of region contig_236:0-3253.
[11:35:57 - Feature] Processed contig_236:0.0-3252.0 (median depth 35.0)
[11:35:57 - Sampler] Took 0.01s to make features.
[11:35:57 - PWorker] Batches in cache: 8.
[11:35:57 - Sampler] Initializing sampler for consensus of region contig_237:0-2733.
[11:35:57 - Feature] Processed contig_237:0.0-2732.0 (median depth 10.0)
[11:35:57 - Sampler] Took 0.01s to make features.
[11:35:57 - Sampler] Initializing sampler for consensus of region contig_238:0-2913.
[11:35:57 - Feature] Processed contig_238:0.0-2912.0 (median depth 12.0)
[11:35:57 - Sampler] Took 0.01s to make features.
[11:35:58 - Sampler] Initializing sampler for consensus of region contig_239:0-3272.
[11:35:58 - Feature] Processed contig_239:0.0-3271.0 (median depth 23.0)
[11:35:58 - Sampler] Took 0.01s to make features.
[11:35:58 - Sampler] Initializing sampler for consensus of region contig_24:0-2322.
[11:35:58 - Feature] Processed contig_24:0.0-2321.0 (median depth 42.0)
[11:35:58 - Sampler] Took 0.01s to make features.
[11:35:58 - Sampler] Initializing sampler for consensus of region contig_240:0-6983.
[11:35:58 - Feature] Processed contig_240:0.0-6982.0 (median depth 35.0)
[11:35:58 - Sampler] Took 0.02s to make features.
[11:35:58 - Sampler] Initializing sampler for consensus of region contig_241:0-3056.
[11:35:58 - Feature] Processed contig_241:0.0-3055.0 (median depth 13.0)
[11:35:58 - Sampler] Took 0.01s to make features.
[11:35:59 - Sampler] Initializing sampler for consensus of region contig_242:0-2325.
[11:35:59 - Feature] Processed contig_242:0.0-2324.0 (median depth 47.0)
[11:35:59 - Sampler] Took 0.01s to make features.
[11:35:59 - Sampler] Initializing sampler for consensus of region contig_243:0-3635.
[11:35:59 - Feature] Processed contig_243:0.0-3634.0 (median depth 18.0)
[11:35:59 - Sampler] Took 0.01s to make features.
[11:36:00 - Sampler] Initializing sampler for consensus of region contig_244:0-2548.
[11:36:00 - Feature] Processed contig_244:0.0-2547.0 (median depth 19.0)
[11:36:00 - Sampler] Took 0.01s to make features.
[11:36:00 - Sampler] Initializing sampler for consensus of region contig_245:0-4978.
[11:36:00 - Feature] Processed contig_245:0.0-4977.0 (median depth 21.0)
[11:36:00 - Sampler] Took 0.01s to make features.
[11:36:00 - PWorker] 14.5% Done (0.4/2.9 Mbases) in 51.0s
[11:36:00 - Sampler] Initializing sampler for consensus of region contig_246:0-2286.
[11:36:00 - Feature] Processed contig_246:0.0-2285.0 (median depth 23.0)
[11:36:00 - Sampler] Took 0.01s to make features.
[11:36:01 - Sampler] Initializing sampler for consensus of region contig_247:0-2498.
[11:36:01 - Feature] Processed contig_247:0.0-2497.0 (median depth 12.0)
[11:36:01 - Sampler] Took 0.01s to make features.
[11:36:01 - Sampler] Initializing sampler for consensus of region contig_248:0-4255.
[11:36:01 - Feature] Processed contig_248:0.0-4254.0 (median depth 12.0)
[11:36:01 - Sampler] Took 0.01s to make features.
[11:36:01 - Sampler] Initializing sampler for consensus of region contig_249:0-2413.
[11:36:01 - Feature] Processed contig_249:0.0-2412.0 (median depth 36.0)
[11:36:01 - Sampler] Took 0.01s to make features.
[11:36:02 - Sampler] Initializing sampler for consensus of region contig_25:0-2760.
[11:36:02 - Feature] Processed contig_25:0.0-2759.0 (median depth 35.0)
[11:36:02 - Sampler] Took 0.01s to make features.
[11:36:02 - PWorker] Batches in cache: 8.
[11:36:02 - Sampler] Initializing sampler for consensus of region contig_250:0-2312.
[11:36:02 - Feature] Processed contig_250:0.0-2311.0 (median depth 10.0)
[11:36:02 - Sampler] Took 0.01s to make features.
[11:36:02 - Sampler] Initializing sampler for consensus of region contig_251:0-9451.
[11:36:02 - Feature] Processed contig_251:0.0-9450.0 (median depth 11.0)
[11:36:02 - Sampler] Took 0.02s to make features.
[11:36:02 - Sampler] Initializing sampler for consensus of region contig_252:0-2735.
[11:36:02 - Feature] Processed contig_252:0.0-2734.0 (median depth 24.0)
[11:36:02 - Sampler] Took 0.01s to make features.
[11:36:03 - Sampler] Initializing sampler for consensus of region contig_253:0-2292.
[11:36:03 - Feature] Processed contig_253:0.0-2291.0 (median depth 43.0)
[11:36:03 - Sampler] Took 0.01s to make features.
[11:36:03 - Sampler] Initializing sampler for consensus of region contig_254:0-3094.
[11:36:03 - Feature] Processed contig_254:0.0-3093.0 (median depth 13.0)
[11:36:03 - Sampler] Took 0.01s to make features.
[11:36:03 - Sampler] Initializing sampler for consensus of region contig_255:0-2865.
[11:36:03 - Feature] Processed contig_255:0.0-2864.0 (median depth 12.0)
[11:36:03 - Sampler] Took 0.01s to make features.
[11:36:04 - Sampler] Initializing sampler for consensus of region contig_256:0-5966.
[11:36:04 - Feature] Processed contig_256:0.0-5965.0 (median depth 16.0)
[11:36:04 - Sampler] Took 0.01s to make features.
[11:36:04 - Sampler] Initializing sampler for consensus of region contig_257:0-2732.
[11:36:04 - Feature] Processed contig_257:0.0-2731.0 (median depth 20.5)
[11:36:04 - Sampler] Took 0.01s to make features.
[11:36:04 - Sampler] Initializing sampler for consensus of region contig_258:0-2385.
[11:36:04 - Feature] Processed contig_258:0.0-2384.0 (median depth 18.0)
[11:36:04 - Sampler] Took 0.01s to make features.
[11:36:05 - Sampler] Initializing sampler for consensus of region contig_259:0-2640.
[11:36:05 - Feature] Processed contig_259:0.0-2639.0 (median depth 24.0)
[11:36:05 - Sampler] Took 0.01s to make features.
[11:36:05 - Sampler] Initializing sampler for consensus of region contig_26:0-3001.
[11:36:05 - Feature] Processed contig_26:0.0-3000.0 (median depth 13.0)
[11:36:05 - Sampler] Took 0.01s to make features.
[11:36:05 - Sampler] Initializing sampler for consensus of region contig_260:0-4208.
[11:36:05 - Feature] Processed contig_260:0.0-4207.0 (median depth 8.0)
[11:36:05 - Sampler] Took 0.01s to make features.
[11:36:06 - Sampler] Initializing sampler for consensus of region contig_261:0-2237.
[11:36:06 - Feature] Processed contig_261:0.0-2236.0 (median depth 12.5)
[11:36:06 - Sampler] Took 0.01s to make features.
[11:36:06 - Sampler] Initializing sampler for consensus of region contig_262:0-6626.
[11:36:06 - Feature] Processed contig_262:0.0-6625.0 (median depth 30.0)
[11:36:06 - Sampler] Took 0.02s to make features.
[11:36:06 - Sampler] Initializing sampler for consensus of region contig_263:0-5122.
[11:36:06 - Feature] Processed contig_263:0.0-5121.0 (median depth 9.0)
[11:36:06 - Sampler] Took 0.01s to make features.
[11:36:07 - Sampler] Initializing sampler for consensus of region contig_265:0-2685.
[11:36:07 - Feature] Processed contig_265:0.0-2684.0 (median depth 14.0)
[11:36:07 - Sampler] Took 0.01s to make features.
[11:36:07 - Sampler] Initializing sampler for consensus of region contig_266:0-3195.
[11:36:07 - Feature] Processed contig_266:0.0-3194.0 (median depth 24.0)
[11:36:07 - Sampler] Took 0.01s to make features.
[11:36:07 - PWorker] Batches in cache: 8.
[11:36:07 - Sampler] Initializing sampler for consensus of region contig_267:0-4798.
[11:36:07 - Feature] Processed contig_267:0.0-4797.0 (median depth 36.0)
[11:36:07 - Sampler] Took 0.02s to make features.
[11:36:07 - Sampler] Initializing sampler for consensus of region contig_268:0-2530.
[11:36:07 - Feature] Processed contig_268:0.0-2529.0 (median depth 27.0)
[11:36:07 - Sampler] Took 0.01s to make features.
[11:36:08 - Sampler] Initializing sampler for consensus of region contig_269:0-2222.
[11:36:08 - Feature] Processed contig_269:0.0-2221.0 (median depth 34.0)
[11:36:08 - Sampler] Took 0.01s to make features.
[11:36:08 - Sampler] Initializing sampler for consensus of region contig_27:0-2948.
[11:36:08 - Feature] Processed contig_27:0.0-2947.0 (median depth 44.0)
[11:36:08 - Sampler] Took 0.01s to make features.
[11:36:09 - Sampler] Initializing sampler for consensus of region contig_270:0-3677.
[11:36:09 - Feature] Processed contig_270:0.0-3676.0 (median depth 16.0)
[11:36:09 - Sampler] Took 0.01s to make features.
[11:36:09 - Sampler] Initializing sampler for consensus of region contig_271:0-3833.
[11:36:09 - Feature] Processed contig_271:0.0-3832.0 (median depth 15.0)
[11:36:09 - Sampler] Took 0.01s to make features.
[11:36:09 - Sampler] Initializing sampler for consensus of region contig_272:0-2712.
[11:36:09 - Feature] Processed contig_272:0.0-2711.0 (median depth 20.0)
[11:36:09 - Sampler] Took 0.01s to make features.
[11:36:10 - Sampler] Initializing sampler for consensus of region contig_274:0-5026.
[11:36:10 - Feature] Processed contig_274:0.0-5025.0 (median depth 19.0)
[11:36:10 - Sampler] Took 0.01s to make features.
[11:36:10 - Sampler] Initializing sampler for consensus of region contig_275:0-6901.
[11:36:10 - Feature] Processed contig_275:0.0-6900.0 (median depth 37.0)
[11:36:10 - Sampler] Took 0.02s to make features.
[11:36:10 - Sampler] Initializing sampler for consensus of region contig_276:0-2284.
[11:36:10 - Feature] Processed contig_276:0.0-2283.0 (median depth 25.0)
[11:36:10 - Sampler] Took 0.01s to make features.
[11:36:11 - PWorker] 17.3% Done (0.5/2.9 Mbases) in 61.2s
[11:36:11 - Sampler] Initializing sampler for consensus of region contig_277:0-2330.
[11:36:11 - Feature] Processed contig_277:0.0-2329.0 (median depth 29.0)
[11:36:11 - Sampler] Took 0.01s to make features.
[11:36:11 - Sampler] Initializing sampler for consensus of region contig_278:0-4667.
[11:36:11 - Feature] Processed contig_278:0.0-4666.0 (median depth 14.0)
[11:36:11 - Sampler] Took 0.01s to make features.
[11:36:11 - Sampler] Initializing sampler for consensus of region contig_279:0-3210.
[11:36:11 - Feature] Processed contig_279:0.0-3209.0 (median depth 20.0)
[11:36:11 - Sampler] Took 0.01s to make features.
[11:36:11 - Sampler] Initializing sampler for consensus of region contig_28:0-2427.
[11:36:11 - Feature] Processed contig_28:0.0-2426.0 (median depth 22.0)
[11:36:11 - Sampler] Took 0.01s to make features.
[11:36:12 - Sampler] Initializing sampler for consensus of region contig_280:0-2345.
[11:36:12 - Feature] Processed contig_280:0.0-2344.0 (median depth 24.0)
[11:36:12 - Sampler] Took 0.01s to make features.
[11:36:12 - Sampler] Initializing sampler for consensus of region contig_281:0-2261.
[11:36:12 - Feature] Processed contig_281:0.0-2260.0 (median depth 11.0)
[11:36:12 - Sampler] Took 0.01s to make features.
[11:36:13 - PWorker] Batches in cache: 8.
[11:36:13 - Sampler] Initializing sampler for consensus of region contig_282:0-2477.
[11:36:13 - Feature] Processed contig_282:0.0-2476.0 (median depth 13.0)
[11:36:13 - Sampler] Took 0.01s to make features.
[11:36:13 - Sampler] Initializing sampler for consensus of region contig_283:0-2294.
[11:36:13 - Feature] Processed contig_283:0.0-2293.0 (median depth 22.0)
[11:36:13 - Sampler] Took 0.01s to make features.
[11:36:13 - Sampler] Initializing sampler for consensus of region contig_284:0-2250.
[11:36:13 - Feature] Processed contig_284:0.0-2249.0 (median depth 12.0)
[11:36:13 - Sampler] Took 0.01s to make features.
[11:36:14 - Sampler] Initializing sampler for consensus of region contig_285:0-2542.
[11:36:14 - Feature] Processed contig_285:0.0-2541.0 (median depth 12.0)
[11:36:14 - Sampler] Took 0.01s to make features.
[11:36:14 - Sampler] Initializing sampler for consensus of region contig_286:0-2425.
[11:36:14 - Feature] Processed contig_286:0.0-2424.0 (median depth 9.0)
[11:36:14 - Sampler] Took 0.01s to make features.
[11:36:14 - Sampler] Initializing sampler for consensus of region contig_287:0-2224.
[11:36:14 - Feature] Processed contig_287:0.0-2223.0 (median depth 18.0)
[11:36:14 - Sampler] Took 0.01s to make features.
[11:36:14 - Sampler] Initializing sampler for consensus of region contig_288:0-2392.
[11:36:14 - Feature] Processed contig_288:0.0-2391.0 (median depth 12.0)
[11:36:14 - Sampler] Took 0.01s to make features.
[11:36:15 - Sampler] Initializing sampler for consensus of region contig_289:0-2766.
[11:36:15 - Feature] Processed contig_289:0.0-2765.0 (median depth 27.0)
[11:36:15 - Sampler] Took 0.01s to make features.
[11:36:15 - Sampler] Initializing sampler for consensus of region contig_29:0-2353.
[11:36:15 - Feature] Processed contig_29:0.0-2352.0 (median depth 7.0)
[11:36:15 - Sampler] Took 0.01s to make features.
[11:36:15 - Sampler] Initializing sampler for consensus of region contig_290:0-2710.
[11:36:15 - Feature] Processed contig_290:0.0-2709.0 (median depth 14.0)
[11:36:15 - Sampler] Took 0.01s to make features.
[11:36:16 - Sampler] Initializing sampler for consensus of region contig_291:0-2425.
[11:36:16 - Feature] Processed contig_291:0.0-2424.0 (median depth 19.0)
[11:36:16 - Sampler] Took 0.01s to make features.
[11:36:16 - Sampler] Initializing sampler for consensus of region contig_292:0-2253.
[11:36:16 - Feature] Processed contig_292:0.0-2252.0 (median depth 15.0)
[11:36:16 - Sampler] Took 0.01s to make features.
[11:36:17 - Sampler] Initializing sampler for consensus of region contig_293:0-4382.
[11:36:17 - Feature] Processed contig_293:0.0-4381.0 (median depth 10.0)
[11:36:17 - Sampler] Took 0.01s to make features.
[11:36:17 - Sampler] Initializing sampler for consensus of region contig_294:0-7451.
[11:36:17 - Feature] Processed contig_294:0.0-7450.0 (median depth 17.0)
[11:36:17 - Sampler] Took 0.02s to make features.
[11:36:17 - Sampler] Initializing sampler for consensus of region contig_295:0-3021.
[11:36:17 - Feature] Processed contig_295:0.0-3020.0 (median depth 17.0)
[11:36:17 - Sampler] Took 0.01s to make features.
[11:36:18 - PWorker] Batches in cache: 8.
[11:36:18 - Sampler] Initializing sampler for consensus of region contig_296:0-2533.
[11:36:18 - Feature] Processed contig_296:0.0-2532.0 (median depth 5.0)
[11:36:18 - Sampler] Took 0.00s to make features.
[11:36:18 - Sampler] Initializing sampler for consensus of region contig_297:0-2304.
[11:36:18 - Feature] Processed contig_297:0.0-2303.0 (median depth 10.0)
[11:36:18 - Sampler] Took 0.01s to make features.
[11:36:18 - Sampler] Initializing sampler for consensus of region contig_298:0-2241.
[11:36:18 - Feature] Processed contig_298:0.0-2240.0 (median depth 6.0)
[11:36:18 - Sampler] Took 0.00s to make features.
[11:36:18 - Sampler] Initializing sampler for consensus of region contig_299:0-2405.
[11:36:18 - Feature] Processed contig_299:0.0-2404.0 (median depth 23.0)
[11:36:18 - Sampler] Took 0.01s to make features.
[11:36:19 - Sampler] Initializing sampler for consensus of region contig_3:0-2228.
[11:36:19 - Feature] Processed contig_3:0.0-2227.0 (median depth 11.0)
[11:36:19 - Sampler] Took 0.01s to make features.
[11:36:19 - Sampler] Initializing sampler for consensus of region contig_30:0-2426.
[11:36:19 - Feature] Processed contig_30:0.0-2425.0 (median depth 36.0)
[11:36:19 - Sampler] Took 0.01s to make features.
[11:36:19 - Sampler] Initializing sampler for consensus of region contig_300:0-2553.
[11:36:19 - Feature] Processed contig_300:0.0-2552.0 (median depth 8.0)
[11:36:19 - Sampler] Took 0.01s to make features.
[11:36:19 - Sampler] Initializing sampler for consensus of region contig_301:0-2421.
[11:36:19 - Feature] Processed contig_301:0.0-2420.0 (median depth 21.0)
[11:36:19 - Sampler] Took 0.01s to make features.
[11:36:19 - Sampler] Initializing sampler for consensus of region contig_302:0-2256.
[11:36:19 - Feature] Processed contig_302:0.0-2255.0 (median depth 19.0)
[11:36:19 - Sampler] Took 0.01s to make features.
[11:36:20 - Sampler] Initializing sampler for consensus of region contig_303:0-3930.
[11:36:20 - Feature] Processed contig_303:0.0-3929.0 (median depth 14.0)
[11:36:20 - Sampler] Took 0.01s to make features.
[11:36:20 - Sampler] Initializing sampler for consensus of region contig_304:0-2327.
[11:36:20 - Feature] Processed contig_304:0.0-2326.0 (median depth 9.0)
[11:36:20 - Sampler] Took 0.01s to make features.
[11:36:20 - Sampler] Initializing sampler for consensus of region contig_305:0-2820.
[11:36:20 - Feature] Processed contig_305:0.0-2819.0 (median depth 22.0)
[11:36:20 - Sampler] Took 0.01s to make features.
[11:36:20 - Sampler] Initializing sampler for consensus of region contig_306:0-2611.
[11:36:20 - Feature] Processed contig_306:0.0-2610.0 (median depth 16.0)
[11:36:20 - Sampler] Took 0.01s to make features.
[11:36:20 - Sampler] Initializing sampler for consensus of region contig_307:0-2405.
[11:36:20 - Feature] Processed contig_307:0.0-2404.0 (median depth 20.0)
[11:36:20 - Sampler] Took 0.01s to make features.
[11:36:21 - PWorker] 20.0% Done (0.6/2.9 Mbases) in 71.3s
[11:36:21 - Sampler] Initializing sampler for consensus of region contig_308:0-2880.
[11:36:21 - Feature] Processed contig_308:0.0-2879.0 (median depth 18.0)
[11:36:21 - Sampler] Took 0.01s to make features.
[11:36:21 - Sampler] Initializing sampler for consensus of region contig_309:0-2277.
[11:36:21 - Feature] Processed contig_309:0.0-2276.0 (median depth 17.0)
[11:36:21 - Sampler] Took 0.01s to make features.
[11:36:21 - Sampler] Initializing sampler for consensus of region contig_31:0-1878.
[11:36:21 - Feature] Processed contig_31:0.0-1877.0 (median depth 17.0)
[11:36:21 - Sampler] Took 0.01s to make features.
[11:36:22 - Sampler] Initializing sampler for consensus of region contig_310:0-3849.
[11:36:22 - Feature] Processed contig_310:0.0-3848.0 (median depth 19.0)
[11:36:22 - Sampler] Took 0.01s to make features.
[11:36:22 - Sampler] Initializing sampler for consensus of region contig_311:0-6059.
[11:36:22 - Feature] Processed contig_311:0.0-6058.0 (median depth 35.0)
[11:36:22 - Sampler] Took 0.02s to make features.
[11:36:22 - Sampler] Initializing sampler for consensus of region contig_312:0-3133.
[11:36:22 - Feature] Processed contig_312:0.0-3132.0 (median depth 36.0)
[11:36:22 - Sampler] Took 0.01s to make features.
[11:36:23 - PWorker] Batches in cache: 8.
[11:36:23 - Sampler] Initializing sampler for consensus of region contig_313:0-2459.
[11:36:23 - Feature] Processed contig_313:0.0-2458.0 (median depth 19.0)
[11:36:23 - Sampler] Took 0.01s to make features.
[11:36:23 - Sampler] Initializing sampler for consensus of region contig_314:0-2322.
[11:36:23 - Feature] Processed contig_314:0.0-2321.0 (median depth 17.0)
[11:36:23 - Sampler] Took 0.01s to make features.
[11:36:23 - Sampler] Initializing sampler for consensus of region contig_315:0-2324.
[11:36:23 - Feature] Processed contig_315:0.0-2323.0 (median depth 13.0)
[11:36:23 - Sampler] Took 0.01s to make features.
[11:36:23 - Sampler] Initializing sampler for consensus of region contig_316:0-2464.
[11:36:23 - Feature] Processed contig_316:0.0-2463.0 (median depth 13.0)
[11:36:23 - Sampler] Took 0.01s to make features.
[11:36:24 - Sampler] Initializing sampler for consensus of region contig_317:0-2655.
[11:36:24 - Feature] Processed contig_317:0.0-2654.0 (median depth 7.0)
[11:36:24 - Sampler] Took 0.01s to make features.
[11:36:24 - Sampler] Initializing sampler for consensus of region contig_318:0-2878.
[11:36:24 - Feature] Processed contig_318:0.0-2877.0 (median depth 35.0)
[11:36:24 - Sampler] Took 0.01s to make features.
[11:36:24 - Sampler] Initializing sampler for consensus of region contig_319:0-2232.
[11:36:24 - Feature] Processed contig_319:0.0-2231.0 (median depth 9.0)
[11:36:24 - Sampler] Took 0.01s to make features.
[11:36:24 - Sampler] Initializing sampler for consensus of region contig_32:0-1438.
[11:36:24 - Feature] Processed contig_32:0.0-1437.0 (median depth 11.0)
[11:36:24 - Sampler] Took 0.00s to make features.
[11:36:24 - Sampler] Initializing sampler for consensus of region contig_320:0-2407.
[11:36:24 - Feature] Processed contig_320:0.0-2406.0 (median depth 7.0)
[11:36:24 - Sampler] Took 0.01s to make features.
[11:36:25 - Sampler] Initializing sampler for consensus of region contig_321:0-2662.
[11:36:25 - Feature] Processed contig_321:0.0-2661.0 (median depth 7.0)
[11:36:25 - Sampler] Took 0.01s to make features.
[11:36:25 - Sampler] Initializing sampler for consensus of region contig_322:0-2506.
[11:36:25 - Feature] Processed contig_322:0.0-2505.0 (median depth 14.0)
[11:36:25 - Sampler] Took 0.01s to make features.
[11:36:25 - Sampler] Initializing sampler for consensus of region contig_323:0-4640.
[11:36:25 - Feature] Processed contig_323:0.0-4639.0 (median depth 41.0)
[11:36:25 - Sampler] Took 0.02s to make features.
[11:36:25 - Sampler] Initializing sampler for consensus of region contig_324:0-2644.
[11:36:25 - Feature] Processed contig_324:0.0-2643.0 (median depth 27.0)
[11:36:25 - Sampler] Took 0.01s to make features.
[11:36:26 - Sampler] Initializing sampler for consensus of region contig_325:0-4262.
[11:36:26 - Feature] Processed contig_325:0.0-4261.0 (median depth 17.0)
[11:36:26 - Sampler] Took 0.01s to make features.
[11:36:26 - Sampler] Initializing sampler for consensus of region contig_326:0-2635.
[11:36:26 - Feature] Processed contig_326:0.0-2634.0 (median depth 26.0)
[11:36:26 - Sampler] Took 0.01s to make features.
[11:36:26 - Sampler] Initializing sampler for consensus of region contig_327:0-2423.
[11:36:26 - Feature] Processed contig_327:0.0-2422.0 (median depth 11.0)
[11:36:26 - Sampler] Took 0.01s to make features.
[11:36:26 - Sampler] Initializing sampler for consensus of region contig_328:0-4351.
[11:36:26 - Feature] Processed contig_328:0.0-4350.0 (median depth 24.0)
[11:36:26 - Sampler] Took 0.01s to make features.
[11:36:27 - Sampler] Initializing sampler for consensus of region contig_329:0-3903.
[11:36:27 - Feature] Processed contig_329:0.0-3902.0 (median depth 12.0)
[11:36:27 - Sampler] Took 0.01s to make features.
[11:36:27 - Sampler] Initializing sampler for consensus of region contig_33:0-2240.
[11:36:27 - Feature] Processed contig_33:0.0-2239.0 (median depth 26.0)
[11:36:27 - Sampler] Took 0.01s to make features.
[11:36:28 - Sampler] Initializing sampler for consensus of region contig_330:0-3176.
[11:36:28 - Feature] Processed contig_330:0.0-3175.0 (median depth 8.0)
[11:36:28 - Sampler] Took 0.01s to make features.
[11:36:28 - PWorker] Batches in cache: 8.
[11:36:28 - Sampler] Initializing sampler for consensus of region contig_331:0-2232.
[11:36:28 - Feature] Processed contig_331:0.0-2231.0 (median depth 5.0)
[11:36:28 - Sampler] Took 0.00s to make features.
[11:36:28 - Sampler] Initializing sampler for consensus of region contig_332:0-2368.
[11:36:28 - Feature] Processed contig_332:0.0-2367.0 (median depth 5.0)
[11:36:28 - Sampler] Took 0.01s to make features.
[11:36:28 - Sampler] Initializing sampler for consensus of region contig_333:0-2628.
[11:36:28 - Feature] Processed contig_333:0.0-2627.0 (median depth 13.0)
[11:36:28 - Sampler] Took 0.01s to make features.
[11:36:28 - Sampler] Initializing sampler for consensus of region contig_334:0-2685.
[11:36:28 - Feature] Processed contig_334:0.0-2684.0 (median depth 23.0)
[11:36:28 - Sampler] Took 0.01s to make features.
[11:36:29 - Sampler] Initializing sampler for consensus of region contig_335:0-8229.
[11:36:29 - Feature] Processed contig_335:0.0-8228.0 (median depth 15.0)
[11:36:29 - Sampler] Took 0.01s to make features.
[11:36:29 - Sampler] Initializing sampler for consensus of region contig_337:0-2744.
[11:36:29 - Feature] Processed contig_337:0.0-2743.0 (median depth 17.0)
[11:36:29 - Sampler] Took 0.01s to make features.
[11:36:29 - Sampler] Initializing sampler for consensus of region contig_338:0-2560.
[11:36:29 - Feature] Processed contig_338:0.0-2559.0 (median depth 12.0)
[11:36:29 - Sampler] Took 0.01s to make features.
[11:36:29 - Sampler] Initializing sampler for consensus of region contig_339:0-2469.
[11:36:29 - Feature] Processed contig_339:0.0-2468.0 (median depth 7.0)
[11:36:29 - Sampler] Took 0.01s to make features.
[11:36:29 - Sampler] Initializing sampler for consensus of region contig_34:0-7772.
[11:36:29 - Feature] Processed contig_34:0.0-7771.0 (median depth 28.0)
[11:36:29 - Sampler] Took 0.02s to make features.
[11:36:30 - Sampler] Initializing sampler for consensus of region contig_340:0-2463.
[11:36:30 - Feature] Processed contig_340:0.0-2462.0 (median depth 13.0)
[11:36:30 - Sampler] Took 0.01s to make features.
[11:36:30 - Sampler] Initializing sampler for consensus of region contig_341:0-2504.
[11:36:30 - Feature] Processed contig_341:0.0-2503.0 (median depth 9.0)
[11:36:30 - Sampler] Took 0.01s to make features.
[11:36:30 - Sampler] Initializing sampler for consensus of region contig_342:0-2995.
[11:36:30 - Feature] Processed contig_342:0.0-2994.0 (median depth 10.0)
[11:36:30 - Sampler] Took 0.01s to make features.
[11:36:31 - Sampler] Initializing sampler for consensus of region contig_343:0-3980.
[11:36:31 - Feature] Processed contig_343:0.0-3979.0 (median depth 16.0)
[11:36:31 - Sampler] Took 0.01s to make features.
[11:36:31 - PWorker] 22.7% Done (0.7/2.9 Mbases) in 81.5s
[11:36:31 - Sampler] Initializing sampler for consensus of region contig_344:0-2380.
[11:36:31 - Feature] Processed contig_344:0.0-2379.0 (median depth 10.0)
[11:36:31 - Sampler] Took 0.00s to make features.
[11:36:31 - Sampler] Initializing sampler for consensus of region contig_345:0-2838.
[11:36:31 - Feature] Processed contig_345:0.0-2837.0 (median depth 16.0)
[11:36:31 - Sampler] Took 0.01s to make features.
[11:36:31 - Sampler] Initializing sampler for consensus of region contig_346:0-2950.
[11:36:31 - Feature] Processed contig_346:0.0-2949.0 (median depth 11.0)
[11:36:31 - Sampler] Took 0.01s to make features.
[11:36:32 - Sampler] Initializing sampler for consensus of region contig_347:0-2774.
[11:36:32 - Feature] Processed contig_347:0.0-2773.0 (median depth 10.0)
[11:36:32 - Sampler] Took 0.01s to make features.
[11:36:32 - Sampler] Initializing sampler for consensus of region contig_348:0-2277.
[11:36:32 - Feature] Processed contig_348:0.0-2276.0 (median depth 22.0)
[11:36:32 - Sampler] Took 0.01s to make features.
[11:36:32 - Sampler] Initializing sampler for consensus of region contig_349:0-2664.
[11:36:32 - Feature] Processed contig_349:0.0-2663.0 (median depth 8.0)
[11:36:32 - Sampler] Took 0.01s to make features.
[11:36:33 - Sampler] Initializing sampler for consensus of region contig_35:0-5186.
[11:36:33 - Feature] Processed contig_35:0.0-5185.0 (median depth 59.0)
[11:36:33 - Sampler] Took 0.02s to make features.
[11:36:33 - PWorker] Batches in cache: 8.
[11:36:33 - Sampler] Initializing sampler for consensus of region contig_350:0-2978.
[11:36:33 - Feature] Processed contig_350:0.0-2977.0 (median depth 15.0)
[11:36:33 - Sampler] Took 0.01s to make features.
[11:36:33 - Sampler] Initializing sampler for consensus of region contig_351:0-2763.
[11:36:33 - Feature] Processed contig_351:0.0-2762.0 (median depth 10.0)
[11:36:33 - Sampler] Took 0.01s to make features.
[11:36:33 - Sampler] Initializing sampler for consensus of region contig_352:0-2265.
[11:36:33 - Feature] Processed contig_352:0.0-2264.0 (median depth 12.0)
[11:36:33 - Sampler] Took 0.01s to make features.
[11:36:34 - Sampler] Initializing sampler for consensus of region contig_353:0-6641.
[11:36:34 - Feature] Processed contig_353:0.0-6640.0 (median depth 50.0)
[11:36:34 - Sampler] Took 0.02s to make features.
[11:36:34 - Sampler] Initializing sampler for consensus of region contig_354:0-4252.
[11:36:34 - Feature] Processed contig_354:0.0-4251.0 (median depth 20.0)
[11:36:34 - Sampler] Took 0.01s to make features.
[11:36:34 - Sampler] Initializing sampler for consensus of region contig_355:0-2954.
[11:36:35 - Feature] Processed contig_355:0.0-2953.0 (median depth 14.0)
[11:36:35 - Sampler] Took 0.01s to make features.
[11:36:35 - Sampler] Initializing sampler for consensus of region contig_356:0-3259.
[11:36:35 - Feature] Processed contig_356:0.0-3258.0 (median depth 18.0)
[11:36:35 - Sampler] Took 0.01s to make features.
[11:36:35 - Sampler] Initializing sampler for consensus of region contig_357:0-5424.
[11:36:35 - Feature] Processed contig_357:0.0-5423.0 (median depth 28.0)
[11:36:35 - Sampler] Took 0.02s to make features.
[11:36:36 - Sampler] Initializing sampler for consensus of region contig_358:0-2441.
[11:36:36 - Feature] Processed contig_358:0.0-2440.0 (median depth 13.0)
[11:36:36 - Sampler] Took 0.01s to make features.
[11:36:36 - Sampler] Initializing sampler for consensus of region contig_359:0-6845.
[11:36:36 - Feature] Processed contig_359:0.0-6844.0 (median depth 17.0)
[11:36:36 - Sampler] Took 0.02s to make features.
[11:36:37 - Sampler] Initializing sampler for consensus of region contig_36:0-6574.
[11:36:37 - Feature] Processed contig_36:0.0-6573.0 (median depth 39.0)
[11:36:37 - Sampler] Took 0.02s to make features.
[11:36:37 - Sampler] Initializing sampler for consensus of region contig_360:0-5840.
[11:36:37 - Feature] Processed contig_360:0.0-5839.0 (median depth 30.0)
[11:36:37 - Sampler] Took 0.02s to make features.
[11:36:37 - Sampler] Initializing sampler for consensus of region contig_361:0-3307.
[11:36:37 - Feature] Processed contig_361:0.0-3306.0 (median depth 26.0)
[11:36:37 - Sampler] Took 0.01s to make features.
[11:36:38 - Sampler] Initializing sampler for consensus of region contig_362:0-4091.
[11:36:38 - Feature] Processed contig_362:0.0-4090.0 (median depth 16.0)
[11:36:38 - Sampler] Took 0.01s to make features.
[11:36:38 - PWorker] Batches in cache: 8.
[11:36:38 - Sampler] Initializing sampler for consensus of region contig_363:0-3931.
[11:36:38 - Feature] Processed contig_363:0.0-3930.0 (median depth 27.0)
[11:36:38 - Sampler] Took 0.01s to make features.
[11:36:38 - Sampler] Initializing sampler for consensus of region contig_364:0-4733.
[11:36:38 - Feature] Processed contig_364:0.0-4732.0 (median depth 21.0)
[11:36:38 - Sampler] Took 0.01s to make features.
[11:36:38 - Sampler] Initializing sampler for consensus of region contig_365:0-2727.
[11:36:38 - Feature] Processed contig_365:0.0-2726.0 (median depth 8.0)
[11:36:38 - Sampler] Took 0.01s to make features.
[11:36:39 - Sampler] Initializing sampler for consensus of region contig_366:0-2204.
[11:36:39 - Feature] Processed contig_366:0.0-2203.0 (median depth 17.0)
[11:36:39 - Sampler] Took 0.01s to make features.
[11:36:39 - Sampler] Initializing sampler for consensus of region contig_367:0-2482.
[11:36:39 - Feature] Processed contig_367:0.0-2481.0 (median depth 26.0)
[11:36:39 - Sampler] Took 0.01s to make features.
[11:36:39 - Sampler] Initializing sampler for consensus of region contig_368:0-2633.
[11:36:39 - Feature] Processed contig_368:0.0-2632.0 (median depth 7.0)
[11:36:39 - Sampler] Took 0.01s to make features.
[11:36:40 - Sampler] Initializing sampler for consensus of region contig_369:0-2721.
[11:36:40 - Feature] Processed contig_369:0.0-2720.0 (median depth 8.0)
[11:36:40 - Sampler] Took 0.01s to make features.
[11:36:40 - Sampler] Initializing sampler for consensus of region contig_37:0-3144.
[11:36:40 - Feature] Processed contig_37:0.0-3143.0 (median depth 16.0)
[11:36:40 - Sampler] Took 0.01s to make features.
[11:36:40 - Sampler] Initializing sampler for consensus of region contig_370:0-2201.
[11:36:40 - Feature] Processed contig_370:0.0-2200.0 (median depth 19.0)
[11:36:40 - Sampler] Took 0.01s to make features.
[11:36:41 - Sampler] Initializing sampler for consensus of region contig_371:0-4224.
[11:36:41 - Feature] Processed contig_371:0.0-4223.0 (median depth 19.0)
[11:36:41 - Sampler] Took 0.01s to make features.
[11:36:41 - PWorker] 25.3% Done (0.7/2.9 Mbases) in 91.6s
[11:36:41 - Sampler] Initializing sampler for consensus of region contig_372:0-9250.
[11:36:41 - Feature] Processed contig_372:0.0-9249.0 (median depth 43.0)
[11:36:41 - Sampler] Took 0.03s to make features.
[11:36:41 - Sampler] Initializing sampler for consensus of region contig_373:0-3107.
[11:36:41 - Feature] Processed contig_373:0.0-3106.0 (median depth 8.0)
[11:36:41 - Sampler] Took 0.01s to make features.
[11:36:42 - Sampler] Initializing sampler for consensus of region contig_374:0-2402.
[11:36:42 - Feature] Processed contig_374:0.0-2401.0 (median depth 7.0)
[11:36:42 - Sampler] Took 0.01s to make features.
[11:36:42 - Sampler] Initializing sampler for consensus of region contig_375:0-2550.
[11:36:42 - Feature] Processed contig_375:0.0-2549.0 (median depth 31.0)
[11:36:42 - Sampler] Took 0.01s to make features.
[11:36:42 - Sampler] Initializing sampler for consensus of region contig_376:0-2279.
[11:36:42 - Feature] Processed contig_376:0.0-2278.0 (median depth 24.0)
[11:36:42 - Sampler] Took 0.01s to make features.
[11:36:43 - PWorker] Batches in cache: 8.
[11:36:43 - Sampler] Initializing sampler for consensus of region contig_377:0-2415.
[11:36:43 - Feature] Processed contig_377:0.0-2414.0 (median depth 9.0)
[11:36:43 - Sampler] Took 0.01s to make features.
[11:36:44 - Sampler] Initializing sampler for consensus of region contig_378:0-2537.
[11:36:44 - Feature] Processed contig_378:0.0-2536.0 (median depth 22.0)
[11:36:44 - Sampler] Took 0.01s to make features.
[11:36:44 - Sampler] Initializing sampler for consensus of region contig_379:0-2530.
[11:36:44 - Feature] Processed contig_379:0.0-2529.0 (median depth 12.0)
[11:36:44 - Sampler] Took 0.01s to make features.
[11:36:44 - Sampler] Initializing sampler for consensus of region contig_38:0-8401.
[11:36:44 - Feature] Processed contig_38:0.0-8400.0 (median depth 35.0)
[11:36:44 - Sampler] Took 0.02s to make features.
[11:36:45 - Sampler] Initializing sampler for consensus of region contig_380:0-8731.
[11:36:45 - Feature] Processed contig_380:0.0-8730.0 (median depth 25.0)
[11:36:45 - Sampler] Took 0.02s to make features.
[11:36:45 - Sampler] Initializing sampler for consensus of region contig_381:0-2571.
[11:36:45 - Feature] Processed contig_381:0.0-2570.0 (median depth 6.0)
[11:36:45 - Sampler] Took 0.01s to make features.
[11:36:46 - Sampler] Initializing sampler for consensus of region contig_382:0-2295.
[11:36:46 - Feature] Processed contig_382:0.0-2294.0 (median depth 13.0)
[11:36:46 - Sampler] Took 0.01s to make features.
[11:36:46 - Sampler] Initializing sampler for consensus of region contig_383:0-2400.
[11:36:46 - Feature] Processed contig_383:0.0-2399.0 (median depth 6.0)
[11:36:46 - Sampler] Took 0.01s to make features.
[11:36:46 - Sampler] Initializing sampler for consensus of region contig_384:0-5192.
[11:36:46 - Feature] Processed contig_384:0.0-5191.0 (median depth 9.0)
[11:36:46 - Sampler] Took 0.01s to make features.
[11:36:46 - Sampler] Initializing sampler for consensus of region contig_385:0-2354.
[11:36:46 - Feature] Processed contig_385:0.0-2353.0 (median depth 19.0)
[11:36:46 - Sampler] Took 0.01s to make features.
[11:36:47 - Sampler] Initializing sampler for consensus of region contig_386:0-2301.
[11:36:47 - Feature] Processed contig_386:0.0-2300.0 (median depth 19.0)
[11:36:47 - Sampler] Took 0.01s to make features.
[11:36:47 - Sampler] Initializing sampler for consensus of region contig_387:0-4726.
[11:36:47 - Feature] Processed contig_387:0.0-4725.0 (median depth 26.0)
[11:36:47 - Sampler] Took 0.01s to make features.
[11:36:47 - Sampler] Initializing sampler for consensus of region contig_388:0-2482.
[11:36:47 - Feature] Processed contig_388:0.0-2481.0 (median depth 9.0)
[11:36:47 - Sampler] Took 0.01s to make features.
[11:36:47 - Sampler] Initializing sampler for consensus of region contig_389:0-5274.
[11:36:47 - Feature] Processed contig_389:0.0-5273.0 (median depth 32.0)
[11:36:47 - Sampler] Took 0.02s to make features.
[11:36:48 - Sampler] Initializing sampler for consensus of region contig_39:0-2301.
[11:36:48 - Feature] Processed contig_39:0.0-2300.0 (median depth 11.0)
[11:36:48 - Sampler] Took 0.01s to make features.
[11:36:49 - PWorker] Batches in cache: 8.
[11:36:49 - Sampler] Initializing sampler for consensus of region contig_390:0-2943.
[11:36:49 - Feature] Processed contig_390:0.0-2942.0 (median depth 21.0)
[11:36:49 - Sampler] Took 0.01s to make features.
[11:36:49 - Sampler] Initializing sampler for consensus of region contig_391:0-2635.
[11:36:49 - Feature] Processed contig_391:0.0-2634.0 (median depth 5.0)
[11:36:49 - Sampler] Took 0.01s to make features.
[11:36:49 - Sampler] Initializing sampler for consensus of region contig_392:0-2799.
[11:36:49 - Feature] Processed contig_392:0.0-2798.0 (median depth 10.0)
[11:36:49 - Sampler] Took 0.01s to make features.
[11:36:49 - Sampler] Initializing sampler for consensus of region contig_393:0-4127.
[11:36:49 - Feature] Processed contig_393:0.0-4126.0 (median depth 22.0)
[11:36:49 - Sampler] Took 0.01s to make features.
[11:36:49 - Sampler] Initializing sampler for consensus of region contig_394:0-2303.
[11:36:49 - Feature] Processed contig_394:0.0-2302.0 (median depth 12.0)
[11:36:49 - Sampler] Took 0.01s to make features.
[11:36:50 - Sampler] Initializing sampler for consensus of region contig_395:0-2629.
[11:36:50 - Feature] Processed contig_395:0.0-2628.0 (median depth 4.0)
[11:36:50 - Sampler] Took 0.00s to make features.
[11:36:50 - Sampler] Initializing sampler for consensus of region contig_396:0-2465.
[11:36:50 - Feature] Processed contig_396:0.0-2464.0 (median depth 14.0)
[11:36:50 - Sampler] Took 0.01s to make features.
[11:36:50 - Sampler] Initializing sampler for consensus of region contig_397:0-3012.
[11:36:50 - Feature] Processed contig_397:0.0-3011.0 (median depth 21.0)
[11:36:50 - Sampler] Took 0.01s to make features.
[11:36:51 - Sampler] Initializing sampler for consensus of region contig_398:0-2955.
[11:36:51 - Feature] Processed contig_398:0.0-2954.0 (median depth 28.0)
[11:36:51 - Sampler] Took 0.02s to make features.
[11:36:52 - PWorker] 28.4% Done (0.8/2.9 Mbases) in 102.4s
[11:36:52 - Sampler] Initializing sampler for consensus of region contig_399:0-2574.
[11:36:52 - Feature] Processed contig_399:0.0-2573.0 (median depth 19.0)
[11:36:52 - Sampler] Took 0.01s to make features.
[11:36:52 - Sampler] Initializing sampler for consensus of region contig_4:0-2480.
[11:36:52 - Feature] Processed contig_4:0.0-2479.0 (median depth 11.0)
[11:36:52 - Sampler] Took 0.01s to make features.
[11:36:52 - Sampler] Initializing sampler for consensus of region contig_40:0-2279.
[11:36:52 - Feature] Processed contig_40:0.0-2278.0 (median depth 42.0)
[11:36:52 - Sampler] Took 0.01s to make features.
[11:36:53 - Sampler] Initializing sampler for consensus of region contig_400:0-2358.
[11:36:53 - Feature] Processed contig_400:0.0-2357.0 (median depth 21.0)
[11:36:53 - Sampler] Took 0.01s to make features.
[11:36:53 - Sampler] Initializing sampler for consensus of region contig_401:0-4573.
[11:36:53 - Feature] Processed contig_401:0.0-4572.0 (median depth 17.0)
[11:36:53 - Sampler] Took 0.02s to make features.
[11:36:53 - Sampler] Initializing sampler for consensus of region contig_402:0-2814.
[11:36:53 - Feature] Processed contig_402:0.0-2813.0 (median depth 8.0)
[11:36:53 - Sampler] Took 0.01s to make features.
[11:36:54 - PWorker] Batches in cache: 8.
[11:36:54 - Sampler] Initializing sampler for consensus of region contig_403:0-2786.
[11:36:54 - Feature] Processed contig_403:0.0-2785.0 (median depth 10.0)
[11:36:54 - Sampler] Took 0.01s to make features.
[11:36:54 - Sampler] Initializing sampler for consensus of region contig_404:0-2274.
[11:36:54 - Feature] Processed contig_404:0.0-2273.0 (median depth 5.0)
[11:36:54 - Sampler] Took 0.01s to make features.
[11:36:54 - Sampler] Initializing sampler for consensus of region contig_405:0-2544.
[11:36:54 - Feature] Processed contig_405:0.0-2543.0 (median depth 11.0)
[11:36:54 - Sampler] Took 0.01s to make features.
[11:36:55 - Sampler] Initializing sampler for consensus of region contig_406:0-3093.
[11:36:55 - Feature] Processed contig_406:0.0-3092.0 (median depth 9.0)
[11:36:55 - Sampler] Took 0.01s to make features.
[11:36:55 - Sampler] Initializing sampler for consensus of region contig_407:0-4723.
[11:36:55 - Feature] Processed contig_407:0.0-4722.0 (median depth 33.0)
[11:36:55 - Sampler] Took 0.01s to make features.
[11:36:55 - Sampler] Initializing sampler for consensus of region contig_408:0-3727.
[11:36:55 - Feature] Processed contig_408:0.0-3726.0 (median depth 33.0)
[11:36:55 - Sampler] Took 0.01s to make features.
[11:36:56 - Sampler] Initializing sampler for consensus of region contig_409:0-2626.
[11:36:56 - Feature] Processed contig_409:0.0-2625.0 (median depth 10.0)
[11:36:56 - Sampler] Took 0.01s to make features.
[11:36:56 - Sampler] Initializing sampler for consensus of region contig_41:0-9093.
[11:36:56 - Feature] Processed contig_41:0.0-9092.0 (median depth 8.0)
[11:36:56 - Sampler] Took 0.01s to make features.
[11:36:56 - Sampler] Initializing sampler for consensus of region contig_410:0-4430.
[11:36:56 - Feature] Processed contig_410:0.0-4429.0 (median depth 15.0)
[11:36:56 - Sampler] Took 0.01s to make features.
[11:36:57 - Sampler] Initializing sampler for consensus of region contig_412:0-3076.
[11:36:57 - Feature] Processed contig_412:0.0-3075.0 (median depth 24.0)
[11:36:57 - Sampler] Took 0.01s to make features.
[11:36:57 - Sampler] Initializing sampler for consensus of region contig_413:0-4680.
[11:36:57 - Feature] Processed contig_413:0.0-4679.0 (median depth 12.0)
[11:36:57 - Sampler] Took 0.01s to make features.
[11:36:57 - Sampler] Initializing sampler for consensus of region contig_415:0-2527.
[11:36:57 - Feature] Processed contig_415:0.0-2526.0 (median depth 13.0)
[11:36:57 - Sampler] Took 0.01s to make features.
[11:36:57 - Sampler] Initializing sampler for consensus of region contig_416:0-2267.
[11:36:57 - Feature] Processed contig_416:0.0-2266.0 (median depth 22.0)
[11:36:57 - Sampler] Took 0.01s to make features.
[11:36:58 - Sampler] Initializing sampler for consensus of region contig_417:0-2263.
[11:36:58 - Feature] Processed contig_417:0.0-2262.0 (median depth 9.0)
[11:36:58 - Sampler] Took 0.01s to make features.
[11:36:58 - Sampler] Initializing sampler for consensus of region contig_418:0-4036.
[11:36:58 - Feature] Processed contig_418:0.0-4035.0 (median depth 29.0)
[11:36:58 - Sampler] Took 0.01s to make features.
[11:36:58 - Sampler] Initializing sampler for consensus of region contig_419:0-2975.
[11:36:58 - Feature] Processed contig_419:0.0-2974.0 (median depth 15.0)
[11:36:58 - Sampler] Took 0.01s to make features.
[11:36:58 - Sampler] Initializing sampler for consensus of region contig_42:0-2680.
[11:36:58 - Feature] Processed contig_42:0.0-2679.0 (median depth 10.0)
[11:36:58 - Sampler] Took 0.01s to make features.
[11:36:58 - Sampler] Initializing sampler for consensus of region contig_421:0-2342.
[11:36:58 - Feature] Processed contig_421:0.0-2341.0 (median depth 19.0)
[11:36:58 - Sampler] Took 0.01s to make features.
[11:36:59 - PWorker] Batches in cache: 8.
[11:36:59 - Sampler] Initializing sampler for consensus of region contig_422:0-2225.
[11:36:59 - Feature] Processed contig_422:0.0-2224.0 (median depth 12.0)
[11:36:59 - Sampler] Took 0.01s to make features.
[11:36:59 - Sampler] Initializing sampler for consensus of region contig_423:0-2261.
[11:36:59 - Feature] Processed contig_423:0.0-2260.0 (median depth 5.0)
[11:36:59 - Sampler] Took 0.00s to make features.
[11:36:59 - Sampler] Initializing sampler for consensus of region contig_424:0-2318.
[11:36:59 - Feature] Processed contig_424:0.0-2317.0 (median depth 8.0)
[11:36:59 - Sampler] Took 0.01s to make features.
[11:37:00 - Sampler] Initializing sampler for consensus of region contig_425:0-2293.
[11:37:00 - Feature] Processed contig_425:0.0-2292.0 (median depth 14.0)
[11:37:00 - Sampler] Took 0.01s to make features.
[11:37:00 - Sampler] Initializing sampler for consensus of region contig_426:0-2932.
[11:37:00 - Feature] Processed contig_426:0.0-2931.0 (median depth 16.0)
[11:37:00 - Sampler] Took 0.01s to make features.
[11:37:00 - Sampler] Initializing sampler for consensus of region contig_427:0-4270.
[11:37:00 - Feature] Processed contig_427:0.0-4269.0 (median depth 21.0)
[11:37:00 - Sampler] Took 0.01s to make features.
[11:37:00 - Sampler] Initializing sampler for consensus of region contig_428:0-2647.
[11:37:00 - Feature] Processed contig_428:0.0-2646.0 (median depth 20.0)
[11:37:00 - Sampler] Took 0.01s to make features.
[11:37:01 - Sampler] Initializing sampler for consensus of region contig_429:0-2443.
[11:37:01 - Feature] Processed contig_429:0.0-2442.0 (median depth 18.0)
[11:37:01 - Sampler] Took 0.01s to make features.
[11:37:01 - Sampler] Initializing sampler for consensus of region contig_43:0-2247.
[11:37:01 - Feature] Processed contig_43:0.0-2246.0 (median depth 27.0)
[11:37:01 - Sampler] Took 0.01s to make features.
[11:37:02 - PWorker] 30.9% Done (0.9/2.9 Mbases) in 112.5s
[11:37:02 - Sampler] Initializing sampler for consensus of region contig_430:0-2229.
[11:37:02 - Feature] Processed contig_430:0.0-2228.0 (median depth 8.0)
[11:37:02 - Sampler] Took 0.00s to make features.
[11:37:02 - Sampler] Initializing sampler for consensus of region contig_431:0-5445.
[11:37:02 - Feature] Processed contig_431:0.0-5444.0 (median depth 23.0)
[11:37:02 - Sampler] Took 0.02s to make features.
[11:37:03 - Sampler] Initializing sampler for consensus of region contig_432:0-7312.
[11:37:03 - Feature] Processed contig_432:0.0-7311.0 (median depth 15.0)
[11:37:03 - Sampler] Took 0.01s to make features.
[11:37:03 - Sampler] Initializing sampler for consensus of region contig_433:0-4514.
[11:37:03 - Feature] Processed contig_433:0.0-4513.0 (median depth 20.0)
[11:37:03 - Sampler] Took 0.01s to make features.
[11:37:03 - Sampler] Initializing sampler for consensus of region contig_434:0-4109.
[11:37:03 - Feature] Processed contig_434:0.0-4108.0 (median depth 8.0)
[11:37:03 - Sampler] Took 0.01s to make features.
[11:37:03 - Sampler] Initializing sampler for consensus of region contig_435:0-2541.
[11:37:03 - Feature] Processed contig_435:0.0-2540.0 (median depth 7.0)
[11:37:03 - Sampler] Took 0.01s to make features.
[11:37:04 - Sampler] Initializing sampler for consensus of region contig_436:0-4807.
[11:37:04 - Feature] Processed contig_436:0.0-4806.0 (median depth 23.0)
[11:37:04 - Sampler] Took 0.01s to make features.
[11:37:04 - PWorker] Batches in cache: 8.
[11:37:04 - Sampler] Initializing sampler for consensus of region contig_437:0-2394.
[11:37:04 - Feature] Processed contig_437:0.0-2393.0 (median depth 7.0)
[11:37:04 - Sampler] Took 0.01s to make features.
[11:37:04 - Sampler] Initializing sampler for consensus of region contig_438:0-2815.
[11:37:04 - Feature] Processed contig_438:0.0-2814.0 (median depth 8.0)
[11:37:04 - Sampler] Took 0.01s to make features.
[11:37:05 - Sampler] Initializing sampler for consensus of region contig_439:0-4156.
[11:37:05 - Feature] Processed contig_439:0.0-4155.0 (median depth 15.0)
[11:37:05 - Sampler] Took 0.01s to make features.
[11:37:05 - Sampler] Initializing sampler for consensus of region contig_44:0-2545.
[11:37:05 - Feature] Processed contig_44:0.0-2544.0 (median depth 45.0)
[11:37:05 - Sampler] Took 0.01s to make features.
[11:37:05 - Sampler] Initializing sampler for consensus of region contig_440:0-5311.
[11:37:05 - Feature] Processed contig_440:0.0-5310.0 (median depth 24.0)
[11:37:05 - Sampler] Took 0.01s to make features.
[11:37:05 - Sampler] Initializing sampler for consensus of region contig_441:0-2437.
[11:37:05 - Feature] Processed contig_441:0.0-2436.0 (median depth 17.0)
[11:37:05 - Sampler] Took 0.01s to make features.
[11:37:05 - Sampler] Initializing sampler for consensus of region contig_442:0-2382.
[11:37:05 - Feature] Processed contig_442:0.0-2381.0 (median depth 14.0)
[11:37:05 - Sampler] Took 0.01s to make features.
[11:37:06 - Sampler] Initializing sampler for consensus of region contig_443:0-2580.
[11:37:06 - Feature] Processed contig_443:0.0-2579.0 (median depth 16.0)
[11:37:06 - Sampler] Took 0.01s to make features.
[11:37:06 - Sampler] Initializing sampler for consensus of region contig_444:0-4518.
[11:37:06 - Feature] Processed contig_444:0.0-4517.0 (median depth 11.0)
[11:37:06 - Sampler] Took 0.01s to make features.
[11:37:06 - Sampler] Initializing sampler for consensus of region contig_445:0-2259.
[11:37:06 - Feature] Processed contig_445:0.0-2258.0 (median depth 14.0)
[11:37:06 - Sampler] Took 0.01s to make features.
[11:37:06 - Sampler] Initializing sampler for consensus of region contig_446:0-2662.
[11:37:06 - Feature] Processed contig_446:0.0-2661.0 (median depth 8.0)
[11:37:06 - Sampler] Took 0.01s to make features.
[11:37:07 - Sampler] Initializing sampler for consensus of region contig_447:0-2586.
[11:37:07 - Feature] Processed contig_447:0.0-2585.0 (median depth 15.0)
[11:37:07 - Sampler] Took 0.01s to make features.
[11:37:07 - Sampler] Initializing sampler for consensus of region contig_448:0-2970.
[11:37:07 - Feature] Processed contig_448:0.0-2969.0 (median depth 6.0)
[11:37:07 - Sampler] Took 0.01s to make features.
[11:37:07 - Sampler] Initializing sampler for consensus of region contig_449:0-2297.
[11:37:07 - Feature] Processed contig_449:0.0-2296.0 (median depth 20.0)
[11:37:07 - Sampler] Took 0.01s to make features.
[11:37:08 - Sampler] Initializing sampler for consensus of region contig_45:0-2274.
[11:37:08 - Feature] Processed contig_45:0.0-2273.0 (median depth 36.0)
[11:37:08 - Sampler] Took 0.01s to make features.
[11:37:09 - Sampler] Initializing sampler for consensus of region contig_450:0-2374.
[11:37:09 - Feature] Processed contig_450:0.0-2373.0 (median depth 13.0)
[11:37:09 - Sampler] Took 0.01s to make features.
[11:37:09 - PWorker] Batches in cache: 8.
[11:37:09 - Sampler] Initializing sampler for consensus of region contig_451:0-4255.
[11:37:09 - Feature] Processed contig_451:0.0-4254.0 (median depth 32.0)
[11:37:09 - Sampler] Took 0.02s to make features.
[11:37:09 - Sampler] Initializing sampler for consensus of region contig_452:0-2306.
[11:37:09 - Feature] Processed contig_452:0.0-2305.0 (median depth 9.0)
[11:37:09 - Sampler] Took 0.01s to make features.
[11:37:10 - Sampler] Initializing sampler for consensus of region contig_453:0-2422.
[11:37:10 - Feature] Processed contig_453:0.0-2421.0 (median depth 5.0)
[11:37:10 - Sampler] Took 0.01s to make features.
[11:37:10 - Sampler] Initializing sampler for consensus of region contig_454:0-2778.
[11:37:10 - Feature] Processed contig_454:0.0-2777.0 (median depth 12.0)
[11:37:10 - Sampler] Took 0.01s to make features.
[11:37:10 - Sampler] Initializing sampler for consensus of region contig_455:0-2208.
[11:37:10 - Feature] Processed contig_455:0.0-2207.0 (median depth 16.0)
[11:37:10 - Sampler] Took 0.01s to make features.
[11:37:11 - Sampler] Initializing sampler for consensus of region contig_456:0-2489.
[11:37:11 - Feature] Processed contig_456:0.0-2488.0 (median depth 13.0)
[11:37:11 - Sampler] Took 0.01s to make features.
[11:37:11 - Sampler] Initializing sampler for consensus of region contig_457:0-2235.
[11:37:11 - Feature] Processed contig_457:0.0-2234.0 (median depth 13.0)
[11:37:11 - Sampler] Took 0.01s to make features.
[11:37:11 - Sampler] Initializing sampler for consensus of region contig_458:0-2710.
[11:37:11 - Feature] Processed contig_458:0.0-2709.0 (median depth 15.0)
[11:37:11 - Sampler] Took 0.01s to make features.
[11:37:12 - Sampler] Initializing sampler for consensus of region contig_459:0-2382.
[11:37:12 - Feature] Processed contig_459:0.0-2381.0 (median depth 19.0)
[11:37:12 - Sampler] Took 0.01s to make features.
[11:37:12 - Sampler] Initializing sampler for consensus of region contig_46:0-4293.
[11:37:12 - Feature] Processed contig_46:0.0-4292.0 (median depth 24.0)
[11:37:12 - Sampler] Took 0.01s to make features.
[11:37:12 - PWorker] 33.6% Done (1.0/2.9 Mbases) in 122.6s
[11:37:12 - Sampler] Initializing sampler for consensus of region contig_460:0-2607.
[11:37:12 - Feature] Processed contig_460:0.0-2606.0 (median depth 9.0)
[11:37:12 - Sampler] Took 0.01s to make features.
[11:37:12 - Sampler] Initializing sampler for consensus of region contig_461:0-3345.
[11:37:12 - Feature] Processed contig_461:0.0-3344.0 (median depth 21.0)
[11:37:12 - Sampler] Took 0.01s to make features.
[11:37:13 - Sampler] Initializing sampler for consensus of region contig_462:0-2268.
[11:37:13 - Feature] Processed contig_462:0.0-2267.0 (median depth 11.0)
[11:37:13 - Sampler] Took 0.01s to make features.
[11:37:13 - Sampler] Initializing sampler for consensus of region contig_463:0-3109.
[11:37:13 - Feature] Processed contig_463:0.0-3108.0 (median depth 6.0)
[11:37:13 - Sampler] Took 0.01s to make features.
[11:37:13 - Sampler] Initializing sampler for consensus of region contig_464:0-2521.
[11:37:13 - Feature] Processed contig_464:0.0-2520.0 (median depth 15.0)
[11:37:13 - Sampler] Took 0.01s to make features.
[11:37:13 - Sampler] Initializing sampler for consensus of region contig_465:0-2306.
[11:37:13 - Feature] Processed contig_465:0.0-2305.0 (median depth 12.0)
[11:37:13 - Sampler] Took 0.01s to make features.
[11:37:14 - Sampler] Initializing sampler for consensus of region contig_466:0-2902.
[11:37:14 - Feature] Processed contig_466:0.0-2901.0 (median depth 14.0)
[11:37:14 - Sampler] Took 0.01s to make features.
[11:37:14 - Sampler] Initializing sampler for consensus of region contig_467:0-2663.
[11:37:14 - Feature] Processed contig_467:0.0-2662.0 (median depth 15.0)
[11:37:14 - Sampler] Took 0.01s to make features.
[11:37:14 - Sampler] Initializing sampler for consensus of region contig_468:0-2714.
[11:37:14 - Feature] Processed contig_468:0.0-2713.0 (median depth 17.0)
[11:37:14 - Sampler] Took 0.01s to make features.
[11:37:14 - PWorker] Batches in cache: 8.
[11:37:14 - Sampler] Initializing sampler for consensus of region contig_469:0-2593.
[11:37:14 - Feature] Processed contig_469:0.0-2592.0 (median depth 24.0)
[11:37:14 - Sampler] Took 0.01s to make features.
[11:37:15 - Sampler] Initializing sampler for consensus of region contig_47:0-2213.
[11:37:15 - Feature] Processed contig_47:0.0-2212.0 (median depth 10.0)
[11:37:15 - Sampler] Took 0.01s to make features.
[11:37:15 - Sampler] Initializing sampler for consensus of region contig_470:0-2343.
[11:37:15 - Feature] Processed contig_470:0.0-2342.0 (median depth 7.0)
[11:37:15 - Sampler] Took 0.01s to make features.
[11:37:15 - Sampler] Initializing sampler for consensus of region contig_471:0-4513.
[11:37:15 - Feature] Processed contig_471:0.0-4512.0 (median depth 32.0)
[11:37:15 - Sampler] Took 0.01s to make features.
[11:37:15 - Sampler] Initializing sampler for consensus of region contig_472:0-3628.
[11:37:15 - Feature] Processed contig_472:0.0-3627.0 (median depth 14.0)
[11:37:15 - Sampler] Took 0.01s to make features.
[11:37:16 - Sampler] Initializing sampler for consensus of region contig_473:0-2268.
[11:37:16 - Feature] Processed contig_473:0.0-2267.0 (median depth 15.0)
[11:37:16 - Sampler] Took 0.01s to make features.
[11:37:16 - Sampler] Initializing sampler for consensus of region contig_474:0-2266.
[11:37:16 - Feature] Processed contig_474:0.0-2265.0 (median depth 7.0)
[11:37:16 - Sampler] Took 0.00s to make features.
[11:37:16 - Sampler] Initializing sampler for consensus of region contig_475:0-2241.
[11:37:16 - Feature] Processed contig_475:0.0-2240.0 (median depth 16.0)
[11:37:16 - Sampler] Took 0.01s to make features.
[11:37:16 - Sampler] Initializing sampler for consensus of region contig_476:0-2210.
[11:37:16 - Feature] Processed contig_476:0.0-2209.0 (median depth 21.0)
[11:37:16 - Sampler] Took 0.01s to make features.
[11:37:16 - Sampler] Initializing sampler for consensus of region contig_477:0-2568.
[11:37:16 - Feature] Processed contig_477:0.0-2567.0 (median depth 21.0)
[11:37:16 - Sampler] Took 0.01s to make features.
[11:37:17 - Sampler] Initializing sampler for consensus of region contig_478:0-6375.
[11:37:17 - Feature] Processed contig_478:0.0-6374.0 (median depth 17.0)
[11:37:17 - Sampler] Took 0.01s to make features.
[11:37:17 - Sampler] Initializing sampler for consensus of region contig_479:0-2990.
[11:37:17 - Feature] Processed contig_479:0.0-2989.0 (median depth 15.0)
[11:37:17 - Sampler] Took 0.01s to make features.
[11:37:17 - Sampler] Initializing sampler for consensus of region contig_48:0-3890.
[11:37:17 - Feature] Processed contig_48:0.0-3889.0 (median depth 18.0)
[11:37:17 - Sampler] Took 0.01s to make features.
[11:37:18 - Sampler] Initializing sampler for consensus of region contig_480:0-2204.
[11:37:18 - Feature] Processed contig_480:0.0-2203.0 (median depth 8.0)
[11:37:18 - Sampler] Took 0.01s to make features.
[11:37:18 - Sampler] Initializing sampler for consensus of region contig_481:0-3337.
[11:37:18 - Feature] Processed contig_481:0.0-3336.0 (median depth 13.0)
[11:37:18 - Sampler] Took 0.01s to make features.
[11:37:18 - Sampler] Initializing sampler for consensus of region contig_482:0-2466.
[11:37:18 - Feature] Processed contig_482:0.0-2465.0 (median depth 8.0)
[11:37:18 - Sampler] Took 0.01s to make features.
[11:37:18 - Sampler] Initializing sampler for consensus of region contig_483:0-2288.
[11:37:18 - Feature] Processed contig_483:0.0-2287.0 (median depth 13.0)
[11:37:18 - Sampler] Took 0.01s to make features.
[11:37:19 - Sampler] Initializing sampler for consensus of region contig_484:0-2331.
[11:37:19 - Feature] Processed contig_484:0.0-2330.0 (median depth 6.0)
[11:37:19 - Sampler] Took 0.00s to make features.
[11:37:19 - Sampler] Initializing sampler for consensus of region contig_485:0-2293.
[11:37:19 - Feature] Processed contig_485:0.0-2292.0 (median depth 5.0)
[11:37:19 - Sampler] Took 0.01s to make features.
[11:37:19 - Sampler] Initializing sampler for consensus of region contig_486:0-2781.
[11:37:19 - Feature] Processed contig_486:0.0-2780.0 (median depth 7.0)
[11:37:19 - Sampler] Took 0.01s to make features.
[11:37:19 - Sampler] Initializing sampler for consensus of region contig_487:0-6084.
[11:37:19 - Feature] Processed contig_487:0.0-6083.0 (median depth 9.0)
[11:37:19 - Sampler] Took 0.01s to make features.
[11:37:19 - PWorker] Batches in cache: 8.
[11:37:19 - Sampler] Initializing sampler for consensus of region contig_488:0-2453.
[11:37:19 - Feature] Processed contig_488:0.0-2452.0 (median depth 17.0)
[11:37:19 - Sampler] Took 0.01s to make features.
[11:37:20 - Sampler] Initializing sampler for consensus of region contig_489:0-2391.
[11:37:20 - Feature] Processed contig_489:0.0-2390.0 (median depth 14.0)
[11:37:20 - Sampler] Took 0.01s to make features.
[11:37:20 - Sampler] Initializing sampler for consensus of region contig_49:0-6465.
[11:37:20 - Feature] Pileup counts do not span requested region, requested contig_49:0-6465, received 0-6463.
[11:37:20 - Feature] Processed contig_49:0.0-6463.0 (median depth 14.0)
[11:37:20 - Sampler] Took 0.01s to make features.
[11:37:20 - Sampler] Initializing sampler for consensus of region contig_490:0-2231.
[11:37:20 - Feature] Processed contig_490:0.0-2230.0 (median depth 3.0)
[11:37:20 - Sampler] Took 0.01s to make features.
[11:37:21 - Sampler] Initializing sampler for consensus of region contig_491:0-2461.
[11:37:21 - Feature] Processed contig_491:0.0-2460.0 (median depth 18.0)
[11:37:21 - Sampler] Took 0.01s to make features.
[11:37:21 - Sampler] Initializing sampler for consensus of region contig_492:0-2205.
[11:37:21 - Feature] Processed contig_492:0.0-2204.0 (median depth 14.0)
[11:37:21 - Sampler] Took 0.01s to make features.
[11:37:21 - Sampler] Initializing sampler for consensus of region contig_493:0-2534.
[11:37:21 - Feature] Processed contig_493:0.0-2533.0 (median depth 14.0)
[11:37:21 - Sampler] Took 0.01s to make features.
[11:37:21 - Sampler] Initializing sampler for consensus of region contig_494:0-3505.
[11:37:21 - Feature] Processed contig_494:0.0-3504.0 (median depth 17.0)
[11:37:21 - Sampler] Took 0.01s to make features.
[11:37:21 - Sampler] Initializing sampler for consensus of region contig_495:0-2543.
[11:37:21 - Feature] Processed contig_495:0.0-2542.0 (median depth 16.0)
[11:37:21 - Sampler] Took 0.01s to make features.
[11:37:22 - Sampler] Initializing sampler for consensus of region contig_496:0-2359.
[11:37:22 - Feature] Processed contig_496:0.0-2358.0 (median depth 10.0)
[11:37:22 - Sampler] Took 0.01s to make features.
[11:37:22 - PWorker] 36.2% Done (1.0/2.9 Mbases) in 132.8s
[11:37:22 - Sampler] Initializing sampler for consensus of region contig_497:0-2776.
[11:37:22 - Feature] Processed contig_497:0.0-2775.0 (median depth 7.0)
[11:37:22 - Sampler] Took 0.01s to make features.
[11:37:23 - Sampler] Initializing sampler for consensus of region contig_498:0-5297.
[11:37:23 - Feature] Processed contig_498:0.0-5296.0 (median depth 18.0)
[11:37:23 - Sampler] Took 0.01s to make features.
[11:37:23 - Sampler] Initializing sampler for consensus of region contig_499:0-2402.
[11:37:23 - Feature] Processed contig_499:0.0-2401.0 (median depth 4.0)
[11:37:23 - Sampler] Took 0.01s to make features.
[11:37:23 - Sampler] Initializing sampler for consensus of region contig_5:0-2248.
[11:37:23 - Feature] Processed contig_5:0.0-2247.0 (median depth 12.0)
[11:37:23 - Sampler] Took 0.01s to make features.
[11:37:23 - Sampler] Initializing sampler for consensus of region contig_50:0-2520.
[11:37:23 - Feature] Processed contig_50:0.0-2519.0 (median depth 12.0)
[11:37:23 - Sampler] Took 0.01s to make features.
[11:37:24 - Sampler] Initializing sampler for consensus of region contig_500:0-2380.
[11:37:24 - Feature] Processed contig_500:0.0-2379.0 (median depth 14.0)
[11:37:24 - Sampler] Took 0.01s to make features.
[11:37:24 - Sampler] Initializing sampler for consensus of region contig_501:0-7900.
[11:37:24 - Feature] Processed contig_501:0.0-7899.0 (median depth 23.0)
[11:37:24 - Sampler] Took 0.02s to make features.
[11:37:24 - Sampler] Initializing sampler for consensus of region contig_502:0-2880.
[11:37:24 - Feature] Processed contig_502:0.0-2879.0 (median depth 9.0)
[11:37:24 - Sampler] Took 0.01s to make features.
[11:37:24 - Sampler] Initializing sampler for consensus of region contig_503:0-3424.
[11:37:24 - Feature] Processed contig_503:0.0-3423.0 (median depth 16.0)
[11:37:24 - Sampler] Took 0.01s to make features.
[11:37:25 - PWorker] Batches in cache: 8.
[11:37:25 - Sampler] Initializing sampler for consensus of region contig_504:0-2343.
[11:37:25 - Feature] Processed contig_504:0.0-2342.0 (median depth 18.0)
[11:37:25 - Sampler] Took 0.01s to make features.
[11:37:25 - Sampler] Initializing sampler for consensus of region contig_505:0-5758.
[11:37:25 - Feature] Processed contig_505:0.0-5757.0 (median depth 5.0)
[11:37:25 - Sampler] Took 0.01s to make features.
[11:37:25 - Sampler] Initializing sampler for consensus of region contig_506:0-2524.
[11:37:25 - Feature] Processed contig_506:0.0-2523.0 (median depth 10.0)
[11:37:25 - Sampler] Took 0.01s to make features.
[11:37:26 - Sampler] Initializing sampler for consensus of region contig_507:0-4506.
[11:37:26 - Feature] Processed contig_507:0.0-4505.0 (median depth 14.0)
[11:37:26 - Sampler] Took 0.01s to make features.
[11:37:26 - Sampler] Initializing sampler for consensus of region contig_508:0-3482.
[11:37:26 - Feature] Processed contig_508:0.0-3481.0 (median depth 14.0)
[11:37:26 - Sampler] Took 0.01s to make features.
[11:37:26 - Sampler] Initializing sampler for consensus of region contig_509:0-2304.
[11:37:26 - Feature] Processed contig_509:0.0-2303.0 (median depth 17.0)
[11:37:26 - Sampler] Took 0.01s to make features.
[11:37:26 - Sampler] Initializing sampler for consensus of region contig_51:0-6689.
[11:37:26 - Feature] Processed contig_51:0.0-6688.0 (median depth 26.0)
[11:37:26 - Sampler] Took 0.02s to make features.
[11:37:27 - Sampler] Initializing sampler for consensus of region contig_510:0-2459.
[11:37:27 - Feature] Processed contig_510:0.0-2458.0 (median depth 15.0)
[11:37:27 - Sampler] Took 0.01s to make features.
[11:37:27 - Sampler] Initializing sampler for consensus of region contig_511:0-4442.
[11:37:27 - Feature] Processed contig_511:0.0-4441.0 (median depth 6.0)
[11:37:27 - Sampler] Took 0.01s to make features.
[11:37:27 - Sampler] Initializing sampler for consensus of region contig_512:0-2977.
[11:37:27 - Feature] Processed contig_512:0.0-2976.0 (median depth 26.0)
[11:37:27 - Sampler] Took 0.01s to make features.
[11:37:27 - Sampler] Initializing sampler for consensus of region contig_513:0-3230.
[11:37:27 - Feature] Processed contig_513:0.0-3229.0 (median depth 14.0)
[11:37:27 - Sampler] Took 0.01s to make features.
[11:37:28 - Sampler] Initializing sampler for consensus of region contig_514:0-3756.
[11:37:28 - Feature] Processed contig_514:0.0-3755.0 (median depth 14.0)
[11:37:28 - Sampler] Took 0.01s to make features.
[11:37:28 - Sampler] Initializing sampler for consensus of region contig_515:0-2998.
[11:37:28 - Feature] Processed contig_515:0.0-2997.0 (median depth 21.0)
[11:37:28 - Sampler] Took 0.01s to make features.
[11:37:28 - Sampler] Initializing sampler for consensus of region contig_516:0-2267.
[11:37:28 - Feature] Processed contig_516:0.0-2266.0 (median depth 10.0)
[11:37:28 - Sampler] Took 0.01s to make features.
[11:37:28 - Sampler] Initializing sampler for consensus of region contig_517:0-3116.
[11:37:29 - Feature] Processed contig_517:0.0-3115.0 (median depth 5.0)
[11:37:29 - Sampler] Took 0.01s to make features.
[11:37:29 - Sampler] Initializing sampler for consensus of region contig_519:0-1817.
[11:37:29 - Feature] Processed contig_519:0.0-1816.0 (median depth 12.0)
[11:37:29 - Sampler] Took 0.01s to make features.
[11:37:29 - Sampler] Initializing sampler for consensus of region contig_520:0-7152.
[11:37:29 - Feature] Processed contig_520:0.0-7151.0 (median depth 15.0)
[11:37:29 - Sampler] Took 0.01s to make features.
[11:37:30 - Sampler] Initializing sampler for consensus of region contig_521:0-3207.
[11:37:30 - Feature] Processed contig_521:0.0-3206.0 (median depth 15.0)
[11:37:30 - Sampler] Took 0.01s to make features.
[11:37:30 - PWorker] Batches in cache: 8.
[11:37:30 - Sampler] Initializing sampler for consensus of region contig_522:0-2926.
[11:37:30 - Feature] Processed contig_522:0.0-2925.0 (median depth 16.0)
[11:37:30 - Sampler] Took 0.01s to make features.
[11:37:30 - Sampler] Initializing sampler for consensus of region contig_523:0-4322.
[11:37:30 - Feature] Processed contig_523:0.0-4321.0 (median depth 7.0)
[11:37:30 - Sampler] Took 0.01s to make features.
[11:37:30 - Sampler] Initializing sampler for consensus of region contig_524:0-2755.
[11:37:30 - Feature] Processed contig_524:0.0-2754.0 (median depth 21.0)
[11:37:30 - Sampler] Took 0.01s to make features.
[11:37:31 - Sampler] Initializing sampler for consensus of region contig_525:0-3392.
[11:37:31 - Feature] Processed contig_525:0.0-3391.0 (median depth 35.0)
[11:37:31 - Sampler] Took 0.01s to make features.
[11:37:31 - Sampler] Initializing sampler for consensus of region contig_526:0-4258.
[11:37:31 - Feature] Processed contig_526:0.0-4257.0 (median depth 8.0)
[11:37:31 - Sampler] Took 0.01s to make features.
[11:37:32 - Sampler] Initializing sampler for consensus of region contig_527:0-5689.
[11:37:32 - Feature] Processed contig_527:0.0-5688.0 (median depth 28.0)
[11:37:32 - Sampler] Took 0.02s to make features.
[11:37:32 - Sampler] Initializing sampler for consensus of region contig_528:0-3159.
[11:37:32 - Feature] Processed contig_528:0.0-3158.0 (median depth 11.0)
[11:37:32 - Sampler] Took 0.01s to make features.
[11:37:32 - Sampler] Initializing sampler for consensus of region contig_529:0-2197.
[11:37:32 - Feature] Processed contig_529:0.0-2196.0 (median depth 15.0)
[11:37:32 - Sampler] Took 0.01s to make features.
[11:37:33 - PWorker] 39.1% Done (1.1/2.9 Mbases) in 143.3s
[11:37:33 - Sampler] Initializing sampler for consensus of region contig_53:0-4368.
[11:37:33 - Feature] Processed contig_53:0.0-4367.0 (median depth 16.0)
[11:37:33 - Sampler] Took 0.01s to make features.
[11:37:33 - Sampler] Initializing sampler for consensus of region contig_530:0-3345.
[11:37:33 - Feature] Processed contig_530:0.0-3344.0 (median depth 17.0)
[11:37:33 - Sampler] Took 0.01s to make features.
[11:37:33 - Sampler] Initializing sampler for consensus of region contig_531:0-4038.
[11:37:33 - Feature] Processed contig_531:0.0-4037.0 (median depth 20.0)
[11:37:33 - Sampler] Took 0.01s to make features.
[11:37:34 - Sampler] Initializing sampler for consensus of region contig_532:0-2914.
[11:37:34 - Feature] Processed contig_532:0.0-2913.0 (median depth 7.0)
[11:37:34 - Sampler] Took 0.01s to make features.
[11:37:34 - Sampler] Initializing sampler for consensus of region contig_533:0-2577.
[11:37:34 - Feature] Processed contig_533:0.0-2576.0 (median depth 25.0)
[11:37:34 - Sampler] Took 0.01s to make features.
[11:37:34 - Sampler] Initializing sampler for consensus of region contig_534:0-3317.
[11:37:34 - Feature] Processed contig_534:0.0-3316.0 (median depth 11.0)
[11:37:34 - Sampler] Took 0.01s to make features.
[11:37:35 - Sampler] Initializing sampler for consensus of region contig_535:0-5329.
[11:37:35 - Feature] Processed contig_535:0.0-5328.0 (median depth 20.0)
[11:37:35 - Sampler] Took 0.01s to make features.
[11:37:35 - Sampler] Initializing sampler for consensus of region contig_536:0-2698.
[11:37:35 - Feature] Processed contig_536:0.0-2697.0 (median depth 22.0)
[11:37:35 - Sampler] Took 0.01s to make features.
[11:37:35 - PWorker] Batches in cache: 8.
[11:37:35 - Sampler] Initializing sampler for consensus of region contig_537:0-2411.
[11:37:35 - Feature] Processed contig_537:0.0-2410.0 (median depth 10.0)
[11:37:35 - Sampler] Took 0.00s to make features.
[11:37:35 - Sampler] Initializing sampler for consensus of region contig_538:0-2390.
[11:37:35 - Feature] Processed contig_538:0.0-2389.0 (median depth 10.0)
[11:37:35 - Sampler] Took 0.01s to make features.
[11:37:36 - Sampler] Initializing sampler for consensus of region contig_539:0-2435.
[11:37:36 - Feature] Processed contig_539:0.0-2434.0 (median depth 7.0)
[11:37:36 - Sampler] Took 0.01s to make features.
[11:37:36 - Sampler] Initializing sampler for consensus of region contig_54:0-3597.
[11:37:36 - Feature] Processed contig_54:0.0-3596.0 (median depth 9.0)
[11:37:36 - Sampler] Took 0.01s to make features.
[11:37:36 - Sampler] Initializing sampler for consensus of region contig_540:0-2495.
[11:37:36 - Feature] Processed contig_540:0.0-2494.0 (median depth 19.0)
[11:37:36 - Sampler] Took 0.01s to make features.
[11:37:37 - Sampler] Initializing sampler for consensus of region contig_541:0-3828.
[11:37:37 - Feature] Processed contig_541:0.0-3827.0 (median depth 8.0)
[11:37:37 - Sampler] Took 0.01s to make features.
[11:37:37 - Sampler] Initializing sampler for consensus of region contig_542:0-2486.
[11:37:37 - Feature] Processed contig_542:0.0-2485.0 (median depth 22.0)
[11:37:37 - Sampler] Took 0.01s to make features.
[11:37:37 - Sampler] Initializing sampler for consensus of region contig_543:0-3549.
[11:37:37 - Feature] Processed contig_543:0.0-3548.0 (median depth 10.0)
[11:37:37 - Sampler] Took 0.01s to make features.
[11:37:38 - Sampler] Initializing sampler for consensus of region contig_544:0-2391.
[11:37:38 - Feature] Processed contig_544:0.0-2390.0 (median depth 13.0)
[11:37:38 - Sampler] Took 0.01s to make features.
[11:37:38 - Sampler] Initializing sampler for consensus of region contig_545:0-2211.
[11:37:38 - Feature] Processed contig_545:0.0-2210.0 (median depth 9.0)
[11:37:38 - Sampler] Took 0.01s to make features.
[11:37:39 - Sampler] Initializing sampler for consensus of region contig_546:0-2468.
[11:37:39 - Feature] Processed contig_546:0.0-2467.0 (median depth 6.0)
[11:37:39 - Sampler] Took 0.01s to make features.
[11:37:39 - Sampler] Initializing sampler for consensus of region contig_547:0-2956.
[11:37:39 - Feature] Processed contig_547:0.0-2955.0 (median depth 21.0)
[11:37:39 - Sampler] Took 0.01s to make features.
[11:37:39 - Sampler] Initializing sampler for consensus of region contig_548:0-2955.
[11:37:39 - Feature] Processed contig_548:0.0-2954.0 (median depth 9.0)
[11:37:39 - Sampler] Took 0.01s to make features.
[11:37:39 - Sampler] Initializing sampler for consensus of region contig_549:0-2243.
[11:37:39 - Feature] Processed contig_549:0.0-2242.0 (median depth 14.0)
[11:37:39 - Sampler] Took 0.01s to make features.
[11:37:40 - Sampler] Initializing sampler for consensus of region contig_55:0-6367.
[11:37:40 - Feature] Processed contig_55:0.0-6366.0 (median depth 41.0)
[11:37:40 - Sampler] Took 0.02s to make features.
[11:37:40 - PWorker] Batches in cache: 8.
[11:37:40 - Sampler] Initializing sampler for consensus of region contig_550:0-2223.
[11:37:40 - Feature] Processed contig_550:0.0-2222.0 (median depth 6.0)
[11:37:40 - Sampler] Took 0.01s to make features.
[11:37:40 - Sampler] Initializing sampler for consensus of region contig_551:0-2812.
[11:37:40 - Feature] Processed contig_551:0.0-2811.0 (median depth 15.0)
[11:37:40 - Sampler] Took 0.01s to make features.
[11:37:41 - Sampler] Initializing sampler for consensus of region contig_552:0-4516.
[11:37:41 - Feature] Processed contig_552:0.0-4515.0 (median depth 12.0)
[11:37:41 - Sampler] Took 0.01s to make features.
[11:37:41 - Sampler] Initializing sampler for consensus of region contig_553:0-2415.
[11:37:41 - Feature] Processed contig_553:0.0-2414.0 (median depth 5.0)
[11:37:41 - Sampler] Took 0.00s to make features.
[11:37:41 - Sampler] Initializing sampler for consensus of region contig_554:0-2354.
[11:37:41 - Feature] Processed contig_554:0.0-2353.0 (median depth 10.0)
[11:37:41 - Sampler] Took 0.01s to make features.
[11:37:42 - Sampler] Initializing sampler for consensus of region contig_555:0-3257.
[11:37:42 - Feature] Processed contig_555:0.0-3256.0 (median depth 16.0)
[11:37:42 - Sampler] Took 0.01s to make features.
[11:37:42 - Sampler] Initializing sampler for consensus of region contig_556:0-2408.
[11:37:42 - Feature] Processed contig_556:0.0-2407.0 (median depth 14.0)
[11:37:42 - Sampler] Took 0.01s to make features.
[11:37:42 - Sampler] Initializing sampler for consensus of region contig_557:0-2232.
[11:37:42 - Feature] Processed contig_557:0.0-2231.0 (median depth 13.0)
[11:37:42 - Sampler] Took 0.01s to make features.
[11:37:42 - Sampler] Initializing sampler for consensus of region contig_558:0-2228.
[11:37:42 - Feature] Processed contig_558:0.0-2227.0 (median depth 17.0)
[11:37:42 - Sampler] Took 0.01s to make features.
[11:37:42 - Sampler] Initializing sampler for consensus of region contig_559:0-2693.
[11:37:42 - Feature] Processed contig_559:0.0-2692.0 (median depth 13.0)
[11:37:42 - Sampler] Took 0.01s to make features.
[11:37:43 - PWorker] 41.9% Done (1.2/2.9 Mbases) in 153.4s
[11:37:43 - Sampler] Initializing sampler for consensus of region contig_56:0-4033.
[11:37:43 - Feature] Processed contig_56:0.0-4032.0 (median depth 19.0)
[11:37:43 - Sampler] Took 0.01s to make features.
[11:37:43 - Sampler] Initializing sampler for consensus of region contig_560:0-5612.
[11:37:43 - Feature] Processed contig_560:0.0-5611.0 (median depth 38.0)
[11:37:43 - Sampler] Took 0.02s to make features.
[11:37:43 - Sampler] Initializing sampler for consensus of region contig_561:0-2628.
[11:37:43 - Feature] Processed contig_561:0.0-2627.0 (median depth 7.0)
[11:37:43 - Sampler] Took 0.01s to make features.
[11:37:44 - Sampler] Initializing sampler for consensus of region contig_562:0-2545.
[11:37:44 - Feature] Processed contig_562:0.0-2544.0 (median depth 11.0)
[11:37:44 - Sampler] Took 0.01s to make features.
[11:37:44 - Sampler] Initializing sampler for consensus of region contig_563:0-2821.
[11:37:44 - Feature] Processed contig_563:0.0-2820.0 (median depth 15.0)
[11:37:44 - Sampler] Took 0.01s to make features.
[11:37:44 - Sampler] Initializing sampler for consensus of region contig_564:0-2609.
[11:37:44 - Feature] Processed contig_564:0.0-2608.0 (median depth 8.0)
[11:37:44 - Sampler] Took 0.01s to make features.
[11:37:44 - Sampler] Initializing sampler for consensus of region contig_565:0-2945.
[11:37:44 - Feature] Processed contig_565:0.0-2944.0 (median depth 25.0)
[11:37:44 - Sampler] Took 0.01s to make features.
[11:37:45 - Sampler] Initializing sampler for consensus of region contig_566:0-2260.
[11:37:45 - Feature] Processed contig_566:0.0-2259.0 (median depth 24.0)
[11:37:45 - Sampler] Took 0.01s to make features.
[11:37:45 - Sampler] Initializing sampler for consensus of region contig_567:0-4430.
[11:37:45 - Feature] Processed contig_567:0.0-4429.0 (median depth 27.0)
[11:37:45 - Sampler] Took 0.01s to make features.
[11:37:45 - PWorker] Batches in cache: 8.
[11:37:45 - Sampler] Initializing sampler for consensus of region contig_568:0-2553.
[11:37:45 - Feature] Processed contig_568:0.0-2552.0 (median depth 11.0)
[11:37:45 - Sampler] Took 0.01s to make features.
[11:37:46 - Sampler] Initializing sampler for consensus of region contig_569:0-2211.
[11:37:46 - Feature] Processed contig_569:0.0-2210.0 (median depth 28.0)
[11:37:46 - Sampler] Took 0.01s to make features.
[11:37:46 - Sampler] Initializing sampler for consensus of region contig_57:0-2216.
[11:37:46 - Feature] Processed contig_57:0.0-2215.0 (median depth 33.0)
[11:37:46 - Sampler] Took 0.01s to make features.
[11:37:46 - Sampler] Initializing sampler for consensus of region contig_570:0-5577.
[11:37:46 - Feature] Processed contig_570:0.0-5576.0 (median depth 16.0)
[11:37:46 - Sampler] Took 0.01s to make features.
[11:37:46 - Sampler] Initializing sampler for consensus of region contig_571:0-2501.
[11:37:46 - Feature] Processed contig_571:0.0-2500.0 (median depth 19.0)
[11:37:46 - Sampler] Took 0.01s to make features.
[11:37:47 - Sampler] Initializing sampler for consensus of region contig_572:0-1392.
[11:37:47 - Feature] Processed contig_572:0.0-1391.0 (median depth 13.0)
[11:37:47 - Sampler] Took 0.00s to make features.
[11:37:47 - Sampler] Initializing sampler for consensus of region contig_573:0-2445.
[11:37:47 - Feature] Processed contig_573:0.0-2444.0 (median depth 19.0)
[11:37:47 - Sampler] Took 0.01s to make features.
[11:37:47 - Sampler] Initializing sampler for consensus of region contig_574:0-5852.
[11:37:47 - Feature] Processed contig_574:0.0-5851.0 (median depth 9.0)
[11:37:47 - Sampler] Took 0.01s to make features.
[11:37:47 - Sampler] Initializing sampler for consensus of region contig_575:0-2338.
[11:37:47 - Feature] Processed contig_575:0.0-2337.0 (median depth 5.0)
[11:37:47 - Sampler] Took 0.01s to make features.
[11:37:48 - Sampler] Initializing sampler for consensus of region contig_576:0-2869.
[11:37:48 - Feature] Processed contig_576:0.0-2868.0 (median depth 20.0)
[11:37:48 - Sampler] Took 0.01s to make features.
[11:37:48 - Sampler] Initializing sampler for consensus of region contig_577:0-2382.
[11:37:48 - Feature] Processed contig_577:0.0-2381.0 (median depth 23.0)
[11:37:48 - Sampler] Took 0.01s to make features.
[11:37:48 - Sampler] Initializing sampler for consensus of region contig_578:0-2271.
[11:37:48 - Feature] Processed contig_578:0.0-2270.0 (median depth 11.0)
[11:37:48 - Sampler] Took 0.01s to make features.
[11:37:49 - Sampler] Initializing sampler for consensus of region contig_579:0-2295.
[11:37:49 - Feature] Processed contig_579:0.0-2294.0 (median depth 10.0)
[11:37:49 - Sampler] Took 0.01s to make features.
[11:37:49 - Sampler] Initializing sampler for consensus of region contig_58:0-2247.
[11:37:49 - Feature] Processed contig_58:0.0-2246.0 (median depth 19.0)
[11:37:49 - Sampler] Took 0.01s to make features.
[11:37:49 - Sampler] Initializing sampler for consensus of region contig_580:0-2316.
[11:37:49 - Feature] Processed contig_580:0.0-2315.0 (median depth 6.0)
[11:37:49 - Sampler] Took 0.00s to make features.
[11:37:49 - Sampler] Initializing sampler for consensus of region contig_581:0-2606.
[11:37:49 - Feature] Processed contig_581:0.0-2605.0 (median depth 15.0)
[11:37:49 - Sampler] Took 0.01s to make features.
[11:37:50 - Sampler] Initializing sampler for consensus of region contig_582:0-3097.
[11:37:50 - Feature] Processed contig_582:0.0-3096.0 (median depth 15.0)
[11:37:50 - Sampler] Took 0.01s to make features.
[11:37:50 - Sampler] Initializing sampler for consensus of region contig_583:0-2569.
[11:37:50 - Feature] Processed contig_583:0.0-2568.0 (median depth 7.0)
[11:37:50 - Sampler] Took 0.01s to make features.
[11:37:50 - Sampler] Initializing sampler for consensus of region contig_584:0-3003.
[11:37:50 - Feature] Processed contig_584:0.0-3002.0 (median depth 8.0)
[11:37:50 - Sampler] Took 0.01s to make features.
[11:37:50 - PWorker] Batches in cache: 8.
[11:37:50 - Sampler] Initializing sampler for consensus of region contig_585:0-2991.
[11:37:50 - Feature] Processed contig_585:0.0-2990.0 (median depth 8.0)
[11:37:50 - Sampler] Took 0.01s to make features.
[11:37:51 - Sampler] Initializing sampler for consensus of region contig_586:0-3047.
[11:37:51 - Feature] Processed contig_586:0.0-3046.0 (median depth 12.0)
[11:37:51 - Sampler] Took 0.01s to make features.
[11:37:51 - Sampler] Initializing sampler for consensus of region contig_587:0-2712.
[11:37:51 - Feature] Processed contig_587:0.0-2711.0 (median depth 9.0)
[11:37:51 - Sampler] Took 0.01s to make features.
[11:37:51 - Sampler] Initializing sampler for consensus of region contig_588:0-2655.
[11:37:51 - Feature] Processed contig_588:0.0-2654.0 (median depth 10.0)
[11:37:51 - Sampler] Took 0.01s to make features.
[11:37:52 - Sampler] Initializing sampler for consensus of region contig_589:0-2519.
[11:37:52 - Feature] Processed contig_589:0.0-2518.0 (median depth 17.0)
[11:37:52 - Sampler] Took 0.01s to make features.
[11:37:52 - Sampler] Initializing sampler for consensus of region contig_59:0-2738.
[11:37:52 - Feature] Processed contig_59:0.0-2737.0 (median depth 6.0)
[11:37:52 - Sampler] Took 0.01s to make features.
[11:37:52 - Sampler] Initializing sampler for consensus of region contig_590:0-5350.
[11:37:52 - Feature] Processed contig_590:0.0-5349.0 (median depth 31.0)
[11:37:52 - Sampler] Took 0.02s to make features.
[11:37:52 - Sampler] Initializing sampler for consensus of region contig_591:0-2408.
[11:37:52 - Feature] Processed contig_591:0.0-2407.0 (median depth 22.0)
[11:37:52 - Sampler] Took 0.01s to make features.
[11:37:53 - Sampler] Initializing sampler for consensus of region contig_592:0-2979.
[11:37:53 - Feature] Processed contig_592:0.0-2978.0 (median depth 13.0)
[11:37:53 - Sampler] Took 0.01s to make features.
[11:37:53 - PWorker] 44.5% Done (1.3/2.9 Mbases) in 163.5s
[11:37:53 - Sampler] Initializing sampler for consensus of region contig_593:0-2242.
[11:37:53 - Feature] Processed contig_593:0.0-2241.0 (median depth 14.0)
[11:37:53 - Sampler] Took 0.01s to make features.
[11:37:53 - Sampler] Initializing sampler for consensus of region contig_594:0-2230.
[11:37:53 - Feature] Processed contig_594:0.0-2229.0 (median depth 11.0)
[11:37:53 - Sampler] Took 0.01s to make features.
[11:37:53 - Sampler] Initializing sampler for consensus of region contig_595:0-2764.
[11:37:53 - Feature] Processed contig_595:0.0-2763.0 (median depth 23.0)
[11:37:53 - Sampler] Took 0.01s to make features.
[11:37:54 - Sampler] Initializing sampler for consensus of region contig_596:0-2313.
[11:37:54 - Feature] Processed contig_596:0.0-2312.0 (median depth 11.0)
[11:37:54 - Sampler] Took 0.01s to make features.
[11:37:54 - Sampler] Initializing sampler for consensus of region contig_597:0-2386.
[11:37:54 - Feature] Processed contig_597:0.0-2385.0 (median depth 19.0)
[11:37:54 - Sampler] Took 0.01s to make features.
[11:37:54 - Sampler] Initializing sampler for consensus of region contig_598:0-2999.
[11:37:54 - Feature] Processed contig_598:0.0-2998.0 (median depth 21.0)
[11:37:54 - Sampler] Took 0.01s to make features.
[11:37:54 - Sampler] Initializing sampler for consensus of region contig_599:0-2633.
[11:37:54 - Feature] Processed contig_599:0.0-2632.0 (median depth 18.0)
[11:37:54 - Sampler] Took 0.01s to make features.
[11:37:54 - Sampler] Initializing sampler for consensus of region contig_6:0-2600.
[11:37:54 - Feature] Processed contig_6:0.0-2599.0 (median depth 5.0)
[11:37:54 - Sampler] Took 0.01s to make features.
[11:37:55 - Sampler] Initializing sampler for consensus of region contig_60:0-2857.
[11:37:55 - Feature] Processed contig_60:0.0-2856.0 (median depth 10.0)
[11:37:55 - Sampler] Took 0.01s to make features.
[11:37:55 - Sampler] Initializing sampler for consensus of region contig_600:0-3221.
[11:37:55 - Feature] Processed contig_600:0.0-3220.0 (median depth 10.0)
[11:37:55 - Sampler] Took 0.01s to make features.
[11:37:55 - Sampler] Initializing sampler for consensus of region contig_601:0-2210.
[11:37:55 - Feature] Processed contig_601:0.0-2209.0 (median depth 11.0)
[11:37:55 - Sampler] Took 0.01s to make features.
[11:37:55 - Sampler] Initializing sampler for consensus of region contig_602:0-2873.
[11:37:55 - Feature] Processed contig_602:0.0-2872.0 (median depth 10.0)
[11:37:55 - Sampler] Took 0.01s to make features.
[11:37:56 - PWorker] Batches in cache: 8.
[11:37:56 - Sampler] Initializing sampler for consensus of region contig_603:0-2620.
[11:37:56 - Feature] Processed contig_603:0.0-2619.0 (median depth 13.0)
[11:37:56 - Sampler] Took 0.01s to make features.
[11:37:56 - Sampler] Initializing sampler for consensus of region contig_604:0-2431.
[11:37:56 - Feature] Processed contig_604:0.0-2430.0 (median depth 5.0)
[11:37:56 - Sampler] Took 0.01s to make features.
[11:37:56 - Sampler] Initializing sampler for consensus of region contig_605:0-2708.
[11:37:56 - Feature] Processed contig_605:0.0-2707.0 (median depth 10.0)
[11:37:56 - Sampler] Took 0.01s to make features.
[11:37:56 - Sampler] Initializing sampler for consensus of region contig_606:0-2255.
[11:37:56 - Feature] Processed contig_606:0.0-2254.0 (median depth 19.0)
[11:37:56 - Sampler] Took 0.01s to make features.
[11:37:57 - Sampler] Initializing sampler for consensus of region contig_607:0-2858.
[11:37:57 - Feature] Processed contig_607:0.0-2857.0 (median depth 7.0)
[11:37:57 - Sampler] Took 0.01s to make features.
[11:37:57 - Sampler] Initializing sampler for consensus of region contig_608:0-2445.
[11:37:57 - Feature] Processed contig_608:0.0-2444.0 (median depth 11.0)
[11:37:57 - Sampler] Took 0.01s to make features.
[11:37:57 - Sampler] Initializing sampler for consensus of region contig_609:0-2520.
[11:37:57 - Feature] Processed contig_609:0.0-2519.0 (median depth 29.0)
[11:37:57 - Sampler] Took 0.01s to make features.
[11:37:58 - Sampler] Initializing sampler for consensus of region contig_61:0-4397.
[11:37:58 - Feature] Processed contig_61:0.0-4396.0 (median depth 23.0)
[11:37:58 - Sampler] Took 0.01s to make features.
[11:37:58 - Sampler] Initializing sampler for consensus of region contig_610:0-2335.
[11:37:58 - Feature] Processed contig_610:0.0-2334.0 (median depth 17.0)
[11:37:58 - Sampler] Took 0.01s to make features.
[11:37:58 - Sampler] Initializing sampler for consensus of region contig_611:0-3957.
[11:37:58 - Feature] Processed contig_611:0.0-3956.0 (median depth 40.0)
[11:37:58 - Sampler] Took 0.02s to make features.
[11:37:58 - Sampler] Initializing sampler for consensus of region contig_612:0-5369.
[11:37:58 - Feature] Processed contig_612:0.0-5368.0 (median depth 7.0)
[11:37:58 - Sampler] Took 0.01s to make features.
[11:37:59 - Sampler] Initializing sampler for consensus of region contig_614:0-2429.
[11:37:59 - Feature] Processed contig_614:0.0-2428.0 (median depth 7.0)
[11:37:59 - Sampler] Took 0.01s to make features.
[11:37:59 - Sampler] Initializing sampler for consensus of region contig_615:0-2627.
[11:37:59 - Feature] Processed contig_615:0.0-2626.0 (median depth 24.0)
[11:37:59 - Sampler] Took 0.01s to make features.
[11:37:59 - Sampler] Initializing sampler for consensus of region contig_616:0-2451.
[11:37:59 - Feature] Processed contig_616:0.0-2450.0 (median depth 9.0)
[11:37:59 - Sampler] Took 0.01s to make features.
[11:37:59 - Sampler] Initializing sampler for consensus of region contig_617:0-2322.
[11:37:59 - Feature] Processed contig_617:0.0-2321.0 (median depth 9.0)
[11:37:59 - Sampler] Took 0.01s to make features.
[11:37:59 - Sampler] Initializing sampler for consensus of region contig_618:0-4297.
[11:37:59 - Feature] Processed contig_618:0.0-4296.0 (median depth 10.0)
[11:37:59 - Sampler] Took 0.01s to make features.
[11:38:00 - Sampler] Initializing sampler for consensus of region contig_619:0-4411.
[11:38:00 - Feature] Processed contig_619:0.0-4410.0 (median depth 44.0)
[11:38:00 - Sampler] Took 0.02s to make features.
[11:38:00 - Sampler] Initializing sampler for consensus of region contig_62:0-2226.
[11:38:00 - Feature] Processed contig_62:0.0-2225.0 (median depth 30.0)
[11:38:00 - Sampler] Took 0.01s to make features.
[11:38:00 - Sampler] Initializing sampler for consensus of region contig_620:0-2352.
[11:38:00 - Feature] Processed contig_620:0.0-2351.0 (median depth 26.0)
[11:38:00 - Sampler] Took 0.01s to make features.
[11:38:00 - Sampler] Initializing sampler for consensus of region contig_621:0-4031.
[11:38:00 - Feature] Processed contig_621:0.0-4030.0 (median depth 12.0)
[11:38:00 - Sampler] Took 0.01s to make features.
[11:38:01 - Sampler] Initializing sampler for consensus of region contig_622:0-3769.
[11:38:01 - Feature] Processed contig_622:0.0-3768.0 (median depth 10.0)
[11:38:01 - Sampler] Took 0.01s to make features.
[11:38:01 - PWorker] Batches in cache: 8.
[11:38:01 - Sampler] Initializing sampler for consensus of region contig_623:0-2475.
[11:38:01 - Feature] Processed contig_623:0.0-2474.0 (median depth 9.0)
[11:38:01 - Sampler] Took 0.00s to make features.
[11:38:01 - Sampler] Initializing sampler for consensus of region contig_624:0-2478.
[11:38:01 - Feature] Processed contig_624:0.0-2477.0 (median depth 4.0)
[11:38:01 - Sampler] Took 0.01s to make features.
[11:38:01 - Sampler] Initializing sampler for consensus of region contig_625:0-2446.
[11:38:01 - Feature] Processed contig_625:0.0-2445.0 (median depth 4.0)
[11:38:01 - Sampler] Took 0.00s to make features.
[11:38:02 - Sampler] Initializing sampler for consensus of region contig_626:0-2648.
[11:38:02 - Feature] Processed contig_626:0.0-2647.0 (median depth 9.0)
[11:38:02 - Sampler] Took 0.01s to make features.
[11:38:02 - Sampler] Initializing sampler for consensus of region contig_627:0-2974.
[11:38:02 - Feature] Processed contig_627:0.0-2973.0 (median depth 9.0)
[11:38:02 - Sampler] Took 0.01s to make features.
[11:38:02 - Sampler] Initializing sampler for consensus of region contig_628:0-2644.
[11:38:02 - Feature] Processed contig_628:0.0-2643.0 (median depth 10.0)
[11:38:02 - Sampler] Took 0.01s to make features.
[11:38:02 - Sampler] Initializing sampler for consensus of region contig_629:0-3373.
[11:38:02 - Feature] Processed contig_629:0.0-3372.0 (median depth 6.0)
[11:38:02 - Sampler] Took 0.01s to make features.
[11:38:03 - Sampler] Initializing sampler for consensus of region contig_63:0-2905.
[11:38:03 - Feature] Processed contig_63:0.0-2904.0 (median depth 15.0)
[11:38:03 - Sampler] Took 0.01s to make features.
[11:38:03 - PWorker] 47.1% Done (1.4/2.9 Mbases) in 173.6s
[11:38:03 - Sampler] Initializing sampler for consensus of region contig_630:0-2468.
[11:38:03 - Feature] Processed contig_630:0.0-2467.0 (median depth 19.0)
[11:38:03 - Sampler] Took 0.01s to make features.
[11:38:03 - Sampler] Initializing sampler for consensus of region contig_631:0-4097.
[11:38:04 - Feature] Processed contig_631:0.0-4096.0 (median depth 9.0)
[11:38:04 - Sampler] Took 0.01s to make features.
[11:38:04 - Sampler] Initializing sampler for consensus of region contig_632:0-3801.
[11:38:04 - Feature] Processed contig_632:0.0-3800.0 (median depth 11.0)
[11:38:04 - Sampler] Took 0.01s to make features.
[11:38:04 - Sampler] Initializing sampler for consensus of region contig_633:0-4144.
[11:38:04 - Feature] Processed contig_633:0.0-4143.0 (median depth 14.0)
[11:38:04 - Sampler] Took 0.01s to make features.
[11:38:04 - Sampler] Initializing sampler for consensus of region contig_634:0-2270.
[11:38:04 - Feature] Processed contig_634:0.0-2269.0 (median depth 14.0)
[11:38:04 - Sampler] Took 0.01s to make features.
[11:38:04 - Sampler] Initializing sampler for consensus of region contig_635:0-2979.
[11:38:04 - Feature] Processed contig_635:0.0-2978.0 (median depth 19.0)
[11:38:04 - Sampler] Took 0.01s to make features.
[11:38:05 - Sampler] Initializing sampler for consensus of region contig_636:0-3115.
[11:38:05 - Feature] Processed contig_636:0.0-3114.0 (median depth 12.0)
[11:38:05 - Sampler] Took 0.01s to make features.
[11:38:05 - Sampler] Initializing sampler for consensus of region contig_637:0-3023.
[11:38:05 - Feature] Processed contig_637:0.0-3022.0 (median depth 6.0)
[11:38:05 - Sampler] Took 0.01s to make features.
[11:38:05 - Sampler] Initializing sampler for consensus of region contig_638:0-3481.
[11:38:05 - Feature] Processed contig_638:0.0-3480.0 (median depth 5.0)
[11:38:05 - Sampler] Took 0.01s to make features.
[11:38:06 - Sampler] Initializing sampler for consensus of region contig_639:0-2499.
[11:38:06 - Feature] Processed contig_639:0.0-2498.0 (median depth 20.0)
[11:38:06 - Sampler] Took 0.01s to make features.
[11:38:06 - PWorker] Batches in cache: 8.
[11:38:06 - Sampler] Initializing sampler for consensus of region contig_64:0-4655.
[11:38:06 - Feature] Processed contig_64:0.0-4654.0 (median depth 37.0)
[11:38:06 - Sampler] Took 0.02s to make features.
[11:38:06 - Sampler] Initializing sampler for consensus of region contig_640:0-2538.
[11:38:06 - Feature] Processed contig_640:0.0-2537.0 (median depth 14.0)
[11:38:06 - Sampler] Took 0.01s to make features.
[11:38:07 - Sampler] Initializing sampler for consensus of region contig_641:0-3468.
[11:38:07 - Feature] Processed contig_641:0.0-3467.0 (median depth 8.0)
[11:38:07 - Sampler] Took 0.01s to make features.
[11:38:07 - Sampler] Initializing sampler for consensus of region contig_642:0-3811.
[11:38:07 - Feature] Processed contig_642:0.0-3810.0 (median depth 11.0)
[11:38:07 - Sampler] Took 0.01s to make features.
[11:38:07 - Sampler] Initializing sampler for consensus of region contig_643:0-2772.
[11:38:07 - Feature] Processed contig_643:0.0-2771.0 (median depth 9.0)
[11:38:07 - Sampler] Took 0.01s to make features.
[11:38:07 - Sampler] Initializing sampler for consensus of region contig_644:0-2839.
[11:38:07 - Feature] Processed contig_644:0.0-2838.0 (median depth 15.0)
[11:38:07 - Sampler] Took 0.01s to make features.
[11:38:07 - Sampler] Initializing sampler for consensus of region contig_645:0-2256.
[11:38:07 - Feature] Processed contig_645:0.0-2255.0 (median depth 18.0)
[11:38:07 - Sampler] Took 0.01s to make features.
[11:38:08 - Sampler] Initializing sampler for consensus of region contig_646:0-2210.
[11:38:08 - Feature] Processed contig_646:0.0-2209.0 (median depth 12.0)
[11:38:08 - Sampler] Took 0.01s to make features.
[11:38:08 - Sampler] Initializing sampler for consensus of region contig_647:0-2916.
[11:38:08 - Feature] Processed contig_647:0.0-2915.0 (median depth 7.0)
[11:38:08 - Sampler] Took 0.01s to make features.
[11:38:08 - Sampler] Initializing sampler for consensus of region contig_648:0-2558.
[11:38:08 - Feature] Processed contig_648:0.0-2557.0 (median depth 21.0)
[11:38:08 - Sampler] Took 0.01s to make features.
[11:38:08 - Sampler] Initializing sampler for consensus of region contig_649:0-2837.
[11:38:08 - Feature] Processed contig_649:0.0-2836.0 (median depth 8.0)
[11:38:08 - Sampler] Took 0.01s to make features.
[11:38:09 - Sampler] Initializing sampler for consensus of region contig_65:0-3905.
[11:38:09 - Feature] Processed contig_65:0.0-3904.0 (median depth 20.0)
[11:38:09 - Sampler] Took 0.01s to make features.
[11:38:09 - Sampler] Initializing sampler for consensus of region contig_650:0-4495.
[11:38:09 - Feature] Processed contig_650:0.0-4494.0 (median depth 38.0)
[11:38:09 - Sampler] Took 0.02s to make features.
[11:38:09 - Sampler] Initializing sampler for consensus of region contig_651:0-2666.
[11:38:10 - Feature] Processed contig_651:0.0-2665.0 (median depth 21.0)
[11:38:10 - Sampler] Took 0.01s to make features.
[11:38:10 - Sampler] Initializing sampler for consensus of region contig_652:0-4418.
[11:38:10 - Feature] Processed contig_652:0.0-4417.0 (median depth 15.0)
[11:38:10 - Sampler] Took 0.01s to make features.
[11:38:10 - Sampler] Initializing sampler for consensus of region contig_653:0-2356.
[11:38:10 - Feature] Processed contig_653:0.0-2355.0 (median depth 12.0)
[11:38:10 - Sampler] Took 0.01s to make features.
[11:38:10 - Sampler] Initializing sampler for consensus of region contig_654:0-2697.
[11:38:10 - Feature] Processed contig_654:0.0-2696.0 (median depth 18.0)
[11:38:10 - Sampler] Took 0.01s to make features.
[11:38:11 - Sampler] Initializing sampler for consensus of region contig_655:0-2898.
[11:38:11 - Feature] Processed contig_655:0.0-2897.0 (median depth 14.0)
[11:38:11 - Sampler] Took 0.01s to make features.
[11:38:11 - Sampler] Initializing sampler for consensus of region contig_656:0-2244.
[11:38:11 - Feature] Processed contig_656:0.0-2243.0 (median depth 5.0)
[11:38:11 - Sampler] Took 0.01s to make features.
[11:38:11 - PWorker] Batches in cache: 8.
[11:38:11 - Sampler] Initializing sampler for consensus of region contig_657:0-9639.
[11:38:11 - Feature] Processed contig_657:0.0-9638.0 (median depth 35.0)
[11:38:11 - Sampler] Took 0.03s to make features.
[11:38:11 - Sampler] Initializing sampler for consensus of region contig_658:0-2977.
[11:38:11 - Feature] Processed contig_658:0.0-2976.0 (median depth 22.0)
[11:38:11 - Sampler] Took 0.01s to make features.
[11:38:12 - Sampler] Initializing sampler for consensus of region contig_659:0-2422.
[11:38:12 - Feature] Processed contig_659:0.0-2421.0 (median depth 11.0)
[11:38:12 - Sampler] Took 0.01s to make features.
[11:38:12 - Sampler] Initializing sampler for consensus of region contig_66:0-2303.
[11:38:12 - Feature] Processed contig_66:0.0-2302.0 (median depth 29.0)
[11:38:12 - Sampler] Took 0.01s to make features.
[11:38:12 - Sampler] Initializing sampler for consensus of region contig_660:0-2423.
[11:38:12 - Feature] Processed contig_660:0.0-2422.0 (median depth 16.0)
[11:38:12 - Sampler] Took 0.01s to make features.
[11:38:13 - Sampler] Initializing sampler for consensus of region contig_661:0-3374.
[11:38:13 - Feature] Processed contig_661:0.0-3373.0 (median depth 14.0)
[11:38:13 - Sampler] Took 0.01s to make features.
[11:38:13 - Sampler] Initializing sampler for consensus of region contig_662:0-4304.
[11:38:13 - Feature] Processed contig_662:0.0-4303.0 (median depth 12.0)
[11:38:13 - Sampler] Took 0.01s to make features.
[11:38:13 - PWorker] 49.8% Done (1.4/2.9 Mbases) in 183.6s
[11:38:13 - Sampler] Initializing sampler for consensus of region contig_663:0-2199.
[11:38:13 - Feature] Processed contig_663:0.0-2198.0 (median depth 24.0)
[11:38:13 - Sampler] Took 0.01s to make features.
[11:38:13 - Sampler] Initializing sampler for consensus of region contig_664:0-2397.
[11:38:13 - Feature] Processed contig_664:0.0-2396.0 (median depth 15.0)
[11:38:13 - Sampler] Took 0.01s to make features.
[11:38:14 - Sampler] Initializing sampler for consensus of region contig_665:0-2203.
[11:38:14 - Feature] Processed contig_665:0.0-2202.0 (median depth 6.0)
[11:38:14 - Sampler] Took 0.00s to make features.
[11:38:14 - Sampler] Initializing sampler for consensus of region contig_666:0-2211.
[11:38:14 - Feature] Processed contig_666:0.0-2210.0 (median depth 9.0)
[11:38:14 - Sampler] Took 0.01s to make features.
[11:38:14 - Sampler] Initializing sampler for consensus of region contig_667:0-3137.
[11:38:14 - Feature] Processed contig_667:0.0-3136.0 (median depth 9.0)
[11:38:14 - Sampler] Took 0.01s to make features.
[11:38:15 - Sampler] Initializing sampler for consensus of region contig_668:0-2232.
[11:38:15 - Feature] Processed contig_668:0.0-2231.0 (median depth 13.0)
[11:38:15 - Sampler] Took 0.01s to make features.
[11:38:15 - Sampler] Initializing sampler for consensus of region contig_669:0-2364.
[11:38:15 - Feature] Processed contig_669:0.0-2363.0 (median depth 11.0)
[11:38:15 - Sampler] Took 0.01s to make features.
[11:38:16 - Sampler] Initializing sampler for consensus of region contig_670:0-2548.
[11:38:16 - Feature] Processed contig_670:0.0-2547.0 (median depth 18.0)
[11:38:16 - Sampler] Took 0.01s to make features.
[11:38:16 - PWorker] Batches in cache: 8.
[11:38:16 - Sampler] Initializing sampler for consensus of region contig_671:0-2750.
[11:38:16 - Feature] Processed contig_671:0.0-2749.0 (median depth 30.0)
[11:38:16 - Sampler] Took 0.01s to make features.
[11:38:16 - Sampler] Initializing sampler for consensus of region contig_672:0-2408.
[11:38:16 - Feature] Processed contig_672:0.0-2407.0 (median depth 17.0)
[11:38:16 - Sampler] Took 0.01s to make features.
[11:38:17 - Sampler] Initializing sampler for consensus of region contig_673:0-2258.
[11:38:17 - Feature] Processed contig_673:0.0-2257.0 (median depth 15.0)
[11:38:17 - Sampler] Took 0.01s to make features.
[11:38:17 - Sampler] Initializing sampler for consensus of region contig_674:0-2559.
[11:38:17 - Feature] Processed contig_674:0.0-2558.0 (median depth 5.0)
[11:38:17 - Sampler] Took 0.01s to make features.
[11:38:17 - Sampler] Initializing sampler for consensus of region contig_675:0-2332.
[11:38:17 - Feature] Processed contig_675:0.0-2331.0 (median depth 17.0)
[11:38:17 - Sampler] Took 0.01s to make features.
[11:38:18 - Sampler] Initializing sampler for consensus of region contig_676:0-2311.
[11:38:18 - Feature] Processed contig_676:0.0-2310.0 (median depth 29.0)
[11:38:18 - Sampler] Took 0.01s to make features.
[11:38:18 - Sampler] Initializing sampler for consensus of region contig_677:0-2301.
[11:38:18 - Feature] Processed contig_677:0.0-2300.0 (median depth 13.0)
[11:38:18 - Sampler] Took 0.01s to make features.
[11:38:19 - Sampler] Initializing sampler for consensus of region contig_678:0-2470.
[11:38:19 - Feature] Processed contig_678:0.0-2469.0 (median depth 6.0)
[11:38:19 - Sampler] Took 0.01s to make features.
[11:38:19 - Sampler] Initializing sampler for consensus of region contig_679:0-2425.
[11:38:19 - Feature] Processed contig_679:0.0-2424.0 (median depth 10.0)
[11:38:19 - Sampler] Took 0.01s to make features.
[11:38:19 - Sampler] Initializing sampler for consensus of region contig_68:0-2359.
[11:38:19 - Feature] Processed contig_68:0.0-2358.0 (median depth 13.0)
[11:38:19 - Sampler] Took 0.01s to make features.
[11:38:19 - Sampler] Initializing sampler for consensus of region contig_680:0-2346.
[11:38:19 - Feature] Processed contig_680:0.0-2345.0 (median depth 11.0)
[11:38:19 - Sampler] Took 0.01s to make features.
[11:38:20 - Sampler] Initializing sampler for consensus of region contig_681:0-2257.
[11:38:20 - Feature] Processed contig_681:0.0-2256.0 (median depth 9.0)
[11:38:20 - Sampler] Took 0.01s to make features.
[11:38:20 - Sampler] Initializing sampler for consensus of region contig_682:0-3172.
[11:38:20 - Feature] Processed contig_682:0.0-3171.0 (median depth 12.0)
[11:38:20 - Sampler] Took 0.01s to make features.
[11:38:20 - Sampler] Initializing sampler for consensus of region contig_683:0-3261.
[11:38:20 - Feature] Processed contig_683:0.0-3260.0 (median depth 9.0)
[11:38:20 - Sampler] Took 0.01s to make features.
[11:38:20 - Sampler] Initializing sampler for consensus of region contig_684:0-2203.
[11:38:20 - Feature] Processed contig_684:0.0-2202.0 (median depth 10.0)
[11:38:20 - Sampler] Took 0.01s to make features.
[11:38:20 - Sampler] Initializing sampler for consensus of region contig_685:0-2341.
[11:38:20 - Feature] Processed contig_685:0.0-2340.0 (median depth 9.0)
[11:38:20 - Sampler] Took 0.01s to make features.
[11:38:21 - Sampler] Initializing sampler for consensus of region contig_686:0-2671.
[11:38:21 - Feature] Processed contig_686:0.0-2670.0 (median depth 14.0)
[11:38:21 - Sampler] Took 0.01s to make features.
[11:38:21 - Sampler] Initializing sampler for consensus of region contig_687:0-2580.
[11:38:21 - Feature] Processed contig_687:0.0-2579.0 (median depth 8.0)
[11:38:21 - Sampler] Took 0.01s to make features.
[11:38:21 - Sampler] Initializing sampler for consensus of region contig_688:0-2466.
[11:38:21 - Feature] Processed contig_688:0.0-2465.0 (median depth 12.0)
[11:38:21 - Sampler] Took 0.01s to make features.
[11:38:21 - PWorker] Batches in cache: 8.
[11:38:21 - Sampler] Initializing sampler for consensus of region contig_689:0-4036.
[11:38:21 - Feature] Processed contig_689:0.0-4035.0 (median depth 22.0)
[11:38:21 - Sampler] Took 0.01s to make features.
[11:38:22 - Sampler] Initializing sampler for consensus of region contig_69:0-4462.
[11:38:22 - Feature] Processed contig_69:0.0-4461.0 (median depth 24.0)
[11:38:22 - Sampler] Took 0.01s to make features.
[11:38:22 - Sampler] Initializing sampler for consensus of region contig_690:0-3147.
[11:38:22 - Feature] Processed contig_690:0.0-3146.0 (median depth 25.0)
[11:38:22 - Sampler] Took 0.01s to make features.
[11:38:22 - Sampler] Initializing sampler for consensus of region contig_691:0-3093.
[11:38:22 - Feature] Processed contig_691:0.0-3092.0 (median depth 7.0)
[11:38:22 - Sampler] Took 0.01s to make features.
[11:38:22 - Sampler] Initializing sampler for consensus of region contig_692:0-2285.
[11:38:22 - Feature] Processed contig_692:0.0-2284.0 (median depth 22.0)
[11:38:22 - Sampler] Took 0.01s to make features.
[11:38:22 - Sampler] Initializing sampler for consensus of region contig_693:0-3811.
[11:38:22 - Feature] Processed contig_693:0.0-3810.0 (median depth 15.0)
[11:38:22 - Sampler] Took 0.01s to make features.
[11:38:23 - Sampler] Initializing sampler for consensus of region contig_694:0-3101.
[11:38:23 - Feature] Processed contig_694:0.0-3100.0 (median depth 8.0)
[11:38:23 - Sampler] Took 0.01s to make features.
[11:38:23 - Sampler] Initializing sampler for consensus of region contig_695:0-2276.
[11:38:23 - Feature] Processed contig_695:0.0-2275.0 (median depth 20.0)
[11:38:23 - Sampler] Took 0.01s to make features.
[11:38:23 - PWorker] 52.2% Done (1.5/2.9 Mbases) in 193.6s
[11:38:23 - Sampler] Initializing sampler for consensus of region contig_696:0-2367.
[11:38:23 - Feature] Processed contig_696:0.0-2366.0 (median depth 17.0)
[11:38:23 - Sampler] Took 0.01s to make features.
[11:38:23 - Sampler] Initializing sampler for consensus of region contig_697:0-2253.
[11:38:23 - Feature] Processed contig_697:0.0-2252.0 (median depth 12.0)
[11:38:23 - Sampler] Took 0.01s to make features.
[11:38:24 - Sampler] Initializing sampler for consensus of region contig_698:0-3466.
[11:38:24 - Feature] Processed contig_698:0.0-3465.0 (median depth 11.0)
[11:38:24 - Sampler] Took 0.01s to make features.
[11:38:24 - Sampler] Initializing sampler for consensus of region contig_699:0-2490.
[11:38:24 - Feature] Processed contig_699:0.0-2489.0 (median depth 22.0)
[11:38:24 - Sampler] Took 0.01s to make features.
[11:38:24 - Sampler] Initializing sampler for consensus of region contig_7:0-2384.
[11:38:24 - Feature] Processed contig_7:0.0-2383.0 (median depth 21.0)
[11:38:24 - Sampler] Took 0.01s to make features.
[11:38:24 - Sampler] Initializing sampler for consensus of region contig_70:0-2555.
[11:38:24 - Feature] Processed contig_70:0.0-2554.0 (median depth 35.0)
[11:38:24 - Sampler] Took 0.01s to make features.
[11:38:24 - Sampler] Initializing sampler for consensus of region contig_700:0-2361.
[11:38:24 - Feature] Processed contig_700:0.0-2360.0 (median depth 9.0)
[11:38:24 - Sampler] Took 0.01s to make features.
[11:38:25 - Sampler] Initializing sampler for consensus of region contig_701:0-1898.
[11:38:25 - Feature] Processed contig_701:0.0-1897.0 (median depth 17.0)
[11:38:25 - Sampler] Took 0.01s to make features.
[11:38:25 - Sampler] Initializing sampler for consensus of region contig_702:0-2292.
[11:38:25 - Feature] Processed contig_702:0.0-2291.0 (median depth 18.0)
[11:38:25 - Sampler] Took 0.01s to make features.
[11:38:25 - Sampler] Initializing sampler for consensus of region contig_703:0-2736.
[11:38:25 - Feature] Processed contig_703:0.0-2735.0 (median depth 3.0)
[11:38:25 - Sampler] Took 0.01s to make features.
[11:38:25 - Sampler] Initializing sampler for consensus of region contig_704:0-2321.
[11:38:25 - Feature] Processed contig_704:0.0-2320.0 (median depth 14.0)
[11:38:25 - Sampler] Took 0.01s to make features.
[11:38:26 - Sampler] Initializing sampler for consensus of region contig_705:0-2211.
[11:38:26 - Feature] Processed contig_705:0.0-2210.0 (median depth 11.0)
[11:38:26 - Sampler] Took 0.01s to make features.
[11:38:26 - Sampler] Initializing sampler for consensus of region contig_706:0-2206.
[11:38:26 - Feature] Processed contig_706:0.0-2205.0 (median depth 7.0)
[11:38:26 - Sampler] Took 0.00s to make features.
[11:38:26 - PWorker] Batches in cache: 8.
[11:38:26 - Sampler] Initializing sampler for consensus of region contig_707:0-2725.
[11:38:26 - Feature] Processed contig_707:0.0-2724.0 (median depth 14.0)
[11:38:26 - Sampler] Took 0.01s to make features.
[11:38:27 - Sampler] Initializing sampler for consensus of region contig_708:0-6576.
[11:38:27 - Feature] Processed contig_708:0.0-6575.0 (median depth 9.0)
[11:38:27 - Sampler] Took 0.01s to make features.
[11:38:27 - Sampler] Initializing sampler for consensus of region contig_709:0-2817.
[11:38:27 - Feature] Processed contig_709:0.0-2816.0 (median depth 10.0)
[11:38:27 - Sampler] Took 0.01s to make features.
[11:38:27 - Sampler] Initializing sampler for consensus of region contig_71:0-7848.
[11:38:27 - Feature] Processed contig_71:0.0-7847.0 (median depth 35.0)
[11:38:27 - Sampler] Took 0.02s to make features.
[11:38:27 - Sampler] Initializing sampler for consensus of region contig_710:0-2695.
[11:38:27 - Feature] Processed contig_710:0.0-2694.0 (median depth 8.0)
[11:38:27 - Sampler] Took 0.01s to make features.
[11:38:28 - Sampler] Initializing sampler for consensus of region contig_711:0-2407.
[11:38:28 - Feature] Processed contig_711:0.0-2406.0 (median depth 13.0)
[11:38:28 - Sampler] Took 0.01s to make features.
[11:38:28 - Sampler] Initializing sampler for consensus of region contig_712:0-2214.
[11:38:28 - Feature] Processed contig_712:0.0-2213.0 (median depth 22.0)
[11:38:28 - Sampler] Took 0.01s to make features.
[11:38:28 - Sampler] Initializing sampler for consensus of region contig_713:0-2364.
[11:38:28 - Feature] Processed contig_713:0.0-2363.0 (median depth 8.0)
[11:38:28 - Sampler] Took 0.01s to make features.
[11:38:28 - Sampler] Initializing sampler for consensus of region contig_714:0-2353.
[11:38:28 - Feature] Processed contig_714:0.0-2352.0 (median depth 20.0)
[11:38:28 - Sampler] Took 0.01s to make features.
[11:38:29 - Sampler] Initializing sampler for consensus of region contig_715:0-7874.
[11:38:29 - Feature] Processed contig_715:0.0-7873.0 (median depth 26.0)
[11:38:29 - Sampler] Took 0.02s to make features.
[11:38:29 - Sampler] Initializing sampler for consensus of region contig_716:0-4136.
[11:38:29 - Feature] Processed contig_716:0.0-4135.0 (median depth 29.0)
[11:38:29 - Sampler] Took 0.01s to make features.
[11:38:29 - Sampler] Initializing sampler for consensus of region contig_717:0-2254.
[11:38:29 - Feature] Processed contig_717:0.0-2253.0 (median depth 19.0)
[11:38:29 - Sampler] Took 0.01s to make features.
[11:38:29 - Sampler] Initializing sampler for consensus of region contig_718:0-2591.
[11:38:29 - Feature] Processed contig_718:0.0-2590.0 (median depth 22.0)
[11:38:29 - Sampler] Took 0.01s to make features.
[11:38:30 - Sampler] Initializing sampler for consensus of region contig_719:0-3598.
[11:38:30 - Feature] Processed contig_719:0.0-3597.0 (median depth 11.0)
[11:38:30 - Sampler] Took 0.01s to make features.
[11:38:30 - Sampler] Initializing sampler for consensus of region contig_72:0-2367.
[11:38:30 - Feature] Processed contig_72:0.0-2366.0 (median depth 19.0)
[11:38:30 - Sampler] Took 0.01s to make features.
[11:38:30 - Sampler] Initializing sampler for consensus of region contig_720:0-2812.
[11:38:30 - Feature] Processed contig_720:0.0-2811.0 (median depth 9.0)
[11:38:30 - Sampler] Took 0.01s to make features.
[11:38:30 - Sampler] Initializing sampler for consensus of region contig_721:0-2220.
[11:38:30 - Feature] Processed contig_721:0.0-2219.0 (median depth 4.0)
[11:38:30 - Sampler] Took 0.01s to make features.
[11:38:30 - Sampler] Initializing sampler for consensus of region contig_722:0-3327.
[11:38:30 - Feature] Processed contig_722:0.0-3326.0 (median depth 10.0)
[11:38:30 - Sampler] Took 0.01s to make features.
[11:38:31 - Sampler] Initializing sampler for consensus of region contig_723:0-2267.
[11:38:31 - Feature] Processed contig_723:0.0-2266.0 (median depth 6.0)
[11:38:31 - Sampler] Took 0.01s to make features.
[11:38:31 - Sampler] Initializing sampler for consensus of region contig_724:0-2372.
[11:38:31 - Feature] Processed contig_724:0.0-2371.0 (median depth 8.0)
[11:38:31 - Sampler] Took 0.01s to make features.
[11:38:31 - Sampler] Initializing sampler for consensus of region contig_725:0-5431.
[11:38:31 - Feature] Processed contig_725:0.0-5430.0 (median depth 13.0)
[11:38:31 - Sampler] Took 0.01s to make features.
[11:38:32 - PWorker] Batches in cache: 8.
[11:38:32 - Sampler] Initializing sampler for consensus of region contig_726:0-2239.
[11:38:32 - Feature] Processed contig_726:0.0-2238.0 (median depth 18.0)
[11:38:32 - Sampler] Took 0.01s to make features.
[11:38:32 - Sampler] Initializing sampler for consensus of region contig_727:0-2344.
[11:38:32 - Feature] Processed contig_727:0.0-2343.0 (median depth 11.0)
[11:38:32 - Sampler] Took 0.01s to make features.
[11:38:33 - Sampler] Initializing sampler for consensus of region contig_728:0-2520.
[11:38:33 - Feature] Processed contig_728:0.0-2519.0 (median depth 21.0)
[11:38:33 - Sampler] Took 0.01s to make features.
[11:38:33 - Sampler] Initializing sampler for consensus of region contig_729:0-2546.
[11:38:33 - Feature] Processed contig_729:0.0-2545.0 (median depth 11.0)
[11:38:33 - Sampler] Took 0.01s to make features.
[11:38:33 - PWorker] 54.8% Done (1.6/2.9 Mbases) in 203.7s
[11:38:33 - Sampler] Initializing sampler for consensus of region contig_73:0-4176.
[11:38:33 - Feature] Processed contig_73:0.0-4175.0 (median depth 13.0)
[11:38:33 - Sampler] Took 0.01s to make features.
[11:38:33 - Sampler] Initializing sampler for consensus of region contig_730:0-2528.
[11:38:33 - Feature] Processed contig_730:0.0-2527.0 (median depth 5.0)
[11:38:33 - Sampler] Took 0.01s to make features.
[11:38:34 - Sampler] Initializing sampler for consensus of region contig_731:0-5539.
[11:38:34 - Feature] Processed contig_731:0.0-5538.0 (median depth 14.0)
[11:38:34 - Sampler] Took 0.01s to make features.
[11:38:34 - Sampler] Initializing sampler for consensus of region contig_732:0-3526.
[11:38:34 - Feature] Processed contig_732:0.0-3525.0 (median depth 15.0)
[11:38:34 - Sampler] Took 0.01s to make features.
[11:38:34 - Sampler] Initializing sampler for consensus of region contig_733:0-2575.
[11:38:34 - Feature] Processed contig_733:0.0-2574.0 (median depth 6.0)
[11:38:34 - Sampler] Took 0.01s to make features.
[11:38:35 - Sampler] Initializing sampler for consensus of region contig_734:0-4309.
[11:38:35 - Feature] Processed contig_734:0.0-4308.0 (median depth 13.0)
[11:38:35 - Sampler] Took 0.01s to make features.
[11:38:35 - Sampler] Initializing sampler for consensus of region contig_735:0-2665.
[11:38:35 - Feature] Processed contig_735:0.0-2664.0 (median depth 13.0)
[11:38:35 - Sampler] Took 0.01s to make features.
[11:38:35 - Sampler] Initializing sampler for consensus of region contig_736:0-2502.
[11:38:35 - Feature] Processed contig_736:0.0-2501.0 (median depth 16.0)
[11:38:35 - Sampler] Took 0.01s to make features.
[11:38:36 - Sampler] Initializing sampler for consensus of region contig_737:0-2747.
[11:38:36 - Feature] Processed contig_737:0.0-2746.0 (median depth 16.0)
[11:38:36 - Sampler] Took 0.01s to make features.
[11:38:36 - Sampler] Initializing sampler for consensus of region contig_738:0-2273.
[11:38:36 - Feature] Processed contig_738:0.0-2272.0 (median depth 10.0)
[11:38:36 - Sampler] Took 0.01s to make features.
[11:38:36 - Sampler] Initializing sampler for consensus of region contig_739:0-2812.
[11:38:36 - Feature] Processed contig_739:0.0-2811.0 (median depth 13.0)
[11:38:36 - Sampler] Took 0.01s to make features.
[11:38:36 - Sampler] Initializing sampler for consensus of region contig_74:0-3902.
[11:38:36 - Feature] Processed contig_74:0.0-3901.0 (median depth 21.0)
[11:38:36 - Sampler] Took 0.01s to make features.
[11:38:37 - Sampler] Initializing sampler for consensus of region contig_740:0-2447.
[11:38:37 - Feature] Processed contig_740:0.0-2446.0 (median depth 13.0)
[11:38:37 - Sampler] Took 0.01s to make features.
[11:38:37 - PWorker] Batches in cache: 8.
[11:38:37 - Sampler] Initializing sampler for consensus of region contig_741:0-2400.
[11:38:37 - Feature] Processed contig_741:0.0-2399.0 (median depth 13.0)
[11:38:37 - Sampler] Took 0.01s to make features.
[11:38:37 - Sampler] Initializing sampler for consensus of region contig_742:0-2236.
[11:38:37 - Feature] Processed contig_742:0.0-2235.0 (median depth 5.0)
[11:38:37 - Sampler] Took 0.01s to make features.
[11:38:37 - Sampler] Initializing sampler for consensus of region contig_743:0-2467.
[11:38:37 - Feature] Processed contig_743:0.0-2466.0 (median depth 7.0)
[11:38:37 - Sampler] Took 0.01s to make features.
[11:38:38 - Sampler] Initializing sampler for consensus of region contig_744:0-2707.
[11:38:38 - Feature] Processed contig_744:0.0-2706.0 (median depth 6.0)
[11:38:38 - Sampler] Took 0.01s to make features.
[11:38:38 - Sampler] Initializing sampler for consensus of region contig_745:0-2763.
[11:38:38 - Feature] Processed contig_745:0.0-2762.0 (median depth 13.0)
[11:38:38 - Sampler] Took 0.01s to make features.
[11:38:38 - Sampler] Initializing sampler for consensus of region contig_746:0-2633.
[11:38:38 - Feature] Processed contig_746:0.0-2632.0 (median depth 13.0)
[11:38:38 - Sampler] Took 0.01s to make features.
[11:38:38 - Sampler] Initializing sampler for consensus of region contig_747:0-2387.
[11:38:38 - Feature] Processed contig_747:0.0-2386.0 (median depth 18.0)
[11:38:38 - Sampler] Took 0.01s to make features.
[11:38:39 - Sampler] Initializing sampler for consensus of region contig_748:0-2302.
[11:38:39 - Feature] Processed contig_748:0.0-2301.0 (median depth 10.0)
[11:38:39 - Sampler] Took 0.00s to make features.
[11:38:39 - Sampler] Initializing sampler for consensus of region contig_749:0-3727.
[11:38:39 - Feature] Processed contig_749:0.0-3726.0 (median depth 16.0)
[11:38:39 - Sampler] Took 0.01s to make features.
[11:38:39 - Sampler] Initializing sampler for consensus of region contig_75:0-3818.
[11:38:39 - Feature] Processed contig_75:0.0-3817.0 (median depth 15.0)
[11:38:39 - Sampler] Took 0.01s to make features.
[11:38:40 - Sampler] Initializing sampler for consensus of region contig_750:0-3081.
[11:38:40 - Feature] Processed contig_750:0.0-3080.0 (median depth 10.0)
[11:38:40 - Sampler] Took 0.01s to make features.
[11:38:40 - Sampler] Initializing sampler for consensus of region contig_752:0-2776.
[11:38:40 - Feature] Processed contig_752:0.0-2775.0 (median depth 10.0)
[11:38:40 - Sampler] Took 0.01s to make features.
[11:38:40 - Sampler] Initializing sampler for consensus of region contig_753:0-2316.
[11:38:40 - Feature] Processed contig_753:0.0-2315.0 (median depth 12.0)
[11:38:40 - Sampler] Took 0.01s to make features.
[11:38:41 - Sampler] Initializing sampler for consensus of region contig_754:0-2203.
[11:38:41 - Feature] Processed contig_754:0.0-2202.0 (median depth 19.0)
[11:38:41 - Sampler] Took 0.01s to make features.
[11:38:41 - Sampler] Initializing sampler for consensus of region contig_755:0-2479.
[11:38:41 - Feature] Processed contig_755:0.0-2478.0 (median depth 10.0)
[11:38:41 - Sampler] Took 0.01s to make features.
[11:38:41 - Sampler] Initializing sampler for consensus of region contig_756:0-2281.
[11:38:41 - Feature] Processed contig_756:0.0-2280.0 (median depth 10.0)
[11:38:41 - Sampler] Took 0.01s to make features.
[11:38:41 - Sampler] Initializing sampler for consensus of region contig_757:0-4983.
[11:38:41 - Feature] Processed contig_757:0.0-4982.0 (median depth 30.0)
[11:38:41 - Sampler] Took 0.02s to make features.
[11:38:42 - Sampler] Initializing sampler for consensus of region contig_758:0-2250.
[11:38:42 - Feature] Processed contig_758:0.0-2249.0 (median depth 9.0)
[11:38:42 - Sampler] Took 0.01s to make features.
[11:38:42 - PWorker] Batches in cache: 8.
[11:38:42 - Sampler] Initializing sampler for consensus of region contig_759:0-2277.
[11:38:42 - Feature] Processed contig_759:0.0-2276.0 (median depth 6.0)
[11:38:42 - Sampler] Took 0.00s to make features.
[11:38:42 - Sampler] Initializing sampler for consensus of region contig_76:0-4599.
[11:38:42 - Feature] Processed contig_76:0.0-4598.0 (median depth 21.0)
[11:38:42 - Sampler] Took 0.01s to make features.
[11:38:42 - Sampler] Initializing sampler for consensus of region contig_760:0-2912.
[11:38:42 - Feature] Processed contig_760:0.0-2911.0 (median depth 21.0)
[11:38:42 - Sampler] Took 0.01s to make features.
[11:38:43 - Sampler] Initializing sampler for consensus of region contig_761:0-2627.
[11:38:43 - Feature] Processed contig_761:0.0-2626.0 (median depth 9.0)
[11:38:43 - Sampler] Took 0.01s to make features.
[11:38:43 - Sampler] Initializing sampler for consensus of region contig_762:0-2297.
[11:38:43 - Feature] Processed contig_762:0.0-2296.0 (median depth 5.0)
[11:38:43 - Sampler] Took 0.01s to make features.
[11:38:43 - Sampler] Initializing sampler for consensus of region contig_763:0-4614.
[11:38:43 - Feature] Processed contig_763:0.0-4613.0 (median depth 15.0)
[11:38:43 - Sampler] Took 0.01s to make features.
[11:38:43 - PWorker] 57.4% Done (1.7/2.9 Mbases) in 213.8s
[11:38:43 - Sampler] Initializing sampler for consensus of region contig_764:0-2478.
[11:38:43 - Feature] Processed contig_764:0.0-2477.0 (median depth 7.0)
[11:38:43 - Sampler] Took 0.01s to make features.
[11:38:43 - Sampler] Initializing sampler for consensus of region contig_765:0-2426.
[11:38:43 - Feature] Processed contig_765:0.0-2425.0 (median depth 12.0)
[11:38:43 - Sampler] Took 0.01s to make features.
[11:38:44 - Sampler] Initializing sampler for consensus of region contig_766:0-2787.
[11:38:44 - Feature] Processed contig_766:0.0-2786.0 (median depth 8.0)
[11:38:44 - Sampler] Took 0.01s to make features.
[11:38:44 - Sampler] Initializing sampler for consensus of region contig_767:0-2330.
[11:38:44 - Feature] Processed contig_767:0.0-2329.0 (median depth 13.0)
[11:38:44 - Sampler] Took 0.01s to make features.
[11:38:44 - Sampler] Initializing sampler for consensus of region contig_768:0-2978.
[11:38:44 - Feature] Processed contig_768:0.0-2977.0 (median depth 9.0)
[11:38:44 - Sampler] Took 0.01s to make features.
[11:38:45 - Sampler] Initializing sampler for consensus of region contig_769:0-2655.
[11:38:45 - Feature] Processed contig_769:0.0-2654.0 (median depth 8.0)
[11:38:45 - Sampler] Took 0.01s to make features.
[11:38:45 - Sampler] Initializing sampler for consensus of region contig_77:0-2100.
[11:38:45 - Feature] Processed contig_77:0.0-2099.0 (median depth 21.0)
[11:38:45 - Sampler] Took 0.01s to make features.
[11:38:45 - Sampler] Initializing sampler for consensus of region contig_770:0-2334.
[11:38:45 - Feature] Processed contig_770:0.0-2333.0 (median depth 14.0)
[11:38:45 - Sampler] Took 0.01s to make features.
[11:38:45 - Sampler] Initializing sampler for consensus of region contig_771:0-2269.
[11:38:45 - Feature] Processed contig_771:0.0-2268.0 (median depth 15.0)
[11:38:45 - Sampler] Took 0.01s to make features.
[11:38:45 - Sampler] Initializing sampler for consensus of region contig_772:0-2316.
[11:38:45 - Feature] Processed contig_772:0.0-2315.0 (median depth 10.0)
[11:38:45 - Sampler] Took 0.01s to make features.
[11:38:46 - Sampler] Initializing sampler for consensus of region contig_773:0-2669.
[11:38:46 - Feature] Processed contig_773:0.0-2668.0 (median depth 7.0)
[11:38:46 - Sampler] Took 0.01s to make features.
[11:38:46 - Sampler] Initializing sampler for consensus of region contig_774:0-2301.
[11:38:46 - Feature] Processed contig_774:0.0-2300.0 (median depth 12.0)
[11:38:46 - Sampler] Took 0.01s to make features.
[11:38:46 - Sampler] Initializing sampler for consensus of region contig_775:0-2292.
[11:38:46 - Feature] Processed contig_775:0.0-2291.0 (median depth 26.0)
[11:38:46 - Sampler] Took 0.01s to make features.
[11:38:47 - Sampler] Initializing sampler for consensus of region contig_776:0-2650.
[11:38:47 - Feature] Processed contig_776:0.0-2649.0 (median depth 17.0)
[11:38:47 - Sampler] Took 0.01s to make features.
[11:38:47 - PWorker] Batches in cache: 8.
[11:38:47 - Sampler] Initializing sampler for consensus of region contig_777:0-4404.
[11:38:47 - Feature] Processed contig_777:0.0-4403.0 (median depth 19.0)
[11:38:47 - Sampler] Took 0.01s to make features.
[11:38:47 - Sampler] Initializing sampler for consensus of region contig_778:0-2512.
[11:38:47 - Feature] Processed contig_778:0.0-2511.0 (median depth 19.0)
[11:38:47 - Sampler] Took 0.01s to make features.
[11:38:48 - Sampler] Initializing sampler for consensus of region contig_779:0-3985.
[11:38:48 - Feature] Processed contig_779:0.0-3984.0 (median depth 10.0)
[11:38:48 - Sampler] Took 0.01s to make features.
[11:38:48 - Sampler] Initializing sampler for consensus of region contig_78:0-3397.
[11:38:48 - Feature] Processed contig_78:0.0-3396.0 (median depth 13.0)
[11:38:48 - Sampler] Took 0.01s to make features.
[11:38:48 - Sampler] Initializing sampler for consensus of region contig_780:0-2494.
[11:38:48 - Feature] Processed contig_780:0.0-2493.0 (median depth 10.0)
[11:38:48 - Sampler] Took 0.01s to make features.
[11:38:49 - Sampler] Initializing sampler for consensus of region contig_781:0-2332.
[11:38:49 - Feature] Processed contig_781:0.0-2331.0 (median depth 4.0)
[11:38:49 - Sampler] Took 0.00s to make features.
[11:38:49 - Sampler] Initializing sampler for consensus of region contig_782:0-2247.
[11:38:49 - Feature] Processed contig_782:0.0-2246.0 (median depth 18.0)
[11:38:49 - Sampler] Took 0.01s to make features.
[11:38:49 - Sampler] Initializing sampler for consensus of region contig_783:0-2540.
[11:38:49 - Feature] Processed contig_783:0.0-2539.0 (median depth 20.0)
[11:38:49 - Sampler] Took 0.01s to make features.
[11:38:49 - Sampler] Initializing sampler for consensus of region contig_784:0-2307.
[11:38:49 - Feature] Processed contig_784:0.0-2306.0 (median depth 9.0)
[11:38:49 - Sampler] Took 0.01s to make features.
[11:38:50 - Sampler] Initializing sampler for consensus of region contig_785:0-2305.
[11:38:50 - Feature] Processed contig_785:0.0-2304.0 (median depth 14.0)
[11:38:50 - Sampler] Took 0.01s to make features.
[11:38:50 - Sampler] Initializing sampler for consensus of region contig_786:0-7251.
[11:38:50 - Feature] Processed contig_786:0.0-7250.0 (median depth 29.0)
[11:38:50 - Sampler] Took 0.02s to make features.
[11:38:50 - Sampler] Initializing sampler for consensus of region contig_787:0-2364.
[11:38:50 - Feature] Processed contig_787:0.0-2363.0 (median depth 17.0)
[11:38:50 - Sampler] Took 0.01s to make features.
[11:38:50 - Sampler] Initializing sampler for consensus of region contig_788:0-2572.
[11:38:50 - Feature] Processed contig_788:0.0-2571.0 (median depth 11.0)
[11:38:50 - Sampler] Took 0.01s to make features.
[11:38:50 - Sampler] Initializing sampler for consensus of region contig_789:0-2332.
[11:38:50 - Feature] Processed contig_789:0.0-2331.0 (median depth 15.0)
[11:38:50 - Sampler] Took 0.01s to make features.
[11:38:51 - Sampler] Initializing sampler for consensus of region contig_79:0-2309.
[11:38:51 - Feature] Processed contig_79:0.0-2308.0 (median depth 13.0)
[11:38:51 - Sampler] Took 0.01s to make features.
[11:38:51 - Sampler] Initializing sampler for consensus of region contig_790:0-2387.
[11:38:51 - Feature] Processed contig_790:0.0-2386.0 (median depth 5.0)
[11:38:51 - Sampler] Took 0.00s to make features.
[11:38:51 - Sampler] Initializing sampler for consensus of region contig_791:0-2781.
[11:38:51 - Feature] Processed contig_791:0.0-2780.0 (median depth 9.0)
[11:38:51 - Sampler] Took 0.01s to make features.
[11:38:51 - Sampler] Initializing sampler for consensus of region contig_792:0-2435.
[11:38:51 - Feature] Processed contig_792:0.0-2434.0 (median depth 7.0)
[11:38:51 - Sampler] Took 0.01s to make features.
[11:38:52 - Sampler] Initializing sampler for consensus of region contig_793:0-2852.
[11:38:52 - Feature] Processed contig_793:0.0-2851.0 (median depth 5.0)
[11:38:52 - Sampler] Took 0.00s to make features.
[11:38:52 - Sampler] Initializing sampler for consensus of region contig_794:0-2260.
[11:38:52 - Feature] Processed contig_794:0.0-2259.0 (median depth 14.0)
[11:38:52 - Sampler] Took 0.01s to make features.
[11:38:52 - PWorker] Batches in cache: 8.
[11:38:52 - Sampler] Initializing sampler for consensus of region contig_796:0-3515.
[11:38:52 - Feature] Processed contig_796:0.0-3514.0 (median depth 16.0)
[11:38:52 - Sampler] Took 0.01s to make features.
[11:38:52 - Sampler] Initializing sampler for consensus of region contig_797:0-7958.
[11:38:52 - Feature] Processed contig_797:0.0-7957.0 (median depth 20.0)
[11:38:52 - Sampler] Took 0.02s to make features.
[11:38:53 - Sampler] Initializing sampler for consensus of region contig_798:0-5718.
[11:38:53 - Feature] Processed contig_798:0.0-5717.0 (median depth 37.0)
[11:38:53 - Sampler] Took 0.02s to make features.
[11:38:53 - Sampler] Initializing sampler for consensus of region contig_799:0-5607.
[11:38:53 - Feature] Processed contig_799:0.0-5606.0 (median depth 25.0)
[11:38:53 - Sampler] Took 0.02s to make features.
[11:38:53 - PWorker] 59.9% Done (1.7/2.9 Mbases) in 223.8s
[11:38:53 - Sampler] Initializing sampler for consensus of region contig_8:0-2463.
[11:38:53 - Feature] Processed contig_8:0.0-2462.0 (median depth 14.0)
[11:38:53 - Sampler] Took 0.01s to make features.
[11:38:53 - Sampler] Initializing sampler for consensus of region contig_800:0-7366.
[11:38:53 - Feature] Processed contig_800:0.0-7365.0 (median depth 20.0)
[11:38:53 - Sampler] Took 0.02s to make features.
[11:38:54 - Sampler] Initializing sampler for consensus of region contig_801:0-3270.
[11:38:54 - Feature] Processed contig_801:0.0-3269.0 (median depth 23.0)
[11:38:54 - Sampler] Took 0.01s to make features.
[11:38:54 - Sampler] Initializing sampler for consensus of region contig_803:0-7814.
[11:38:54 - Feature] Processed contig_803:0.0-7813.0 (median depth 24.0)
[11:38:54 - Sampler] Took 0.02s to make features.
[11:38:54 - Sampler] Initializing sampler for consensus of region contig_804:0-6842.
[11:38:54 - Feature] Processed contig_804:0.0-6841.0 (median depth 18.0)
[11:38:54 - Sampler] Took 0.01s to make features.
[11:38:54 - Sampler] Initializing sampler for consensus of region contig_805:0-2538.
[11:38:54 - Feature] Processed contig_805:0.0-2537.0 (median depth 18.0)
[11:38:54 - Sampler] Took 0.01s to make features.
[11:38:55 - Sampler] Initializing sampler for consensus of region contig_807:0-2258.
[11:38:55 - Feature] Processed contig_807:0.0-2257.0 (median depth 20.0)
[11:38:55 - Sampler] Took 0.01s to make features.
[11:38:55 - Sampler] Initializing sampler for consensus of region contig_809:0-9717.
[11:38:55 - Feature] Processed contig_809:0.0-9716.0 (median depth 31.0)
[11:38:55 - Sampler] Took 0.03s to make features.
[11:38:55 - Sampler] Initializing sampler for consensus of region contig_81:0-2247.
[11:38:55 - Feature] Processed contig_81:0.0-2246.0 (median depth 15.0)
[11:38:55 - Sampler] Took 0.01s to make features.
[11:38:56 - Sampler] Initializing sampler for consensus of region contig_810:0-9294.
[11:38:56 - Feature] Processed contig_810:0.0-9293.0 (median depth 22.0)
[11:38:56 - Sampler] Took 0.02s to make features.
[11:38:56 - Sampler] Initializing sampler for consensus of region contig_812:0-5557.
[11:38:56 - Feature] Processed contig_812:0.0-5556.0 (median depth 20.0)
[11:38:56 - Sampler] Took 0.01s to make features.
[11:38:56 - Sampler] Initializing sampler for consensus of region contig_814:0-6800.
[11:38:56 - Feature] Processed contig_814:0.0-6799.0 (median depth 28.0)
[11:38:56 - Sampler] Took 0.02s to make features.
[11:38:56 - Sampler] Initializing sampler for consensus of region contig_815:0-3325.
[11:38:56 - Feature] Processed contig_815:0.0-3324.0 (median depth 44.0)
[11:38:56 - Sampler] Took 0.01s to make features.
[11:38:57 - Sampler] Initializing sampler for consensus of region contig_817:0-3617.
[11:38:57 - Feature] Processed contig_817:0.0-3616.0 (median depth 17.0)
[11:38:57 - Sampler] Took 0.01s to make features.
[11:38:57 - Sampler] Initializing sampler for consensus of region contig_818:0-3551.
[11:38:57 - Feature] Processed contig_818:0.0-3550.0 (median depth 21.0)
[11:38:57 - Sampler] Took 0.01s to make features.
[11:38:57 - Sampler] Initializing sampler for consensus of region contig_819:0-3667.
[11:38:57 - Feature] Processed contig_819:0.0-3666.0 (median depth 3.0)
[11:38:57 - Sampler] Took 0.01s to make features.
[11:38:57 - PWorker] Batches in cache: 8.
[11:38:57 - Sampler] Initializing sampler for consensus of region contig_82:0-2836.
[11:38:57 - Feature] Processed contig_82:0.0-2835.0 (median depth 25.0)
[11:38:57 - Sampler] Took 0.01s to make features.
[11:38:58 - Sampler] Initializing sampler for consensus of region contig_820:0-3459.
[11:38:58 - Feature] Processed contig_820:0.0-3458.0 (median depth 8.0)
[11:38:58 - Sampler] Took 0.01s to make features.
[11:38:59 - Sampler] Initializing sampler for consensus of region contig_821:0-5284.
[11:38:59 - Feature] Processed contig_821:0.0-5283.0 (median depth 23.0)
[11:38:59 - Sampler] Took 0.01s to make features.
[11:38:59 - Sampler] Initializing sampler for consensus of region contig_823:0-4109.
[11:38:59 - Feature] Processed contig_823:0.0-4108.0 (median depth 34.0)
[11:38:59 - Sampler] Took 0.01s to make features.
[11:38:59 - Sampler] Initializing sampler for consensus of region contig_824:0-7754.
[11:38:59 - Feature] Processed contig_824:0.0-7753.0 (median depth 26.0)
[11:38:59 - Sampler] Took 0.02s to make features.
[11:39:00 - Sampler] Initializing sampler for consensus of region contig_825:0-5942.
[11:39:00 - Feature] Processed contig_825:0.0-5941.0 (median depth 22.0)
[11:39:00 - Sampler] Took 0.01s to make features.
[11:39:00 - Sampler] Initializing sampler for consensus of region contig_826:0-7370.
[11:39:00 - Feature] Processed contig_826:0.0-7369.0 (median depth 32.0)
[11:39:00 - Sampler] Took 0.02s to make features.
[11:39:01 - Sampler] Initializing sampler for consensus of region contig_828:0-2224.
[11:39:01 - Feature] Processed contig_828:0.0-2223.0 (median depth 15.0)
[11:39:01 - Sampler] Took 0.01s to make features.
[11:39:02 - Sampler] Initializing sampler for consensus of region contig_829:0-3321.
[11:39:02 - Feature] Processed contig_829:0.0-3320.0 (median depth 22.0)
[11:39:02 - Sampler] Took 0.01s to make features.
[11:39:02 - Sampler] Initializing sampler for consensus of region contig_83:0-2287.
[11:39:02 - Feature] Processed contig_83:0.0-2286.0 (median depth 11.0)
[11:39:02 - Sampler] Took 0.01s to make features.
[11:39:02 - Sampler] Initializing sampler for consensus of region contig_831:0-9836.
[11:39:02 - Feature] Processed contig_831:0.0-9835.0 (median depth 27.0)
[11:39:02 - Sampler] Took 0.03s to make features.
[11:39:03 - PWorker] Batches in cache: 8.
[11:39:03 - Sampler] Initializing sampler for consensus of region contig_832:0-5735.
[11:39:03 - Feature] Processed contig_832:0.0-5734.0 (median depth 22.0)
[11:39:03 - Sampler] Took 0.01s to make features.
[11:39:03 - Sampler] Initializing sampler for consensus of region contig_833:0-8400.
[11:39:03 - Feature] Processed contig_833:0.0-8399.0 (median depth 22.0)
[11:39:03 - Sampler] Took 0.02s to make features.
[11:39:04 - PWorker] 63.1% Done (1.8/2.9 Mbases) in 234.7s
[11:39:04 - Sampler] Initializing sampler for consensus of region contig_834:0-4514.
[11:39:04 - Feature] Processed contig_834:0.0-4513.0 (median depth 20.0)
[11:39:04 - Sampler] Took 0.01s to make features.
[11:39:05 - Sampler] Initializing sampler for consensus of region contig_835:0-3645.
[11:39:05 - Feature] Processed contig_835:0.0-3644.0 (median depth 31.0)
[11:39:05 - Sampler] Took 0.01s to make features.
[11:39:05 - Sampler] Initializing sampler for consensus of region contig_836:0-7159.
[11:39:05 - Feature] Processed contig_836:0.0-7158.0 (median depth 19.0)
[11:39:05 - Sampler] Took 0.02s to make features.
[11:39:06 - Sampler] Initializing sampler for consensus of region contig_837:0-3050.
[11:39:06 - Feature] Processed contig_837:0.0-3049.0 (median depth 19.0)
[11:39:06 - Sampler] Took 0.01s to make features.
[11:39:06 - Sampler] Initializing sampler for consensus of region contig_838:0-2956.
[11:39:06 - Feature] Processed contig_838:0.0-2955.0 (median depth 36.0)
[11:39:06 - Sampler] Took 0.01s to make features.
[11:39:06 - Sampler] Initializing sampler for consensus of region contig_839:0-5478.
[11:39:06 - Feature] Processed contig_839:0.0-5477.0 (median depth 23.0)
[11:39:06 - Sampler] Took 0.02s to make features.
[11:39:07 - Sampler] Initializing sampler for consensus of region contig_84:0-2516.
[11:39:07 - Feature] Processed contig_84:0.0-2515.0 (median depth 6.0)
[11:39:07 - Sampler] Took 0.00s to make features.
[11:39:07 - Sampler] Initializing sampler for consensus of region contig_840:0-8349.
[11:39:07 - Feature] Processed contig_840:0.0-8348.0 (median depth 19.0)
[11:39:07 - Sampler] Took 0.02s to make features.
[11:39:07 - Sampler] Initializing sampler for consensus of region contig_841:0-6739.
[11:39:07 - Feature] Processed contig_841:0.0-6738.0 (median depth 16.0)
[11:39:07 - Sampler] Took 0.01s to make features.
[11:39:08 - Sampler] Initializing sampler for consensus of region contig_842:0-3696.
[11:39:08 - Feature] Processed contig_842:0.0-3695.0 (median depth 18.0)
[11:39:08 - Sampler] Took 0.01s to make features.
[11:39:08 - Sampler] Initializing sampler for consensus of region contig_843:0-6046.
[11:39:08 - Feature] Processed contig_843:0.0-6045.0 (median depth 13.0)
[11:39:08 - Sampler] Took 0.01s to make features.
[11:39:09 - PWorker] Batches in cache: 8.
[11:39:09 - Sampler] Initializing sampler for consensus of region contig_845:0-3622.
[11:39:09 - Feature] Processed contig_845:0.0-3621.0 (median depth 17.0)
[11:39:09 - Sampler] Took 0.01s to make features.
[11:39:09 - Sampler] Initializing sampler for consensus of region contig_846:0-8254.
[11:39:09 - Feature] Processed contig_846:0.0-8253.0 (median depth 23.0)
[11:39:09 - Sampler] Took 0.02s to make features.
[11:39:10 - Sampler] Initializing sampler for consensus of region contig_847:0-9061.
[11:39:10 - Feature] Processed contig_847:0.0-9060.0 (median depth 29.0)
[11:39:10 - Sampler] Took 0.03s to make features.
[11:39:10 - Sampler] Initializing sampler for consensus of region contig_848:0-6239.
[11:39:10 - Feature] Processed contig_848:0.0-6238.0 (median depth 14.0)
[11:39:10 - Sampler] Took 0.02s to make features.
[11:39:11 - Sampler] Initializing sampler for consensus of region contig_849:0-6022.
[11:39:11 - Feature] Processed contig_849:0.0-6021.0 (median depth 20.0)
[11:39:11 - Sampler] Took 0.01s to make features.
[11:39:11 - Sampler] Initializing sampler for consensus of region contig_85:0-2520.
[11:39:11 - Feature] Processed contig_85:0.0-2519.0 (median depth 10.0)
[11:39:11 - Sampler] Took 0.01s to make features.
[11:39:12 - Sampler] Initializing sampler for consensus of region contig_850:0-2647.
[11:39:12 - Feature] Processed contig_850:0.0-2646.0 (median depth 28.0)
[11:39:12 - Sampler] Took 0.01s to make features.
[11:39:12 - Sampler] Initializing sampler for consensus of region contig_852:0-3737.
[11:39:12 - Feature] Processed contig_852:0.0-3736.0 (median depth 14.0)
[11:39:12 - Sampler] Took 0.01s to make features.
[11:39:13 - Sampler] Initializing sampler for consensus of region contig_853:0-5523.
[11:39:13 - Feature] Processed contig_853:0.0-5522.0 (median depth 15.0)
[11:39:13 - Sampler] Took 0.01s to make features.
[11:39:13 - Sampler] Initializing sampler for consensus of region contig_854:0-4735.
[11:39:13 - Feature] Processed contig_854:0.0-4734.0 (median depth 12.0)
[11:39:13 - Sampler] Took 0.01s to make features.
[11:39:14 - Sampler] Initializing sampler for consensus of region contig_855:0-3451.
[11:39:14 - Feature] Processed contig_855:0.0-3450.0 (median depth 18.0)
[11:39:14 - Sampler] Took 0.01s to make features.
[11:39:14 - PWorker] Batches in cache: 8.
[11:39:14 - PWorker] 66.2% Done (1.9/2.9 Mbases) in 244.9s
[11:39:14 - Sampler] Initializing sampler for consensus of region contig_856:0-2619.
[11:39:14 - Feature] Processed contig_856:0.0-2618.0 (median depth 17.0)
[11:39:14 - Sampler] Took 0.01s to make features.
[11:39:15 - Sampler] Initializing sampler for consensus of region contig_857:0-8852.
[11:39:15 - Feature] Processed contig_857:0.0-8851.0 (median depth 17.0)
[11:39:15 - Sampler] Took 0.02s to make features.
[11:39:15 - Sampler] Initializing sampler for consensus of region contig_858:0-5824.
[11:39:15 - Feature] Processed contig_858:0.0-5823.0 (median depth 13.0)
[11:39:15 - Sampler] Took 0.01s to make features.
[11:39:15 - Sampler] Initializing sampler for consensus of region contig_859:0-3311.
[11:39:15 - Feature] Processed contig_859:0.0-3310.0 (median depth 31.0)
[11:39:15 - Sampler] Took 0.01s to make features.
[11:39:16 - Sampler] Initializing sampler for consensus of region contig_86:0-7266.
[11:39:16 - Feature] Processed contig_86:0.0-7265.0 (median depth 33.0)
[11:39:16 - Sampler] Took 0.02s to make features.
[11:39:16 - Sampler] Initializing sampler for consensus of region contig_860:0-3870.
[11:39:16 - Feature] Processed contig_860:0.0-3869.0 (median depth 24.0)
[11:39:16 - Sampler] Took 0.01s to make features.
[11:39:17 - Sampler] Initializing sampler for consensus of region contig_861:0-6409.
[11:39:17 - Feature] Processed contig_861:0.0-6408.0 (median depth 21.0)
[11:39:17 - Sampler] Took 0.02s to make features.
[11:39:17 - Sampler] Initializing sampler for consensus of region contig_862:0-4903.
[11:39:17 - Feature] Processed contig_862:0.0-4902.0 (median depth 20.0)
[11:39:17 - Sampler] Took 0.01s to make features.
[11:39:18 - Sampler] Initializing sampler for consensus of region contig_863:0-5281.
[11:39:18 - Feature] Processed contig_863:0.0-5280.0 (median depth 11.0)
[11:39:18 - Sampler] Took 0.01s to make features.
[11:39:18 - Sampler] Initializing sampler for consensus of region contig_864:0-6598.
[11:39:18 - Feature] Processed contig_864:0.0-6597.0 (median depth 13.0)
[11:39:18 - Sampler] Took 0.01s to make features.
[11:39:19 - Sampler] Initializing sampler for consensus of region contig_865:0-2933.
[11:39:19 - Feature] Processed contig_865:0.0-2932.0 (median depth 13.0)
[11:39:19 - Sampler] Took 0.01s to make features.
[11:39:20 - PWorker] Batches in cache: 8.
[11:39:20 - Sampler] Initializing sampler for consensus of region contig_866:0-4370.
[11:39:20 - Feature] Processed contig_866:0.0-4369.0 (median depth 14.0)
[11:39:20 - Sampler] Took 0.01s to make features.
[11:39:20 - Sampler] Initializing sampler for consensus of region contig_868:0-3113.
[11:39:20 - Feature] Processed contig_868:0.0-3112.0 (median depth 12.0)
[11:39:20 - Sampler] Took 0.01s to make features.
[11:39:21 - Sampler] Initializing sampler for consensus of region contig_87:0-7093.
[11:39:21 - Feature] Processed contig_87:0.0-7092.0 (median depth 22.0)
[11:39:21 - Sampler] Took 0.02s to make features.
[11:39:21 - Sampler] Initializing sampler for consensus of region contig_88:0-5044.
[11:39:21 - Feature] Processed contig_88:0.0-5043.0 (median depth 19.0)
[11:39:21 - Sampler] Took 0.01s to make features.
[11:39:22 - Sampler] Initializing sampler for consensus of region contig_89:0-2459.
[11:39:22 - Feature] Processed contig_89:0.0-2458.0 (median depth 39.0)
[11:39:22 - Sampler] Took 0.01s to make features.
[11:39:22 - Sampler] Initializing sampler for consensus of region contig_9:0-2761.
[11:39:22 - Feature] Processed contig_9:0.0-2760.0 (median depth 9.0)
[11:39:22 - Sampler] Took 0.01s to make features.
[11:39:23 - Sampler] Initializing sampler for consensus of region contig_90:0-4129.
[11:39:23 - Feature] Processed contig_90:0.0-4128.0 (median depth 15.0)
[11:39:23 - Sampler] Took 0.01s to make features.
[11:39:23 - Sampler] Initializing sampler for consensus of region contig_91:0-2586.
[11:39:23 - Feature] Processed contig_91:0.0-2585.0 (median depth 14.0)
[11:39:23 - Sampler] Took 0.01s to make features.
[11:39:24 - Sampler] Initializing sampler for consensus of region contig_92:0-3952.
[11:39:24 - Feature] Processed contig_92:0.0-3951.0 (median depth 16.0)
[11:39:24 - Sampler] Took 0.01s to make features.
[11:39:24 - Sampler] Initializing sampler for consensus of region contig_93:0-6217.
[11:39:24 - Feature] Processed contig_93:0.0-6216.0 (median depth 19.0)
[11:39:24 - Sampler] Took 0.01s to make features.
[11:39:25 - PWorker] 69.2% Done (2.0/2.9 Mbases) in 255.3s
[11:39:25 - Sampler] Initializing sampler for consensus of region contig_94:0-3922.
[11:39:25 - Feature] Processed contig_94:0.0-3921.0 (median depth 20.0)
[11:39:25 - Sampler] Took 0.01s to make features.
[11:39:25 - PWorker] Batches in cache: 8.
[11:39:25 - Sampler] Initializing sampler for consensus of region contig_95:0-4564.
[11:39:25 - Feature] Processed contig_95:0.0-4563.0 (median depth 26.0)
[11:39:25 - Sampler] Took 0.01s to make features.
[11:39:26 - Sampler] Initializing sampler for consensus of region contig_96:0-4986.
[11:39:26 - Feature] Processed contig_96:0.0-4985.0 (median depth 31.0)
[11:39:26 - Sampler] Took 0.02s to make features.
[11:39:26 - Sampler] Initializing sampler for consensus of region contig_97:0-5844.
[11:39:26 - Feature] Processed contig_97:0.0-5843.0 (median depth 28.0)
[11:39:26 - Sampler] Took 0.02s to make features.
[11:39:27 - Sampler] Initializing sampler for consensus of region contig_98:0-2344.
[11:39:27 - Feature] Processed contig_98:0.0-2343.0 (median depth 13.0)
[11:39:27 - Sampler] Took 0.01s to make features.
[11:39:27 - Sampler] Initializing sampler for consensus of region contig_99:0-3054.
[11:39:27 - Feature] Processed contig_99:0.0-3053.0 (median depth 10.0)
[11:39:27 - Sampler] Took 0.01s to make features.
[11:39:30 - PWorker] Batches in cache: 8.
[11:39:35 - PWorker] 72.2% Done (2.1/2.9 Mbases) in 265.5s
[11:39:35 - PWorker] Processed 840 batches
[11:39:35 - PWorker] All done, 0 remainder regions.
[11:39:35 - Predict] Finished processing all regions.
/data/djs217/miniconda3/lib/python3.12/site-packages/hybracter/workflow/conda/f3634b33ec8fb5711a0153c480705631_/lib/python3.11/site-packages/medaka/common.py:16: UserWarning: pkg_resources is deprecated as an API. See https://setuptools.pypa.io/en/latest/pkg_resources.html. The pkg_resources package is slated for removal as early as 2025-11-30. Refrain from using this package or pin to Setuptools<81.
  from pkg_resources import resource_filename
[11:39:37 - DataIndx] Loaded 1/1 (100.00%) sample files.
[11:39:37 - Stitcher] Stitching contig_165:0-2655
[11:39:37 - Stitcher] Stitching contig_194:0-2206
[11:39:37 - Stitcher] Stitching contig_340:0-2463
[11:39:37 - Stitcher] Stitching contig_703:0-2736
[11:39:37 - Stitcher] Stitching contig_707:0-2725
[11:39:37 - Stitcher] Stitching contig_251:0-9451
[11:39:37 - Stitcher] Stitching contig_419:0-2975
[11:39:37 - Stitcher] Stitching contig_793:0-2852
[11:39:37 - Stitcher] Stitching contig_301:0-2421
[11:39:37 - Stitcher] Stitching contig_329:0-3903
[11:39:37 - Stitcher] Stitching contig_134:0-4270
[11:39:37 - Stitcher] Stitching contig_759:0-2277
[11:39:37 - Stitcher] Stitching contig_91:0-2586
[11:39:37 - Stitcher] Stitching contig_24:0-2322
[11:39:37 - Stitcher] Stitching contig_596:0-2313
[11:39:37 - Stitcher] Stitching contig_307:0-2405
[11:39:37 - Stitcher] Stitching contig_492:0-2205
[11:39:37 - Stitcher] Stitching contig_163:0-2504
[11:39:37 - Stitcher] Stitching contig_562:0-2545
[11:39:37 - Stitcher] Stitching contig_716:0-4136
[11:39:37 - Stitcher] Stitching contig_372:0-9250
[11:39:37 - Stitcher] Stitching contig_855:0-3451
[11:39:37 - Stitcher] Stitching contig_438:0-2815
[11:39:37 - Stitcher] Stitching contig_35:0-5186
[11:39:37 - Stitcher] Stitching contig_864:0-6598
[11:39:37 - Stitcher] Stitching contig_387:0-4726
[11:39:37 - Stitcher] Stitching contig_604:0-2431
[11:39:37 - Stitcher] Stitching contig_766:0-2787
[11:39:37 - Stitcher] Stitching contig_448:0-2970
[11:39:37 - Stitcher] Stitching contig_603:0-2620
[11:39:37 - Stitcher] Stitching contig_263:0-5122
[11:39:37 - Stitcher] Stitching contig_195:0-5485
[11:39:37 - Stitcher] Stitching contig_156:0-7454
[11:39:37 - Stitcher] Stitching contig_264:0-12914
[11:39:37 - Stitcher] Stitching contig_45:0-2274
[11:39:37 - Stitcher] Stitching contig_756:0-2281
[11:39:37 - Stitcher] Stitching contig_760:0-2912
[11:39:37 - Stitcher] Stitching contig_754:0-2203
[11:39:37 - Stitcher] Stitching contig_868:0-3113
[11:39:37 - Stitcher] Stitching contig_94:0-3922
[11:39:37 - Stitcher] Stitching contig_236:0-3253
[11:39:37 - Stitcher] Stitching contig_851:0-11011
[11:39:37 - Stitcher] Stitching contig_714:0-2353
[11:39:37 - Stitcher] Stitching contig_787:0-2364
[11:39:37 - Stitcher] Stitching contig_60:0-2857
[11:39:37 - Stitcher] Stitching contig_649:0-2837
[11:39:37 - Stitcher] Stitching contig_529:0-2197
[11:39:37 - Stitcher] Stitching contig_183:0-3887
[11:39:37 - Stitcher] Stitching contig_320:0-2407
[11:39:37 - Stitcher] Stitching contig_524:0-2755
[11:39:37 - Stitcher] Stitching contig_812:0-5557
[11:39:37 - Stitcher] Stitching contig_89:0-2459
[11:39:37 - Stitcher] Stitching contig_144:0-4589
[11:39:37 - Stitcher] Stitching contig_90:0-4129
[11:39:37 - Stitcher] Stitching contig_138:0-2554
[11:39:37 - Stitcher] Stitching contig_810:0-9294
[11:39:37 - Stitcher] Stitching contig_260:0-4208
[11:39:37 - Stitcher] Stitching contig_32:0-1438
[11:39:37 - Stitcher] Stitching contig_470:0-2343
[11:39:37 - Stitcher] Stitching contig_269:0-2222
[11:39:37 - Stitcher] Stitching contig_722:0-3327
[11:39:37 - Stitcher] Stitching contig_781:0-2332
[11:39:37 - Stitcher] Stitching contig_115:0-2212
[11:39:37 - Stitcher] Stitching contig_326:0-2635
[11:39:37 - Stitcher] Stitching contig_43:0-2247
[11:39:37 - Stitcher] Stitching contig_113:0-5223
[11:39:37 - Stitcher] Stitching contig_629:0-3373
[11:39:37 - Stitcher] Stitching contig_7:0-2384
[11:39:37 - Stitcher] Stitching contig_233:0-2273
[11:39:37 - Stitcher] Stitching contig_18:0-5502
[11:39:37 - Stitcher] Stitching contig_720:0-2812
[11:39:37 - Stitcher] Stitching contig_267:0-4798
[11:39:37 - Stitcher] Stitching contig_296:0-2533
[11:39:37 - Stitcher] Stitching contig_324:0-2644
[11:39:37 - Stitcher] Stitching contig_657:0-9639
[11:39:37 - Stitcher] Stitching contig_739:0-2812
[11:39:37 - Stitcher] Stitching contig_758:0-2250
[11:39:37 - Stitcher] Stitching contig_662:0-4304
[11:39:37 - Stitcher] Stitching contig_487:0-6084
[11:39:37 - Stitcher] Stitching contig_287:0-2224
[11:39:37 - Stitcher] Stitching contig_161:0-2465
[11:39:37 - Stitcher] Stitching contig_118:0-3071
[11:39:37 - Stitcher] Stitching contig_429:0-2443
[11:39:37 - Stitcher] Stitching contig_62:0-2226
[11:39:37 - Stitcher] Stitching contig_74:0-3902
[11:39:37 - Stitcher] Stitching contig_784:0-2307
[11:39:37 - Stitcher] Stitching contig_334:0-2685
[11:39:37 - Stitcher] Stitching contig_677:0-2301
[11:39:37 - Stitcher] Stitching contig_620:0-2352
[11:39:37 - Stitcher] Stitching contig_498:0-5297
[11:39:37 - Stitcher] Stitching contig_424:0-2318
[11:39:37 - Stitcher] Stitching contig_204:0-9404
[11:39:37 - Stitcher] Stitching contig_325:0-4262
[11:39:37 - Stitcher] Stitching contig_777:0-4404
[11:39:37 - Stitcher] Stitching contig_534:0-3317
[11:39:37 - Stitcher] Stitching contig_512:0-2977
[11:39:37 - Stitcher] Stitching contig_184:0-2230
[11:39:37 - Stitcher] Stitching contig_265:0-2685
[11:39:37 - Stitcher] Stitching contig_543:0-3549
[11:39:37 - Stitcher] Stitching contig_136:0-4291
[11:39:37 - Stitcher] Stitching contig_8:0-2463
[11:39:37 - Stitcher] Stitching contig_420:0-14087
[11:39:37 - Stitcher] Stitching contig_327:0-2423
[11:39:37 - Stitcher] Stitching contig_569:0-2211
[11:39:37 - Stitcher] Stitching contig_571:0-2501
[11:39:37 - Stitcher] Stitching contig_468:0-2714
[11:39:37 - Stitcher] Stitching contig_417:0-2263
[11:39:37 - Stitcher] Stitching contig_54:0-3597
[11:39:37 - Stitcher] Stitching contig_56:0-4033
[11:39:37 - Stitcher] Stitching contig_451:0-4255
[11:39:37 - Stitcher] Stitching contig_486:0-2781
[11:39:37 - Stitcher] Stitching contig_302:0-2256
[11:39:37 - Stitcher] Stitching contig_439:0-4156
[11:39:37 - Stitcher] Stitching contig_704:0-2321
[11:39:37 - Stitcher] Stitching contig_867:0-14243
[11:39:37 - Stitcher] Stitching contig_411:0-10609
[11:39:37 - Stitcher] Stitching contig_771:0-2269
[11:39:37 - Stitcher] Stitching contig_252:0-2735
[11:39:37 - Stitcher] Stitching contig_443:0-2580
[11:39:37 - Stitcher] Stitching contig_633:0-4144
[11:39:37 - Stitcher] Stitching contig_278:0-4667
[11:39:37 - Stitcher] Stitching contig_42:0-2680
[11:39:37 - Stitcher] Stitching contig_116:0-2379
[11:39:37 - Stitcher] Stitching contig_659:0-2422
[11:39:37 - Stitcher] Stitching contig_559:0-2693
[11:39:37 - Stitcher] Stitching contig_773:0-2669
[11:39:37 - Stitcher] Stitching contig_250:0-2312
[11:39:37 - Stitcher] Stitching contig_63:0-2905
[11:39:37 - Stitcher] Stitching contig_706:0-2206
[11:39:37 - Stitcher] Stitching contig_336:0-11995
[11:39:37 - Stitcher] Stitching contig_775:0-2292
[11:39:37 - Stitcher] Stitching contig_219:0-2595
[11:39:37 - Stitcher] Stitching contig_837:0-3050
[11:39:37 - Stitcher] Stitching contig_376:0-2279
[11:39:37 - Stitcher] Stitching contig_606:0-2255
[11:39:37 - Stitcher] Stitching contig_121:0-2596
[11:39:37 - Stitcher] Stitching contig_619:0-4411
[11:39:37 - Stitcher] Stitching contig_159:0-3219
[11:39:37 - Stitcher] Stitching contig_389:0-5274
[11:39:37 - Stitcher] Stitching contig_502:0-2880
[11:39:37 - Stitcher] Stitching contig_73:0-4176
[11:39:37 - Stitcher] Stitching contig_346:0-2950
[11:39:37 - Stitcher] Stitching contig_631:0-4097
[11:39:37 - Stitcher] Stitching contig_769:0-2655
[11:39:37 - Stitcher] Stitching contig_861:0-6409
[11:39:37 - Stitcher] Stitching contig_815:0-3325
[11:39:37 - Stitcher] Stitching contig_37:0-3144
[11:39:37 - Stitcher] Stitching contig_752:0-2776
[11:39:37 - Stitcher] Stitching contig_177:0-2724
[11:39:38 - Stitcher] Stitching contig_59:0-2738
[11:39:38 - Stitcher] Stitching contig_426:0-2932
[11:39:38 - Stitcher] Stitching contig_198:0-2255
[11:39:38 - Stitcher] Stitching contig_314:0-2322
[11:39:38 - Stitcher] Stitching contig_556:0-2408
[11:39:38 - Stitcher] Stitching contig_767:0-2330
[11:39:38 - Stitcher] Stitching contig_695:0-2276
[11:39:38 - Stitcher] Stitching contig_107:0-7183
[11:39:38 - Stitcher] Stitching contig_590:0-5350
[11:39:38 - Stitcher] Stitching contig_407:0-4723
[11:39:38 - Stitcher] Stitching contig_446:0-2662
[11:39:38 - Stitcher] Stitching contig_442:0-2382
[11:39:38 - Stitcher] Stitching contig_157:0-5354
[11:39:38 - Stitcher] Stitching contig_788:0-2572
[11:39:38 - Stitcher] Stitching contig_858:0-5824
[11:39:38 - Stitcher] Stitching contig_549:0-2243
[11:39:38 - Stitcher] Stitching contig_547:0-2956
[11:39:38 - Stitcher] Stitching contig_241:0-3056
[11:39:38 - Stitcher] Stitching contig_214:0-2450
[11:39:38 - Stitcher] Stitching contig_574:0-5852
[11:39:38 - Stitcher] Stitching contig_830:0-11480
[11:39:38 - Stitcher] Stitching contig_558:0-2228
[11:39:38 - Stitcher] Stitching contig_740:0-2447
[11:39:38 - Stitcher] Stitching contig_504:0-2343
[11:39:38 - Stitcher] Stitching contig_605:0-2708
[11:39:38 - Stitcher] Stitching contig_436:0-4807
[11:39:38 - Stitcher] Stitching contig_185:0-5469
[11:39:38 - Stitcher] Stitching contig_243:0-3635
[11:39:38 - Stitcher] Stitching contig_450:0-2374
[11:39:38 - Stitcher] Stitching contig_493:0-2534
[11:39:38 - Stitcher] Stitching contig_838:0-2956
[11:39:38 - Stitcher] Stitching contig_489:0-2391
[11:39:38 - Stitcher] Stitching contig_131:0-2459
[11:39:38 - Stitcher] Stitching contig_313:0-2459
[11:39:38 - Stitcher] Stitching contig_687:0-2580
[11:39:38 - Stitcher] Stitching contig_478:0-6375
[11:39:38 - Stitcher] Stitching contig_726:0-2239
[11:39:38 - Stitcher] Stitching contig_120:0-2483
[11:39:38 - Stitcher] Stitching contig_363:0-3931
[11:39:38 - Stitcher] Stitching contig_368:0-2633
[11:39:38 - Stitcher] Stitching contig_277:0-2330
[11:39:38 - Stitcher] Stitching contig_111:0-6322
[11:39:38 - Stitcher] Stitching contig_237:0-2733
[11:39:38 - Stitcher] Stitching contig_215:0-9924
[11:39:38 - Stitcher] Stitching contig_230:0-2609
[11:39:38 - Stitcher] Stitching contig_367:0-2482
[11:39:38 - Stitcher] Stitching contig_820:0-3459
[11:39:38 - Stitcher] Stitching contig_479:0-2990
[11:39:38 - Stitcher] Stitching contig_375:0-2550
[11:39:38 - Stitcher] Stitching contig_399:0-2574
[11:39:38 - Stitcher] Stitching contig_733:0-2575
[11:39:38 - Stitcher] Stitching contig_823:0-4109
[11:39:38 - Stitcher] Stitching contig_850:0-2647
[11:39:38 - Stitcher] Stitching contig_268:0-2530
[11:39:38 - Stitcher] Stitching contig_261:0-2237
[11:39:38 - Stitcher] Stitching contig_461:0-3345
[11:39:38 - Stitcher] Stitching contig_701:0-1898
[11:39:38 - Stitcher] Stitching contig_717:0-2254
[11:39:38 - Stitcher] Stitching contig_521:0-3207
[11:39:38 - Stitcher] Stitching contig_378:0-2537
[11:39:38 - Stitcher] Stitching contig_617:0-2322
[11:39:38 - Stitcher] Stitching contig_430:0-2229
[11:39:38 - Stitcher] Stitching contig_151:0-4117
[11:39:38 - Stitcher] Stitching contig_353:0-6641
[11:39:38 - Stitcher] Stitching contig_213:0-3307
[11:39:38 - Stitcher] Stitching contig_285:0-2542
[11:39:38 - Stitcher] Stitching contig_180:0-3504
[11:39:38 - Stitcher] Stitching contig_597:0-2386
[11:39:38 - Stitcher] Stitching contig_216:0-2461
[11:39:38 - Stitcher] Stitching contig_247:0-2498
[11:39:38 - Stitcher] Stitching contig_290:0-2710
[11:39:38 - Stitcher] Stitching contig_31:0-1878
[11:39:38 - Stitcher] Stitching contig_544:0-2391
[11:39:38 - Stitcher] Stitching contig_434:0-4109
[11:39:38 - Stitcher] Stitching contig_488:0-2453
[11:39:38 - Stitcher] Stitching contig_803:0-7814
[11:39:38 - Stitcher] Stitching contig_813:0-12902
[11:39:38 - Stitcher] Stitching contig_362:0-4091
[11:39:38 - Stitcher] Stitching contig_655:0-2898
[11:39:38 - Stitcher] Stitching contig_731:0-5539
[11:39:38 - Stitcher] Stitching contig_842:0-3696
[11:39:38 - Stitcher] Stitching contig_218:0-4483
[11:39:38 - Stitcher] Stitching contig_857:0-8852
[11:39:38 - Stitcher] Stitching contig_799:0-5607
[11:39:38 - Stitcher] Stitching contig_463:0-3109
[11:39:38 - Stitcher] Stitching contig_792:0-2435
[11:39:38 - Stitcher] Stitching contig_647:0-2916
[11:39:38 - Stitcher] Stitching contig_226:0-2792
[11:39:38 - Stitcher] Stitching contig_273:0-12735
[11:39:38 - Stitcher] Stitching contig_476:0-2210
[11:39:38 - Stitcher] Stitching contig_536:0-2698
[11:39:38 - Stitcher] Stitching contig_808:0-12266
[11:39:38 - Stitcher] Stitching contig_846:0-8254
[11:39:38 - Stitcher] Stitching contig_244:0-2548
[11:39:38 - Stitcher] Stitching contig_38:0-8401
[11:39:38 - Stitcher] Stitching contig_207:0-5560
[11:39:38 - Stitcher] Stitching contig_508:0-3482
[11:39:38 - Stitcher] Stitching contig_674:0-2559
[11:39:38 - Stitcher] Stitching contig_693:0-3811
[11:39:38 - Stitcher] Stitching contig_555:0-3257
[11:39:38 - Stitcher] Stitching contig_672:0-2408
[11:39:38 - Stitcher] Stitching contig_384:0-5192
[11:39:38 - Stitcher] Stitching contig_610:0-2335
[11:39:38 - Stitcher] Stitching contig_495:0-2543
[11:39:38 - Stitcher] Stitching contig_583:0-2569
[11:39:38 - Stitcher] Stitching contig_154:0-4977
[11:39:38 - Stitcher] Stitching contig_373:0-3107
[11:39:38 - Stitcher] Stitching contig_816:0-10449
[11:39:38 - Stitcher] Stitching contig_483:0-2288
[11:39:38 - Stitcher] Stitching contig_725:0-5431
[11:39:38 - Stitcher] Stitching contig_531:0-4038
[11:39:38 - Stitcher] Stitching contig_613:0-10943
[11:39:38 - Stitcher] Stitching contig_679:0-2425
[11:39:38 - Stitcher] Stitching contig_181:0-4483
[11:39:38 - Stitcher] Stitching contig_386:0-2301
[11:39:38 - Stitcher] Stitching contig_130:0-3067
[11:39:38 - Stitcher] Stitching contig_638:0-3481
[11:39:38 - Stitcher] Stitching contig_737:0-2747
[11:39:38 - Stitcher] Stitching contig_266:0-3195
[11:39:38 - Stitcher] Stitching contig_691:0-3093
[11:39:38 - Stitcher] Stitching contig_117:0-6459
[11:39:38 - Stitcher] Stitching contig_182:0-2545
[11:39:38 - Stitcher] Stitching contig_337:0-2744
[11:39:38 - Stitcher] Stitching contig_345:0-2838
[11:39:38 - Stitcher] Stitching contig_280:0-2345
[11:39:38 - Stitcher] Stitching contig_520:0-7152
[11:39:38 - Stitcher] Stitching contig_539:0-2435
[11:39:38 - Stitcher] Stitching contig_709:0-2817
[11:39:38 - Stitcher] Stitching contig_581:0-2606
[11:39:38 - Stitcher] Stitching contig_78:0-3397
[11:39:38 - Stitcher] Stitching contig_343:0-3980
[11:39:38 - Stitcher] Stitching contig_630:0-2468
[11:39:38 - Stitcher] Stitching contig_128:0-7366
[11:39:38 - Stitcher] Stitching contig_294:0-7451
[11:39:38 - Stitcher] Stitching contig_589:0-2519
[11:39:38 - Stitcher] Stitching contig_668:0-2232
[11:39:38 - Stitcher] Stitching contig_347:0-2774
[11:39:38 - Stitcher] Stitching contig_203:0-2479
[11:39:38 - Stitcher] Stitching contig_786:0-7251
[11:39:38 - Stitcher] Stitching contig_169:0-5887
[11:39:38 - Stitcher] Stitching contig_746:0-2633
[11:39:38 - Stitcher] Stitching contig_81:0-2247
[11:39:38 - Stitcher] Stitching contig_17:0-2499
[11:39:38 - Stitcher] Stitching contig_388:0-2482
[11:39:38 - Stitcher] Stitching contig_577:0-2382
[11:39:38 - Stitcher] Stitching contig_853:0-5523
[11:39:38 - Stitcher] Stitching contig_149:0-2409
[11:39:38 - Stitcher] Stitching contig_283:0-2294
[11:39:38 - Stitcher] Stitching contig_622:0-3769
[11:39:38 - Stitcher] Stitching contig_70:0-2555
[11:39:38 - Stitcher] Stitching contig_747:0-2387
[11:39:38 - Stitcher] Stitching contig_779:0-3985
[11:39:38 - Stitcher] Stitching contig_310:0-3849
[11:39:38 - Stitcher] Stitching contig_254:0-3094
[11:39:38 - Stitcher] Stitching contig_540:0-2495
[11:39:38 - Stitcher] Stitching contig_359:0-6845
[11:39:38 - Stitcher] Stitching contig_776:0-2650
[11:39:38 - Stitcher] Stitching contig_698:0-3466
[11:39:38 - Stitcher] Stitching contig_92:0-3952
[11:39:38 - Stitcher] Stitching contig_380:0-8731
[11:39:38 - Stitcher] Stitching contig_119:0-6381
[11:39:38 - Stitcher] Stitching contig_541:0-3828
[11:39:38 - Stitcher] Stitching contig_66:0-2303
[11:39:38 - Stitcher] Stitching contig_40:0-2279
[11:39:38 - Stitcher] Stitching contig_402:0-2814
[11:39:38 - Stitcher] Stitching contig_190:0-3515
[11:39:38 - Stitcher] Stitching contig_246:0-2286
[11:39:38 - Stitcher] Stitching contig_435:0-2541
[11:39:38 - Stitcher] Stitching contig_83:0-2287
[11:39:38 - Stitcher] Stitching contig_158:0-2300
[11:39:38 - Stitcher] Stitching contig_133:0-2724
[11:39:38 - Stitcher] Stitching contig_500:0-2380
[11:39:38 - Stitcher] Stitching contig_5:0-2248
[11:39:38 - Stitcher] Stitching contig_650:0-4495
[11:39:38 - Stitcher] Stitching contig_598:0-2999
[11:39:38 - Stitcher] Stitching contig_526:0-4258
[11:39:38 - Stitcher] Stitching contig_262:0-6626
[11:39:38 - Stitcher] Stitching contig_1:0-5570
[11:39:38 - Stitcher] Stitching contig_221:0-3217
[11:39:38 - Stitcher] Stitching contig_175:0-2399
[11:39:38 - Stitcher] Stitching contig_20:0-3220
[11:39:38 - Stitcher] Stitching contig_100:0-3065
[11:39:38 - Stitcher] Stitching contig_364:0-4733
[11:39:38 - Stitcher] Stitching contig_801:0-3270
[11:39:38 - Stitcher] Stitching contig_27:0-2948
[11:39:38 - Stitcher] Stitching contig_4:0-2480
[11:39:38 - Stitcher] Stitching contig_634:0-2270
[11:39:38 - Stitcher] Stitching contig_587:0-2712
[11:39:38 - Stitcher] Stitching contig_798:0-5718
[11:39:38 - Stitcher] Stitching contig_291:0-2425
[11:39:38 - Stitcher] Stitching contig_645:0-2256
[11:39:38 - Stitcher] Stitching contig_802:0-20253
[11:39:38 - Stitcher] Stitching contig_109:0-3716
[11:39:38 - Stitcher] Stitching contig_800:0-7366
[11:39:38 - Stitcher] Stitching contig_12:0-2303
[11:39:38 - Stitcher] Stitching contig_398:0-2955
[11:39:38 - Stitcher] Stitching contig_774:0-2301
[11:39:38 - Stitcher] Stitching contig_170:0-4136
[11:39:38 - Stitcher] Stitching contig_404:0-2274
[11:39:38 - Stitcher] Stitching contig_573:0-2445
[11:39:38 - Stitcher] Stitching contig_530:0-3345
[11:39:38 - Stitcher] Stitching contig_143:0-2344
[11:39:38 - Stitcher] Stitching contig_64:0-4655
[11:39:38 - Stitcher] Stitching contig_702:0-2292
[11:39:38 - Stitcher] Stitching contig_395:0-2629
[11:39:38 - Stitcher] Stitching contig_535:0-5329
[11:39:38 - Stitcher] Stitching contig_168:0-2255
[11:39:38 - Stitcher] Stitching contig_124:0-3742
[11:39:38 - Stitcher] Stitching contig_572:0-1392
[11:39:38 - Stitcher] Stitching contig_58:0-2247
[11:39:38 - Stitcher] Stitching contig_814:0-6800
[11:39:38 - Stitcher] Stitching contig_563:0-2821
[11:39:38 - Stitcher] Stitching contig_818:0-3551
[11:39:38 - Stitcher] Stitching contig_99:0-3054
[11:39:38 - Stitcher] Stitching contig_490:0-2231
[11:39:38 - Stitcher] Stitching contig_783:0-2540
[11:39:38 - Stitcher] Stitching contig_9:0-2761
[11:39:38 - Stitcher] Stitching contig_575:0-2338
[11:39:38 - Stitcher] Stitching contig_444:0-4518
[11:39:38 - Stitcher] Stitching contig_452:0-2306
[11:39:38 - Stitcher] Stitching contig_405:0-2544
[11:39:38 - Stitcher] Stitching contig_738:0-2273
[11:39:38 - Stitcher] Stitching contig_61:0-4397
[11:39:38 - Stitcher] Stitching contig_514:0-3756
[11:39:38 - Stitcher] Stitching contig_741:0-2400
[11:39:38 - Stitcher] Stitching contig_201:0-2240
[11:39:38 - Stitcher] Stitching contig_557:0-2232
[11:39:38 - Stitcher] Stitching contig_394:0-2303
[11:39:38 - Stitcher] Stitching contig_211:0-2247
[11:39:38 - Stitcher] Stitching contig_564:0-2609
[11:39:38 - Stitcher] Stitching contig_135:0-2257
[11:39:38 - Stitcher] Stitching contig_665:0-2203
[11:39:38 - Stitcher] Stitching contig_835:0-3645
[11:39:38 - Stitcher] Stitching contig_167:0-2600
[11:39:38 - Stitcher] Stitching contig_475:0-2241
[11:39:38 - Stitcher] Stitching contig_825:0-5942
[11:39:38 - Stitcher] Stitching contig_299:0-2405
[11:39:38 - Stitcher] Stitching contig_822:0-12089
[11:39:38 - Stitcher] Stitching contig_279:0-3210
[11:39:38 - Stitcher] Stitching contig_519:0-1817
[11:39:38 - Stitcher] Stitching contig_409:0-2626
[11:39:38 - Stitcher] Stitching contig_509:0-2304
[11:39:38 - Stitcher] Stitching contig_578:0-2271
[11:39:38 - Stitcher] Stitching contig_206:0-2721
[11:39:38 - Stitcher] Stitching contig_361:0-3307
[11:39:38 - Stitcher] Stitching contig_700:0-2361
[11:39:38 - Stitcher] Stitching contig_217:0-2308
[11:39:38 - Stitcher] Stitching contig_791:0-2781
[11:39:38 - Stitcher] Stitching contig_721:0-2220
[11:39:38 - Stitcher] Stitching contig_708:0-6576
[11:39:38 - Stitcher] Stitching contig_308:0-2880
[11:39:38 - Stitcher] Stitching contig_300:0-2553
[11:39:38 - Stitcher] Stitching contig_72:0-2367
[11:39:38 - Stitcher] Stitching contig_46:0-4293
[11:39:38 - Stitcher] Stitching contig_245:0-4978
[11:39:38 - Stitcher] Stitching contig_824:0-7754
[11:39:38 - Stitcher] Stitching contig_828:0-2224
[11:39:38 - Stitcher] Stitching contig_212:0-3098
[11:39:38 - Stitcher] Stitching contig_582:0-3097
[11:39:38 - Stitcher] Stitching contig_189:0-2364
[11:39:38 - Stitcher] Stitching contig_749:0-3727
[11:39:38 - Stitcher] Stitching contig_22:0-4706
[11:39:38 - Stitcher] Stitching contig_670:0-2548
[11:39:38 - Stitcher] Stitching contig_253:0-2292
[11:39:38 - Stitcher] Stitching contig_390:0-2943
[11:39:38 - Stitcher] Stitching contig_52:0-10615
[11:39:38 - Stitcher] Stitching contig_616:0-2451
[11:39:38 - Stitcher] Stitching contig_763:0-4614
[11:39:38 - Stitcher] Stitching contig_412:0-3076
[11:39:38 - Stitcher] Stitching contig_611:0-3957
[11:39:38 - Stitcher] Stitching contig_745:0-2763
[11:39:38 - Stitcher] Stitching contig_566:0-2260
[11:39:38 - Stitcher] Stitching contig_21:0-10496
[11:39:38 - Stitcher] Stitching contig_523:0-4322
[11:39:38 - Stitcher] Stitching contig_736:0-2502
[11:39:38 - Stitcher] Stitching contig_465:0-2306
[11:39:38 - Stitcher] Stitching contig_599:0-2633
[11:39:38 - Stitcher] Stitching contig_123:0-4341
[11:39:38 - Stitcher] Stitching contig_55:0-6367
[11:39:38 - Stitcher] Stitching contig_234:0-2229
[11:39:38 - Stitcher] Stitching contig_862:0-4903
[11:39:38 - Stitcher] Stitching contig_505:0-5758
[11:39:38 - Stitcher] Stitching contig_772:0-2316
[11:39:38 - Stitcher] Stitching contig_565:0-2945
[11:39:38 - Stitcher] Stitching contig_750:0-3081
[11:39:38 - Stitcher] Stitching contig_836:0-7159
[11:39:38 - Stitcher] Stitching contig_656:0-2244
[11:39:38 - Stitcher] Stitching contig_839:0-5478
[11:39:38 - Stitcher] Stitching contig_19:0-2806
[11:39:38 - Stitcher] Stitching contig_550:0-2223
[11:39:38 - Stitcher] Stitching contig_482:0-2466
[11:39:38 - Stitcher] Stitching contig_497:0-2776
[11:39:38 - Stitcher] Stitching contig_315:0-2324
[11:39:38 - Stitcher] Stitching contig_780:0-2494
[11:39:38 - Stitcher] Stitching contig_507:0-4506
[11:39:38 - Stitcher] Stitching contig_431:0-5445
[11:39:38 - Stitcher] Stitching contig_561:0-2628
[11:39:38 - Stitcher] Stitching contig_97:0-5844
[11:39:38 - Stitcher] Stitching contig_560:0-5612
[11:39:38 - Stitcher] Stitching contig_654:0-2697
[11:39:38 - Stitcher] Stitching contig_457:0-2235
[11:39:38 - Stitcher] Stitching contig_602:0-2873
[11:39:38 - Stitcher] Stitching contig_102:0-6995
[11:39:38 - Stitcher] Stitching contig_639:0-2499
[11:39:38 - Stitcher] Stitching contig_660:0-2423
[11:39:38 - Stitcher] Stitching contig_193:0-6808
[11:39:38 - Stitcher] Stitching contig_832:0-5735
[11:39:38 - Stitcher] Stitching contig_778:0-2512
[11:39:38 - Stitcher] Stitching contig_485:0-2293
[11:39:38 - Stitcher] Stitching contig_10:0-2309
[11:39:38 - Stitcher] Stitching contig_356:0-3259
[11:39:38 - Stitcher] Stitching contig_95:0-4564
[11:39:38 - Stitcher] Stitching contig_790:0-2387
[11:39:38 - Stitcher] Stitching contig_449:0-2297
[11:39:38 - Stitcher] Stitching contig_397:0-3012
[11:39:38 - Stitcher] Stitching contig_49:0-6465
[11:39:38 - Stitcher] Stitching contig_275:0-6901
[11:39:38 - Stitcher] Stitching contig_227:0-6400
[11:39:38 - Stitcher] Stitching contig_392:0-2799
[11:39:38 - Stitcher] Stitching contig_69:0-4462
[11:39:38 - Stitcher] Stitching contig_744:0-2707
[11:39:38 - Stitcher] Stitching contig_67:0-14786
[11:39:38 - Stitcher] Stitching contig_295:0-3021
[11:39:38 - Stitcher] Stitching contig_831:0-9836
[11:39:38 - Stitcher] Stitching contig_311:0-6059
[11:39:38 - Stitcher] Stitching contig_47:0-2213
[11:39:38 - Stitcher] Stitching contig_821:0-5284
[11:39:38 - Stitcher] Stitching contig_393:0-4127
[11:39:38 - Stitcher] Stitching contig_445:0-2259
[11:39:38 - Stitcher] Stitching contig_50:0-2520
[11:39:38 - Stitcher] Stitching contig_548:0-2955
[11:39:38 - Stitcher] Stitching contig_23:0-5067
[11:39:38 - Stitcher] Stitching contig_289:0-2766
[11:39:38 - Stitcher] Stitching contig_652:0-4418
[11:39:38 - Stitcher] Stitching contig_683:0-3261
[11:39:38 - Stitcher] Stitching contig_715:0-7874
[11:39:38 - Stitcher] Stitching contig_208:0-3008
[11:39:38 - Stitcher] Stitching contig_101:0-10302
[11:39:38 - Stitcher] Stitching contig_459:0-2382
[11:39:38 - Stitcher] Stitching contig_80:0-22398
[11:39:38 - Stitcher] Stitching contig_370:0-2201
[11:39:38 - Stitcher] Stitching contig_607:0-2858
[11:39:38 - Stitcher] Stitching contig_711:0-2407
[11:39:38 - Stitcher] Stitching contig_2:0-3300
[11:39:38 - Stitcher] Stitching contig_724:0-2372
[11:39:38 - Stitcher] Stitching contig_663:0-2199
[11:39:38 - Stitcher] Stitching contig_689:0-4036
[11:39:38 - Stitcher] Stitching contig_576:0-2869
[11:39:38 - Stitcher] Stitching contig_179:0-3833
[11:39:38 - Stitcher] Stitching contig_330:0-3176
[11:39:38 - Stitcher] Stitching contig_371:0-4224
[11:39:38 - Stitcher] Stitching contig_148:0-2293
[11:39:38 - Stitcher] Stitching contig_88:0-5044
[11:39:38 - Stitcher] Stitching contig_383:0-2400
[11:39:38 - Stitcher] Stitching contig_29:0-2353
[11:39:38 - Stitcher] Stitching contig_153:0-2422
[11:39:38 - Stitcher] Stitching contig_333:0-2628
[11:39:38 - Stitcher] Stitching contig_196:0-6274
[11:39:38 - Stitcher] Stitching contig_403:0-2786
[11:39:38 - Stitcher] Stitching contig_860:0-3870
[11:39:38 - Stitcher] Stitching contig_366:0-2204
[11:39:38 - Stitcher] Stitching contig_164:0-2606
[11:39:38 - Stitcher] Stitching contig_3:0-2228
[11:39:38 - Stitcher] Stitching contig_666:0-2211
[11:39:38 - Stitcher] Stitching contig_804:0-6842
[11:39:38 - Stitcher] Stitching contig_202:0-2270
[11:39:38 - Stitcher] Stitching contig_785:0-2305
[11:39:38 - Stitcher] Stitching contig_453:0-2422
[11:39:38 - Stitcher] Stitching contig_728:0-2520
[11:39:38 - Stitcher] Stitching contig_293:0-4382
[11:39:38 - Stitcher] Stitching contig_418:0-4036
[11:39:38 - Stitcher] Stitching contig_511:0-4442
[11:39:38 - Stitcher] Stitching contig_618:0-4297
[11:39:38 - Stitcher] Stitching contig_103:0-7824
[11:39:38 - Stitcher] Stitching contig_132:0-2607
[11:39:38 - Stitcher] Stitching contig_171:0-2882
[11:39:38 - Stitcher] Stitching contig_242:0-2325
[11:39:38 - Stitcher] Stitching contig_641:0-3468
[11:39:38 - Stitcher] Stitching contig_794:0-2260
[11:39:38 - Stitcher] Stitching contig_360:0-5840
[11:39:38 - Stitcher] Stitching contig_462:0-2268
[11:39:38 - Stitcher] Stitching contig_379:0-2530
[11:39:38 - Stitcher] Stitching contig_612:0-5369
[11:39:38 - Stitcher] Stitching contig_626:0-2648
[11:39:38 - Stitcher] Stitching contig_57:0-2216
[11:39:38 - Stitcher] Stitching contig_806:0-15804
[11:39:38 - Stitcher] Stitching contig_697:0-2253
[11:39:38 - Stitcher] Stitching contig_306:0-2611
[11:39:38 - Stitcher] Stitching contig_381:0-2571
[11:39:38 - Stitcher] Stitching contig_172:0-2219
[11:39:38 - Stitcher] Stitching contig_841:0-6739
[11:39:38 - Stitcher] Stitching contig_271:0-3833
[11:39:38 - Stitcher] Stitching contig_152:0-5696
[11:39:38 - Stitcher] Stitching contig_819:0-3667
[11:39:38 - Stitcher] Stitching contig_259:0-2640
[11:39:38 - Stitcher] Stitching contig_542:0-2486
[11:39:38 - Stitcher] Stitching contig_321:0-2662
[11:39:38 - Stitcher] Stitching contig_805:0-2538
[11:39:38 - Stitcher] Stitching contig_623:0-2475
[11:39:38 - Stitcher] Stitching contig_527:0-5689
[11:39:38 - Stitcher] Stitching contig_318:0-2878
[11:39:38 - Stitcher] Stitching contig_859:0-3311
[11:39:38 - Stitcher] Stitching contig_305:0-2820
[11:39:38 - Stitcher] Stitching contig_348:0-2277
[11:39:38 - Stitcher] Stitching contig_328:0-4351
[11:39:38 - Stitcher] Stitching contig_422:0-2225
[11:39:38 - Stitcher] Stitching contig_447:0-2586
[11:39:38 - Stitcher] Stitching contig_635:0-2979
[11:39:38 - Stitcher] Stitching contig_41:0-9093
[11:39:38 - Stitcher] Stitching contig_727:0-2344
[11:39:38 - Stitcher] Stitching contig_807:0-2258
[11:39:38 - Stitcher] Stitching contig_768:0-2978
[11:39:38 - Stitcher] Stitching contig_76:0-4599
[11:39:38 - Stitcher] Stitching contig_13:0-2259
[11:39:38 - Stitcher] Stitching contig_323:0-4640
[11:39:38 - Stitcher] Stitching contig_437:0-2394
[11:39:38 - Stitcher] Stitching contig_753:0-2316
[11:39:38 - Stitcher] Stitching contig_632:0-3801
[11:39:38 - Stitcher] Stitching contig_416:0-2267
[11:39:38 - Stitcher] Stitching contig_770:0-2334
[11:39:38 - Stitcher] Stitching contig_11:0-2907
[11:39:38 - Stitcher] Stitching contig_15:0-5610
[11:39:38 - Stitcher] Stitching contig_673:0-2258
[11:39:38 - Stitcher] Stitching contig_142:0-2472
[11:39:38 - Stitcher] Stitching contig_160:0-2807
[11:39:38 - Stitcher] Stitching contig_382:0-2295
[11:39:38 - Stitcher] Stitching contig_501:0-7900
[11:39:38 - Stitcher] Stitching contig_757:0-4983
[11:39:38 - Stitcher] Stitching contig_817:0-3617
[11:39:38 - Stitcher] Stitching contig_644:0-2839
[11:39:38 - Stitcher] Stitching contig_510:0-2459
[11:39:38 - Stitcher] Stitching contig_592:0-2979
[11:39:38 - Stitcher] Stitching contig_506:0-2524
[11:39:38 - Stitcher] Stitching contig_809:0-9717
[11:39:38 - Stitcher] Stitching contig_601:0-2210
[11:39:38 - Stitcher] Stitching contig_304:0-2327
[11:39:38 - Stitcher] Stitching contig_532:0-2914
[11:39:38 - Stitcher] Stitching contig_93:0-6217
[11:39:38 - Stitcher] Stitching contig_553:0-2415
[11:39:38 - Stitcher] Stitching contig_522:0-2926
[11:39:38 - Stitcher] Stitching contig_481:0-3337
[11:39:38 - Stitcher] Stitching contig_517:0-3116
[11:39:38 - Stitcher] Stitching contig_141:0-5860
[11:39:38 - Stitcher] Stitching contig_297:0-2304
[11:39:38 - Stitcher] Stitching contig_609:0-2520
[11:39:38 - Stitcher] Stitching contig_79:0-2309
[11:39:38 - Stitcher] Stitching contig_856:0-2619
[11:39:38 - Stitcher] Stitching contig_110:0-4387
[11:39:38 - Stitcher] Stitching contig_423:0-2261
[11:39:38 - Stitcher] Stitching contig_455:0-2208
[11:39:38 - Stitcher] Stitching contig_248:0-4255
[11:39:38 - Stitcher] Stitching contig_811:0-12366
[11:39:38 - Stitcher] Stitching contig_231:0-11069
[11:39:38 - Stitcher] Stitching contig_494:0-3505
[11:39:38 - Stitcher] Stitching contig_580:0-2316
[11:39:38 - Stitcher] Stitching contig_249:0-2413
[11:39:38 - Stitcher] Stitching contig_646:0-2210
[11:39:38 - Stitcher] Stitching contig_147:0-5854
[11:39:38 - Stitcher] Stitching contig_764:0-2478
[11:39:38 - Stitcher] Stitching contig_87:0-7093
[11:39:38 - Stitcher] Stitching contig_225:0-2418
[11:39:38 - Stitcher] Stitching contig_748:0-2302
[11:39:38 - Stitcher] Stitching contig_428:0-2647
[11:39:38 - Stitcher] Stitching contig_344:0-2380
[11:39:38 - Stitcher] Stitching contig_624:0-2478
[11:39:38 - Stitcher] Stitching contig_829:0-3321
[11:39:38 - Stitcher] Stitching contig_176:0-5988
[11:39:38 - Stitcher] Stitching contig_469:0-2593
[11:39:38 - Stitcher] Stitching contig_374:0-2402
[11:39:38 - Stitcher] Stitching contig_474:0-2266
[11:39:38 - Stitcher] Stitching contig_140:0-3866
[11:39:38 - Stitcher] Stitching contig_228:0-2353
[11:39:38 - Stitcher] Stitching contig_676:0-2311
[11:39:38 - Stitcher] Stitching contig_694:0-3101
[11:39:38 - Stitcher] Stitching contig_454:0-2778
[11:39:38 - Stitcher] Stitching contig_400:0-2358
[11:39:38 - Stitcher] Stitching contig_591:0-2408
[11:39:38 - Stitcher] Stitching contig_600:0-3221
[11:39:38 - Stitcher] Stitching contig_256:0-5966
[11:39:38 - Stitcher] Stitching contig_480:0-2204
[11:39:38 - Stitcher] Stitching contig_826:0-7370
[11:39:38 - Stitcher] Stitching contig_441:0-2437
[11:39:38 - Stitcher] Stitching contig_595:0-2764
[11:39:38 - Stitcher] Stitching contig_640:0-2538
[11:39:38 - Stitcher] Stitching contig_849:0-6022
[11:39:38 - Stitcher] Stitching contig_712:0-2214
[11:39:38 - Stitcher] Stitching contig_104:0-9578
[11:39:38 - Stitcher] Stitching contig_440:0-5311
[11:39:38 - Stitcher] Stitching contig_174:0-2296
[11:39:38 - Stitcher] Stitching contig_518:0-16923
[11:39:38 - Stitcher] Stitching contig_467:0-2663
[11:39:38 - Stitcher] Stitching contig_186:0-2639
[11:39:38 - Stitcher] Stitching contig_222:0-2513
[11:39:38 - Stitcher] Stitching contig_309:0-2277
[11:39:38 - Stitcher] Stitching contig_614:0-2429
[11:39:38 - Stitcher] Stitching contig_145:0-2356
[11:39:38 - Stitcher] Stitching contig_570:0-5577
[11:39:38 - Stitcher] Stitching contig_257:0-2732
[11:39:38 - Stitcher] Stitching contig_414:0-11873
[11:39:38 - Stitcher] Stitching contig_503:0-3424
[11:39:38 - Stitcher] Stitching contig_681:0-2257
[11:39:38 - Stitcher] Stitching contig_678:0-2470
[11:39:38 - Stitcher] Stitching contig_682:0-3172
[11:39:38 - Stitcher] Stitching contig_713:0-2364
[11:39:38 - Stitcher] Stitching contig_579:0-2295
[11:39:38 - Stitcher] Stitching contig_341:0-2504
[11:39:38 - Stitcher] Stitching contig_205:0-2814
[11:39:38 - Stitcher] Stitching contig_85:0-2520
[11:39:38 - Stitcher] Stitching contig_671:0-2750
[11:39:38 - Stitcher] Stitching contig_223:0-8066
[11:39:38 - Stitcher] Stitching contig_513:0-3230
[11:39:38 - Stitcher] Stitching contig_14:0-6344
[11:39:38 - Stitcher] Stitching contig_627:0-2974
[11:39:38 - Stitcher] Stitching contig_723:0-2267
[11:39:38 - Stitcher] Stitching contig_200:0-5611
[11:39:38 - Stitcher] Stitching contig_68:0-2359
[11:39:38 - Stitcher] Stitching contig_684:0-2203
[11:39:38 - Stitcher] Stitching contig_351:0-2763
[11:39:38 - Stitcher] Stitching contig_191:0-2490
[11:39:38 - Stitcher] Stitching contig_357:0-5424
[11:39:38 - Stitcher] Stitching contig_317:0-2655
[11:39:38 - Stitcher] Stitching contig_710:0-2695
[11:39:38 - Stitcher] Stitching contig_546:0-2468
[11:39:38 - Stitcher] Stitching contig_567:0-4430
[11:39:38 - Stitcher] Stitching contig_391:0-2635
[11:39:38 - Stitcher] Stitching contig_178:0-3923
[11:39:38 - Stitcher] Stitching contig_274:0-5026
[11:39:38 - Stitcher] Stitching contig_705:0-2211
[11:39:38 - Stitcher] Stitching contig_797:0-7958
[11:39:38 - Stitcher] Stitching contig_545:0-2211
[11:39:38 - Stitcher] Stitching contig_284:0-2250
[11:39:38 - Stitcher] Stitching contig_588:0-2655
[11:39:38 - Stitcher] Stitching contig_150:0-2434
[11:39:38 - Stitcher] Stitching contig_51:0-6689
[11:39:38 - Stitcher] Stitching contig_484:0-2331
[11:39:38 - Stitcher] Stitching contig_122:0-2221
[11:39:38 - Stitcher] Stitching contig_425:0-2293
[11:39:38 - Stitcher] Stitching contig_685:0-2341
[11:39:38 - Stitcher] Stitching contig_456:0-2489
[11:39:38 - Stitcher] Stitching contig_48:0-3890
[11:39:38 - Stitcher] Stitching contig_761:0-2627
[11:39:38 - Stitcher] Stitching contig_319:0-2232
[11:39:38 - Stitcher] Stitching contig_192:0-6582
[11:39:38 - Stitcher] Stitching contig_496:0-2359
[11:39:38 - Stitcher] Stitching contig_742:0-2236
[11:39:38 - Stitcher] Stitching contig_209:0-5321
[11:39:38 - Stitcher] Stitching contig_282:0-2477
[11:39:38 - Stitcher] Stitching contig_342:0-2995
[11:39:38 - Stitcher] Stitching contig_126:0-7336
[11:39:38 - Stitcher] Stitching contig_636:0-3115
[11:39:38 - Stitcher] Stitching contig_44:0-2545
[11:39:38 - Stitcher] Stitching contig_732:0-3526
[11:39:38 - Stitcher] Stitching contig_331:0-2232
[11:39:38 - Stitcher] Stitching contig_667:0-3137
[11:39:38 - Stitcher] Stitching contig_762:0-2297
[11:39:38 - Stitcher] Stitching contig_232:0-3896
[11:39:38 - Stitcher] Stitching contig_276:0-2284
[11:39:38 - Stitcher] Stitching contig_413:0-4680
[11:39:38 - Stitcher] Stitching contig_86:0-7266
[11:39:38 - Stitcher] Stitching contig_339:0-2469
[11:39:38 - Stitcher] Stitching contig_664:0-2397
[11:39:38 - Stitcher] Stitching contig_743:0-2467
[11:39:38 - Stitcher] Stitching contig_377:0-2415
[11:39:38 - Stitcher] Stitching contig_789:0-2332
[11:39:38 - Stitcher] Stitching contig_692:0-2285
[11:39:38 - Stitcher] Stitching contig_525:0-3392
[11:39:38 - Stitcher] Stitching contig_199:0-2582
[11:39:38 - Stitcher] Stitching contig_844:0-10143
[11:39:38 - Stitcher] Stitching contig_499:0-2402
[11:39:38 - Stitcher] Stitching contig_477:0-2568
[11:39:38 - Stitcher] Stitching contig_642:0-3811
[11:39:38 - Stitcher] Stitching contig_491:0-2461
[11:39:38 - Stitcher] Stitching contig_112:0-6308
[11:39:38 - Stitcher] Stitching contig_155:0-2400
[11:39:38 - Stitcher] Stitching contig_36:0-6574
[11:39:38 - Stitcher] Stitching contig_661:0-3374
[11:39:38 - Stitcher] Stitching contig_98:0-2344
[11:39:38 - Stitcher] Stitching contig_75:0-3818
[11:39:38 - Stitcher] Stitching contig_585:0-2991
[11:39:38 - Stitcher] Stitching contig_316:0-2464
[11:39:38 - Stitcher] Stitching contig_358:0-2441
[11:39:38 - Stitcher] Stitching contig_734:0-4309
[11:39:38 - Stitcher] Stitching contig_173:0-7297
[11:39:38 - Stitcher] Stitching contig_114:0-2611
[11:39:38 - Stitcher] Stitching contig_719:0-3598
[11:39:38 - Stitcher] Stitching contig_686:0-2671
[11:39:38 - Stitcher] Stitching contig_33:0-2240
[11:39:38 - Stitcher] Stitching contig_415:0-2527
[11:39:38 - Stitcher] Stitching contig_568:0-2553
[11:39:38 - Stitcher] Stitching contig_6:0-2600
[11:39:38 - Stitcher] Stitching contig_335:0-8229
[11:39:38 - Stitcher] Stitching contig_270:0-3677
[11:39:38 - Stitcher] Stitching contig_162:0-3114
[11:39:38 - Stitcher] Stitching contig_303:0-3930
[11:39:38 - Stitcher] Stitching contig_865:0-2933
[11:39:38 - Stitcher] Stitching contig_188:0-2686
[11:39:38 - Stitcher] Stitching contig_82:0-2836
[11:39:38 - Stitcher] Stitching contig_272:0-2712
[11:39:38 - Stitcher] Stitching contig_139:0-2817
[11:39:38 - Stitcher] Stitching contig_322:0-2506
[11:39:38 - Stitcher] Stitching contig_651:0-2666
[11:39:38 - Stitcher] Stitching contig_220:0-2558
[11:39:38 - Stitcher] Stitching contig_466:0-2902
[11:39:38 - Stitcher] Stitching contig_696:0-2367
[11:39:38 - Stitcher] Stitching contig_593:0-2242
[11:39:38 - Stitcher] Stitching contig_472:0-3628
[11:39:38 - Stitcher] Stitching contig_866:0-4370
[11:39:38 - Stitcher] Stitching contig_39:0-2301
[11:39:38 - Stitcher] Stitching contig_433:0-4514
[11:39:38 - Stitcher] Stitching contig_680:0-2346
[11:39:38 - Stitcher] Stitching contig_594:0-2230
[11:39:38 - Stitcher] Stitching contig_240:0-6983
[11:39:38 - Stitcher] Stitching contig_834:0-4514
[11:39:38 - Stitcher] Stitching contig_408:0-3727
[11:39:38 - Stitcher] Stitching contig_847:0-9061
[11:39:38 - Stitcher] Stitching contig_515:0-2998
[11:39:38 - Stitcher] Stitching contig_528:0-3159
[11:39:38 - Stitcher] Stitching contig_406:0-3093
[11:39:38 - Stitcher] Stitching contig_312:0-3133
[11:39:38 - Stitcher] Stitching contig_197:0-6468
[11:39:38 - Stitcher] Stitching contig_840:0-8349
[11:39:38 - Stitcher] Stitching contig_332:0-2368
[11:39:38 - Stitcher] Stitching contig_365:0-2727
[11:39:38 - Stitcher] Stitching contig_224:0-2724
[11:39:38 - Stitcher] Stitching contig_71:0-7848
[11:39:38 - Stitcher] Stitching contig_735:0-2665
[11:39:38 - Stitcher] Stitching contig_352:0-2265
[11:39:38 - Stitcher] Stitching contig_718:0-2591
[11:39:38 - Stitcher] Stitching contig_729:0-2546
[11:39:38 - Stitcher] Stitching contig_782:0-2247
[11:39:38 - Stitcher] Stitching contig_298:0-2241
[11:39:38 - Stitcher] Stitching contig_516:0-2267
[11:39:38 - Stitcher] Stitching contig_210:0-7277
[11:39:38 - Stitcher] Stitching contig_643:0-2772
[11:39:38 - Stitcher] Stitching contig_355:0-2954
[11:39:38 - Stitcher] Stitching contig_106:0-2418
[11:39:38 - Stitcher] Stitching contig_127:0-3069
[11:39:38 - Stitcher] Stitching contig_137:0-5446
[11:39:38 - Stitcher] Stitching contig_396:0-2465
[11:39:38 - Stitcher] Stitching contig_146:0-6100
[11:39:38 - Stitcher] Stitching contig_473:0-2268
[11:39:38 - Stitcher] Stitching contig_690:0-3147
[11:39:38 - Stitcher] Stitching contig_648:0-2558
[11:39:38 - Stitcher] Stitching contig_699:0-2490
[11:39:38 - Stitcher] Stitching contig_833:0-8400
[11:39:38 - Stitcher] Stitching contig_421:0-2342
[11:39:38 - Stitcher] Stitching contig_854:0-4735
[11:39:38 - Stitcher] Stitching contig_464:0-2521
[11:39:38 - Stitcher] Stitching contig_385:0-2354
[11:39:38 - Stitcher] Stitching contig_401:0-4573
[11:39:38 - Stitcher] Stitching contig_84:0-2516
[11:39:38 - Stitcher] Stitching contig_843:0-6046
[11:39:38 - Stitcher] Stitching contig_669:0-2364
[11:39:38 - Stitcher] Stitching contig_427:0-4270
[11:39:38 - Stitcher] Stitching contig_552:0-4516
[11:39:38 - Stitcher] Stitching contig_471:0-4513
[11:39:38 - Stitcher] Stitching contig_286:0-2425
[11:39:38 - Stitcher] Stitching contig_77:0-2100
[11:39:38 - Stitcher] Stitching contig_350:0-2978
[11:39:38 - Stitcher] Stitching contig_537:0-2411
[11:39:38 - Stitcher] Stitching contig_25:0-2760
[11:39:38 - Stitcher] Stitching contig_65:0-3905
[11:39:38 - Stitcher] Stitching contig_621:0-4031
[11:39:38 - Stitcher] Stitching contig_125:0-2320
[11:39:38 - Stitcher] Stitching contig_848:0-6239
[11:39:38 - Stitcher] Stitching contig_765:0-2426
[11:39:38 - Stitcher] Stitching contig_258:0-2385
[11:39:38 - Stitcher] Stitching contig_410:0-4430
[11:39:38 - Stitcher] Stitching contig_458:0-2710
[11:39:38 - Stitcher] Stitching contig_108:0-2835
[11:39:38 - Stitcher] Stitching contig_608:0-2445
[11:39:38 - Stitcher] Stitching contig_369:0-2721
[11:39:38 - Stitcher] Stitching contig_281:0-2261
[11:39:38 - Stitcher] Stitching contig_554:0-2354
[11:39:38 - Stitcher] Stitching contig_653:0-2356
[11:39:38 - Stitcher] Stitching contig_96:0-4986
[11:39:38 - Stitcher] Stitching contig_755:0-2479
[11:39:38 - Stitcher] Stitching contig_16:0-2853
[11:39:38 - Stitcher] Stitching contig_238:0-2913
[11:39:38 - Stitcher] Stitching contig_34:0-7772
[11:39:38 - Stitcher] Stitching contig_675:0-2332
[11:39:38 - Stitcher] Stitching contig_827:0-15147
[11:39:38 - Stitcher] Stitching contig_551:0-2812
[11:39:38 - Stitcher] Stitching contig_129:0-2499
[11:39:38 - Stitcher] Stitching contig_730:0-2528
[11:39:38 - Stitcher] Stitching contig_26:0-3001
[11:39:38 - Stitcher] Stitching contig_28:0-2427
[11:39:38 - Stitcher] Stitching contig_586:0-3047
[11:39:38 - Stitcher] Stitching contig_229:0-2885
[11:39:38 - Stitcher] Stitching contig_187:0-2312
[11:39:38 - Stitcher] Stitching contig_658:0-2977
[11:39:38 - Stitcher] Stitching contig_105:0-2499
[11:39:38 - Stitcher] Stitching contig_239:0-3272
[11:39:38 - Stitcher] Stitching contig_533:0-2577
[11:39:38 - Stitcher] Stitching contig_863:0-5281
[11:39:38 - Stitcher] Stitching contig_53:0-4368
[11:39:38 - Stitcher] Stitching contig_432:0-7312
[11:39:38 - Stitcher] Stitching contig_292:0-2253
[11:39:38 - Stitcher] Stitching contig_30:0-2426
[11:39:38 - Stitcher] Stitching contig_460:0-2607
[11:39:38 - Stitcher] Stitching contig_235:0-6098
[11:39:38 - Stitcher] Stitching contig_255:0-2865
[11:39:38 - Stitcher] Stitching contig_637:0-3023
[11:39:38 - Stitcher] Stitching contig_349:0-2664
[11:39:38 - Stitcher] Stitching contig_354:0-4252
[11:39:38 - Stitcher] Stitching contig_584:0-3003
[11:39:38 - Stitcher] Stitching contig_615:0-2627
[11:39:38 - Stitcher] Stitching contig_845:0-3622
[11:39:38 - Stitcher] Stitching contig_538:0-2390
[11:39:38 - Stitcher] Stitching contig_688:0-2466
[11:39:38 - Stitcher] Stitching contig_628:0-2644
[11:39:38 - Stitcher] Stitching contig_796:0-3515
[11:39:38 - Stitcher] Stitching contig_288:0-2392
[11:39:38 - Stitcher] Stitching contig_166:0-6102
[11:39:38 - Stitcher] Stitching contig_852:0-3737
[11:39:38 - Stitcher] Stitching contig_625:0-2446
[11:39:38 - Stitcher] Stitching contig_795:0-20975
[11:39:38 - Stitcher] Stitching contig_338:0-2560
