
Running self-nucmer on /data/djs217/PROJECTS/56_Vibrio_phaME/01_PhaME/08_workdir_pacinii/files/Vibrio_lamellibrachiae_JAMM2626.fna
[RUNNING:] nucmer --maxmatch --nosimplify --prefix=seq_seq2891280 /data/djs217/PROJECTS/56_Vibrio_phaME/01_PhaME/08_workdir_pacinii/files/Vibrio_lamellibrachiae_JAMM2626.fna /data/djs217/PROJECTS/56_Vibrio_phaME/01_PhaME/08_workdir_pacinii/files/Vibrio_lamellibrachiae_JAMM2626.fna 2>/dev/null
[RUNNING:] show-coords -r -I 97 -L 75 -T seq_seq2891280.delta | awk '$1 != $3 || $2 != $4 && $8==$9 {print}' > seq_seq2891280.coords

Running self-nucmer on /data/djs217/PROJECTS/56_Vibrio_phaME/01_PhaME/08_workdir_pacinii/files/Vibrio_cortegadensis_CECT_7227.fna
[RUNNING:] nucmer --maxmatch --nosimplify --prefix=seq_seq2891355 /data/djs217/PROJECTS/56_Vibrio_phaME/01_PhaME/08_workdir_pacinii/files/Vibrio_cortegadensis_CECT_7227.fna /data/djs217/PROJECTS/56_Vibrio_phaME/01_PhaME/08_workdir_pacinii/files/Vibrio_cortegadensis_CECT_7227.fna 2>/dev/null
[RUNNING:] show-coords -r -I 97 -L 75 -T seq_seq2891355.delta | awk '$1 != $3 || $2 != $4 && $8==$9 {print}' > seq_seq2891355.coords

Running self-nucmer on /data/djs217/PROJECTS/56_Vibrio_phaME/01_PhaME/08_workdir_pacinii/files/Vibrio_fluminensis_A621.fna
[RUNNING:] nucmer --maxmatch --nosimplify --prefix=seq_seq2891496 /data/djs217/PROJECTS/56_Vibrio_phaME/01_PhaME/08_workdir_pacinii/files/Vibrio_fluminensis_A621.fna /data/djs217/PROJECTS/56_Vibrio_phaME/01_PhaME/08_workdir_pacinii/files/Vibrio_fluminensis_A621.fna 2>/dev/null
[RUNNING:] show-coords -r -I 97 -L 75 -T seq_seq2891496.delta | awk '$1 != $3 || $2 != $4 && $8==$9 {print}' > seq_seq2891496.coords

Running self-nucmer on /data/djs217/PROJECTS/56_Vibrio_phaME/01_PhaME/08_workdir_pacinii/files/Vibrio_alfacsensis_CAIM_1831.fna
[RUNNING:] nucmer --maxmatch --nosimplify --prefix=seq_seq2891638 /data/djs217/PROJECTS/56_Vibrio_phaME/01_PhaME/08_workdir_pacinii/files/Vibrio_alfacsensis_CAIM_1831.fna /data/djs217/PROJECTS/56_Vibrio_phaME/01_PhaME/08_workdir_pacinii/files/Vibrio_alfacsensis_CAIM_1831.fna 2>/dev/null
[RUNNING:] show-coords -r -I 97 -L 75 -T seq_seq2891638.delta | awk '$1 != $3 || $2 != $4 && $8==$9 {print}' > seq_seq2891638.coords

Running self-nucmer on /data/djs217/PROJECTS/56_Vibrio_phaME/01_PhaME/08_workdir_pacinii/files/Vibrio_scophthalmi_LMG_19158.fna
[RUNNING:] nucmer --maxmatch --nosimplify --prefix=seq_seq2891757 /data/djs217/PROJECTS/56_Vibrio_phaME/01_PhaME/08_workdir_pacinii/files/Vibrio_scophthalmi_LMG_19158.fna /data/djs217/PROJECTS/56_Vibrio_phaME/01_PhaME/08_workdir_pacinii/files/Vibrio_scophthalmi_LMG_19158.fna 2>/dev/null
[RUNNING:] show-coords -r -I 97 -L 75 -T seq_seq2891757.delta | awk '$1 != $3 || $2 != $4 && $8==$9 {print}' > seq_seq2891757.coords

Running self-nucmer on /data/djs217/PROJECTS/56_Vibrio_phaME/01_PhaME/08_workdir_pacinii/files/Vibrio_xiamenensis_CGMCC_1_10228.fna
[RUNNING:] nucmer --maxmatch --nosimplify --prefix=seq_seq2891835 /data/djs217/PROJECTS/56_Vibrio_phaME/01_PhaME/08_workdir_pacinii/files/Vibrio_xiamenensis_CGMCC_1_10228.fna /data/djs217/PROJECTS/56_Vibrio_phaME/01_PhaME/08_workdir_pacinii/files/Vibrio_xiamenensis_CGMCC_1_10228.fna 2>/dev/null
[RUNNING:] show-coords -r -I 97 -L 75 -T seq_seq2891835.delta | awk '$1 != $3 || $2 != $4 && $8==$9 {print}' > seq_seq2891835.coords

Running self-nucmer on /data/djs217/PROJECTS/56_Vibrio_phaME/01_PhaME/08_workdir_pacinii/files/Vibrio_zhanjiangensis_NBRC_108723.fna
[RUNNING:] nucmer --maxmatch --nosimplify --prefix=seq_seq2891926 /data/djs217/PROJECTS/56_Vibrio_phaME/01_PhaME/08_workdir_pacinii/files/Vibrio_zhanjiangensis_NBRC_108723.fna /data/djs217/PROJECTS/56_Vibrio_phaME/01_PhaME/08_workdir_pacinii/files/Vibrio_zhanjiangensis_NBRC_108723.fna 2>/dev/null
[RUNNING:] show-coords -r -I 97 -L 75 -T seq_seq2891926.delta | awk '$1 != $3 || $2 != $4 && $8==$9 {print}' > seq_seq2891926.coords

Running self-nucmer on /data/djs217/PROJECTS/56_Vibrio_phaME/01_PhaME/08_workdir_pacinii/files/11813_EXE_29_2025_V_PBC74148_final.fna
[RUNNING:] nucmer --maxmatch --nosimplify --prefix=seq_seq2892001 /data/djs217/PROJECTS/56_Vibrio_phaME/01_PhaME/08_workdir_pacinii/files/11813_EXE_29_2025_V_PBC74148_final.fna /data/djs217/PROJECTS/56_Vibrio_phaME/01_PhaME/08_workdir_pacinii/files/11813_EXE_29_2025_V_PBC74148_final.fna 2>/dev/null
[RUNNING:] show-coords -r -I 97 -L 75 -T seq_seq2892001.delta | awk '$1 != $3 || $2 != $4 && $8==$9 {print}' > seq_seq2892001.coords

Running self-nucmer on /data/djs217/PROJECTS/56_Vibrio_phaME/01_PhaME/08_workdir_pacinii/files/Vibrio_pomeroyi_LMG_20537.fna
[RUNNING:] nucmer --maxmatch --nosimplify --prefix=seq_seq2892096 /data/djs217/PROJECTS/56_Vibrio_phaME/01_PhaME/08_workdir_pacinii/files/Vibrio_pomeroyi_LMG_20537.fna /data/djs217/PROJECTS/56_Vibrio_phaME/01_PhaME/08_workdir_pacinii/files/Vibrio_pomeroyi_LMG_20537.fna 2>/dev/null
[RUNNING:] show-coords -r -I 97 -L 75 -T seq_seq2892096.delta | awk '$1 != $3 || $2 != $4 && $8==$9 {print}' > seq_seq2892096.coords

Running self-nucmer on /data/djs217/PROJECTS/56_Vibrio_phaME/01_PhaME/08_workdir_pacinii/files/11813_EXE_30_2025_R_PBC74148_final.fna
[RUNNING:] nucmer --maxmatch --nosimplify --prefix=seq_seq2892228 /data/djs217/PROJECTS/56_Vibrio_phaME/01_PhaME/08_workdir_pacinii/files/11813_EXE_30_2025_R_PBC74148_final.fna /data/djs217/PROJECTS/56_Vibrio_phaME/01_PhaME/08_workdir_pacinii/files/11813_EXE_30_2025_R_PBC74148_final.fna 2>/dev/null
[RUNNING:] show-coords -r -I 97 -L 75 -T seq_seq2892228.delta | awk '$1 != $3 || $2 != $4 && $8==$9 {print}' > seq_seq2892228.coords

Running self-nucmer on /data/djs217/PROJECTS/56_Vibrio_phaME/01_PhaME/08_workdir_pacinii/files/11813_EXE_29_2025_K_PBC74148_final.fna
[RUNNING:] nucmer --maxmatch --nosimplify --prefix=seq_seq2892346 /data/djs217/PROJECTS/56_Vibrio_phaME/01_PhaME/08_workdir_pacinii/files/11813_EXE_29_2025_K_PBC74148_final.fna /data/djs217/PROJECTS/56_Vibrio_phaME/01_PhaME/08_workdir_pacinii/files/11813_EXE_29_2025_K_PBC74148_final.fna 2>/dev/null
[RUNNING:] show-coords -r -I 97 -L 75 -T seq_seq2892346.delta | awk '$1 != $3 || $2 != $4 && $8==$9 {print}' > seq_seq2892346.coords

Running self-nucmer on /data/djs217/PROJECTS/56_Vibrio_phaME/01_PhaME/08_workdir_pacinii/files/Vibrio_caribbeanicus_ATCC_BAA_2122.fna
[RUNNING:] nucmer --maxmatch --nosimplify --prefix=seq_seq2892456 /data/djs217/PROJECTS/56_Vibrio_phaME/01_PhaME/08_workdir_pacinii/files/Vibrio_caribbeanicus_ATCC_BAA_2122.fna /data/djs217/PROJECTS/56_Vibrio_phaME/01_PhaME/08_workdir_pacinii/files/Vibrio_caribbeanicus_ATCC_BAA_2122.fna 2>/dev/null
[RUNNING:] show-coords -r -I 97 -L 75 -T seq_seq2892456.delta | awk '$1 != $3 || $2 != $4 && $8==$9 {print}' > seq_seq2892456.coords

Running self-nucmer on /data/djs217/PROJECTS/56_Vibrio_phaME/01_PhaME/08_workdir_pacinii/files/Vibrio_owensii_DY05.fna
[RUNNING:] nucmer --maxmatch --nosimplify --prefix=seq_seq2892557 /data/djs217/PROJECTS/56_Vibrio_phaME/01_PhaME/08_workdir_pacinii/files/Vibrio_owensii_DY05.fna /data/djs217/PROJECTS/56_Vibrio_phaME/01_PhaME/08_workdir_pacinii/files/Vibrio_owensii_DY05.fna 2>/dev/null
[RUNNING:] show-coords -r -I 97 -L 75 -T seq_seq2892557.delta | awk '$1 != $3 || $2 != $4 && $8==$9 {print}' > seq_seq2892557.coords

Running self-nucmer on /data/djs217/PROJECTS/56_Vibrio_phaME/01_PhaME/08_workdir_pacinii/files/Vibrio_tetraodonis_A511.fna
[RUNNING:] nucmer --maxmatch --nosimplify --prefix=seq_seq2892669 /data/djs217/PROJECTS/56_Vibrio_phaME/01_PhaME/08_workdir_pacinii/files/Vibrio_tetraodonis_A511.fna /data/djs217/PROJECTS/56_Vibrio_phaME/01_PhaME/08_workdir_pacinii/files/Vibrio_tetraodonis_A511.fna 2>/dev/null
[RUNNING:] show-coords -r -I 97 -L 75 -T seq_seq2892669.delta | awk '$1 != $3 || $2 != $4 && $8==$9 {print}' > seq_seq2892669.coords

Running self-nucmer on /data/djs217/PROJECTS/56_Vibrio_phaME/01_PhaME/08_workdir_pacinii/files/Vibrio_crassostreae_LMG_22240.fna
[RUNNING:] nucmer --maxmatch --nosimplify --prefix=seq_seq2892743 /data/djs217/PROJECTS/56_Vibrio_phaME/01_PhaME/08_workdir_pacinii/files/Vibrio_crassostreae_LMG_22240.fna /data/djs217/PROJECTS/56_Vibrio_phaME/01_PhaME/08_workdir_pacinii/files/Vibrio_crassostreae_LMG_22240.fna 2>/dev/null
[RUNNING:] show-coords -r -I 97 -L 75 -T seq_seq2892743.delta | awk '$1 != $3 || $2 != $4 && $8==$9 {print}' > seq_seq2892743.coords

Running self-nucmer on /data/djs217/PROJECTS/56_Vibrio_phaME/01_PhaME/08_workdir_pacinii/files/Vibrio_nereis_DSM_19584.fna
[RUNNING:] nucmer --maxmatch --nosimplify --prefix=seq_seq2892839 /data/djs217/PROJECTS/56_Vibrio_phaME/01_PhaME/08_workdir_pacinii/files/Vibrio_nereis_DSM_19584.fna /data/djs217/PROJECTS/56_Vibrio_phaME/01_PhaME/08_workdir_pacinii/files/Vibrio_nereis_DSM_19584.fna 2>/dev/null
[RUNNING:] show-coords -r -I 97 -L 75 -T seq_seq2892839.delta | awk '$1 != $3 || $2 != $4 && $8==$9 {print}' > seq_seq2892839.coords

Running self-nucmer on /data/djs217/PROJECTS/56_Vibrio_phaME/01_PhaME/08_workdir_pacinii/files/11813_EXE_20_2024_J_PBC74148_final.fna
[RUNNING:] nucmer --maxmatch --nosimplify --prefix=seq_seq2892912 /data/djs217/PROJECTS/56_Vibrio_phaME/01_PhaME/08_workdir_pacinii/files/11813_EXE_20_2024_J_PBC74148_final.fna /data/djs217/PROJECTS/56_Vibrio_phaME/01_PhaME/08_workdir_pacinii/files/11813_EXE_20_2024_J_PBC74148_final.fna 2>/dev/null
[RUNNING:] show-coords -r -I 97 -L 75 -T seq_seq2892912.delta | awk '$1 != $3 || $2 != $4 && $8==$9 {print}' > seq_seq2892912.coords

Running self-nucmer on /data/djs217/PROJECTS/56_Vibrio_phaME/01_PhaME/08_workdir_pacinii/files/Vibrio_diabolicus_CNCM_I_1629.fna
[RUNNING:] nucmer --maxmatch --nosimplify --prefix=seq_seq2892984 /data/djs217/PROJECTS/56_Vibrio_phaME/01_PhaME/08_workdir_pacinii/files/Vibrio_diabolicus_CNCM_I_1629.fna /data/djs217/PROJECTS/56_Vibrio_phaME/01_PhaME/08_workdir_pacinii/files/Vibrio_diabolicus_CNCM_I_1629.fna 2>/dev/null
[RUNNING:] show-coords -r -I 97 -L 75 -T seq_seq2892984.delta | awk '$1 != $3 || $2 != $4 && $8==$9 {print}' > seq_seq2892984.coords

Running self-nucmer on /data/djs217/PROJECTS/56_Vibrio_phaME/01_PhaME/08_workdir_pacinii/files/Vibrio_rhizosphaerae_LMG_23790.fna
[RUNNING:] nucmer --maxmatch --nosimplify --prefix=seq_seq2893047 /data/djs217/PROJECTS/56_Vibrio_phaME/01_PhaME/08_workdir_pacinii/files/Vibrio_rhizosphaerae_LMG_23790.fna /data/djs217/PROJECTS/56_Vibrio_phaME/01_PhaME/08_workdir_pacinii/files/Vibrio_rhizosphaerae_LMG_23790.fna 2>/dev/null
[RUNNING:] show-coords -r -I 97 -L 75 -T seq_seq2893047.delta | awk '$1 != $3 || $2 != $4 && $8==$9 {print}' > seq_seq2893047.coords

Running self-nucmer on /data/djs217/PROJECTS/56_Vibrio_phaME/01_PhaME/08_workdir_pacinii/files/Vibrio_proteolyticus_ATCC_15338.fna
[RUNNING:] nucmer --maxmatch --nosimplify --prefix=seq_seq2893170 /data/djs217/PROJECTS/56_Vibrio_phaME/01_PhaME/08_workdir_pacinii/files/Vibrio_proteolyticus_ATCC_15338.fna /data/djs217/PROJECTS/56_Vibrio_phaME/01_PhaME/08_workdir_pacinii/files/Vibrio_proteolyticus_ATCC_15338.fna 2>/dev/null
[RUNNING:] show-coords -r -I 97 -L 75 -T seq_seq2893170.delta | awk '$1 != $3 || $2 != $4 && $8==$9 {print}' > seq_seq2893170.coords

Running self-nucmer on /data/djs217/PROJECTS/56_Vibrio_phaME/01_PhaME/08_workdir_pacinii/files/11813_EXE_30_2025_L_PBC74148_final.fna
[RUNNING:] nucmer --maxmatch --nosimplify --prefix=seq_seq2893229 /data/djs217/PROJECTS/56_Vibrio_phaME/01_PhaME/08_workdir_pacinii/files/11813_EXE_30_2025_L_PBC74148_final.fna /data/djs217/PROJECTS/56_Vibrio_phaME/01_PhaME/08_workdir_pacinii/files/11813_EXE_30_2025_L_PBC74148_final.fna 2>/dev/null
[RUNNING:] show-coords -r -I 97 -L 75 -T seq_seq2893229.delta | awk '$1 != $3 || $2 != $4 && $8==$9 {print}' > seq_seq2893229.coords

Running self-nucmer on /data/djs217/PROJECTS/56_Vibrio_phaME/01_PhaME/08_workdir_pacinii/files/11813_EXE_09_2024_B_PBC74148_final.fna
[RUNNING:] nucmer --maxmatch --nosimplify --prefix=seq_seq2893331 /data/djs217/PROJECTS/56_Vibrio_phaME/01_PhaME/08_workdir_pacinii/files/11813_EXE_09_2024_B_PBC74148_final.fna /data/djs217/PROJECTS/56_Vibrio_phaME/01_PhaME/08_workdir_pacinii/files/11813_EXE_09_2024_B_PBC74148_final.fna 2>/dev/null
[RUNNING:] show-coords -r -I 97 -L 75 -T seq_seq2893331.delta | awk '$1 != $3 || $2 != $4 && $8==$9 {print}' > seq_seq2893331.coords

Running self-nucmer on /data/djs217/PROJECTS/56_Vibrio_phaME/01_PhaME/08_workdir_pacinii/files/11813_EX_23_2024_K_PBC74148_final.fna
[RUNNING:] nucmer --maxmatch --nosimplify --prefix=seq_seq2893424 /data/djs217/PROJECTS/56_Vibrio_phaME/01_PhaME/08_workdir_pacinii/files/11813_EX_23_2024_K_PBC74148_final.fna /data/djs217/PROJECTS/56_Vibrio_phaME/01_PhaME/08_workdir_pacinii/files/11813_EX_23_2024_K_PBC74148_final.fna 2>/dev/null
[RUNNING:] show-coords -r -I 97 -L 75 -T seq_seq2893424.delta | awk '$1 != $3 || $2 != $4 && $8==$9 {print}' > seq_seq2893424.coords

Running self-nucmer on /data/djs217/PROJECTS/56_Vibrio_phaME/01_PhaME/08_workdir_pacinii/files/11813_EXE_28_2025_W_PBC74148_final.fna
[RUNNING:] nucmer --maxmatch --nosimplify --prefix=seq_seq2893532 /data/djs217/PROJECTS/56_Vibrio_phaME/01_PhaME/08_workdir_pacinii/files/11813_EXE_28_2025_W_PBC74148_final.fna /data/djs217/PROJECTS/56_Vibrio_phaME/01_PhaME/08_workdir_pacinii/files/11813_EXE_28_2025_W_PBC74148_final.fna 2>/dev/null
[RUNNING:] show-coords -r -I 97 -L 75 -T seq_seq2893532.delta | awk '$1 != $3 || $2 != $4 && $8==$9 {print}' > seq_seq2893532.coords

Running self-nucmer on /data/djs217/PROJECTS/56_Vibrio_phaME/01_PhaME/08_workdir_pacinii/files/EXE_01_2025_M_final.fna
[RUNNING:] nucmer --maxmatch --nosimplify --prefix=seq_seq2893639 /data/djs217/PROJECTS/56_Vibrio_phaME/01_PhaME/08_workdir_pacinii/files/EXE_01_2025_M_final.fna /data/djs217/PROJECTS/56_Vibrio_phaME/01_PhaME/08_workdir_pacinii/files/EXE_01_2025_M_final.fna 2>/dev/null
[RUNNING:] show-coords -r -I 97 -L 75 -T seq_seq2893639.delta | awk '$1 != $3 || $2 != $4 && $8==$9 {print}' > seq_seq2893639.coords

Running self-nucmer on /data/djs217/PROJECTS/56_Vibrio_phaME/01_PhaME/08_workdir_pacinii/files/Vibrio_anguillarum_NCTC12159.fna
[RUNNING:] nucmer --maxmatch --nosimplify --prefix=seq_seq2893730 /data/djs217/PROJECTS/56_Vibrio_phaME/01_PhaME/08_workdir_pacinii/files/Vibrio_anguillarum_NCTC12159.fna /data/djs217/PROJECTS/56_Vibrio_phaME/01_PhaME/08_workdir_pacinii/files/Vibrio_anguillarum_NCTC12159.fna 2>/dev/null
[RUNNING:] show-coords -r -I 97 -L 75 -T seq_seq2893730.delta | awk '$1 != $3 || $2 != $4 && $8==$9 {print}' > seq_seq2893730.coords

Running self-nucmer on /data/djs217/PROJECTS/56_Vibrio_phaME/01_PhaME/08_workdir_pacinii/files/Vibrio_marisflavi_CECT_7928.fna
[RUNNING:] nucmer --maxmatch --nosimplify --prefix=seq_seq2893849 /data/djs217/PROJECTS/56_Vibrio_phaME/01_PhaME/08_workdir_pacinii/files/Vibrio_marisflavi_CECT_7928.fna /data/djs217/PROJECTS/56_Vibrio_phaME/01_PhaME/08_workdir_pacinii/files/Vibrio_marisflavi_CECT_7928.fna 2>/dev/null
[RUNNING:] show-coords -r -I 97 -L 75 -T seq_seq2893849.delta | awk '$1 != $3 || $2 != $4 && $8==$9 {print}' > seq_seq2893849.coords

Running self-nucmer on /data/djs217/PROJECTS/56_Vibrio_phaME/01_PhaME/08_workdir_pacinii/files/EXE_33_2024_E_final.fna
[RUNNING:] nucmer --maxmatch --nosimplify --prefix=seq_seq2893927 /data/djs217/PROJECTS/56_Vibrio_phaME/01_PhaME/08_workdir_pacinii/files/EXE_33_2024_E_final.fna /data/djs217/PROJECTS/56_Vibrio_phaME/01_PhaME/08_workdir_pacinii/files/EXE_33_2024_E_final.fna 2>/dev/null
[RUNNING:] show-coords -r -I 97 -L 75 -T seq_seq2893927.delta | awk '$1 != $3 || $2 != $4 && $8==$9 {print}' > seq_seq2893927.coords

Running self-nucmer on /data/djs217/PROJECTS/56_Vibrio_phaME/01_PhaME/08_workdir_pacinii/files/Vibrio_galatheae_S2757.fna
[RUNNING:] nucmer --maxmatch --nosimplify --prefix=seq_seq2894026 /data/djs217/PROJECTS/56_Vibrio_phaME/01_PhaME/08_workdir_pacinii/files/Vibrio_galatheae_S2757.fna /data/djs217/PROJECTS/56_Vibrio_phaME/01_PhaME/08_workdir_pacinii/files/Vibrio_galatheae_S2757.fna 2>/dev/null
[RUNNING:] show-coords -r -I 97 -L 75 -T seq_seq2894026.delta | awk '$1 != $3 || $2 != $4 && $8==$9 {print}' > seq_seq2894026.coords

Running self-nucmer on /data/djs217/PROJECTS/56_Vibrio_phaME/01_PhaME/08_workdir_pacinii/files/11813_EXE22_2025_IVF5LA_PBC74148_final.fna
[RUNNING:] nucmer --maxmatch --nosimplify --prefix=seq_seq2894098 /data/djs217/PROJECTS/56_Vibrio_phaME/01_PhaME/08_workdir_pacinii/files/11813_EXE22_2025_IVF5LA_PBC74148_final.fna /data/djs217/PROJECTS/56_Vibrio_phaME/01_PhaME/08_workdir_pacinii/files/11813_EXE22_2025_IVF5LA_PBC74148_final.fna 2>/dev/null
[RUNNING:] show-coords -r -I 97 -L 75 -T seq_seq2894098.delta | awk '$1 != $3 || $2 != $4 && $8==$9 {print}' > seq_seq2894098.coords

Running self-nucmer on /data/djs217/PROJECTS/56_Vibrio_phaME/01_PhaME/08_workdir_pacinii/files/Vibrio_clamense_JAMM0920.fna
[RUNNING:] nucmer --maxmatch --nosimplify --prefix=seq_seq2894226 /data/djs217/PROJECTS/56_Vibrio_phaME/01_PhaME/08_workdir_pacinii/files/Vibrio_clamense_JAMM0920.fna /data/djs217/PROJECTS/56_Vibrio_phaME/01_PhaME/08_workdir_pacinii/files/Vibrio_clamense_JAMM0920.fna 2>/dev/null
[RUNNING:] show-coords -r -I 97 -L 75 -T seq_seq2894226.delta | awk '$1 != $3 || $2 != $4 && $8==$9 {print}' > seq_seq2894226.coords

Running self-nucmer on /data/djs217/PROJECTS/56_Vibrio_phaME/01_PhaME/08_workdir_pacinii/files/11813_EXE_03_2025_A_PBC74148_final.fna
[RUNNING:] nucmer --maxmatch --nosimplify --prefix=seq_seq2894414 /data/djs217/PROJECTS/56_Vibrio_phaME/01_PhaME/08_workdir_pacinii/files/11813_EXE_03_2025_A_PBC74148_final.fna /data/djs217/PROJECTS/56_Vibrio_phaME/01_PhaME/08_workdir_pacinii/files/11813_EXE_03_2025_A_PBC74148_final.fna 2>/dev/null
[RUNNING:] show-coords -r -I 97 -L 75 -T seq_seq2894414.delta | awk '$1 != $3 || $2 != $4 && $8==$9 {print}' > seq_seq2894414.coords

Running self-nucmer on /data/djs217/PROJECTS/56_Vibrio_phaME/01_PhaME/08_workdir_pacinii/files/Vibrio_kyushuensis_JAMM1822.fna
[RUNNING:] nucmer --maxmatch --nosimplify --prefix=seq_seq2894463 /data/djs217/PROJECTS/56_Vibrio_phaME/01_PhaME/08_workdir_pacinii/files/Vibrio_kyushuensis_JAMM1822.fna /data/djs217/PROJECTS/56_Vibrio_phaME/01_PhaME/08_workdir_pacinii/files/Vibrio_kyushuensis_JAMM1822.fna 2>/dev/null
[RUNNING:] show-coords -r -I 97 -L 75 -T seq_seq2894463.delta | awk '$1 != $3 || $2 != $4 && $8==$9 {print}' > seq_seq2894463.coords

Running self-nucmer on /data/djs217/PROJECTS/56_Vibrio_phaME/01_PhaME/08_workdir_pacinii/files/Vibrio_chanodichtyis_DSL_7.fna
[RUNNING:] nucmer --maxmatch --nosimplify --prefix=seq_seq2894531 /data/djs217/PROJECTS/56_Vibrio_phaME/01_PhaME/08_workdir_pacinii/files/Vibrio_chanodichtyis_DSL_7.fna /data/djs217/PROJECTS/56_Vibrio_phaME/01_PhaME/08_workdir_pacinii/files/Vibrio_chanodichtyis_DSL_7.fna 2>/dev/null
[RUNNING:] show-coords -r -I 97 -L 75 -T seq_seq2894531.delta | awk '$1 != $3 || $2 != $4 && $8==$9 {print}' > seq_seq2894531.coords

Running self-nucmer on /data/djs217/PROJECTS/56_Vibrio_phaME/01_PhaME/08_workdir_pacinii/files/Vibrio_campbellii_CAIM_519.fna
[RUNNING:] nucmer --maxmatch --nosimplify --prefix=seq_seq2894588 /data/djs217/PROJECTS/56_Vibrio_phaME/01_PhaME/08_workdir_pacinii/files/Vibrio_campbellii_CAIM_519.fna /data/djs217/PROJECTS/56_Vibrio_phaME/01_PhaME/08_workdir_pacinii/files/Vibrio_campbellii_CAIM_519.fna 2>/dev/null
[RUNNING:] show-coords -r -I 97 -L 75 -T seq_seq2894588.delta | awk '$1 != $3 || $2 != $4 && $8==$9 {print}' > seq_seq2894588.coords

Running self-nucmer on /data/djs217/PROJECTS/56_Vibrio_phaME/01_PhaME/08_workdir_pacinii/files/Vibrio_halioticoli_IAM_14596.fna
[RUNNING:] nucmer --maxmatch --nosimplify --prefix=seq_seq2894658 /data/djs217/PROJECTS/56_Vibrio_phaME/01_PhaME/08_workdir_pacinii/files/Vibrio_halioticoli_IAM_14596.fna /data/djs217/PROJECTS/56_Vibrio_phaME/01_PhaME/08_workdir_pacinii/files/Vibrio_halioticoli_IAM_14596.fna 2>/dev/null
[RUNNING:] show-coords -r -I 97 -L 75 -T seq_seq2894658.delta | awk '$1 != $3 || $2 != $4 && $8==$9 {print}' > seq_seq2894658.coords

Running self-nucmer on /data/djs217/PROJECTS/56_Vibrio_phaME/01_PhaME/08_workdir_pacinii/files/Vibrio_rotiferianus_CAIM_577.fna
[RUNNING:] nucmer --maxmatch --nosimplify --prefix=seq_seq2894759 /data/djs217/PROJECTS/56_Vibrio_phaME/01_PhaME/08_workdir_pacinii/files/Vibrio_rotiferianus_CAIM_577.fna /data/djs217/PROJECTS/56_Vibrio_phaME/01_PhaME/08_workdir_pacinii/files/Vibrio_rotiferianus_CAIM_577.fna 2>/dev/null
[RUNNING:] show-coords -r -I 97 -L 75 -T seq_seq2894759.delta | awk '$1 != $3 || $2 != $4 && $8==$9 {print}' > seq_seq2894759.coords

Running self-nucmer on /data/djs217/PROJECTS/56_Vibrio_phaME/01_PhaME/08_workdir_pacinii/files/Vibrio_paracholerae_EDC_792.fna
[RUNNING:] nucmer --maxmatch --nosimplify --prefix=seq_seq2894871 /data/djs217/PROJECTS/56_Vibrio_phaME/01_PhaME/08_workdir_pacinii/files/Vibrio_paracholerae_EDC_792.fna /data/djs217/PROJECTS/56_Vibrio_phaME/01_PhaME/08_workdir_pacinii/files/Vibrio_paracholerae_EDC_792.fna 2>/dev/null
[RUNNING:] show-coords -r -I 97 -L 75 -T seq_seq2894871.delta | awk '$1 != $3 || $2 != $4 && $8==$9 {print}' > seq_seq2894871.coords

Running self-nucmer on /data/djs217/PROJECTS/56_Vibrio_phaME/01_PhaME/08_workdir_pacinii/files/Vibrio_lentus_40M4T.fna
[RUNNING:] nucmer --maxmatch --nosimplify --prefix=seq_seq2894993 /data/djs217/PROJECTS/56_Vibrio_phaME/01_PhaME/08_workdir_pacinii/files/Vibrio_lentus_40M4T.fna /data/djs217/PROJECTS/56_Vibrio_phaME/01_PhaME/08_workdir_pacinii/files/Vibrio_lentus_40M4T.fna 2>/dev/null
[RUNNING:] show-coords -r -I 97 -L 75 -T seq_seq2894993.delta | awk '$1 != $3 || $2 != $4 && $8==$9 {print}' > seq_seq2894993.coords

Running self-nucmer on /data/djs217/PROJECTS/56_Vibrio_phaME/01_PhaME/08_workdir_pacinii/files/11813_EXE_26_2025_C_PBC74148_final.fna
[RUNNING:] nucmer --maxmatch --nosimplify --prefix=seq_seq2895102 /data/djs217/PROJECTS/56_Vibrio_phaME/01_PhaME/08_workdir_pacinii/files/11813_EXE_26_2025_C_PBC74148_final.fna /data/djs217/PROJECTS/56_Vibrio_phaME/01_PhaME/08_workdir_pacinii/files/11813_EXE_26_2025_C_PBC74148_final.fna 2>/dev/null
[RUNNING:] show-coords -r -I 97 -L 75 -T seq_seq2895102.delta | awk '$1 != $3 || $2 != $4 && $8==$9 {print}' > seq_seq2895102.coords

Running self-nucmer on /data/djs217/PROJECTS/56_Vibrio_phaME/01_PhaME/08_workdir_pacinii/files/11813_EXE_33_2024_F_PBC74148_final.fna
[RUNNING:] nucmer --maxmatch --nosimplify --prefix=seq_seq2895232 /data/djs217/PROJECTS/56_Vibrio_phaME/01_PhaME/08_workdir_pacinii/files/11813_EXE_33_2024_F_PBC74148_final.fna /data/djs217/PROJECTS/56_Vibrio_phaME/01_PhaME/08_workdir_pacinii/files/11813_EXE_33_2024_F_PBC74148_final.fna 2>/dev/null
[RUNNING:] show-coords -r -I 97 -L 75 -T seq_seq2895232.delta | awk '$1 != $3 || $2 != $4 && $8==$9 {print}' > seq_seq2895232.coords

Running self-nucmer on /data/djs217/PROJECTS/56_Vibrio_phaME/01_PhaME/08_workdir_pacinii/files/Vibrio_chemaguriensis_Iso1.fna
[RUNNING:] nucmer --maxmatch --nosimplify --prefix=seq_seq2895320 /data/djs217/PROJECTS/56_Vibrio_phaME/01_PhaME/08_workdir_pacinii/files/Vibrio_chemaguriensis_Iso1.fna /data/djs217/PROJECTS/56_Vibrio_phaME/01_PhaME/08_workdir_pacinii/files/Vibrio_chemaguriensis_Iso1.fna 2>/dev/null
[RUNNING:] show-coords -r -I 97 -L 75 -T seq_seq2895320.delta | awk '$1 != $3 || $2 != $4 && $8==$9 {print}' > seq_seq2895320.coords

Running self-nucmer on /data/djs217/PROJECTS/56_Vibrio_phaME/01_PhaME/08_workdir_pacinii/files/Vibrio_inusitatus_LMG_23434.fna
[RUNNING:] nucmer --maxmatch --nosimplify --prefix=seq_seq2895403 /data/djs217/PROJECTS/56_Vibrio_phaME/01_PhaME/08_workdir_pacinii/files/Vibrio_inusitatus_LMG_23434.fna /data/djs217/PROJECTS/56_Vibrio_phaME/01_PhaME/08_workdir_pacinii/files/Vibrio_inusitatus_LMG_23434.fna 2>/dev/null
[RUNNING:] show-coords -r -I 97 -L 75 -T seq_seq2895403.delta | awk '$1 != $3 || $2 != $4 && $8==$9 {print}' > seq_seq2895403.coords

Running self-nucmer on /data/djs217/PROJECTS/56_Vibrio_phaME/01_PhaME/08_workdir_pacinii/files/Vibrio_ulleungensis_188UL20_2.fna
[RUNNING:] nucmer --maxmatch --nosimplify --prefix=seq_seq2895483 /data/djs217/PROJECTS/56_Vibrio_phaME/01_PhaME/08_workdir_pacinii/files/Vibrio_ulleungensis_188UL20_2.fna /data/djs217/PROJECTS/56_Vibrio_phaME/01_PhaME/08_workdir_pacinii/files/Vibrio_ulleungensis_188UL20_2.fna 2>/dev/null
[RUNNING:] show-coords -r -I 97 -L 75 -T seq_seq2895483.delta | awk '$1 != $3 || $2 != $4 && $8==$9 {print}' > seq_seq2895483.coords

Running self-nucmer on /data/djs217/PROJECTS/56_Vibrio_phaME/01_PhaME/08_workdir_pacinii/files/Vibrio_gallaecicus_CECT_7244.fna
[RUNNING:] nucmer --maxmatch --nosimplify --prefix=seq_seq2895531 /data/djs217/PROJECTS/56_Vibrio_phaME/01_PhaME/08_workdir_pacinii/files/Vibrio_gallaecicus_CECT_7244.fna /data/djs217/PROJECTS/56_Vibrio_phaME/01_PhaME/08_workdir_pacinii/files/Vibrio_gallaecicus_CECT_7244.fna 2>/dev/null
[RUNNING:] show-coords -r -I 97 -L 75 -T seq_seq2895531.delta | awk '$1 != $3 || $2 != $4 && $8==$9 {print}' > seq_seq2895531.coords

Running self-nucmer on /data/djs217/PROJECTS/56_Vibrio_phaME/01_PhaME/08_workdir_pacinii/files/Vibrio_pelagius_ATCC_25916.fna
[RUNNING:] nucmer --maxmatch --nosimplify --prefix=seq_seq2895663 /data/djs217/PROJECTS/56_Vibrio_phaME/01_PhaME/08_workdir_pacinii/files/Vibrio_pelagius_ATCC_25916.fna /data/djs217/PROJECTS/56_Vibrio_phaME/01_PhaME/08_workdir_pacinii/files/Vibrio_pelagius_ATCC_25916.fna 2>/dev/null
[RUNNING:] show-coords -r -I 97 -L 75 -T seq_seq2895663.delta | awk '$1 != $3 || $2 != $4 && $8==$9 {print}' > seq_seq2895663.coords

Running self-nucmer on /data/djs217/PROJECTS/56_Vibrio_phaME/01_PhaME/08_workdir_pacinii/files/11813_EXE_22_2025_DG1LF_PBC7_final.fna
[RUNNING:] nucmer --maxmatch --nosimplify --prefix=seq_seq2895757 /data/djs217/PROJECTS/56_Vibrio_phaME/01_PhaME/08_workdir_pacinii/files/11813_EXE_22_2025_DG1LF_PBC7_final.fna /data/djs217/PROJECTS/56_Vibrio_phaME/01_PhaME/08_workdir_pacinii/files/11813_EXE_22_2025_DG1LF_PBC7_final.fna 2>/dev/null
[RUNNING:] show-coords -r -I 97 -L 75 -T seq_seq2895757.delta | awk '$1 != $3 || $2 != $4 && $8==$9 {print}' > seq_seq2895757.coords

Running self-nucmer on /data/djs217/PROJECTS/56_Vibrio_phaME/01_PhaME/08_workdir_pacinii/files/11671_EXE_02_2024_3B2_unicycler.fna
[RUNNING:] nucmer --maxmatch --nosimplify --prefix=seq_seq2895907 /data/djs217/PROJECTS/56_Vibrio_phaME/01_PhaME/08_workdir_pacinii/files/11671_EXE_02_2024_3B2_unicycler.fna /data/djs217/PROJECTS/56_Vibrio_phaME/01_PhaME/08_workdir_pacinii/files/11671_EXE_02_2024_3B2_unicycler.fna 2>/dev/null
[RUNNING:] show-coords -r -I 97 -L 75 -T seq_seq2895907.delta | awk '$1 != $3 || $2 != $4 && $8==$9 {print}' > seq_seq2895907.coords

Running self-nucmer on /data/djs217/PROJECTS/56_Vibrio_phaME/01_PhaME/08_workdir_pacinii/files/Vibrio_hepatarius_DSM_19134.fna
[RUNNING:] nucmer --maxmatch --nosimplify --prefix=seq_seq2896008 /data/djs217/PROJECTS/56_Vibrio_phaME/01_PhaME/08_workdir_pacinii/files/Vibrio_hepatarius_DSM_19134.fna /data/djs217/PROJECTS/56_Vibrio_phaME/01_PhaME/08_workdir_pacinii/files/Vibrio_hepatarius_DSM_19134.fna 2>/dev/null
[RUNNING:] show-coords -r -I 97 -L 75 -T seq_seq2896008.delta | awk '$1 != $3 || $2 != $4 && $8==$9 {print}' > seq_seq2896008.coords

Running self-nucmer on /data/djs217/PROJECTS/56_Vibrio_phaME/01_PhaME/08_workdir_pacinii/files/Vibrio_maerlii_G62.fna
[RUNNING:] nucmer --maxmatch --nosimplify --prefix=seq_seq2896075 /data/djs217/PROJECTS/56_Vibrio_phaME/01_PhaME/08_workdir_pacinii/files/Vibrio_maerlii_G62.fna /data/djs217/PROJECTS/56_Vibrio_phaME/01_PhaME/08_workdir_pacinii/files/Vibrio_maerlii_G62.fna 2>/dev/null
[RUNNING:] show-coords -r -I 97 -L 75 -T seq_seq2896075.delta | awk '$1 != $3 || $2 != $4 && $8==$9 {print}' > seq_seq2896075.coords

Running self-nucmer on /data/djs217/PROJECTS/56_Vibrio_phaME/01_PhaME/08_workdir_pacinii/files/Vibrio_sinaloensis_CECT_7298.fna
[RUNNING:] nucmer --maxmatch --nosimplify --prefix=seq_seq2896291 /data/djs217/PROJECTS/56_Vibrio_phaME/01_PhaME/08_workdir_pacinii/files/Vibrio_sinaloensis_CECT_7298.fna /data/djs217/PROJECTS/56_Vibrio_phaME/01_PhaME/08_workdir_pacinii/files/Vibrio_sinaloensis_CECT_7298.fna 2>/dev/null
[RUNNING:] show-coords -r -I 97 -L 75 -T seq_seq2896291.delta | awk '$1 != $3 || $2 != $4 && $8==$9 {print}' > seq_seq2896291.coords

Running self-nucmer on /data/djs217/PROJECTS/56_Vibrio_phaME/01_PhaME/08_workdir_pacinii/files/Vibrio_casei_DSM_22364.fna
[RUNNING:] nucmer --maxmatch --nosimplify --prefix=seq_seq2896381 /data/djs217/PROJECTS/56_Vibrio_phaME/01_PhaME/08_workdir_pacinii/files/Vibrio_casei_DSM_22364.fna /data/djs217/PROJECTS/56_Vibrio_phaME/01_PhaME/08_workdir_pacinii/files/Vibrio_casei_DSM_22364.fna 2>/dev/null
[RUNNING:] show-coords -r -I 97 -L 75 -T seq_seq2896381.delta | awk '$1 != $3 || $2 != $4 && $8==$9 {print}' > seq_seq2896381.coords

Running self-nucmer on /data/djs217/PROJECTS/56_Vibrio_phaME/01_PhaME/08_workdir_pacinii/files/11813_EXE_23_2025_L_PBC74148_final.fna
[RUNNING:] nucmer --maxmatch --nosimplify --prefix=seq_seq2896457 /data/djs217/PROJECTS/56_Vibrio_phaME/01_PhaME/08_workdir_pacinii/files/11813_EXE_23_2025_L_PBC74148_final.fna /data/djs217/PROJECTS/56_Vibrio_phaME/01_PhaME/08_workdir_pacinii/files/11813_EXE_23_2025_L_PBC74148_final.fna 2>/dev/null
[RUNNING:] show-coords -r -I 97 -L 75 -T seq_seq2896457.delta | awk '$1 != $3 || $2 != $4 && $8==$9 {print}' > seq_seq2896457.coords

Running self-nucmer on /data/djs217/PROJECTS/56_Vibrio_phaME/01_PhaME/08_workdir_pacinii/files/Vibrio_mimicus_NCTC11435.fna
[RUNNING:] nucmer --maxmatch --nosimplify --prefix=seq_seq2896569 /data/djs217/PROJECTS/56_Vibrio_phaME/01_PhaME/08_workdir_pacinii/files/Vibrio_mimicus_NCTC11435.fna /data/djs217/PROJECTS/56_Vibrio_phaME/01_PhaME/08_workdir_pacinii/files/Vibrio_mimicus_NCTC11435.fna 2>/dev/null
[RUNNING:] show-coords -r -I 97 -L 75 -T seq_seq2896569.delta | awk '$1 != $3 || $2 != $4 && $8==$9 {print}' > seq_seq2896569.coords

Running self-nucmer on /data/djs217/PROJECTS/56_Vibrio_phaME/01_PhaME/08_workdir_pacinii/files/Vibrio_tapetis_subsp__quintayensis_CECT_8851.fna
[RUNNING:] nucmer --maxmatch --nosimplify --prefix=seq_seq2896830 /data/djs217/PROJECTS/56_Vibrio_phaME/01_PhaME/08_workdir_pacinii/files/Vibrio_tapetis_subsp__quintayensis_CECT_8851.fna /data/djs217/PROJECTS/56_Vibrio_phaME/01_PhaME/08_workdir_pacinii/files/Vibrio_tapetis_subsp__quintayensis_CECT_8851.fna 2>/dev/null
[RUNNING:] show-coords -r -I 97 -L 75 -T seq_seq2896830.delta | awk '$1 != $3 || $2 != $4 && $8==$9 {print}' > seq_seq2896830.coords

Running self-nucmer on /data/djs217/PROJECTS/56_Vibrio_phaME/01_PhaME/08_workdir_pacinii/files/Vibrio_tasmaniensis_LMG_20012.fna
[RUNNING:] nucmer --maxmatch --nosimplify --prefix=seq_seq2896938 /data/djs217/PROJECTS/56_Vibrio_phaME/01_PhaME/08_workdir_pacinii/files/Vibrio_tasmaniensis_LMG_20012.fna /data/djs217/PROJECTS/56_Vibrio_phaME/01_PhaME/08_workdir_pacinii/files/Vibrio_tasmaniensis_LMG_20012.fna 2>/dev/null
[RUNNING:] show-coords -r -I 97 -L 75 -T seq_seq2896938.delta | awk '$1 != $3 || $2 != $4 && $8==$9 {print}' > seq_seq2896938.coords

Running self-nucmer on /data/djs217/PROJECTS/56_Vibrio_phaME/01_PhaME/08_workdir_pacinii/files/11813_EXE_33_2024_E_PBC74148_final.fna
[RUNNING:] nucmer --maxmatch --nosimplify --prefix=seq_seq2897069 /data/djs217/PROJECTS/56_Vibrio_phaME/01_PhaME/08_workdir_pacinii/files/11813_EXE_33_2024_E_PBC74148_final.fna /data/djs217/PROJECTS/56_Vibrio_phaME/01_PhaME/08_workdir_pacinii/files/11813_EXE_33_2024_E_PBC74148_final.fna 2>/dev/null
[RUNNING:] show-coords -r -I 97 -L 75 -T seq_seq2897069.delta | awk '$1 != $3 || $2 != $4 && $8==$9 {print}' > seq_seq2897069.coords

Running self-nucmer on /data/djs217/PROJECTS/56_Vibrio_phaME/01_PhaME/08_workdir_pacinii/files/Vibrio_fluvialis_ATCC_33809.fna
[RUNNING:] nucmer --maxmatch --nosimplify --prefix=seq_seq2897170 /data/djs217/PROJECTS/56_Vibrio_phaME/01_PhaME/08_workdir_pacinii/files/Vibrio_fluvialis_ATCC_33809.fna /data/djs217/PROJECTS/56_Vibrio_phaME/01_PhaME/08_workdir_pacinii/files/Vibrio_fluvialis_ATCC_33809.fna 2>/dev/null
[RUNNING:] show-coords -r -I 97 -L 75 -T seq_seq2897170.delta | awk '$1 != $3 || $2 != $4 && $8==$9 {print}' > seq_seq2897170.coords

Running self-nucmer on /data/djs217/PROJECTS/56_Vibrio_phaME/01_PhaME/08_workdir_pacinii/files/Vibrio_chagasii_LMG_21353.fna
[RUNNING:] nucmer --maxmatch --nosimplify --prefix=seq_seq2897243 /data/djs217/PROJECTS/56_Vibrio_phaME/01_PhaME/08_workdir_pacinii/files/Vibrio_chagasii_LMG_21353.fna /data/djs217/PROJECTS/56_Vibrio_phaME/01_PhaME/08_workdir_pacinii/files/Vibrio_chagasii_LMG_21353.fna 2>/dev/null
[RUNNING:] show-coords -r -I 97 -L 75 -T seq_seq2897243.delta | awk '$1 != $3 || $2 != $4 && $8==$9 {print}' > seq_seq2897243.coords

Running self-nucmer on /data/djs217/PROJECTS/56_Vibrio_phaME/01_PhaME/08_workdir_pacinii/files/Vibrio_apostichopi_FE10.fna
[RUNNING:] nucmer --maxmatch --nosimplify --prefix=seq_seq2897364 /data/djs217/PROJECTS/56_Vibrio_phaME/01_PhaME/08_workdir_pacinii/files/Vibrio_apostichopi_FE10.fna /data/djs217/PROJECTS/56_Vibrio_phaME/01_PhaME/08_workdir_pacinii/files/Vibrio_apostichopi_FE10.fna 2>/dev/null
[RUNNING:] show-coords -r -I 97 -L 75 -T seq_seq2897364.delta | awk '$1 != $3 || $2 != $4 && $8==$9 {print}' > seq_seq2897364.coords

Running self-nucmer on /data/djs217/PROJECTS/56_Vibrio_phaME/01_PhaME/08_workdir_pacinii/files/Vibrio_orientalis_CIP_102891.fna
[RUNNING:] nucmer --maxmatch --nosimplify --prefix=seq_seq2897481 /data/djs217/PROJECTS/56_Vibrio_phaME/01_PhaME/08_workdir_pacinii/files/Vibrio_orientalis_CIP_102891.fna /data/djs217/PROJECTS/56_Vibrio_phaME/01_PhaME/08_workdir_pacinii/files/Vibrio_orientalis_CIP_102891.fna 2>/dev/null
[RUNNING:] show-coords -r -I 97 -L 75 -T seq_seq2897481.delta | awk '$1 != $3 || $2 != $4 && $8==$9 {print}' > seq_seq2897481.coords

Running self-nucmer on /data/djs217/PROJECTS/56_Vibrio_phaME/01_PhaME/08_workdir_pacinii/files/Vibrio_amylolyticus_ZSDE26.fna
[RUNNING:] nucmer --maxmatch --nosimplify --prefix=seq_seq2897570 /data/djs217/PROJECTS/56_Vibrio_phaME/01_PhaME/08_workdir_pacinii/files/Vibrio_amylolyticus_ZSDE26.fna /data/djs217/PROJECTS/56_Vibrio_phaME/01_PhaME/08_workdir_pacinii/files/Vibrio_amylolyticus_ZSDE26.fna 2>/dev/null
[RUNNING:] show-coords -r -I 97 -L 75 -T seq_seq2897570.delta | awk '$1 != $3 || $2 != $4 && $8==$9 {print}' > seq_seq2897570.coords

Running self-nucmer on /data/djs217/PROJECTS/56_Vibrio_phaME/01_PhaME/08_workdir_pacinii/files/Vibrio_qinghaiensis_Q67.fna
[RUNNING:] nucmer --maxmatch --nosimplify --prefix=seq_seq2897662 /data/djs217/PROJECTS/56_Vibrio_phaME/01_PhaME/08_workdir_pacinii/files/Vibrio_qinghaiensis_Q67.fna /data/djs217/PROJECTS/56_Vibrio_phaME/01_PhaME/08_workdir_pacinii/files/Vibrio_qinghaiensis_Q67.fna 2>/dev/null
[RUNNING:] show-coords -r -I 97 -L 75 -T seq_seq2897662.delta | awk '$1 != $3 || $2 != $4 && $8==$9 {print}' > seq_seq2897662.coords

Running self-nucmer on /data/djs217/PROJECTS/56_Vibrio_phaME/01_PhaME/08_workdir_pacinii/files/EXE_30_2025_R_final.fna
[RUNNING:] nucmer --maxmatch --nosimplify --prefix=seq_seq2898240 /data/djs217/PROJECTS/56_Vibrio_phaME/01_PhaME/08_workdir_pacinii/files/EXE_30_2025_R_final.fna /data/djs217/PROJECTS/56_Vibrio_phaME/01_PhaME/08_workdir_pacinii/files/EXE_30_2025_R_final.fna 2>/dev/null
[RUNNING:] show-coords -r -I 97 -L 75 -T seq_seq2898240.delta | awk '$1 != $3 || $2 != $4 && $8==$9 {print}' > seq_seq2898240.coords

Running self-nucmer on /data/djs217/PROJECTS/56_Vibrio_phaME/01_PhaME/08_workdir_pacinii/files/Vibrio_misgurnus_GVC.fna
[RUNNING:] nucmer --maxmatch --nosimplify --prefix=seq_seq2898333 /data/djs217/PROJECTS/56_Vibrio_phaME/01_PhaME/08_workdir_pacinii/files/Vibrio_misgurnus_GVC.fna /data/djs217/PROJECTS/56_Vibrio_phaME/01_PhaME/08_workdir_pacinii/files/Vibrio_misgurnus_GVC.fna 2>/dev/null
[RUNNING:] show-coords -r -I 97 -L 75 -T seq_seq2898333.delta | awk '$1 != $3 || $2 != $4 && $8==$9 {print}' > seq_seq2898333.coords

Running self-nucmer on /data/djs217/PROJECTS/56_Vibrio_phaME/01_PhaME/08_workdir_pacinii/files/11671_Guernsey_unicycler.fna
[RUNNING:] nucmer --maxmatch --nosimplify --prefix=seq_seq2898413 /data/djs217/PROJECTS/56_Vibrio_phaME/01_PhaME/08_workdir_pacinii/files/11671_Guernsey_unicycler.fna /data/djs217/PROJECTS/56_Vibrio_phaME/01_PhaME/08_workdir_pacinii/files/11671_Guernsey_unicycler.fna 2>/dev/null
[RUNNING:] show-coords -r -I 97 -L 75 -T seq_seq2898413.delta | awk '$1 != $3 || $2 != $4 && $8==$9 {print}' > seq_seq2898413.coords

Running self-nucmer on /data/djs217/PROJECTS/56_Vibrio_phaME/01_PhaME/08_workdir_pacinii/files/Vibrio_diazotrophicus_ATCC_33466.fna
[RUNNING:] nucmer --maxmatch --nosimplify --prefix=seq_seq2898499 /data/djs217/PROJECTS/56_Vibrio_phaME/01_PhaME/08_workdir_pacinii/files/Vibrio_diazotrophicus_ATCC_33466.fna /data/djs217/PROJECTS/56_Vibrio_phaME/01_PhaME/08_workdir_pacinii/files/Vibrio_diazotrophicus_ATCC_33466.fna 2>/dev/null
[RUNNING:] show-coords -r -I 97 -L 75 -T seq_seq2898499.delta | awk '$1 != $3 || $2 != $4 && $8==$9 {print}' > seq_seq2898499.coords

Running self-nucmer on /data/djs217/PROJECTS/56_Vibrio_phaME/01_PhaME/08_workdir_pacinii/files/11813_EXE_22_2025_DG3A_PBC74148_barcode18_final.fna
[RUNNING:] nucmer --maxmatch --nosimplify --prefix=seq_seq2898572 /data/djs217/PROJECTS/56_Vibrio_phaME/01_PhaME/08_workdir_pacinii/files/11813_EXE_22_2025_DG3A_PBC74148_barcode18_final.fna /data/djs217/PROJECTS/56_Vibrio_phaME/01_PhaME/08_workdir_pacinii/files/11813_EXE_22_2025_DG3A_PBC74148_barcode18_final.fna 2>/dev/null
[RUNNING:] show-coords -r -I 97 -L 75 -T seq_seq2898572.delta | awk '$1 != $3 || $2 != $4 && $8==$9 {print}' > seq_seq2898572.coords

Running self-nucmer on /data/djs217/PROJECTS/56_Vibrio_phaME/01_PhaME/08_workdir_pacinii/files/Vibrio_cincinnatiensis_NCTC12012.fna
[RUNNING:] nucmer --maxmatch --nosimplify --prefix=seq_seq2898743 /data/djs217/PROJECTS/56_Vibrio_phaME/01_PhaME/08_workdir_pacinii/files/Vibrio_cincinnatiensis_NCTC12012.fna /data/djs217/PROJECTS/56_Vibrio_phaME/01_PhaME/08_workdir_pacinii/files/Vibrio_cincinnatiensis_NCTC12012.fna 2>/dev/null
[RUNNING:] show-coords -r -I 97 -L 75 -T seq_seq2898743.delta | awk '$1 != $3 || $2 != $4 && $8==$9 {print}' > seq_seq2898743.coords

Running self-nucmer on /data/djs217/PROJECTS/56_Vibrio_phaME/01_PhaME/08_workdir_pacinii/files/11671_EXE_19_2024_C_unicycler.fna
[RUNNING:] nucmer --maxmatch --nosimplify --prefix=seq_seq2898849 /data/djs217/PROJECTS/56_Vibrio_phaME/01_PhaME/08_workdir_pacinii/files/11671_EXE_19_2024_C_unicycler.fna /data/djs217/PROJECTS/56_Vibrio_phaME/01_PhaME/08_workdir_pacinii/files/11671_EXE_19_2024_C_unicycler.fna 2>/dev/null
[RUNNING:] show-coords -r -I 97 -L 75 -T seq_seq2898849.delta | awk '$1 != $3 || $2 != $4 && $8==$9 {print}' > seq_seq2898849.coords

Running self-nucmer on /data/djs217/PROJECTS/56_Vibrio_phaME/01_PhaME/08_workdir_pacinii/files/Vibrio_salilacus_DSG_S6.fna
[RUNNING:] nucmer --maxmatch --nosimplify --prefix=seq_seq2898935 /data/djs217/PROJECTS/56_Vibrio_phaME/01_PhaME/08_workdir_pacinii/files/Vibrio_salilacus_DSG_S6.fna /data/djs217/PROJECTS/56_Vibrio_phaME/01_PhaME/08_workdir_pacinii/files/Vibrio_salilacus_DSG_S6.fna 2>/dev/null
[RUNNING:] show-coords -r -I 97 -L 75 -T seq_seq2898935.delta | awk '$1 != $3 || $2 != $4 && $8==$9 {print}' > seq_seq2898935.coords

Running self-nucmer on /data/djs217/PROJECTS/56_Vibrio_phaME/01_PhaME/08_workdir_pacinii/files/11671_EXE_26_2024_C_unicycler.fna
[RUNNING:] nucmer --maxmatch --nosimplify --prefix=seq_seq2898997 /data/djs217/PROJECTS/56_Vibrio_phaME/01_PhaME/08_workdir_pacinii/files/11671_EXE_26_2024_C_unicycler.fna /data/djs217/PROJECTS/56_Vibrio_phaME/01_PhaME/08_workdir_pacinii/files/11671_EXE_26_2024_C_unicycler.fna 2>/dev/null
[RUNNING:] show-coords -r -I 97 -L 75 -T seq_seq2898997.delta | awk '$1 != $3 || $2 != $4 && $8==$9 {print}' > seq_seq2898997.coords

Running self-nucmer on /data/djs217/PROJECTS/56_Vibrio_phaME/01_PhaME/08_workdir_pacinii/files/11813_EXE_24_2025_E_PBC74148_final.fna
[RUNNING:] nucmer --maxmatch --nosimplify --prefix=seq_seq2899090 /data/djs217/PROJECTS/56_Vibrio_phaME/01_PhaME/08_workdir_pacinii/files/11813_EXE_24_2025_E_PBC74148_final.fna /data/djs217/PROJECTS/56_Vibrio_phaME/01_PhaME/08_workdir_pacinii/files/11813_EXE_24_2025_E_PBC74148_final.fna 2>/dev/null
[RUNNING:] show-coords -r -I 97 -L 75 -T seq_seq2899090.delta | awk '$1 != $3 || $2 != $4 && $8==$9 {print}' > seq_seq2899090.coords

Running self-nucmer on /data/djs217/PROJECTS/56_Vibrio_phaME/01_PhaME/08_workdir_pacinii/files/Vibrio_floridensis_IRLE0018.fna
[RUNNING:] nucmer --maxmatch --nosimplify --prefix=seq_seq2899105 /data/djs217/PROJECTS/56_Vibrio_phaME/01_PhaME/08_workdir_pacinii/files/Vibrio_floridensis_IRLE0018.fna /data/djs217/PROJECTS/56_Vibrio_phaME/01_PhaME/08_workdir_pacinii/files/Vibrio_floridensis_IRLE0018.fna 2>/dev/null
[RUNNING:] show-coords -r -I 97 -L 75 -T seq_seq2899105.delta | awk '$1 != $3 || $2 != $4 && $8==$9 {print}' > seq_seq2899105.coords

Running self-nucmer on /data/djs217/PROJECTS/56_Vibrio_phaME/01_PhaME/08_workdir_pacinii/files/Vibrio_metschnikovii_NCTC8443.fna
[RUNNING:] nucmer --maxmatch --nosimplify --prefix=seq_seq2899245 /data/djs217/PROJECTS/56_Vibrio_phaME/01_PhaME/08_workdir_pacinii/files/Vibrio_metschnikovii_NCTC8443.fna /data/djs217/PROJECTS/56_Vibrio_phaME/01_PhaME/08_workdir_pacinii/files/Vibrio_metschnikovii_NCTC8443.fna 2>/dev/null
[RUNNING:] show-coords -r -I 97 -L 75 -T seq_seq2899245.delta | awk '$1 != $3 || $2 != $4 && $8==$9 {print}' > seq_seq2899245.coords

Running self-nucmer on /data/djs217/PROJECTS/56_Vibrio_phaME/01_PhaME/08_workdir_pacinii/files/11671_EXE_45_2024_E_unicycler.fna
[RUNNING:] nucmer --maxmatch --nosimplify --prefix=seq_seq2899331 /data/djs217/PROJECTS/56_Vibrio_phaME/01_PhaME/08_workdir_pacinii/files/11671_EXE_45_2024_E_unicycler.fna /data/djs217/PROJECTS/56_Vibrio_phaME/01_PhaME/08_workdir_pacinii/files/11671_EXE_45_2024_E_unicycler.fna 2>/dev/null
[RUNNING:] show-coords -r -I 97 -L 75 -T seq_seq2899331.delta | awk '$1 != $3 || $2 != $4 && $8==$9 {print}' > seq_seq2899331.coords

Running self-nucmer on /data/djs217/PROJECTS/56_Vibrio_phaME/01_PhaME/08_workdir_pacinii/files/Vibrio_neonatus_JCM_21521.fna
[RUNNING:] nucmer --maxmatch --nosimplify --prefix=seq_seq2899432 /data/djs217/PROJECTS/56_Vibrio_phaME/01_PhaME/08_workdir_pacinii/files/Vibrio_neonatus_JCM_21521.fna /data/djs217/PROJECTS/56_Vibrio_phaME/01_PhaME/08_workdir_pacinii/files/Vibrio_neonatus_JCM_21521.fna 2>/dev/null
[RUNNING:] show-coords -r -I 97 -L 75 -T seq_seq2899432.delta | awk '$1 != $3 || $2 != $4 && $8==$9 {print}' > seq_seq2899432.coords

Running self-nucmer on /data/djs217/PROJECTS/56_Vibrio_phaME/01_PhaME/08_workdir_pacinii/files/Vibrio_aestuarianus_LMG_7909.fna
[RUNNING:] nucmer --maxmatch --nosimplify --prefix=seq_seq2899523 /data/djs217/PROJECTS/56_Vibrio_phaME/01_PhaME/08_workdir_pacinii/files/Vibrio_aestuarianus_LMG_7909.fna /data/djs217/PROJECTS/56_Vibrio_phaME/01_PhaME/08_workdir_pacinii/files/Vibrio_aestuarianus_LMG_7909.fna 2>/dev/null
[RUNNING:] show-coords -r -I 97 -L 75 -T seq_seq2899523.delta | awk '$1 != $3 || $2 != $4 && $8==$9 {print}' > seq_seq2899523.coords

Running self-nucmer on /data/djs217/PROJECTS/56_Vibrio_phaME/01_PhaME/08_workdir_pacinii/files/11671_EXE_25_2024_H_unicycler.fna
[RUNNING:] nucmer --maxmatch --nosimplify --prefix=seq_seq2899606 /data/djs217/PROJECTS/56_Vibrio_phaME/01_PhaME/08_workdir_pacinii/files/11671_EXE_25_2024_H_unicycler.fna /data/djs217/PROJECTS/56_Vibrio_phaME/01_PhaME/08_workdir_pacinii/files/11671_EXE_25_2024_H_unicycler.fna 2>/dev/null
[RUNNING:] show-coords -r -I 97 -L 75 -T seq_seq2899606.delta | awk '$1 != $3 || $2 != $4 && $8==$9 {print}' > seq_seq2899606.coords

Running self-nucmer on /data/djs217/PROJECTS/56_Vibrio_phaME/01_PhaME/08_workdir_pacinii/files/Vibrio_aquaticus_BEI207.fna
[RUNNING:] nucmer --maxmatch --nosimplify --prefix=seq_seq2899705 /data/djs217/PROJECTS/56_Vibrio_phaME/01_PhaME/08_workdir_pacinii/files/Vibrio_aquaticus_BEI207.fna /data/djs217/PROJECTS/56_Vibrio_phaME/01_PhaME/08_workdir_pacinii/files/Vibrio_aquaticus_BEI207.fna 2>/dev/null
[RUNNING:] show-coords -r -I 97 -L 75 -T seq_seq2899705.delta | awk '$1 != $3 || $2 != $4 && $8==$9 {print}' > seq_seq2899705.coords

Running self-nucmer on /data/djs217/PROJECTS/56_Vibrio_phaME/01_PhaME/08_workdir_pacinii/files/11813_EXE_26_2025_A_PBC74148_final.fna
[RUNNING:] nucmer --maxmatch --nosimplify --prefix=seq_seq2899798 /data/djs217/PROJECTS/56_Vibrio_phaME/01_PhaME/08_workdir_pacinii/files/11813_EXE_26_2025_A_PBC74148_final.fna /data/djs217/PROJECTS/56_Vibrio_phaME/01_PhaME/08_workdir_pacinii/files/11813_EXE_26_2025_A_PBC74148_final.fna 2>/dev/null
[RUNNING:] show-coords -r -I 97 -L 75 -T seq_seq2899798.delta | awk '$1 != $3 || $2 != $4 && $8==$9 {print}' > seq_seq2899798.coords

Running self-nucmer on /data/djs217/PROJECTS/56_Vibrio_phaME/01_PhaME/08_workdir_pacinii/files/Vibrio_gangliei_DSM_104291.fna
[RUNNING:] nucmer --maxmatch --nosimplify --prefix=seq_seq2899951 /data/djs217/PROJECTS/56_Vibrio_phaME/01_PhaME/08_workdir_pacinii/files/Vibrio_gangliei_DSM_104291.fna /data/djs217/PROJECTS/56_Vibrio_phaME/01_PhaME/08_workdir_pacinii/files/Vibrio_gangliei_DSM_104291.fna 2>/dev/null
[RUNNING:] show-coords -r -I 97 -L 75 -T seq_seq2899951.delta | awk '$1 != $3 || $2 != $4 && $8==$9 {print}' > seq_seq2899951.coords

Running self-nucmer on /data/djs217/PROJECTS/56_Vibrio_phaME/01_PhaME/08_workdir_pacinii/files/Vibrio_antiquarius_EX25.fna
[RUNNING:] nucmer --maxmatch --nosimplify --prefix=seq_seq2900052 /data/djs217/PROJECTS/56_Vibrio_phaME/01_PhaME/08_workdir_pacinii/files/Vibrio_antiquarius_EX25.fna /data/djs217/PROJECTS/56_Vibrio_phaME/01_PhaME/08_workdir_pacinii/files/Vibrio_antiquarius_EX25.fna 2>/dev/null
[RUNNING:] show-coords -r -I 97 -L 75 -T seq_seq2900052.delta | awk '$1 != $3 || $2 != $4 && $8==$9 {print}' > seq_seq2900052.coords

Running self-nucmer on /data/djs217/PROJECTS/56_Vibrio_phaME/01_PhaME/08_workdir_pacinii/files/Vibrio_navarrensis_ATCC_51183.fna
[RUNNING:] nucmer --maxmatch --nosimplify --prefix=seq_seq2900155 /data/djs217/PROJECTS/56_Vibrio_phaME/01_PhaME/08_workdir_pacinii/files/Vibrio_navarrensis_ATCC_51183.fna /data/djs217/PROJECTS/56_Vibrio_phaME/01_PhaME/08_workdir_pacinii/files/Vibrio_navarrensis_ATCC_51183.fna 2>/dev/null
[RUNNING:] show-coords -r -I 97 -L 75 -T seq_seq2900155.delta | awk '$1 != $3 || $2 != $4 && $8==$9 {print}' > seq_seq2900155.coords

Running self-nucmer on /data/djs217/PROJECTS/56_Vibrio_phaME/01_PhaME/08_workdir_pacinii/files/Vibrio_ishigakensis_JCM_19231.fna
[RUNNING:] nucmer --maxmatch --nosimplify --prefix=seq_seq2900394 /data/djs217/PROJECTS/56_Vibrio_phaME/01_PhaME/08_workdir_pacinii/files/Vibrio_ishigakensis_JCM_19231.fna /data/djs217/PROJECTS/56_Vibrio_phaME/01_PhaME/08_workdir_pacinii/files/Vibrio_ishigakensis_JCM_19231.fna 2>/dev/null
[RUNNING:] show-coords -r -I 97 -L 75 -T seq_seq2900394.delta | awk '$1 != $3 || $2 != $4 && $8==$9 {print}' > seq_seq2900394.coords

Running self-nucmer on /data/djs217/PROJECTS/56_Vibrio_phaME/01_PhaME/08_workdir_pacinii/files/11813_EXE_01_2024_7_PBC74148_final.fna
[RUNNING:] nucmer --maxmatch --nosimplify --prefix=seq_seq2900518 /data/djs217/PROJECTS/56_Vibrio_phaME/01_PhaME/08_workdir_pacinii/files/11813_EXE_01_2024_7_PBC74148_final.fna /data/djs217/PROJECTS/56_Vibrio_phaME/01_PhaME/08_workdir_pacinii/files/11813_EXE_01_2024_7_PBC74148_final.fna 2>/dev/null
[RUNNING:] show-coords -r -I 97 -L 75 -T seq_seq2900518.delta | awk '$1 != $3 || $2 != $4 && $8==$9 {print}' > seq_seq2900518.coords

Running self-nucmer on /data/djs217/PROJECTS/56_Vibrio_phaME/01_PhaME/08_workdir_pacinii/files/Vibrio_europaeus_PP_638.fna
[RUNNING:] nucmer --maxmatch --nosimplify --prefix=seq_seq2900590 /data/djs217/PROJECTS/56_Vibrio_phaME/01_PhaME/08_workdir_pacinii/files/Vibrio_europaeus_PP_638.fna /data/djs217/PROJECTS/56_Vibrio_phaME/01_PhaME/08_workdir_pacinii/files/Vibrio_europaeus_PP_638.fna 2>/dev/null
[RUNNING:] show-coords -r -I 97 -L 75 -T seq_seq2900590.delta | awk '$1 != $3 || $2 != $4 && $8==$9 {print}' > seq_seq2900590.coords

Running self-nucmer on /data/djs217/PROJECTS/56_Vibrio_phaME/01_PhaME/08_workdir_pacinii/files/Vibrio_pacinii_DSM_19139.fna
[RUNNING:] nucmer --maxmatch --nosimplify --prefix=seq_seq2900738 /data/djs217/PROJECTS/56_Vibrio_phaME/01_PhaME/08_workdir_pacinii/files/Vibrio_pacinii_DSM_19139.fna /data/djs217/PROJECTS/56_Vibrio_phaME/01_PhaME/08_workdir_pacinii/files/Vibrio_pacinii_DSM_19139.fna 2>/dev/null
[RUNNING:] show-coords -r -I 97 -L 75 -T seq_seq2900738.delta | awk '$1 != $3 || $2 != $4 && $8==$9 {print}' > seq_seq2900738.coords

Running self-nucmer on /data/djs217/PROJECTS/56_Vibrio_phaME/01_PhaME/08_workdir_pacinii/files/Vibrio_tubiashii_ATCC_19109.fna
[RUNNING:] nucmer --maxmatch --nosimplify --prefix=seq_seq2900855 /data/djs217/PROJECTS/56_Vibrio_phaME/01_PhaME/08_workdir_pacinii/files/Vibrio_tubiashii_ATCC_19109.fna /data/djs217/PROJECTS/56_Vibrio_phaME/01_PhaME/08_workdir_pacinii/files/Vibrio_tubiashii_ATCC_19109.fna 2>/dev/null
[RUNNING:] show-coords -r -I 97 -L 75 -T seq_seq2900855.delta | awk '$1 != $3 || $2 != $4 && $8==$9 {print}' > seq_seq2900855.coords

Running self-nucmer on /data/djs217/PROJECTS/56_Vibrio_phaME/01_PhaME/08_workdir_pacinii/files/11813_EXE_19_2024_M_PBC74148_final.fna
[RUNNING:] nucmer --maxmatch --nosimplify --prefix=seq_seq2901057 /data/djs217/PROJECTS/56_Vibrio_phaME/01_PhaME/08_workdir_pacinii/files/11813_EXE_19_2024_M_PBC74148_final.fna /data/djs217/PROJECTS/56_Vibrio_phaME/01_PhaME/08_workdir_pacinii/files/11813_EXE_19_2024_M_PBC74148_final.fna 2>/dev/null
[RUNNING:] show-coords -r -I 97 -L 75 -T seq_seq2901057.delta | awk '$1 != $3 || $2 != $4 && $8==$9 {print}' > seq_seq2901057.coords

Running self-nucmer on /data/djs217/PROJECTS/56_Vibrio_phaME/01_PhaME/08_workdir_pacinii/files/Vibrio_albus_E4404.fna
[RUNNING:] nucmer --maxmatch --nosimplify --prefix=seq_seq2901163 /data/djs217/PROJECTS/56_Vibrio_phaME/01_PhaME/08_workdir_pacinii/files/Vibrio_albus_E4404.fna /data/djs217/PROJECTS/56_Vibrio_phaME/01_PhaME/08_workdir_pacinii/files/Vibrio_albus_E4404.fna 2>/dev/null
[RUNNING:] show-coords -r -I 97 -L 75 -T seq_seq2901163.delta | awk '$1 != $3 || $2 != $4 && $8==$9 {print}' > seq_seq2901163.coords

Running self-nucmer on /data/djs217/PROJECTS/56_Vibrio_phaME/01_PhaME/08_workdir_pacinii/files/Vibrio_rarus_LMG_23674.fna
[RUNNING:] nucmer --maxmatch --nosimplify --prefix=seq_seq2901274 /data/djs217/PROJECTS/56_Vibrio_phaME/01_PhaME/08_workdir_pacinii/files/Vibrio_rarus_LMG_23674.fna /data/djs217/PROJECTS/56_Vibrio_phaME/01_PhaME/08_workdir_pacinii/files/Vibrio_rarus_LMG_23674.fna 2>/dev/null
[RUNNING:] show-coords -r -I 97 -L 75 -T seq_seq2901274.delta | awk '$1 != $3 || $2 != $4 && $8==$9 {print}' > seq_seq2901274.coords

Running self-nucmer on /data/djs217/PROJECTS/56_Vibrio_phaME/01_PhaME/08_workdir_pacinii/files/Vibrio_sinus_S4M6.fna
[RUNNING:] nucmer --maxmatch --nosimplify --prefix=seq_seq2901380 /data/djs217/PROJECTS/56_Vibrio_phaME/01_PhaME/08_workdir_pacinii/files/Vibrio_sinus_S4M6.fna /data/djs217/PROJECTS/56_Vibrio_phaME/01_PhaME/08_workdir_pacinii/files/Vibrio_sinus_S4M6.fna 2>/dev/null
[RUNNING:] show-coords -r -I 97 -L 75 -T seq_seq2901380.delta | awk '$1 != $3 || $2 != $4 && $8==$9 {print}' > seq_seq2901380.coords

Running self-nucmer on /data/djs217/PROJECTS/56_Vibrio_phaME/01_PhaME/08_workdir_pacinii/files/Vibrio_mediterranei_.fna
[RUNNING:] nucmer --maxmatch --nosimplify --prefix=seq_seq2901476 /data/djs217/PROJECTS/56_Vibrio_phaME/01_PhaME/08_workdir_pacinii/files/Vibrio_mediterranei_.fna /data/djs217/PROJECTS/56_Vibrio_phaME/01_PhaME/08_workdir_pacinii/files/Vibrio_mediterranei_.fna 2>/dev/null
[RUNNING:] show-coords -r -I 97 -L 75 -T seq_seq2901476.delta | awk '$1 != $3 || $2 != $4 && $8==$9 {print}' > seq_seq2901476.coords

Running self-nucmer on /data/djs217/PROJECTS/56_Vibrio_phaME/01_PhaME/08_workdir_pacinii/files/11813_EXE_30_2024_F_PBC74148_final.fna
[RUNNING:] nucmer --maxmatch --nosimplify --prefix=seq_seq2901567 /data/djs217/PROJECTS/56_Vibrio_phaME/01_PhaME/08_workdir_pacinii/files/11813_EXE_30_2024_F_PBC74148_final.fna /data/djs217/PROJECTS/56_Vibrio_phaME/01_PhaME/08_workdir_pacinii/files/11813_EXE_30_2024_F_PBC74148_final.fna 2>/dev/null
[RUNNING:] show-coords -r -I 97 -L 75 -T seq_seq2901567.delta | awk '$1 != $3 || $2 != $4 && $8==$9 {print}' > seq_seq2901567.coords

Running self-nucmer on /data/djs217/PROJECTS/56_Vibrio_phaME/01_PhaME/08_workdir_pacinii/files/Vibrio_neptunius_KCTC_12702.fna
[RUNNING:] nucmer --maxmatch --nosimplify --prefix=seq_seq2901675 /data/djs217/PROJECTS/56_Vibrio_phaME/01_PhaME/08_workdir_pacinii/files/Vibrio_neptunius_KCTC_12702.fna /data/djs217/PROJECTS/56_Vibrio_phaME/01_PhaME/08_workdir_pacinii/files/Vibrio_neptunius_KCTC_12702.fna 2>/dev/null
[RUNNING:] show-coords -r -I 97 -L 75 -T seq_seq2901675.delta | awk '$1 != $3 || $2 != $4 && $8==$9 {print}' > seq_seq2901675.coords

Running self-nucmer on /data/djs217/PROJECTS/56_Vibrio_phaME/01_PhaME/08_workdir_pacinii/files/11813_EXE_30_2025_S_PBC74148_final.fna
[RUNNING:] nucmer --maxmatch --nosimplify --prefix=seq_seq2901794 /data/djs217/PROJECTS/56_Vibrio_phaME/01_PhaME/08_workdir_pacinii/files/11813_EXE_30_2025_S_PBC74148_final.fna /data/djs217/PROJECTS/56_Vibrio_phaME/01_PhaME/08_workdir_pacinii/files/11813_EXE_30_2025_S_PBC74148_final.fna 2>/dev/null
[RUNNING:] show-coords -r -I 97 -L 75 -T seq_seq2901794.delta | awk '$1 != $3 || $2 != $4 && $8==$9 {print}' > seq_seq2901794.coords

Running self-nucmer on /data/djs217/PROJECTS/56_Vibrio_phaME/01_PhaME/08_workdir_pacinii/files/Vibrio_plantisponsor_MSSRF60.fna
[RUNNING:] nucmer --maxmatch --nosimplify --prefix=seq_seq2901883 /data/djs217/PROJECTS/56_Vibrio_phaME/01_PhaME/08_workdir_pacinii/files/Vibrio_plantisponsor_MSSRF60.fna /data/djs217/PROJECTS/56_Vibrio_phaME/01_PhaME/08_workdir_pacinii/files/Vibrio_plantisponsor_MSSRF60.fna 2>/dev/null
[RUNNING:] show-coords -r -I 97 -L 75 -T seq_seq2901883.delta | awk '$1 != $3 || $2 != $4 && $8==$9 {print}' > seq_seq2901883.coords

Running self-nucmer on /data/djs217/PROJECTS/56_Vibrio_phaME/01_PhaME/08_workdir_pacinii/files/Vibrio_satsumensis_JAMM0822.fna
[RUNNING:] nucmer --maxmatch --nosimplify --prefix=seq_seq2901955 /data/djs217/PROJECTS/56_Vibrio_phaME/01_PhaME/08_workdir_pacinii/files/Vibrio_satsumensis_JAMM0822.fna /data/djs217/PROJECTS/56_Vibrio_phaME/01_PhaME/08_workdir_pacinii/files/Vibrio_satsumensis_JAMM0822.fna 2>/dev/null
[RUNNING:] show-coords -r -I 97 -L 75 -T seq_seq2901955.delta | awk '$1 != $3 || $2 != $4 && $8==$9 {print}' > seq_seq2901955.coords

Running self-nucmer on /data/djs217/PROJECTS/56_Vibrio_phaME/01_PhaME/08_workdir_pacinii/files/Vibrio_olivae_CECT_8064.fna
[RUNNING:] nucmer --maxmatch --nosimplify --prefix=seq_seq2902077 /data/djs217/PROJECTS/56_Vibrio_phaME/01_PhaME/08_workdir_pacinii/files/Vibrio_olivae_CECT_8064.fna /data/djs217/PROJECTS/56_Vibrio_phaME/01_PhaME/08_workdir_pacinii/files/Vibrio_olivae_CECT_8064.fna 2>/dev/null
[RUNNING:] show-coords -r -I 97 -L 75 -T seq_seq2902077.delta | awk '$1 != $3 || $2 != $4 && $8==$9 {print}' > seq_seq2902077.coords

Running self-nucmer on /data/djs217/PROJECTS/56_Vibrio_phaME/01_PhaME/08_workdir_pacinii/files/Vibrio_aphrogenes_CA_1004.fna
[RUNNING:] nucmer --maxmatch --nosimplify --prefix=seq_seq2902152 /data/djs217/PROJECTS/56_Vibrio_phaME/01_PhaME/08_workdir_pacinii/files/Vibrio_aphrogenes_CA_1004.fna /data/djs217/PROJECTS/56_Vibrio_phaME/01_PhaME/08_workdir_pacinii/files/Vibrio_aphrogenes_CA_1004.fna 2>/dev/null
[RUNNING:] show-coords -r -I 97 -L 75 -T seq_seq2902152.delta | awk '$1 != $3 || $2 != $4 && $8==$9 {print}' > seq_seq2902152.coords

Running self-nucmer on /data/djs217/PROJECTS/56_Vibrio_phaME/01_PhaME/08_workdir_pacinii/files/Vibrio_agarivorans_CECT_5085.fna
[RUNNING:] nucmer --maxmatch --nosimplify --prefix=seq_seq2902263 /data/djs217/PROJECTS/56_Vibrio_phaME/01_PhaME/08_workdir_pacinii/files/Vibrio_agarivorans_CECT_5085.fna /data/djs217/PROJECTS/56_Vibrio_phaME/01_PhaME/08_workdir_pacinii/files/Vibrio_agarivorans_CECT_5085.fna 2>/dev/null
[RUNNING:] show-coords -r -I 97 -L 75 -T seq_seq2902263.delta | awk '$1 != $3 || $2 != $4 && $8==$9 {print}' > seq_seq2902263.coords

Running self-nucmer on /data/djs217/PROJECTS/56_Vibrio_phaME/01_PhaME/08_workdir_pacinii/files/Vibrio_hippocampi_CECT_8226.fna
[RUNNING:] nucmer --maxmatch --nosimplify --prefix=seq_seq2902366 /data/djs217/PROJECTS/56_Vibrio_phaME/01_PhaME/08_workdir_pacinii/files/Vibrio_hippocampi_CECT_8226.fna /data/djs217/PROJECTS/56_Vibrio_phaME/01_PhaME/08_workdir_pacinii/files/Vibrio_hippocampi_CECT_8226.fna 2>/dev/null
[RUNNING:] show-coords -r -I 97 -L 75 -T seq_seq2902366.delta | awk '$1 != $3 || $2 != $4 && $8==$9 {print}' > seq_seq2902366.coords

Running self-nucmer on /data/djs217/PROJECTS/56_Vibrio_phaME/01_PhaME/08_workdir_pacinii/files/Vibrio_sagamiensis_NBRC_104589.fna
[RUNNING:] nucmer --maxmatch --nosimplify --prefix=seq_seq2902459 /data/djs217/PROJECTS/56_Vibrio_phaME/01_PhaME/08_workdir_pacinii/files/Vibrio_sagamiensis_NBRC_104589.fna /data/djs217/PROJECTS/56_Vibrio_phaME/01_PhaME/08_workdir_pacinii/files/Vibrio_sagamiensis_NBRC_104589.fna 2>/dev/null
[RUNNING:] show-coords -r -I 97 -L 75 -T seq_seq2902459.delta | awk '$1 != $3 || $2 != $4 && $8==$9 {print}' > seq_seq2902459.coords

Running self-nucmer on /data/djs217/PROJECTS/56_Vibrio_phaME/01_PhaME/08_workdir_pacinii/files/Vibrio_methylphosphonaticus_S4B1.fna
[RUNNING:] nucmer --maxmatch --nosimplify --prefix=seq_seq2902544 /data/djs217/PROJECTS/56_Vibrio_phaME/01_PhaME/08_workdir_pacinii/files/Vibrio_methylphosphonaticus_S4B1.fna /data/djs217/PROJECTS/56_Vibrio_phaME/01_PhaME/08_workdir_pacinii/files/Vibrio_methylphosphonaticus_S4B1.fna 2>/dev/null
[RUNNING:] show-coords -r -I 97 -L 75 -T seq_seq2902544.delta | awk '$1 != $3 || $2 != $4 && $8==$9 {print}' > seq_seq2902544.coords

Running self-nucmer on /data/djs217/PROJECTS/56_Vibrio_phaME/01_PhaME/08_workdir_pacinii/files/Vibrio_gelatinilyticus_ZSDZ34.fna
[RUNNING:] nucmer --maxmatch --nosimplify --prefix=seq_seq2902635 /data/djs217/PROJECTS/56_Vibrio_phaME/01_PhaME/08_workdir_pacinii/files/Vibrio_gelatinilyticus_ZSDZ34.fna /data/djs217/PROJECTS/56_Vibrio_phaME/01_PhaME/08_workdir_pacinii/files/Vibrio_gelatinilyticus_ZSDZ34.fna 2>/dev/null
[RUNNING:] show-coords -r -I 97 -L 75 -T seq_seq2902635.delta | awk '$1 != $3 || $2 != $4 && $8==$9 {print}' > seq_seq2902635.coords

Running self-nucmer on /data/djs217/PROJECTS/56_Vibrio_phaME/01_PhaME/08_workdir_pacinii/files/Vibrio_viridaestus_LJC006.fna
[RUNNING:] nucmer --maxmatch --nosimplify --prefix=seq_seq2902689 /data/djs217/PROJECTS/56_Vibrio_phaME/01_PhaME/08_workdir_pacinii/files/Vibrio_viridaestus_LJC006.fna /data/djs217/PROJECTS/56_Vibrio_phaME/01_PhaME/08_workdir_pacinii/files/Vibrio_viridaestus_LJC006.fna 2>/dev/null
[RUNNING:] show-coords -r -I 97 -L 75 -T seq_seq2902689.delta | awk '$1 != $3 || $2 != $4 && $8==$9 {print}' > seq_seq2902689.coords

Running self-nucmer on /data/djs217/PROJECTS/56_Vibrio_phaME/01_PhaME/08_workdir_pacinii/files/Vibrio_sinensis_BEI233.fna
[RUNNING:] nucmer --maxmatch --nosimplify --prefix=seq_seq2902769 /data/djs217/PROJECTS/56_Vibrio_phaME/01_PhaME/08_workdir_pacinii/files/Vibrio_sinensis_BEI233.fna /data/djs217/PROJECTS/56_Vibrio_phaME/01_PhaME/08_workdir_pacinii/files/Vibrio_sinensis_BEI233.fna 2>/dev/null
[RUNNING:] show-coords -r -I 97 -L 75 -T seq_seq2902769.delta | awk '$1 != $3 || $2 != $4 && $8==$9 {print}' > seq_seq2902769.coords

Running self-nucmer on /data/djs217/PROJECTS/56_Vibrio_phaME/01_PhaME/08_workdir_pacinii/files/Vibrio_fortis_LMG_21557.fna
[RUNNING:] nucmer --maxmatch --nosimplify --prefix=seq_seq2902839 /data/djs217/PROJECTS/56_Vibrio_phaME/01_PhaME/08_workdir_pacinii/files/Vibrio_fortis_LMG_21557.fna /data/djs217/PROJECTS/56_Vibrio_phaME/01_PhaME/08_workdir_pacinii/files/Vibrio_fortis_LMG_21557.fna 2>/dev/null
[RUNNING:] show-coords -r -I 97 -L 75 -T seq_seq2902839.delta | awk '$1 != $3 || $2 != $4 && $8==$9 {print}' > seq_seq2902839.coords

Running self-nucmer on /data/djs217/PROJECTS/56_Vibrio_phaME/01_PhaME/08_workdir_pacinii/files/Vibrio_pectenicida_LMG_19642.fna
[RUNNING:] nucmer --maxmatch --nosimplify --prefix=seq_seq2902935 /data/djs217/PROJECTS/56_Vibrio_phaME/01_PhaME/08_workdir_pacinii/files/Vibrio_pectenicida_LMG_19642.fna /data/djs217/PROJECTS/56_Vibrio_phaME/01_PhaME/08_workdir_pacinii/files/Vibrio_pectenicida_LMG_19642.fna 2>/dev/null
[RUNNING:] show-coords -r -I 97 -L 75 -T seq_seq2902935.delta | awk '$1 != $3 || $2 != $4 && $8==$9 {print}' > seq_seq2902935.coords

Running self-nucmer on /data/djs217/PROJECTS/56_Vibrio_phaME/01_PhaME/08_workdir_pacinii/files/Vibrio_natriegens_CCUG_16371.fna
[RUNNING:] nucmer --maxmatch --nosimplify --prefix=seq_seq2903018 /data/djs217/PROJECTS/56_Vibrio_phaME/01_PhaME/08_workdir_pacinii/files/Vibrio_natriegens_CCUG_16371.fna /data/djs217/PROJECTS/56_Vibrio_phaME/01_PhaME/08_workdir_pacinii/files/Vibrio_natriegens_CCUG_16371.fna 2>/dev/null
[RUNNING:] show-coords -r -I 97 -L 75 -T seq_seq2903018.delta | awk '$1 != $3 || $2 != $4 && $8==$9 {print}' > seq_seq2903018.coords

Running self-nucmer on /data/djs217/PROJECTS/56_Vibrio_phaME/01_PhaME/08_workdir_pacinii/files/Vibrio_barjaei_3062.fna
[RUNNING:] nucmer --maxmatch --nosimplify --prefix=seq_seq2903101 /data/djs217/PROJECTS/56_Vibrio_phaME/01_PhaME/08_workdir_pacinii/files/Vibrio_barjaei_3062.fna /data/djs217/PROJECTS/56_Vibrio_phaME/01_PhaME/08_workdir_pacinii/files/Vibrio_barjaei_3062.fna 2>/dev/null
[RUNNING:] show-coords -r -I 97 -L 75 -T seq_seq2903101.delta | awk '$1 != $3 || $2 != $4 && $8==$9 {print}' > seq_seq2903101.coords

Running self-nucmer on /data/djs217/PROJECTS/56_Vibrio_phaME/01_PhaME/08_workdir_pacinii/files/11671_EXE_22_2024_B_unicycler.fna
[RUNNING:] nucmer --maxmatch --nosimplify --prefix=seq_seq2903196 /data/djs217/PROJECTS/56_Vibrio_phaME/01_PhaME/08_workdir_pacinii/files/11671_EXE_22_2024_B_unicycler.fna /data/djs217/PROJECTS/56_Vibrio_phaME/01_PhaME/08_workdir_pacinii/files/11671_EXE_22_2024_B_unicycler.fna 2>/dev/null
[RUNNING:] show-coords -r -I 97 -L 75 -T seq_seq2903196.delta | awk '$1 != $3 || $2 != $4 && $8==$9 {print}' > seq_seq2903196.coords

Running self-nucmer on /data/djs217/PROJECTS/56_Vibrio_phaME/01_PhaME/08_workdir_pacinii/files/Vibrio_kanaloae_LMG_20539.fna
[RUNNING:] nucmer --maxmatch --nosimplify --prefix=seq_seq2903344 /data/djs217/PROJECTS/56_Vibrio_phaME/01_PhaME/08_workdir_pacinii/files/Vibrio_kanaloae_LMG_20539.fna /data/djs217/PROJECTS/56_Vibrio_phaME/01_PhaME/08_workdir_pacinii/files/Vibrio_kanaloae_LMG_20539.fna 2>/dev/null
[RUNNING:] show-coords -r -I 97 -L 75 -T seq_seq2903344.delta | awk '$1 != $3 || $2 != $4 && $8==$9 {print}' > seq_seq2903344.coords

Running self-nucmer on /data/djs217/PROJECTS/56_Vibrio_phaME/01_PhaME/08_workdir_pacinii/files/11813_EXE_34_2024_C_PBC74148_final.fna
[RUNNING:] nucmer --maxmatch --nosimplify --prefix=seq_seq2903450 /data/djs217/PROJECTS/56_Vibrio_phaME/01_PhaME/08_workdir_pacinii/files/11813_EXE_34_2024_C_PBC74148_final.fna /data/djs217/PROJECTS/56_Vibrio_phaME/01_PhaME/08_workdir_pacinii/files/11813_EXE_34_2024_C_PBC74148_final.fna 2>/dev/null
[RUNNING:] show-coords -r -I 97 -L 75 -T seq_seq2903450.delta | awk '$1 != $3 || $2 != $4 && $8==$9 {print}' > seq_seq2903450.coords

Running self-nucmer on /data/djs217/PROJECTS/56_Vibrio_phaME/01_PhaME/08_workdir_pacinii/files/Vibrio_rumoiensis_FERM_P_14531.fna
[RUNNING:] nucmer --maxmatch --nosimplify --prefix=seq_seq2903553 /data/djs217/PROJECTS/56_Vibrio_phaME/01_PhaME/08_workdir_pacinii/files/Vibrio_rumoiensis_FERM_P_14531.fna /data/djs217/PROJECTS/56_Vibrio_phaME/01_PhaME/08_workdir_pacinii/files/Vibrio_rumoiensis_FERM_P_14531.fna 2>/dev/null
[RUNNING:] show-coords -r -I 97 -L 75 -T seq_seq2903553.delta | awk '$1 != $3 || $2 != $4 && $8==$9 {print}' > seq_seq2903553.coords

Running self-nucmer on /data/djs217/PROJECTS/56_Vibrio_phaME/01_PhaME/08_workdir_pacinii/files/Vibrio_mytili_type_strain__CIP103929.fna
[RUNNING:] nucmer --maxmatch --nosimplify --prefix=seq_seq2903663 /data/djs217/PROJECTS/56_Vibrio_phaME/01_PhaME/08_workdir_pacinii/files/Vibrio_mytili_type_strain__CIP103929.fna /data/djs217/PROJECTS/56_Vibrio_phaME/01_PhaME/08_workdir_pacinii/files/Vibrio_mytili_type_strain__CIP103929.fna 2>/dev/null
[RUNNING:] show-coords -r -I 97 -L 75 -T seq_seq2903663.delta | awk '$1 != $3 || $2 != $4 && $8==$9 {print}' > seq_seq2903663.coords

Running self-nucmer on /data/djs217/PROJECTS/56_Vibrio_phaME/01_PhaME/08_workdir_pacinii/files/Vibrio_palustris_CECT_9027.fna
[RUNNING:] nucmer --maxmatch --nosimplify --prefix=seq_seq2903720 /data/djs217/PROJECTS/56_Vibrio_phaME/01_PhaME/08_workdir_pacinii/files/Vibrio_palustris_CECT_9027.fna /data/djs217/PROJECTS/56_Vibrio_phaME/01_PhaME/08_workdir_pacinii/files/Vibrio_palustris_CECT_9027.fna 2>/dev/null
[RUNNING:] show-coords -r -I 97 -L 75 -T seq_seq2903720.delta | awk '$1 != $3 || $2 != $4 && $8==$9 {print}' > seq_seq2903720.coords

Running self-nucmer on /data/djs217/PROJECTS/56_Vibrio_phaME/01_PhaME/08_workdir_pacinii/files/Vibrio_syngnathi_K08M4.fna
[RUNNING:] nucmer --maxmatch --nosimplify --prefix=seq_seq2903763 /data/djs217/PROJECTS/56_Vibrio_phaME/01_PhaME/08_workdir_pacinii/files/Vibrio_syngnathi_K08M4.fna /data/djs217/PROJECTS/56_Vibrio_phaME/01_PhaME/08_workdir_pacinii/files/Vibrio_syngnathi_K08M4.fna 2>/dev/null
[RUNNING:] show-coords -r -I 97 -L 75 -T seq_seq2903763.delta | awk '$1 != $3 || $2 != $4 && $8==$9 {print}' > seq_seq2903763.coords

Running self-nucmer on /data/djs217/PROJECTS/56_Vibrio_phaME/01_PhaME/08_workdir_pacinii/files/Vibrio_bivalvicida_605.fna
[RUNNING:] nucmer --maxmatch --nosimplify --prefix=seq_seq2903905 /data/djs217/PROJECTS/56_Vibrio_phaME/01_PhaME/08_workdir_pacinii/files/Vibrio_bivalvicida_605.fna /data/djs217/PROJECTS/56_Vibrio_phaME/01_PhaME/08_workdir_pacinii/files/Vibrio_bivalvicida_605.fna 2>/dev/null
[RUNNING:] show-coords -r -I 97 -L 75 -T seq_seq2903905.delta | awk '$1 != $3 || $2 != $4 && $8==$9 {print}' > seq_seq2903905.coords

Running self-nucmer on /data/djs217/PROJECTS/56_Vibrio_phaME/01_PhaME/08_workdir_pacinii/files/11813_EXE_22_2025_T1A_PBC74148_final.fna
[RUNNING:] nucmer --maxmatch --nosimplify --prefix=seq_seq2903973 /data/djs217/PROJECTS/56_Vibrio_phaME/01_PhaME/08_workdir_pacinii/files/11813_EXE_22_2025_T1A_PBC74148_final.fna /data/djs217/PROJECTS/56_Vibrio_phaME/01_PhaME/08_workdir_pacinii/files/11813_EXE_22_2025_T1A_PBC74148_final.fna 2>/dev/null
[RUNNING:] show-coords -r -I 97 -L 75 -T seq_seq2903973.delta | awk '$1 != $3 || $2 != $4 && $8==$9 {print}' > seq_seq2903973.coords

Running self-nucmer on /data/djs217/PROJECTS/56_Vibrio_phaME/01_PhaME/08_workdir_pacinii/files/11813_EXE_21_2025_F_PBC74148_final.fna
[RUNNING:] nucmer --maxmatch --nosimplify --prefix=seq_seq2904063 /data/djs217/PROJECTS/56_Vibrio_phaME/01_PhaME/08_workdir_pacinii/files/11813_EXE_21_2025_F_PBC74148_final.fna /data/djs217/PROJECTS/56_Vibrio_phaME/01_PhaME/08_workdir_pacinii/files/11813_EXE_21_2025_F_PBC74148_final.fna 2>/dev/null
[RUNNING:] show-coords -r -I 97 -L 75 -T seq_seq2904063.delta | awk '$1 != $3 || $2 != $4 && $8==$9 {print}' > seq_seq2904063.coords

Running self-nucmer on /data/djs217/PROJECTS/56_Vibrio_phaME/01_PhaME/08_workdir_pacinii/files/Vibrio_algivorus_SA2.fna
[RUNNING:] nucmer --maxmatch --nosimplify --prefix=seq_seq2904172 /data/djs217/PROJECTS/56_Vibrio_phaME/01_PhaME/08_workdir_pacinii/files/Vibrio_algivorus_SA2.fna /data/djs217/PROJECTS/56_Vibrio_phaME/01_PhaME/08_workdir_pacinii/files/Vibrio_algivorus_SA2.fna 2>/dev/null
[RUNNING:] show-coords -r -I 97 -L 75 -T seq_seq2904172.delta | awk '$1 != $3 || $2 != $4 && $8==$9 {print}' > seq_seq2904172.coords

Running self-nucmer on /data/djs217/PROJECTS/56_Vibrio_phaME/01_PhaME/08_workdir_pacinii/files/Vibrio_echinoideorum_DSM_107264.fna
[RUNNING:] nucmer --maxmatch --nosimplify --prefix=seq_seq2904285 /data/djs217/PROJECTS/56_Vibrio_phaME/01_PhaME/08_workdir_pacinii/files/Vibrio_echinoideorum_DSM_107264.fna /data/djs217/PROJECTS/56_Vibrio_phaME/01_PhaME/08_workdir_pacinii/files/Vibrio_echinoideorum_DSM_107264.fna 2>/dev/null
[RUNNING:] show-coords -r -I 97 -L 75 -T seq_seq2904285.delta | awk '$1 != $3 || $2 != $4 && $8==$9 {print}' > seq_seq2904285.coords

Running self-nucmer on /data/djs217/PROJECTS/56_Vibrio_phaME/01_PhaME/08_workdir_pacinii/files/Vibrio_atypicus_DSM_25292.fna
[RUNNING:] nucmer --maxmatch --nosimplify --prefix=seq_seq2904396 /data/djs217/PROJECTS/56_Vibrio_phaME/01_PhaME/08_workdir_pacinii/files/Vibrio_atypicus_DSM_25292.fna /data/djs217/PROJECTS/56_Vibrio_phaME/01_PhaME/08_workdir_pacinii/files/Vibrio_atypicus_DSM_25292.fna 2>/dev/null
[RUNNING:] show-coords -r -I 97 -L 75 -T seq_seq2904396.delta | awk '$1 != $3 || $2 != $4 && $8==$9 {print}' > seq_seq2904396.coords

Running self-nucmer on /data/djs217/PROJECTS/56_Vibrio_phaME/01_PhaME/08_workdir_pacinii/files/11671_EXE_04_2024_1A1_unicycler.fna
[RUNNING:] nucmer --maxmatch --nosimplify --prefix=seq_seq2904479 /data/djs217/PROJECTS/56_Vibrio_phaME/01_PhaME/08_workdir_pacinii/files/11671_EXE_04_2024_1A1_unicycler.fna /data/djs217/PROJECTS/56_Vibrio_phaME/01_PhaME/08_workdir_pacinii/files/11671_EXE_04_2024_1A1_unicycler.fna 2>/dev/null
[RUNNING:] show-coords -r -I 97 -L 75 -T seq_seq2904479.delta | awk '$1 != $3 || $2 != $4 && $8==$9 {print}' > seq_seq2904479.coords

Running self-nucmer on /data/djs217/PROJECTS/56_Vibrio_phaME/01_PhaME/08_workdir_pacinii/files/11813_EXE_27_2025_D_PBC74148_final.fna
[RUNNING:] nucmer --maxmatch --nosimplify --prefix=seq_seq2904559 /data/djs217/PROJECTS/56_Vibrio_phaME/01_PhaME/08_workdir_pacinii/files/11813_EXE_27_2025_D_PBC74148_final.fna /data/djs217/PROJECTS/56_Vibrio_phaME/01_PhaME/08_workdir_pacinii/files/11813_EXE_27_2025_D_PBC74148_final.fna 2>/dev/null
[RUNNING:] show-coords -r -I 97 -L 75 -T seq_seq2904559.delta | awk '$1 != $3 || $2 != $4 && $8==$9 {print}' > seq_seq2904559.coords

Running self-nucmer on /data/djs217/PROJECTS/56_Vibrio_phaME/01_PhaME/08_workdir_pacinii/files/EXE_08_2024_A_final.fna
[RUNNING:] nucmer --maxmatch --nosimplify --prefix=seq_seq2904648 /data/djs217/PROJECTS/56_Vibrio_phaME/01_PhaME/08_workdir_pacinii/files/EXE_08_2024_A_final.fna /data/djs217/PROJECTS/56_Vibrio_phaME/01_PhaME/08_workdir_pacinii/files/EXE_08_2024_A_final.fna 2>/dev/null
[RUNNING:] show-coords -r -I 97 -L 75 -T seq_seq2904648.delta | awk '$1 != $3 || $2 != $4 && $8==$9 {print}' > seq_seq2904648.coords

Running self-nucmer on /data/djs217/PROJECTS/56_Vibrio_phaME/01_PhaME/08_workdir_pacinii/files/Vibrio_intestinalis_YLB_11.fna
[RUNNING:] nucmer --maxmatch --nosimplify --prefix=seq_seq2904716 /data/djs217/PROJECTS/56_Vibrio_phaME/01_PhaME/08_workdir_pacinii/files/Vibrio_intestinalis_YLB_11.fna /data/djs217/PROJECTS/56_Vibrio_phaME/01_PhaME/08_workdir_pacinii/files/Vibrio_intestinalis_YLB_11.fna 2>/dev/null
[RUNNING:] show-coords -r -I 97 -L 75 -T seq_seq2904716.delta | awk '$1 != $3 || $2 != $4 && $8==$9 {print}' > seq_seq2904716.coords

Running self-nucmer on /data/djs217/PROJECTS/56_Vibrio_phaME/01_PhaME/08_workdir_pacinii/files/Vibrio_iocasae_HN007.fna
[RUNNING:] nucmer --maxmatch --nosimplify --prefix=seq_seq2904763 /data/djs217/PROJECTS/56_Vibrio_phaME/01_PhaME/08_workdir_pacinii/files/Vibrio_iocasae_HN007.fna /data/djs217/PROJECTS/56_Vibrio_phaME/01_PhaME/08_workdir_pacinii/files/Vibrio_iocasae_HN007.fna 2>/dev/null
[RUNNING:] show-coords -r -I 97 -L 75 -T seq_seq2904763.delta | awk '$1 != $3 || $2 != $4 && $8==$9 {print}' > seq_seq2904763.coords

Running self-nucmer on /data/djs217/PROJECTS/56_Vibrio_phaME/01_PhaME/08_workdir_pacinii/files/Vibrio_panuliri_JCM_19500.fna
[RUNNING:] nucmer --maxmatch --nosimplify --prefix=seq_seq2904846 /data/djs217/PROJECTS/56_Vibrio_phaME/01_PhaME/08_workdir_pacinii/files/Vibrio_panuliri_JCM_19500.fna /data/djs217/PROJECTS/56_Vibrio_phaME/01_PhaME/08_workdir_pacinii/files/Vibrio_panuliri_JCM_19500.fna 2>/dev/null
[RUNNING:] show-coords -r -I 97 -L 75 -T seq_seq2904846.delta | awk '$1 != $3 || $2 != $4 && $8==$9 {print}' > seq_seq2904846.coords

Running self-nucmer on /data/djs217/PROJECTS/56_Vibrio_phaME/01_PhaME/08_workdir_pacinii/files/Vibrio_hangzhouensis_CGMCC_1_7062.fna
[RUNNING:] nucmer --maxmatch --nosimplify --prefix=seq_seq2904913 /data/djs217/PROJECTS/56_Vibrio_phaME/01_PhaME/08_workdir_pacinii/files/Vibrio_hangzhouensis_CGMCC_1_7062.fna /data/djs217/PROJECTS/56_Vibrio_phaME/01_PhaME/08_workdir_pacinii/files/Vibrio_hangzhouensis_CGMCC_1_7062.fna 2>/dev/null
[RUNNING:] show-coords -r -I 97 -L 75 -T seq_seq2904913.delta | awk '$1 != $3 || $2 != $4 && $8==$9 {print}' > seq_seq2904913.coords

Running self-nucmer on /data/djs217/PROJECTS/56_Vibrio_phaME/01_PhaME/08_workdir_pacinii/files/Vibrio_cionasavignyae_JAMM2507.fna
[RUNNING:] nucmer --maxmatch --nosimplify --prefix=seq_seq2905025 /data/djs217/PROJECTS/56_Vibrio_phaME/01_PhaME/08_workdir_pacinii/files/Vibrio_cionasavignyae_JAMM2507.fna /data/djs217/PROJECTS/56_Vibrio_phaME/01_PhaME/08_workdir_pacinii/files/Vibrio_cionasavignyae_JAMM2507.fna 2>/dev/null
[RUNNING:] show-coords -r -I 97 -L 75 -T seq_seq2905025.delta | awk '$1 != $3 || $2 != $4 && $8==$9 {print}' > seq_seq2905025.coords

Running self-nucmer on /data/djs217/PROJECTS/56_Vibrio_phaME/01_PhaME/08_workdir_pacinii/files/Vibrio_rhodolitus_G98.fna
[RUNNING:] nucmer --maxmatch --nosimplify --prefix=seq_seq2905139 /data/djs217/PROJECTS/56_Vibrio_phaME/01_PhaME/08_workdir_pacinii/files/Vibrio_rhodolitus_G98.fna /data/djs217/PROJECTS/56_Vibrio_phaME/01_PhaME/08_workdir_pacinii/files/Vibrio_rhodolitus_G98.fna 2>/dev/null
[RUNNING:] show-coords -r -I 97 -L 75 -T seq_seq2905139.delta | awk '$1 != $3 || $2 != $4 && $8==$9 {print}' > seq_seq2905139.coords

Running self-nucmer on /data/djs217/PROJECTS/56_Vibrio_phaME/01_PhaME/08_workdir_pacinii/files/Vibrio_azureus_LC2_005.fna
[RUNNING:] nucmer --maxmatch --nosimplify --prefix=seq_seq2905218 /data/djs217/PROJECTS/56_Vibrio_phaME/01_PhaME/08_workdir_pacinii/files/Vibrio_azureus_LC2_005.fna /data/djs217/PROJECTS/56_Vibrio_phaME/01_PhaME/08_workdir_pacinii/files/Vibrio_azureus_LC2_005.fna 2>/dev/null
[RUNNING:] show-coords -r -I 97 -L 75 -T seq_seq2905218.delta | awk '$1 != $3 || $2 != $4 && $8==$9 {print}' > seq_seq2905218.coords

Running self-nucmer on /data/djs217/PROJECTS/56_Vibrio_phaME/01_PhaME/08_workdir_pacinii/files/Vibrio_cyclitrophicus_LMG_21359.fna
[RUNNING:] nucmer --maxmatch --nosimplify --prefix=seq_seq2905374 /data/djs217/PROJECTS/56_Vibrio_phaME/01_PhaME/08_workdir_pacinii/files/Vibrio_cyclitrophicus_LMG_21359.fna /data/djs217/PROJECTS/56_Vibrio_phaME/01_PhaME/08_workdir_pacinii/files/Vibrio_cyclitrophicus_LMG_21359.fna 2>/dev/null
[RUNNING:] show-coords -r -I 97 -L 75 -T seq_seq2905374.delta | awk '$1 != $3 || $2 != $4 && $8==$9 {print}' > seq_seq2905374.coords

Running self-nucmer on /data/djs217/PROJECTS/56_Vibrio_phaME/01_PhaME/08_workdir_pacinii/files/11813_EXE_01_2025_M_PBC74148_final.fna
[RUNNING:] nucmer --maxmatch --nosimplify --prefix=seq_seq2905476 /data/djs217/PROJECTS/56_Vibrio_phaME/01_PhaME/08_workdir_pacinii/files/11813_EXE_01_2025_M_PBC74148_final.fna /data/djs217/PROJECTS/56_Vibrio_phaME/01_PhaME/08_workdir_pacinii/files/11813_EXE_01_2025_M_PBC74148_final.fna 2>/dev/null
[RUNNING:] show-coords -r -I 97 -L 75 -T seq_seq2905476.delta | awk '$1 != $3 || $2 != $4 && $8==$9 {print}' > seq_seq2905476.coords

Running self-nucmer on /data/djs217/PROJECTS/56_Vibrio_phaME/01_PhaME/08_workdir_pacinii/files/Vibrio_renipiscarius_DCR_1_4_2.fna
[RUNNING:] nucmer --maxmatch --nosimplify --prefix=seq_seq2905530 /data/djs217/PROJECTS/56_Vibrio_phaME/01_PhaME/08_workdir_pacinii/files/Vibrio_renipiscarius_DCR_1_4_2.fna /data/djs217/PROJECTS/56_Vibrio_phaME/01_PhaME/08_workdir_pacinii/files/Vibrio_renipiscarius_DCR_1_4_2.fna 2>/dev/null
[RUNNING:] show-coords -r -I 97 -L 75 -T seq_seq2905530.delta | awk '$1 != $3 || $2 != $4 && $8==$9 {print}' > seq_seq2905530.coords

Running self-nucmer on /data/djs217/PROJECTS/56_Vibrio_phaME/01_PhaME/08_workdir_pacinii/files/11813_EXE_05_2024_A_PBC74148_final.fna
[RUNNING:] nucmer --maxmatch --nosimplify --prefix=seq_seq2905621 /data/djs217/PROJECTS/56_Vibrio_phaME/01_PhaME/08_workdir_pacinii/files/11813_EXE_05_2024_A_PBC74148_final.fna /data/djs217/PROJECTS/56_Vibrio_phaME/01_PhaME/08_workdir_pacinii/files/11813_EXE_05_2024_A_PBC74148_final.fna 2>/dev/null
[RUNNING:] show-coords -r -I 97 -L 75 -T seq_seq2905621.delta | awk '$1 != $3 || $2 != $4 && $8==$9 {print}' > seq_seq2905621.coords

Running self-nucmer on /data/djs217/PROJECTS/56_Vibrio_phaME/01_PhaME/08_workdir_pacinii/files/Vibrio_profundi_TP187.fna
[RUNNING:] nucmer --maxmatch --nosimplify --prefix=seq_seq2905769 /data/djs217/PROJECTS/56_Vibrio_phaME/01_PhaME/08_workdir_pacinii/files/Vibrio_profundi_TP187.fna /data/djs217/PROJECTS/56_Vibrio_phaME/01_PhaME/08_workdir_pacinii/files/Vibrio_profundi_TP187.fna 2>/dev/null
[RUNNING:] show-coords -r -I 97 -L 75 -T seq_seq2905769.delta | awk '$1 != $3 || $2 != $4 && $8==$9 {print}' > seq_seq2905769.coords

Running self-nucmer on /data/djs217/PROJECTS/56_Vibrio_phaME/01_PhaME/08_workdir_pacinii/files/EXE_32_2024_G_final.fna
[RUNNING:] nucmer --maxmatch --nosimplify --prefix=seq_seq2905841 /data/djs217/PROJECTS/56_Vibrio_phaME/01_PhaME/08_workdir_pacinii/files/EXE_32_2024_G_final.fna /data/djs217/PROJECTS/56_Vibrio_phaME/01_PhaME/08_workdir_pacinii/files/EXE_32_2024_G_final.fna 2>/dev/null
[RUNNING:] show-coords -r -I 97 -L 75 -T seq_seq2905841.delta | awk '$1 != $3 || $2 != $4 && $8==$9 {print}' > seq_seq2905841.coords

Running self-nucmer on /data/djs217/PROJECTS/56_Vibrio_phaME/01_PhaME/08_workdir_pacinii/files/Vibrio_ouci_BEI176.fna
[RUNNING:] nucmer --maxmatch --nosimplify --prefix=seq_seq2905929 /data/djs217/PROJECTS/56_Vibrio_phaME/01_PhaME/08_workdir_pacinii/files/Vibrio_ouci_BEI176.fna /data/djs217/PROJECTS/56_Vibrio_phaME/01_PhaME/08_workdir_pacinii/files/Vibrio_ouci_BEI176.fna 2>/dev/null
[RUNNING:] show-coords -r -I 97 -L 75 -T seq_seq2905929.delta | awk '$1 != $3 || $2 != $4 && $8==$9 {print}' > seq_seq2905929.coords

Running self-nucmer on /data/djs217/PROJECTS/56_Vibrio_phaME/01_PhaME/08_workdir_pacinii/files/11813_EXE_27_2025_A_PBC74148_final.fna
[RUNNING:] nucmer --maxmatch --nosimplify --prefix=seq_seq2906198 /data/djs217/PROJECTS/56_Vibrio_phaME/01_PhaME/08_workdir_pacinii/files/11813_EXE_27_2025_A_PBC74148_final.fna /data/djs217/PROJECTS/56_Vibrio_phaME/01_PhaME/08_workdir_pacinii/files/11813_EXE_27_2025_A_PBC74148_final.fna 2>/dev/null
[RUNNING:] show-coords -r -I 97 -L 75 -T seq_seq2906198.delta | awk '$1 != $3 || $2 != $4 && $8==$9 {print}' > seq_seq2906198.coords

Running self-nucmer on /data/djs217/PROJECTS/56_Vibrio_phaME/01_PhaME/08_workdir_pacinii/files/Vibrio_thalassae_KCTC_32373.fna
[RUNNING:] nucmer --maxmatch --nosimplify --prefix=seq_seq2906325 /data/djs217/PROJECTS/56_Vibrio_phaME/01_PhaME/08_workdir_pacinii/files/Vibrio_thalassae_KCTC_32373.fna /data/djs217/PROJECTS/56_Vibrio_phaME/01_PhaME/08_workdir_pacinii/files/Vibrio_thalassae_KCTC_32373.fna 2>/dev/null
[RUNNING:] show-coords -r -I 97 -L 75 -T seq_seq2906325.delta | awk '$1 != $3 || $2 != $4 && $8==$9 {print}' > seq_seq2906325.coords

Running self-nucmer on /data/djs217/PROJECTS/56_Vibrio_phaME/01_PhaME/08_workdir_pacinii/files/Vibrio_ezurae_HDS1_1.fna
[RUNNING:] nucmer --maxmatch --nosimplify --prefix=seq_seq2906616 /data/djs217/PROJECTS/56_Vibrio_phaME/01_PhaME/08_workdir_pacinii/files/Vibrio_ezurae_HDS1_1.fna /data/djs217/PROJECTS/56_Vibrio_phaME/01_PhaME/08_workdir_pacinii/files/Vibrio_ezurae_HDS1_1.fna 2>/dev/null
[RUNNING:] show-coords -r -I 97 -L 75 -T seq_seq2906616.delta | awk '$1 != $3 || $2 != $4 && $8==$9 {print}' > seq_seq2906616.coords

Running self-nucmer on /data/djs217/PROJECTS/56_Vibrio_phaME/01_PhaME/08_workdir_pacinii/files/Vibrio_chaetopteri_CB1_14.fna
[RUNNING:] nucmer --maxmatch --nosimplify --prefix=seq_seq2906689 /data/djs217/PROJECTS/56_Vibrio_phaME/01_PhaME/08_workdir_pacinii/files/Vibrio_chaetopteri_CB1_14.fna /data/djs217/PROJECTS/56_Vibrio_phaME/01_PhaME/08_workdir_pacinii/files/Vibrio_chaetopteri_CB1_14.fna 2>/dev/null
[RUNNING:] show-coords -r -I 97 -L 75 -T seq_seq2906689.delta | awk '$1 != $3 || $2 != $4 && $8==$9 {print}' > seq_seq2906689.coords

Running self-nucmer on /data/djs217/PROJECTS/56_Vibrio_phaME/01_PhaME/08_workdir_pacinii/files/Vibrio_atlanticus_CECT_7223.fna
[RUNNING:] nucmer --maxmatch --nosimplify --prefix=seq_seq2906783 /data/djs217/PROJECTS/56_Vibrio_phaME/01_PhaME/08_workdir_pacinii/files/Vibrio_atlanticus_CECT_7223.fna /data/djs217/PROJECTS/56_Vibrio_phaME/01_PhaME/08_workdir_pacinii/files/Vibrio_atlanticus_CECT_7223.fna 2>/dev/null
[RUNNING:] show-coords -r -I 97 -L 75 -T seq_seq2906783.delta | awk '$1 != $3 || $2 != $4 && $8==$9 {print}' > seq_seq2906783.coords

Running self-nucmer on /data/djs217/PROJECTS/56_Vibrio_phaME/01_PhaME/08_workdir_pacinii/files/EXE_03_2025_A_final.fna
[RUNNING:] nucmer --maxmatch --nosimplify --prefix=seq_seq2906918 /data/djs217/PROJECTS/56_Vibrio_phaME/01_PhaME/08_workdir_pacinii/files/EXE_03_2025_A_final.fna /data/djs217/PROJECTS/56_Vibrio_phaME/01_PhaME/08_workdir_pacinii/files/EXE_03_2025_A_final.fna 2>/dev/null
[RUNNING:] show-coords -r -I 97 -L 75 -T seq_seq2906918.delta | awk '$1 != $3 || $2 != $4 && $8==$9 {print}' > seq_seq2906918.coords

Running self-nucmer on /data/djs217/PROJECTS/56_Vibrio_phaME/01_PhaME/08_workdir_pacinii/files/Vibrio_gigantis_LMG_22741.fna
[RUNNING:] nucmer --maxmatch --nosimplify --prefix=seq_seq2907037 /data/djs217/PROJECTS/56_Vibrio_phaME/01_PhaME/08_workdir_pacinii/files/Vibrio_gigantis_LMG_22741.fna /data/djs217/PROJECTS/56_Vibrio_phaME/01_PhaME/08_workdir_pacinii/files/Vibrio_gigantis_LMG_22741.fna 2>/dev/null
[RUNNING:] show-coords -r -I 97 -L 75 -T seq_seq2907037.delta | awk '$1 != $3 || $2 != $4 && $8==$9 {print}' > seq_seq2907037.coords

Running self-nucmer on /data/djs217/PROJECTS/56_Vibrio_phaME/01_PhaME/08_workdir_pacinii/files/EXE_23_2025_L_final.fna
[RUNNING:] nucmer --maxmatch --nosimplify --prefix=seq_seq2907116 /data/djs217/PROJECTS/56_Vibrio_phaME/01_PhaME/08_workdir_pacinii/files/EXE_23_2025_L_final.fna /data/djs217/PROJECTS/56_Vibrio_phaME/01_PhaME/08_workdir_pacinii/files/EXE_23_2025_L_final.fna 2>/dev/null
[RUNNING:] show-coords -r -I 97 -L 75 -T seq_seq2907116.delta | awk '$1 != $3 || $2 != $4 && $8==$9 {print}' > seq_seq2907116.coords

Running self-nucmer on /data/djs217/PROJECTS/56_Vibrio_phaME/01_PhaME/08_workdir_pacinii/files/Vibrio_gallicus_CIP_107863.fna
[RUNNING:] nucmer --maxmatch --nosimplify --prefix=seq_seq2907237 /data/djs217/PROJECTS/56_Vibrio_phaME/01_PhaME/08_workdir_pacinii/files/Vibrio_gallicus_CIP_107863.fna /data/djs217/PROJECTS/56_Vibrio_phaME/01_PhaME/08_workdir_pacinii/files/Vibrio_gallicus_CIP_107863.fna 2>/dev/null
[RUNNING:] show-coords -r -I 97 -L 75 -T seq_seq2907237.delta | awk '$1 != $3 || $2 != $4 && $8==$9 {print}' > seq_seq2907237.coords

Running self-nucmer on /data/djs217/PROJECTS/56_Vibrio_phaME/01_PhaME/08_workdir_pacinii/files/EXE09_2023D7_unicycler.fna
[RUNNING:] nucmer --maxmatch --nosimplify --prefix=seq_seq2907318 /data/djs217/PROJECTS/56_Vibrio_phaME/01_PhaME/08_workdir_pacinii/files/EXE09_2023D7_unicycler.fna /data/djs217/PROJECTS/56_Vibrio_phaME/01_PhaME/08_workdir_pacinii/files/EXE09_2023D7_unicycler.fna 2>/dev/null
[RUNNING:] show-coords -r -I 97 -L 75 -T seq_seq2907318.delta | awk '$1 != $3 || $2 != $4 && $8==$9 {print}' > seq_seq2907318.coords

Running self-nucmer on /data/djs217/PROJECTS/56_Vibrio_phaME/01_PhaME/08_workdir_pacinii/files/Vibrio_penaeicida_IFO_15640.fna
[RUNNING:] nucmer --maxmatch --nosimplify --prefix=seq_seq2907404 /data/djs217/PROJECTS/56_Vibrio_phaME/01_PhaME/08_workdir_pacinii/files/Vibrio_penaeicida_IFO_15640.fna /data/djs217/PROJECTS/56_Vibrio_phaME/01_PhaME/08_workdir_pacinii/files/Vibrio_penaeicida_IFO_15640.fna 2>/dev/null
[RUNNING:] show-coords -r -I 97 -L 75 -T seq_seq2907404.delta | awk '$1 != $3 || $2 != $4 && $8==$9 {print}' > seq_seq2907404.coords

Running self-nucmer on /data/djs217/PROJECTS/56_Vibrio_phaME/01_PhaME/08_workdir_pacinii/files/Vibrio_toranzoniae_CECT_7225.fna
[RUNNING:] nucmer --maxmatch --nosimplify --prefix=seq_seq2907534 /data/djs217/PROJECTS/56_Vibrio_phaME/01_PhaME/08_workdir_pacinii/files/Vibrio_toranzoniae_CECT_7225.fna /data/djs217/PROJECTS/56_Vibrio_phaME/01_PhaME/08_workdir_pacinii/files/Vibrio_toranzoniae_CECT_7225.fna 2>/dev/null
[RUNNING:] show-coords -r -I 97 -L 75 -T seq_seq2907534.delta | awk '$1 != $3 || $2 != $4 && $8==$9 {print}' > seq_seq2907534.coords

Running self-nucmer on /data/djs217/PROJECTS/56_Vibrio_phaME/01_PhaME/08_workdir_pacinii/files/Vibrio_hyugaensis_090810a.fna
[RUNNING:] nucmer --maxmatch --nosimplify --prefix=seq_seq2907653 /data/djs217/PROJECTS/56_Vibrio_phaME/01_PhaME/08_workdir_pacinii/files/Vibrio_hyugaensis_090810a.fna /data/djs217/PROJECTS/56_Vibrio_phaME/01_PhaME/08_workdir_pacinii/files/Vibrio_hyugaensis_090810a.fna 2>/dev/null
[RUNNING:] show-coords -r -I 97 -L 75 -T seq_seq2907653.delta | awk '$1 != $3 || $2 != $4 && $8==$9 {print}' > seq_seq2907653.coords

Running self-nucmer on /data/djs217/PROJECTS/56_Vibrio_phaME/01_PhaME/08_workdir_pacinii/files/Vibrio_wakamikoensis_JAMM2464.fna
[RUNNING:] nucmer --maxmatch --nosimplify --prefix=seq_seq2907791 /data/djs217/PROJECTS/56_Vibrio_phaME/01_PhaME/08_workdir_pacinii/files/Vibrio_wakamikoensis_JAMM2464.fna /data/djs217/PROJECTS/56_Vibrio_phaME/01_PhaME/08_workdir_pacinii/files/Vibrio_wakamikoensis_JAMM2464.fna 2>/dev/null
[RUNNING:] show-coords -r -I 97 -L 75 -T seq_seq2907791.delta | awk '$1 != $3 || $2 != $4 && $8==$9 {print}' > seq_seq2907791.coords

Running self-nucmer on /data/djs217/PROJECTS/56_Vibrio_phaME/01_PhaME/08_workdir_pacinii/files/EXE_15_2024_J_unicycler.fna
[RUNNING:] nucmer --maxmatch --nosimplify --prefix=seq_seq2907890 /data/djs217/PROJECTS/56_Vibrio_phaME/01_PhaME/08_workdir_pacinii/files/EXE_15_2024_J_unicycler.fna /data/djs217/PROJECTS/56_Vibrio_phaME/01_PhaME/08_workdir_pacinii/files/EXE_15_2024_J_unicycler.fna 2>/dev/null
[RUNNING:] show-coords -r -I 97 -L 75 -T seq_seq2907890.delta | awk '$1 != $3 || $2 != $4 && $8==$9 {print}' > seq_seq2907890.coords

Running self-nucmer on /data/djs217/PROJECTS/56_Vibrio_phaME/01_PhaME/08_workdir_pacinii/files/Vibrio_parahaemolyticus_ATCC_17802.fna
[RUNNING:] nucmer --maxmatch --nosimplify --prefix=seq_seq2907949 /data/djs217/PROJECTS/56_Vibrio_phaME/01_PhaME/08_workdir_pacinii/files/Vibrio_parahaemolyticus_ATCC_17802.fna /data/djs217/PROJECTS/56_Vibrio_phaME/01_PhaME/08_workdir_pacinii/files/Vibrio_parahaemolyticus_ATCC_17802.fna 2>/dev/null
[RUNNING:] show-coords -r -I 97 -L 75 -T seq_seq2907949.delta | awk '$1 != $3 || $2 != $4 && $8==$9 {print}' > seq_seq2907949.coords

Running self-nucmer on /data/djs217/PROJECTS/56_Vibrio_phaME/01_PhaME/08_workdir_pacinii/files/11813_EXE_34_2024_P_PBC74148_final.fna
[RUNNING:] nucmer --maxmatch --nosimplify --prefix=seq_seq2908043 /data/djs217/PROJECTS/56_Vibrio_phaME/01_PhaME/08_workdir_pacinii/files/11813_EXE_34_2024_P_PBC74148_final.fna /data/djs217/PROJECTS/56_Vibrio_phaME/01_PhaME/08_workdir_pacinii/files/11813_EXE_34_2024_P_PBC74148_final.fna 2>/dev/null
[RUNNING:] show-coords -r -I 97 -L 75 -T seq_seq2908043.delta | awk '$1 != $3 || $2 != $4 && $8==$9 {print}' > seq_seq2908043.coords

Running self-nucmer on /data/djs217/PROJECTS/56_Vibrio_phaME/01_PhaME/08_workdir_pacinii/files/Vibrio_jasicida_CAIM_1864.fna
[RUNNING:] nucmer --maxmatch --nosimplify --prefix=seq_seq2908131 /data/djs217/PROJECTS/56_Vibrio_phaME/01_PhaME/08_workdir_pacinii/files/Vibrio_jasicida_CAIM_1864.fna /data/djs217/PROJECTS/56_Vibrio_phaME/01_PhaME/08_workdir_pacinii/files/Vibrio_jasicida_CAIM_1864.fna 2>/dev/null
[RUNNING:] show-coords -r -I 97 -L 75 -T seq_seq2908131.delta | awk '$1 != $3 || $2 != $4 && $8==$9 {print}' > seq_seq2908131.coords

Running self-nucmer on /data/djs217/PROJECTS/56_Vibrio_phaME/01_PhaME/08_workdir_pacinii/files/Vibrio_aquimaris_THAF100.fna
[RUNNING:] nucmer --maxmatch --nosimplify --prefix=seq_seq2908240 /data/djs217/PROJECTS/56_Vibrio_phaME/01_PhaME/08_workdir_pacinii/files/Vibrio_aquimaris_THAF100.fna /data/djs217/PROJECTS/56_Vibrio_phaME/01_PhaME/08_workdir_pacinii/files/Vibrio_aquimaris_THAF100.fna 2>/dev/null
[RUNNING:] show-coords -r -I 97 -L 75 -T seq_seq2908240.delta | awk '$1 != $3 || $2 != $4 && $8==$9 {print}' > seq_seq2908240.coords

Running self-nucmer on /data/djs217/PROJECTS/56_Vibrio_phaME/01_PhaME/08_workdir_pacinii/files/Vibrio_vulnificus_2142_77.fna
[RUNNING:] nucmer --maxmatch --nosimplify --prefix=seq_seq2908320 /data/djs217/PROJECTS/56_Vibrio_phaME/01_PhaME/08_workdir_pacinii/files/Vibrio_vulnificus_2142_77.fna /data/djs217/PROJECTS/56_Vibrio_phaME/01_PhaME/08_workdir_pacinii/files/Vibrio_vulnificus_2142_77.fna 2>/dev/null
[RUNNING:] show-coords -r -I 97 -L 75 -T seq_seq2908320.delta | awk '$1 != $3 || $2 != $4 && $8==$9 {print}' > seq_seq2908320.coords

Running self-nucmer on /data/djs217/PROJECTS/56_Vibrio_phaME/01_PhaME/08_workdir_pacinii/files/11813_EXE_33_2024_C_PBC74148_final.fna
[RUNNING:] nucmer --maxmatch --nosimplify --prefix=seq_seq2908546 /data/djs217/PROJECTS/56_Vibrio_phaME/01_PhaME/08_workdir_pacinii/files/11813_EXE_33_2024_C_PBC74148_final.fna /data/djs217/PROJECTS/56_Vibrio_phaME/01_PhaME/08_workdir_pacinii/files/11813_EXE_33_2024_C_PBC74148_final.fna 2>/dev/null
[RUNNING:] show-coords -r -I 97 -L 75 -T seq_seq2908546.delta | awk '$1 != $3 || $2 != $4 && $8==$9 {print}' > seq_seq2908546.coords

Running self-nucmer on /data/djs217/PROJECTS/56_Vibrio_phaME/01_PhaME/08_workdir_pacinii/files/Vibrio_tritonius_JCM_16456.fna
[RUNNING:] nucmer --maxmatch --nosimplify --prefix=seq_seq2908653 /data/djs217/PROJECTS/56_Vibrio_phaME/01_PhaME/08_workdir_pacinii/files/Vibrio_tritonius_JCM_16456.fna /data/djs217/PROJECTS/56_Vibrio_phaME/01_PhaME/08_workdir_pacinii/files/Vibrio_tritonius_JCM_16456.fna 2>/dev/null
[RUNNING:] show-coords -r -I 97 -L 75 -T seq_seq2908653.delta | awk '$1 != $3 || $2 != $4 && $8==$9 {print}' > seq_seq2908653.coords

Running self-nucmer on /data/djs217/PROJECTS/56_Vibrio_phaME/01_PhaME/08_workdir_pacinii/files/EXE_20_2025_B_final.fna
[RUNNING:] nucmer --maxmatch --nosimplify --prefix=seq_seq2908811 /data/djs217/PROJECTS/56_Vibrio_phaME/01_PhaME/08_workdir_pacinii/files/EXE_20_2025_B_final.fna /data/djs217/PROJECTS/56_Vibrio_phaME/01_PhaME/08_workdir_pacinii/files/EXE_20_2025_B_final.fna 2>/dev/null
[RUNNING:] show-coords -r -I 97 -L 75 -T seq_seq2908811.delta | awk '$1 != $3 || $2 != $4 && $8==$9 {print}' > seq_seq2908811.coords

Running self-nucmer on /data/djs217/PROJECTS/56_Vibrio_phaME/01_PhaME/08_workdir_pacinii/files/EXE10_2023G3_unicycler.fna
[RUNNING:] nucmer --maxmatch --nosimplify --prefix=seq_seq2908899 /data/djs217/PROJECTS/56_Vibrio_phaME/01_PhaME/08_workdir_pacinii/files/EXE10_2023G3_unicycler.fna /data/djs217/PROJECTS/56_Vibrio_phaME/01_PhaME/08_workdir_pacinii/files/EXE10_2023G3_unicycler.fna 2>/dev/null
[RUNNING:] show-coords -r -I 97 -L 75 -T seq_seq2908899.delta | awk '$1 != $3 || $2 != $4 && $8==$9 {print}' > seq_seq2908899.coords

Running self-nucmer on /data/djs217/PROJECTS/56_Vibrio_phaME/01_PhaME/08_workdir_pacinii/files/Vibrio_ostreae_OG9_811.fna
[RUNNING:] nucmer --maxmatch --nosimplify --prefix=seq_seq2908970 /data/djs217/PROJECTS/56_Vibrio_phaME/01_PhaME/08_workdir_pacinii/files/Vibrio_ostreae_OG9_811.fna /data/djs217/PROJECTS/56_Vibrio_phaME/01_PhaME/08_workdir_pacinii/files/Vibrio_ostreae_OG9_811.fna 2>/dev/null
[RUNNING:] show-coords -r -I 97 -L 75 -T seq_seq2908970.delta | awk '$1 != $3 || $2 != $4 && $8==$9 {print}' > seq_seq2908970.coords

Running self-nucmer on /data/djs217/PROJECTS/56_Vibrio_phaME/01_PhaME/08_workdir_pacinii/files/Vibrio_nomapromontoriensis_JAMM1728.fna
[RUNNING:] nucmer --maxmatch --nosimplify --prefix=seq_seq2909079 /data/djs217/PROJECTS/56_Vibrio_phaME/01_PhaME/08_workdir_pacinii/files/Vibrio_nomapromontoriensis_JAMM1728.fna /data/djs217/PROJECTS/56_Vibrio_phaME/01_PhaME/08_workdir_pacinii/files/Vibrio_nomapromontoriensis_JAMM1728.fna 2>/dev/null
[RUNNING:] show-coords -r -I 97 -L 75 -T seq_seq2909079.delta | awk '$1 != $3 || $2 != $4 && $8==$9 {print}' > seq_seq2909079.coords

Running self-nucmer on /data/djs217/PROJECTS/56_Vibrio_phaME/01_PhaME/08_workdir_pacinii/files/EXE07_2023A1_unicycler.fna
[RUNNING:] nucmer --maxmatch --nosimplify --prefix=seq_seq2909212 /data/djs217/PROJECTS/56_Vibrio_phaME/01_PhaME/08_workdir_pacinii/files/EXE07_2023A1_unicycler.fna /data/djs217/PROJECTS/56_Vibrio_phaME/01_PhaME/08_workdir_pacinii/files/EXE07_2023A1_unicycler.fna 2>/dev/null
[RUNNING:] show-coords -r -I 97 -L 75 -T seq_seq2909212.delta | awk '$1 != $3 || $2 != $4 && $8==$9 {print}' > seq_seq2909212.coords

Running self-nucmer on /data/djs217/PROJECTS/56_Vibrio_phaME/01_PhaME/08_workdir_pacinii/files/Vibrio_brasiliensis_LMG_20546.fna
[RUNNING:] nucmer --maxmatch --nosimplify --prefix=seq_seq2909299 /data/djs217/PROJECTS/56_Vibrio_phaME/01_PhaME/08_workdir_pacinii/files/Vibrio_brasiliensis_LMG_20546.fna /data/djs217/PROJECTS/56_Vibrio_phaME/01_PhaME/08_workdir_pacinii/files/Vibrio_brasiliensis_LMG_20546.fna 2>/dev/null
[RUNNING:] show-coords -r -I 97 -L 75 -T seq_seq2909299.delta | awk '$1 != $3 || $2 != $4 && $8==$9 {print}' > seq_seq2909299.coords

Running self-nucmer on /data/djs217/PROJECTS/56_Vibrio_phaME/01_PhaME/08_workdir_pacinii/files/Vibrio_splendidus_LMG_19031.fna
[RUNNING:] nucmer --maxmatch --nosimplify --prefix=seq_seq2909439 /data/djs217/PROJECTS/56_Vibrio_phaME/01_PhaME/08_workdir_pacinii/files/Vibrio_splendidus_LMG_19031.fna /data/djs217/PROJECTS/56_Vibrio_phaME/01_PhaME/08_workdir_pacinii/files/Vibrio_splendidus_LMG_19031.fna 2>/dev/null
[RUNNING:] show-coords -r -I 97 -L 75 -T seq_seq2909439.delta | awk '$1 != $3 || $2 != $4 && $8==$9 {print}' > seq_seq2909439.coords

Running self-nucmer on /data/djs217/PROJECTS/56_Vibrio_phaME/01_PhaME/08_workdir_pacinii/files/EXE_13_2025_A_final.fna
[RUNNING:] nucmer --maxmatch --nosimplify --prefix=seq_seq2909551 /data/djs217/PROJECTS/56_Vibrio_phaME/01_PhaME/08_workdir_pacinii/files/EXE_13_2025_A_final.fna /data/djs217/PROJECTS/56_Vibrio_phaME/01_PhaME/08_workdir_pacinii/files/EXE_13_2025_A_final.fna 2>/dev/null
[RUNNING:] show-coords -r -I 97 -L 75 -T seq_seq2909551.delta | awk '$1 != $3 || $2 != $4 && $8==$9 {print}' > seq_seq2909551.coords

Running self-nucmer on /data/djs217/PROJECTS/56_Vibrio_phaME/01_PhaME/08_workdir_pacinii/files/11671_EXE_04_2024_1B1_unicycler.fna
[RUNNING:] nucmer --maxmatch --nosimplify --prefix=seq_seq2909659 /data/djs217/PROJECTS/56_Vibrio_phaME/01_PhaME/08_workdir_pacinii/files/11671_EXE_04_2024_1B1_unicycler.fna /data/djs217/PROJECTS/56_Vibrio_phaME/01_PhaME/08_workdir_pacinii/files/11671_EXE_04_2024_1B1_unicycler.fna 2>/dev/null
[RUNNING:] show-coords -r -I 97 -L 75 -T seq_seq2909659.delta | awk '$1 != $3 || $2 != $4 && $8==$9 {print}' > seq_seq2909659.coords

Running self-nucmer on /data/djs217/PROJECTS/56_Vibrio_phaME/01_PhaME/08_workdir_pacinii/files/Vibrio_coralliilyticus_DSM_19607.fna
[RUNNING:] nucmer --maxmatch --nosimplify --prefix=seq_seq2909761 /data/djs217/PROJECTS/56_Vibrio_phaME/01_PhaME/08_workdir_pacinii/files/Vibrio_coralliilyticus_DSM_19607.fna /data/djs217/PROJECTS/56_Vibrio_phaME/01_PhaME/08_workdir_pacinii/files/Vibrio_coralliilyticus_DSM_19607.fna 2>/dev/null
[RUNNING:] show-coords -r -I 97 -L 75 -T seq_seq2909761.delta | awk '$1 != $3 || $2 != $4 && $8==$9 {print}' > seq_seq2909761.coords

Running self-nucmer on /data/djs217/PROJECTS/56_Vibrio_phaME/01_PhaME/08_workdir_pacinii/files/11671_EXE_23_2024_1_unicycler.fna
[RUNNING:] nucmer --maxmatch --nosimplify --prefix=seq_seq2909895 /data/djs217/PROJECTS/56_Vibrio_phaME/01_PhaME/08_workdir_pacinii/files/11671_EXE_23_2024_1_unicycler.fna /data/djs217/PROJECTS/56_Vibrio_phaME/01_PhaME/08_workdir_pacinii/files/11671_EXE_23_2024_1_unicycler.fna 2>/dev/null
[RUNNING:] show-coords -r -I 97 -L 75 -T seq_seq2909895.delta | awk '$1 != $3 || $2 != $4 && $8==$9 {print}' > seq_seq2909895.coords

Running self-nucmer on /data/djs217/PROJECTS/56_Vibrio_phaME/01_PhaME/08_workdir_pacinii/files/Vibrio_kagoshimensis_JAMM0761.fna
[RUNNING:] nucmer --maxmatch --nosimplify --prefix=seq_seq2909983 /data/djs217/PROJECTS/56_Vibrio_phaME/01_PhaME/08_workdir_pacinii/files/Vibrio_kagoshimensis_JAMM0761.fna /data/djs217/PROJECTS/56_Vibrio_phaME/01_PhaME/08_workdir_pacinii/files/Vibrio_kagoshimensis_JAMM0761.fna 2>/dev/null
[RUNNING:] show-coords -r -I 97 -L 75 -T seq_seq2909983.delta | awk '$1 != $3 || $2 != $4 && $8==$9 {print}' > seq_seq2909983.coords

Running self-nucmer on /data/djs217/PROJECTS/56_Vibrio_phaME/01_PhaME/08_workdir_pacinii/files/11813_EXE_13_2025_P_PBC74148_final.fna
[RUNNING:] nucmer --maxmatch --nosimplify --prefix=seq_seq2910122 /data/djs217/PROJECTS/56_Vibrio_phaME/01_PhaME/08_workdir_pacinii/files/11813_EXE_13_2025_P_PBC74148_final.fna /data/djs217/PROJECTS/56_Vibrio_phaME/01_PhaME/08_workdir_pacinii/files/11813_EXE_13_2025_P_PBC74148_final.fna 2>/dev/null
[RUNNING:] show-coords -r -I 97 -L 75 -T seq_seq2910122.delta | awk '$1 != $3 || $2 != $4 && $8==$9 {print}' > seq_seq2910122.coords

Running self-nucmer on /data/djs217/PROJECTS/56_Vibrio_phaME/01_PhaME/08_workdir_pacinii/files/Vibrio_agarilyticus_SM6.fna
[RUNNING:] nucmer --maxmatch --nosimplify --prefix=seq_seq2910271 /data/djs217/PROJECTS/56_Vibrio_phaME/01_PhaME/08_workdir_pacinii/files/Vibrio_agarilyticus_SM6.fna /data/djs217/PROJECTS/56_Vibrio_phaME/01_PhaME/08_workdir_pacinii/files/Vibrio_agarilyticus_SM6.fna 2>/dev/null
[RUNNING:] show-coords -r -I 97 -L 75 -T seq_seq2910271.delta | awk '$1 != $3 || $2 != $4 && $8==$9 {print}' > seq_seq2910271.coords

Running self-nucmer on /data/djs217/PROJECTS/56_Vibrio_phaME/01_PhaME/08_workdir_pacinii/files/Vibrio_tarriae_2521_89.fna
[RUNNING:] nucmer --maxmatch --nosimplify --prefix=seq_seq2910404 /data/djs217/PROJECTS/56_Vibrio_phaME/01_PhaME/08_workdir_pacinii/files/Vibrio_tarriae_2521_89.fna /data/djs217/PROJECTS/56_Vibrio_phaME/01_PhaME/08_workdir_pacinii/files/Vibrio_tarriae_2521_89.fna 2>/dev/null
[RUNNING:] show-coords -r -I 97 -L 75 -T seq_seq2910404.delta | awk '$1 != $3 || $2 != $4 && $8==$9 {print}' > seq_seq2910404.coords

Running self-nucmer on /data/djs217/PROJECTS/56_Vibrio_phaME/01_PhaME/08_workdir_pacinii/files/Vibrio_alginolyticus_ATCC_17749.fna
[RUNNING:] nucmer --maxmatch --nosimplify --prefix=seq_seq2910661 /data/djs217/PROJECTS/56_Vibrio_phaME/01_PhaME/08_workdir_pacinii/files/Vibrio_alginolyticus_ATCC_17749.fna /data/djs217/PROJECTS/56_Vibrio_phaME/01_PhaME/08_workdir_pacinii/files/Vibrio_alginolyticus_ATCC_17749.fna 2>/dev/null
[RUNNING:] show-coords -r -I 97 -L 75 -T seq_seq2910661.delta | awk '$1 != $3 || $2 != $4 && $8==$9 {print}' > seq_seq2910661.coords

Running self-nucmer on /data/djs217/PROJECTS/56_Vibrio_phaME/01_PhaME/08_workdir_pacinii/files/11813_EXE_28_2025_A_PBC74148_final.fna
[RUNNING:] nucmer --maxmatch --nosimplify --prefix=seq_seq2910738 /data/djs217/PROJECTS/56_Vibrio_phaME/01_PhaME/08_workdir_pacinii/files/11813_EXE_28_2025_A_PBC74148_final.fna /data/djs217/PROJECTS/56_Vibrio_phaME/01_PhaME/08_workdir_pacinii/files/11813_EXE_28_2025_A_PBC74148_final.fna 2>/dev/null
[RUNNING:] show-coords -r -I 97 -L 75 -T seq_seq2910738.delta | awk '$1 != $3 || $2 != $4 && $8==$9 {print}' > seq_seq2910738.coords

Running self-nucmer on /data/djs217/PROJECTS/56_Vibrio_phaME/01_PhaME/08_workdir_pacinii/files/Vibrio_bathopelagicus_Sal10.fna
[RUNNING:] nucmer --maxmatch --nosimplify --prefix=seq_seq2910872 /data/djs217/PROJECTS/56_Vibrio_phaME/01_PhaME/08_workdir_pacinii/files/Vibrio_bathopelagicus_Sal10.fna /data/djs217/PROJECTS/56_Vibrio_phaME/01_PhaME/08_workdir_pacinii/files/Vibrio_bathopelagicus_Sal10.fna 2>/dev/null
[RUNNING:] show-coords -r -I 97 -L 75 -T seq_seq2910872.delta | awk '$1 != $3 || $2 != $4 && $8==$9 {print}' > seq_seq2910872.coords

Running self-nucmer on /data/djs217/PROJECTS/56_Vibrio_phaME/01_PhaME/08_workdir_pacinii/files/Vibrio_comitans_LMG_23416.fna
[RUNNING:] nucmer --maxmatch --nosimplify --prefix=seq_seq2910998 /data/djs217/PROJECTS/56_Vibrio_phaME/01_PhaME/08_workdir_pacinii/files/Vibrio_comitans_LMG_23416.fna /data/djs217/PROJECTS/56_Vibrio_phaME/01_PhaME/08_workdir_pacinii/files/Vibrio_comitans_LMG_23416.fna 2>/dev/null
[RUNNING:] show-coords -r -I 97 -L 75 -T seq_seq2910998.delta | awk '$1 != $3 || $2 != $4 && $8==$9 {print}' > seq_seq2910998.coords

Running self-nucmer on /data/djs217/PROJECTS/56_Vibrio_phaME/01_PhaME/08_workdir_pacinii/files/Vibrio_ruber_CECT_7878.fna
[RUNNING:] nucmer --maxmatch --nosimplify --prefix=seq_seq2911084 /data/djs217/PROJECTS/56_Vibrio_phaME/01_PhaME/08_workdir_pacinii/files/Vibrio_ruber_CECT_7878.fna /data/djs217/PROJECTS/56_Vibrio_phaME/01_PhaME/08_workdir_pacinii/files/Vibrio_ruber_CECT_7878.fna 2>/dev/null
[RUNNING:] show-coords -r -I 97 -L 75 -T seq_seq2911084.delta | awk '$1 != $3 || $2 != $4 && $8==$9 {print}' > seq_seq2911084.coords

Running self-nucmer on /data/djs217/PROJECTS/56_Vibrio_phaME/01_PhaME/08_workdir_pacinii/files/Vibrio_nitrifigilis_NFV_1.fna
[RUNNING:] nucmer --maxmatch --nosimplify --prefix=seq_seq2911192 /data/djs217/PROJECTS/56_Vibrio_phaME/01_PhaME/08_workdir_pacinii/files/Vibrio_nitrifigilis_NFV_1.fna /data/djs217/PROJECTS/56_Vibrio_phaME/01_PhaME/08_workdir_pacinii/files/Vibrio_nitrifigilis_NFV_1.fna 2>/dev/null
[RUNNING:] show-coords -r -I 97 -L 75 -T seq_seq2911192.delta | awk '$1 != $3 || $2 != $4 && $8==$9 {print}' > seq_seq2911192.coords

Running self-nucmer on /data/djs217/PROJECTS/56_Vibrio_phaME/01_PhaME/08_workdir_pacinii/files/Vibrio_hibernica_B1_19.fna
[RUNNING:] nucmer --maxmatch --nosimplify --prefix=seq_seq2911293 /data/djs217/PROJECTS/56_Vibrio_phaME/01_PhaME/08_workdir_pacinii/files/Vibrio_hibernica_B1_19.fna /data/djs217/PROJECTS/56_Vibrio_phaME/01_PhaME/08_workdir_pacinii/files/Vibrio_hibernica_B1_19.fna 2>/dev/null
[RUNNING:] show-coords -r -I 97 -L 75 -T seq_seq2911293.delta | awk '$1 != $3 || $2 != $4 && $8==$9 {print}' > seq_seq2911293.coords

Running self-nucmer on /data/djs217/PROJECTS/56_Vibrio_phaME/01_PhaME/08_workdir_pacinii/files/Vibrio_ponticus_DSM_16217.fna
[RUNNING:] nucmer --maxmatch --nosimplify --prefix=seq_seq2911360 /data/djs217/PROJECTS/56_Vibrio_phaME/01_PhaME/08_workdir_pacinii/files/Vibrio_ponticus_DSM_16217.fna /data/djs217/PROJECTS/56_Vibrio_phaME/01_PhaME/08_workdir_pacinii/files/Vibrio_ponticus_DSM_16217.fna 2>/dev/null
[RUNNING:] show-coords -r -I 97 -L 75 -T seq_seq2911360.delta | awk '$1 != $3 || $2 != $4 && $8==$9 {print}' > seq_seq2911360.coords

Running self-nucmer on /data/djs217/PROJECTS/56_Vibrio_phaME/01_PhaME/08_workdir_pacinii/files/Vibrio_celticus_CECT_7224.fna
[RUNNING:] nucmer --maxmatch --nosimplify --prefix=seq_seq2911448 /data/djs217/PROJECTS/56_Vibrio_phaME/01_PhaME/08_workdir_pacinii/files/Vibrio_celticus_CECT_7224.fna /data/djs217/PROJECTS/56_Vibrio_phaME/01_PhaME/08_workdir_pacinii/files/Vibrio_celticus_CECT_7224.fna 2>/dev/null
[RUNNING:] show-coords -r -I 97 -L 75 -T seq_seq2911448.delta | awk '$1 != $3 || $2 != $4 && $8==$9 {print}' > seq_seq2911448.coords

Running self-nucmer on /data/djs217/PROJECTS/56_Vibrio_phaME/01_PhaME/08_workdir_pacinii/files/11813_EXE_06_2024_E_PBC74148_final.fna
[RUNNING:] nucmer --maxmatch --nosimplify --prefix=seq_seq2911602 /data/djs217/PROJECTS/56_Vibrio_phaME/01_PhaME/08_workdir_pacinii/files/11813_EXE_06_2024_E_PBC74148_final.fna /data/djs217/PROJECTS/56_Vibrio_phaME/01_PhaME/08_workdir_pacinii/files/11813_EXE_06_2024_E_PBC74148_final.fna 2>/dev/null
[RUNNING:] show-coords -r -I 97 -L 75 -T seq_seq2911602.delta | awk '$1 != $3 || $2 != $4 && $8==$9 {print}' > seq_seq2911602.coords

Running self-nucmer on /data/djs217/PROJECTS/56_Vibrio_phaME/01_PhaME/08_workdir_pacinii/files/11671_EXE_02_2024_3B1_unicycler.fna
[RUNNING:] nucmer --maxmatch --nosimplify --prefix=seq_seq2911713 /data/djs217/PROJECTS/56_Vibrio_phaME/01_PhaME/08_workdir_pacinii/files/11671_EXE_02_2024_3B1_unicycler.fna /data/djs217/PROJECTS/56_Vibrio_phaME/01_PhaME/08_workdir_pacinii/files/11671_EXE_02_2024_3B1_unicycler.fna 2>/dev/null
[RUNNING:] show-coords -r -I 97 -L 75 -T seq_seq2911713.delta | awk '$1 != $3 || $2 != $4 && $8==$9 {print}' > seq_seq2911713.coords

Running self-nucmer on /data/djs217/PROJECTS/56_Vibrio_phaME/01_PhaME/08_workdir_pacinii/files/11813_EXE_29_2025_HH_PBC74148_final.fna
[RUNNING:] nucmer --maxmatch --nosimplify --prefix=seq_seq2911790 /data/djs217/PROJECTS/56_Vibrio_phaME/01_PhaME/08_workdir_pacinii/files/11813_EXE_29_2025_HH_PBC74148_final.fna /data/djs217/PROJECTS/56_Vibrio_phaME/01_PhaME/08_workdir_pacinii/files/11813_EXE_29_2025_HH_PBC74148_final.fna 2>/dev/null
[RUNNING:] show-coords -r -I 97 -L 75 -T seq_seq2911790.delta | awk '$1 != $3 || $2 != $4 && $8==$9 {print}' > seq_seq2911790.coords

Running self-nucmer on /data/djs217/PROJECTS/56_Vibrio_phaME/01_PhaME/08_workdir_pacinii/files/Vibrio_harveyi_NCTC12970.fna
[RUNNING:] nucmer --maxmatch --nosimplify --prefix=seq_seq2911855 /data/djs217/PROJECTS/56_Vibrio_phaME/01_PhaME/08_workdir_pacinii/files/Vibrio_harveyi_NCTC12970.fna /data/djs217/PROJECTS/56_Vibrio_phaME/01_PhaME/08_workdir_pacinii/files/Vibrio_harveyi_NCTC12970.fna 2>/dev/null
[RUNNING:] show-coords -r -I 97 -L 75 -T seq_seq2911855.delta | awk '$1 != $3 || $2 != $4 && $8==$9 {print}' > seq_seq2911855.coords

Running self-nucmer on /data/djs217/PROJECTS/56_Vibrio_phaME/01_PhaME/08_workdir_pacinii/files/Vibrio_breoganii_CECT_7222.fna
[RUNNING:] nucmer --maxmatch --nosimplify --prefix=seq_seq2911953 /data/djs217/PROJECTS/56_Vibrio_phaME/01_PhaME/08_workdir_pacinii/files/Vibrio_breoganii_CECT_7222.fna /data/djs217/PROJECTS/56_Vibrio_phaME/01_PhaME/08_workdir_pacinii/files/Vibrio_breoganii_CECT_7222.fna 2>/dev/null
[RUNNING:] show-coords -r -I 97 -L 75 -T seq_seq2911953.delta | awk '$1 != $3 || $2 != $4 && $8==$9 {print}' > seq_seq2911953.coords

Running self-nucmer on /data/djs217/PROJECTS/56_Vibrio_phaME/01_PhaME/08_workdir_pacinii/files/11813_EXE_12_2025_A_PBC74148_final.fna
[RUNNING:] nucmer --maxmatch --nosimplify --prefix=seq_seq2912049 /data/djs217/PROJECTS/56_Vibrio_phaME/01_PhaME/08_workdir_pacinii/files/11813_EXE_12_2025_A_PBC74148_final.fna /data/djs217/PROJECTS/56_Vibrio_phaME/01_PhaME/08_workdir_pacinii/files/11813_EXE_12_2025_A_PBC74148_final.fna 2>/dev/null
[RUNNING:] show-coords -r -I 97 -L 75 -T seq_seq2912049.delta | awk '$1 != $3 || $2 != $4 && $8==$9 {print}' > seq_seq2912049.coords

Running self-nucmer on /data/djs217/PROJECTS/56_Vibrio_phaME/01_PhaME/08_workdir_pacinii/files/Vibrio_glycogenivorans_WXL210.fna
[RUNNING:] nucmer --maxmatch --nosimplify --prefix=seq_seq2912117 /data/djs217/PROJECTS/56_Vibrio_phaME/01_PhaME/08_workdir_pacinii/files/Vibrio_glycogenivorans_WXL210.fna /data/djs217/PROJECTS/56_Vibrio_phaME/01_PhaME/08_workdir_pacinii/files/Vibrio_glycogenivorans_WXL210.fna 2>/dev/null
[RUNNING:] show-coords -r -I 97 -L 75 -T seq_seq2912117.delta | awk '$1 != $3 || $2 != $4 && $8==$9 {print}' > seq_seq2912117.coords

Running self-nucmer on /data/djs217/PROJECTS/56_Vibrio_phaME/01_PhaME/08_workdir_pacinii/files/11813_EXE_32_2024_G_PBC74148_final.fna
[RUNNING:] nucmer --maxmatch --nosimplify --prefix=seq_seq2912248 /data/djs217/PROJECTS/56_Vibrio_phaME/01_PhaME/08_workdir_pacinii/files/11813_EXE_32_2024_G_PBC74148_final.fna /data/djs217/PROJECTS/56_Vibrio_phaME/01_PhaME/08_workdir_pacinii/files/11813_EXE_32_2024_G_PBC74148_final.fna 2>/dev/null
[RUNNING:] show-coords -r -I 97 -L 75 -T seq_seq2912248.delta | awk '$1 != $3 || $2 != $4 && $8==$9 {print}' > seq_seq2912248.coords

Running self-nucmer on /data/djs217/PROJECTS/56_Vibrio_phaME/01_PhaME/08_workdir_pacinii/files/11813_EXE_25_2025_25N_PBC74148_final.fna
[RUNNING:] nucmer --maxmatch --nosimplify --prefix=seq_seq2912308 /data/djs217/PROJECTS/56_Vibrio_phaME/01_PhaME/08_workdir_pacinii/files/11813_EXE_25_2025_25N_PBC74148_final.fna /data/djs217/PROJECTS/56_Vibrio_phaME/01_PhaME/08_workdir_pacinii/files/11813_EXE_25_2025_25N_PBC74148_final.fna 2>/dev/null
[RUNNING:] show-coords -r -I 97 -L 75 -T seq_seq2912308.delta | awk '$1 != $3 || $2 != $4 && $8==$9 {print}' > seq_seq2912308.coords

Running self-nucmer on /data/djs217/PROJECTS/56_Vibrio_phaME/01_PhaME/08_workdir_pacinii/files/11813_EXE_30_2024_G_PBC74148_final.fna
[RUNNING:] nucmer --maxmatch --nosimplify --prefix=seq_seq2912333 /data/djs217/PROJECTS/56_Vibrio_phaME/01_PhaME/08_workdir_pacinii/files/11813_EXE_30_2024_G_PBC74148_final.fna /data/djs217/PROJECTS/56_Vibrio_phaME/01_PhaME/08_workdir_pacinii/files/11813_EXE_30_2024_G_PBC74148_final.fna 2>/dev/null
[RUNNING:] show-coords -r -I 97 -L 75 -T seq_seq2912333.delta | awk '$1 != $3 || $2 != $4 && $8==$9 {print}' > seq_seq2912333.coords

Running self-nucmer on /data/djs217/PROJECTS/56_Vibrio_phaME/01_PhaME/08_workdir_pacinii/files/Vibrio_injensis_M12_1144.fna
[RUNNING:] nucmer --maxmatch --nosimplify --prefix=seq_seq2912454 /data/djs217/PROJECTS/56_Vibrio_phaME/01_PhaME/08_workdir_pacinii/files/Vibrio_injensis_M12_1144.fna /data/djs217/PROJECTS/56_Vibrio_phaME/01_PhaME/08_workdir_pacinii/files/Vibrio_injensis_M12_1144.fna 2>/dev/null
[RUNNING:] show-coords -r -I 97 -L 75 -T seq_seq2912454.delta | awk '$1 != $3 || $2 != $4 && $8==$9 {print}' > seq_seq2912454.coords

Running self-nucmer on /data/djs217/PROJECTS/56_Vibrio_phaME/01_PhaME/08_workdir_pacinii/files/Vibrio_litoralis_DSM_17657.fna
[RUNNING:] nucmer --maxmatch --nosimplify --prefix=seq_seq2912513 /data/djs217/PROJECTS/56_Vibrio_phaME/01_PhaME/08_workdir_pacinii/files/Vibrio_litoralis_DSM_17657.fna /data/djs217/PROJECTS/56_Vibrio_phaME/01_PhaME/08_workdir_pacinii/files/Vibrio_litoralis_DSM_17657.fna 2>/dev/null
[RUNNING:] show-coords -r -I 97 -L 75 -T seq_seq2912513.delta | awk '$1 != $3 || $2 != $4 && $8==$9 {print}' > seq_seq2912513.coords

Running self-nucmer on /data/djs217/PROJECTS/56_Vibrio_phaME/01_PhaME/08_workdir_pacinii/files/Vibrio_kasasachensis_JAMM1812.fna
[RUNNING:] nucmer --maxmatch --nosimplify --prefix=seq_seq2912583 /data/djs217/PROJECTS/56_Vibrio_phaME/01_PhaME/08_workdir_pacinii/files/Vibrio_kasasachensis_JAMM1812.fna /data/djs217/PROJECTS/56_Vibrio_phaME/01_PhaME/08_workdir_pacinii/files/Vibrio_kasasachensis_JAMM1812.fna 2>/dev/null
[RUNNING:] show-coords -r -I 97 -L 75 -T seq_seq2912583.delta | awk '$1 != $3 || $2 != $4 && $8==$9 {print}' > seq_seq2912583.coords

Running self-nucmer on /data/djs217/PROJECTS/56_Vibrio_phaME/01_PhaME/08_workdir_pacinii/files/Vibrio_ziniensis_ZWAL4003.fna
[RUNNING:] nucmer --maxmatch --nosimplify --prefix=seq_seq2912696 /data/djs217/PROJECTS/56_Vibrio_phaME/01_PhaME/08_workdir_pacinii/files/Vibrio_ziniensis_ZWAL4003.fna /data/djs217/PROJECTS/56_Vibrio_phaME/01_PhaME/08_workdir_pacinii/files/Vibrio_ziniensis_ZWAL4003.fna 2>/dev/null
[RUNNING:] show-coords -r -I 97 -L 75 -T seq_seq2912696.delta | awk '$1 != $3 || $2 != $4 && $8==$9 {print}' > seq_seq2912696.coords

Running self-nucmer on /data/djs217/PROJECTS/56_Vibrio_phaME/01_PhaME/08_workdir_pacinii/files/Vibrio_furnissii_FDAARGOS_777.fna
[RUNNING:] nucmer --maxmatch --nosimplify --prefix=seq_seq2912767 /data/djs217/PROJECTS/56_Vibrio_phaME/01_PhaME/08_workdir_pacinii/files/Vibrio_furnissii_FDAARGOS_777.fna /data/djs217/PROJECTS/56_Vibrio_phaME/01_PhaME/08_workdir_pacinii/files/Vibrio_furnissii_FDAARGOS_777.fna 2>/dev/null
[RUNNING:] show-coords -r -I 97 -L 75 -T seq_seq2912767.delta | awk '$1 != $3 || $2 != $4 && $8==$9 {print}' > seq_seq2912767.coords

Running self-nucmer on /data/djs217/PROJECTS/56_Vibrio_phaME/01_PhaME/08_workdir_pacinii/files/Vibrio_tetraodonis_subsp__pristinus_OCN044.fna
[RUNNING:] nucmer --maxmatch --nosimplify --prefix=seq_seq2912823 /data/djs217/PROJECTS/56_Vibrio_phaME/01_PhaME/08_workdir_pacinii/files/Vibrio_tetraodonis_subsp__pristinus_OCN044.fna /data/djs217/PROJECTS/56_Vibrio_phaME/01_PhaME/08_workdir_pacinii/files/Vibrio_tetraodonis_subsp__pristinus_OCN044.fna 2>/dev/null
[RUNNING:] show-coords -r -I 97 -L 75 -T seq_seq2912823.delta | awk '$1 != $3 || $2 != $4 && $8==$9 {print}' > seq_seq2912823.coords

Running self-nucmer on /data/djs217/PROJECTS/56_Vibrio_phaME/01_PhaME/08_workdir_pacinii/files/Vibrio_marinisediminis_404.fna
[RUNNING:] nucmer --maxmatch --nosimplify --prefix=seq_seq2912870 /data/djs217/PROJECTS/56_Vibrio_phaME/01_PhaME/08_workdir_pacinii/files/Vibrio_marinisediminis_404.fna /data/djs217/PROJECTS/56_Vibrio_phaME/01_PhaME/08_workdir_pacinii/files/Vibrio_marinisediminis_404.fna 2>/dev/null
[RUNNING:] show-coords -r -I 97 -L 75 -T seq_seq2912870.delta | awk '$1 != $3 || $2 != $4 && $8==$9 {print}' > seq_seq2912870.coords

Running self-nucmer on /data/djs217/PROJECTS/56_Vibrio_phaME/01_PhaME/08_workdir_pacinii/files/Vibrio_sabulosilitoris_MAO6.fna
[RUNNING:] nucmer --maxmatch --nosimplify --prefix=seq_seq2912925 /data/djs217/PROJECTS/56_Vibrio_phaME/01_PhaME/08_workdir_pacinii/files/Vibrio_sabulosilitoris_MAO6.fna /data/djs217/PROJECTS/56_Vibrio_phaME/01_PhaME/08_workdir_pacinii/files/Vibrio_sabulosilitoris_MAO6.fna 2>/dev/null
[RUNNING:] show-coords -r -I 97 -L 75 -T seq_seq2912925.delta | awk '$1 != $3 || $2 != $4 && $8==$9 {print}' > seq_seq2912925.coords

Running self-nucmer on /data/djs217/PROJECTS/56_Vibrio_phaME/01_PhaME/08_workdir_pacinii/files/11813_EXE_13_2025_H_PBC74148_final.fna
[RUNNING:] nucmer --maxmatch --nosimplify --prefix=seq_seq2913054 /data/djs217/PROJECTS/56_Vibrio_phaME/01_PhaME/08_workdir_pacinii/files/11813_EXE_13_2025_H_PBC74148_final.fna /data/djs217/PROJECTS/56_Vibrio_phaME/01_PhaME/08_workdir_pacinii/files/11813_EXE_13_2025_H_PBC74148_final.fna 2>/dev/null
[RUNNING:] show-coords -r -I 97 -L 75 -T seq_seq2913054.delta | awk '$1 != $3 || $2 != $4 && $8==$9 {print}' > seq_seq2913054.coords

Running self-nucmer on /data/djs217/PROJECTS/56_Vibrio_phaME/01_PhaME/08_workdir_pacinii/files/Vibrio_superstes_G3_29.fna
[RUNNING:] nucmer --maxmatch --nosimplify --prefix=seq_seq2913117 /data/djs217/PROJECTS/56_Vibrio_phaME/01_PhaME/08_workdir_pacinii/files/Vibrio_superstes_G3_29.fna /data/djs217/PROJECTS/56_Vibrio_phaME/01_PhaME/08_workdir_pacinii/files/Vibrio_superstes_G3_29.fna 2>/dev/null
[RUNNING:] show-coords -r -I 97 -L 75 -T seq_seq2913117.delta | awk '$1 != $3 || $2 != $4 && $8==$9 {print}' > seq_seq2913117.coords

Running self-nucmer on /data/djs217/PROJECTS/56_Vibrio_phaME/01_PhaME/08_workdir_pacinii/files/Vibrio_mangrovi_CECT_7927.fna
[RUNNING:] nucmer --maxmatch --nosimplify --prefix=seq_seq2913180 /data/djs217/PROJECTS/56_Vibrio_phaME/01_PhaME/08_workdir_pacinii/files/Vibrio_mangrovi_CECT_7927.fna /data/djs217/PROJECTS/56_Vibrio_phaME/01_PhaME/08_workdir_pacinii/files/Vibrio_mangrovi_CECT_7927.fna 2>/dev/null
[RUNNING:] show-coords -r -I 97 -L 75 -T seq_seq2913180.delta | awk '$1 != $3 || $2 != $4 && $8==$9 {print}' > seq_seq2913180.coords

Running self-nucmer on /data/djs217/PROJECTS/56_Vibrio_phaME/01_PhaME/08_workdir_pacinii/files/11813_EXE_20_2025_B_PBC74148_final.fna
[RUNNING:] nucmer --maxmatch --nosimplify --prefix=seq_seq2913230 /data/djs217/PROJECTS/56_Vibrio_phaME/01_PhaME/08_workdir_pacinii/files/11813_EXE_20_2025_B_PBC74148_final.fna /data/djs217/PROJECTS/56_Vibrio_phaME/01_PhaME/08_workdir_pacinii/files/11813_EXE_20_2025_B_PBC74148_final.fna 2>/dev/null
[RUNNING:] show-coords -r -I 97 -L 75 -T seq_seq2913230.delta | awk '$1 != $3 || $2 != $4 && $8==$9 {print}' > seq_seq2913230.coords

Running self-nucmer on /data/djs217/PROJECTS/56_Vibrio_phaME/01_PhaME/08_workdir_pacinii/files/Vibrio_gazogenes_ATCC_29988.fna
[RUNNING:] nucmer --maxmatch --nosimplify --prefix=seq_seq2913345 /data/djs217/PROJECTS/56_Vibrio_phaME/01_PhaME/08_workdir_pacinii/files/Vibrio_gazogenes_ATCC_29988.fna /data/djs217/PROJECTS/56_Vibrio_phaME/01_PhaME/08_workdir_pacinii/files/Vibrio_gazogenes_ATCC_29988.fna 2>/dev/null
[RUNNING:] show-coords -r -I 97 -L 75 -T seq_seq2913345.delta | awk '$1 != $3 || $2 != $4 && $8==$9 {print}' > seq_seq2913345.coords

Running self-nucmer on /data/djs217/PROJECTS/56_Vibrio_phaME/01_PhaME/08_workdir_pacinii/files/Vibrio_porteresiae_MSSRF30.fna
[RUNNING:] nucmer --maxmatch --nosimplify --prefix=seq_seq2913439 /data/djs217/PROJECTS/56_Vibrio_phaME/01_PhaME/08_workdir_pacinii/files/Vibrio_porteresiae_MSSRF30.fna /data/djs217/PROJECTS/56_Vibrio_phaME/01_PhaME/08_workdir_pacinii/files/Vibrio_porteresiae_MSSRF30.fna 2>/dev/null
[RUNNING:] show-coords -r -I 97 -L 75 -T seq_seq2913439.delta | awk '$1 != $3 || $2 != $4 && $8==$9 {print}' > seq_seq2913439.coords

Running self-nucmer on /data/djs217/PROJECTS/56_Vibrio_phaME/01_PhaME/08_workdir_pacinii/files/11671_EXE_04_2024_2B3_unicycler.fna
[RUNNING:] nucmer --maxmatch --nosimplify --prefix=seq_seq2913496 /data/djs217/PROJECTS/56_Vibrio_phaME/01_PhaME/08_workdir_pacinii/files/11671_EXE_04_2024_2B3_unicycler.fna /data/djs217/PROJECTS/56_Vibrio_phaME/01_PhaME/08_workdir_pacinii/files/11671_EXE_04_2024_2B3_unicycler.fna 2>/dev/null
[RUNNING:] show-coords -r -I 97 -L 75 -T seq_seq2913496.delta | awk '$1 != $3 || $2 != $4 && $8==$9 {print}' > seq_seq2913496.coords

Running self-nucmer on /data/djs217/PROJECTS/56_Vibrio_phaME/01_PhaME/08_workdir_pacinii/files/Vibrio_artabrorum_CECT_7226.fna
[RUNNING:] nucmer --maxmatch --nosimplify --prefix=seq_seq2913543 /data/djs217/PROJECTS/56_Vibrio_phaME/01_PhaME/08_workdir_pacinii/files/Vibrio_artabrorum_CECT_7226.fna /data/djs217/PROJECTS/56_Vibrio_phaME/01_PhaME/08_workdir_pacinii/files/Vibrio_artabrorum_CECT_7226.fna 2>/dev/null
[RUNNING:] show-coords -r -I 97 -L 75 -T seq_seq2913543.delta | awk '$1 != $3 || $2 != $4 && $8==$9 {print}' > seq_seq2913543.coords

Running self-nucmer on /data/djs217/PROJECTS/56_Vibrio_phaME/01_PhaME/08_workdir_pacinii/files/Vibrio_ostreicida_CECT_7398.fna
[RUNNING:] nucmer --maxmatch --nosimplify --prefix=seq_seq2913629 /data/djs217/PROJECTS/56_Vibrio_phaME/01_PhaME/08_workdir_pacinii/files/Vibrio_ostreicida_CECT_7398.fna /data/djs217/PROJECTS/56_Vibrio_phaME/01_PhaME/08_workdir_pacinii/files/Vibrio_ostreicida_CECT_7398.fna 2>/dev/null
[RUNNING:] show-coords -r -I 97 -L 75 -T seq_seq2913629.delta | awk '$1 != $3 || $2 != $4 && $8==$9 {print}' > seq_seq2913629.coords

Running self-nucmer on /data/djs217/PROJECTS/56_Vibrio_phaME/01_PhaME/08_workdir_pacinii/files/EXE08_2023B5_unicycler.fna
[RUNNING:] nucmer --maxmatch --nosimplify --prefix=seq_seq2915195 /data/djs217/PROJECTS/56_Vibrio_phaME/01_PhaME/08_workdir_pacinii/files/EXE08_2023B5_unicycler.fna /data/djs217/PROJECTS/56_Vibrio_phaME/01_PhaME/08_workdir_pacinii/files/EXE08_2023B5_unicycler.fna 2>/dev/null
[RUNNING:] show-coords -r -I 97 -L 75 -T seq_seq2915195.delta | awk '$1 != $3 || $2 != $4 && $8==$9 {print}' > seq_seq2915195.coords

Running self-nucmer on /data/djs217/PROJECTS/56_Vibrio_phaME/01_PhaME/08_workdir_pacinii/files/Vibrio_cholerae_FDAARGOS_103.fna
[RUNNING:] nucmer --maxmatch --nosimplify --prefix=seq_seq2915327 /data/djs217/PROJECTS/56_Vibrio_phaME/01_PhaME/08_workdir_pacinii/files/Vibrio_cholerae_FDAARGOS_103.fna /data/djs217/PROJECTS/56_Vibrio_phaME/01_PhaME/08_workdir_pacinii/files/Vibrio_cholerae_FDAARGOS_103.fna 2>/dev/null
[RUNNING:] show-coords -r -I 97 -L 75 -T seq_seq2915327.delta | awk '$1 != $3 || $2 != $4 && $8==$9 {print}' > seq_seq2915327.coords

Running self-nucmer on /data/djs217/PROJECTS/56_Vibrio_phaME/01_PhaME/08_workdir_pacinii/files/Vibrio_coralliirubri_DSM_27495.fna
[RUNNING:] nucmer --maxmatch --nosimplify --prefix=seq_seq2915450 /data/djs217/PROJECTS/56_Vibrio_phaME/01_PhaME/08_workdir_pacinii/files/Vibrio_coralliirubri_DSM_27495.fna /data/djs217/PROJECTS/56_Vibrio_phaME/01_PhaME/08_workdir_pacinii/files/Vibrio_coralliirubri_DSM_27495.fna 2>/dev/null
[RUNNING:] show-coords -r -I 97 -L 75 -T seq_seq2915450.delta | awk '$1 != $3 || $2 != $4 && $8==$9 {print}' > seq_seq2915450.coords

Running self-nucmer on /data/djs217/PROJECTS/56_Vibrio_phaME/01_PhaME/08_workdir_pacinii/files/Vibrio_spartinae_CECT_9026.fna
[RUNNING:] nucmer --maxmatch --nosimplify --prefix=seq_seq2915675 /data/djs217/PROJECTS/56_Vibrio_phaME/01_PhaME/08_workdir_pacinii/files/Vibrio_spartinae_CECT_9026.fna /data/djs217/PROJECTS/56_Vibrio_phaME/01_PhaME/08_workdir_pacinii/files/Vibrio_spartinae_CECT_9026.fna 2>/dev/null
[RUNNING:] show-coords -r -I 97 -L 75 -T seq_seq2915675.delta | awk '$1 != $3 || $2 != $4 && $8==$9 {print}' > seq_seq2915675.coords

Running self-nucmer on /data/djs217/PROJECTS/56_Vibrio_phaME/01_PhaME/08_workdir_pacinii/files/Vibrio_tapetis_subsp__tapetis_.fna
[RUNNING:] nucmer --maxmatch --nosimplify --prefix=seq_seq2915870 /data/djs217/PROJECTS/56_Vibrio_phaME/01_PhaME/08_workdir_pacinii/files/Vibrio_tapetis_subsp__tapetis_.fna /data/djs217/PROJECTS/56_Vibrio_phaME/01_PhaME/08_workdir_pacinii/files/Vibrio_tapetis_subsp__tapetis_.fna 2>/dev/null
[RUNNING:] show-coords -r -I 97 -L 75 -T seq_seq2915870.delta | awk '$1 != $3 || $2 != $4 && $8==$9 {print}' > seq_seq2915870.coords

Running self-nucmer on /data/djs217/PROJECTS/56_Vibrio_phaME/01_PhaME/08_workdir_pacinii/files/Vibrio_japonicus_JCM_31412.fna
[RUNNING:] nucmer --maxmatch --nosimplify --prefix=seq_seq2916021 /data/djs217/PROJECTS/56_Vibrio_phaME/01_PhaME/08_workdir_pacinii/files/Vibrio_japonicus_JCM_31412.fna /data/djs217/PROJECTS/56_Vibrio_phaME/01_PhaME/08_workdir_pacinii/files/Vibrio_japonicus_JCM_31412.fna 2>/dev/null
[RUNNING:] show-coords -r -I 97 -L 75 -T seq_seq2916021.delta | awk '$1 != $3 || $2 != $4 && $8==$9 {print}' > seq_seq2916021.coords

Running self-nucmer on /data/djs217/PROJECTS/56_Vibrio_phaME/01_PhaME/08_workdir_pacinii/files/EXE07_2023A4_unicycler.fna
[RUNNING:] nucmer --maxmatch --nosimplify --prefix=seq_seq2916135 /data/djs217/PROJECTS/56_Vibrio_phaME/01_PhaME/08_workdir_pacinii/files/EXE07_2023A4_unicycler.fna /data/djs217/PROJECTS/56_Vibrio_phaME/01_PhaME/08_workdir_pacinii/files/EXE07_2023A4_unicycler.fna 2>/dev/null
[RUNNING:] show-coords -r -I 97 -L 75 -T seq_seq2916135.delta | awk '$1 != $3 || $2 != $4 && $8==$9 {print}' > seq_seq2916135.coords

Repeat coords for all references found.
Self-NUCmer complete
==================================================================
Aligning to the reference genome /data/djs217/PROJECTS/56_Vibrio_phaME/01_PhaME/08_workdir_pacinii/files/Vibrio_pacinii_DSM_19139.fna

Running nucmer on Vibrio_pacinii_DSM_19139_Vibrio_lamellibrachiae_JAMM2626
Running nucmer on Vibrio_pacinii_DSM_19139_Vibrio_cortegadensis_CECT_7227
Running nucmer on Vibrio_pacinii_DSM_19139_Vibrio_fluminensis_A621
Running nucmer on Vibrio_pacinii_DSM_19139_Vibrio_alfacsensis_CAIM_1831
Running nucmer on Vibrio_pacinii_DSM_19139_Vibrio_scophthalmi_LMG_19158
Running nucmer on Vibrio_pacinii_DSM_19139_Vibrio_xiamenensis_CGMCC_1_10228
Running nucmer on Vibrio_pacinii_DSM_19139_Vibrio_zhanjiangensis_NBRC_108723
Running nucmer on Vibrio_pacinii_DSM_19139_11813_EXE_29_2025_V_PBC74148_final
Running nucmer on Vibrio_pacinii_DSM_19139_Vibrio_pomeroyi_LMG_20537
Running nucmer on Vibrio_pacinii_DSM_19139_11813_EXE_30_2025_R_PBC74148_final
Running nucmer on Vibrio_pacinii_DSM_19139_11813_EXE_29_2025_K_PBC74148_final
Running nucmer on Vibrio_pacinii_DSM_19139_Vibrio_caribbeanicus_ATCC_BAA_2122
Running nucmer on Vibrio_pacinii_DSM_19139_Vibrio_owensii_DY05
Running nucmer on Vibrio_pacinii_DSM_19139_Vibrio_tetraodonis_A511
Running nucmer on Vibrio_pacinii_DSM_19139_Vibrio_crassostreae_LMG_22240
Running nucmer on Vibrio_pacinii_DSM_19139_Vibrio_nereis_DSM_19584
Running nucmer on Vibrio_pacinii_DSM_19139_11813_EXE_20_2024_J_PBC74148_final
Running nucmer on Vibrio_pacinii_DSM_19139_Vibrio_diabolicus_CNCM_I_1629
Running nucmer on Vibrio_pacinii_DSM_19139_Vibrio_rhizosphaerae_LMG_23790
Running nucmer on Vibrio_pacinii_DSM_19139_Vibrio_proteolyticus_ATCC_15338
Running nucmer on Vibrio_pacinii_DSM_19139_11813_EXE_30_2025_L_PBC74148_final
Running nucmer on Vibrio_pacinii_DSM_19139_11813_EXE_09_2024_B_PBC74148_final
Running nucmer on Vibrio_pacinii_DSM_19139_11813_EX_23_2024_K_PBC74148_final
Running nucmer on Vibrio_pacinii_DSM_19139_11813_EXE_28_2025_W_PBC74148_final
Running nucmer on Vibrio_pacinii_DSM_19139_EXE_01_2025_M_final
Running nucmer on Vibrio_pacinii_DSM_19139_Vibrio_anguillarum_NCTC12159
Running nucmer on Vibrio_pacinii_DSM_19139_Vibrio_marisflavi_CECT_7928
Running nucmer on Vibrio_pacinii_DSM_19139_EXE_33_2024_E_final
Running nucmer on Vibrio_pacinii_DSM_19139_Vibrio_galatheae_S2757
Running nucmer on Vibrio_pacinii_DSM_19139_11813_EXE22_2025_IVF5LA_PBC74148_final
Running nucmer on Vibrio_pacinii_DSM_19139_Vibrio_clamense_JAMM0920
Running nucmer on Vibrio_pacinii_DSM_19139_11813_EXE_03_2025_A_PBC74148_final
Running nucmer on Vibrio_pacinii_DSM_19139_Vibrio_kyushuensis_JAMM1822
Running nucmer on Vibrio_pacinii_DSM_19139_Vibrio_chanodichtyis_DSL_7
Running nucmer on Vibrio_pacinii_DSM_19139_Vibrio_campbellii_CAIM_519
Running nucmer on Vibrio_pacinii_DSM_19139_Vibrio_halioticoli_IAM_14596
Running nucmer on Vibrio_pacinii_DSM_19139_Vibrio_rotiferianus_CAIM_577
Running nucmer on Vibrio_pacinii_DSM_19139_Vibrio_paracholerae_EDC_792
Running nucmer on Vibrio_pacinii_DSM_19139_Vibrio_lentus_40M4T
Running nucmer on Vibrio_pacinii_DSM_19139_11813_EXE_26_2025_C_PBC74148_final
Running nucmer on Vibrio_pacinii_DSM_19139_11813_EXE_33_2024_F_PBC74148_final
Running nucmer on Vibrio_pacinii_DSM_19139_Vibrio_chemaguriensis_Iso1
Running nucmer on Vibrio_pacinii_DSM_19139_Vibrio_inusitatus_LMG_23434
Running nucmer on Vibrio_pacinii_DSM_19139_Vibrio_ulleungensis_188UL20_2
Running nucmer on Vibrio_pacinii_DSM_19139_Vibrio_gallaecicus_CECT_7244
Running nucmer on Vibrio_pacinii_DSM_19139_Vibrio_pelagius_ATCC_25916
Running nucmer on Vibrio_pacinii_DSM_19139_11813_EXE_22_2025_DG1LF_PBC7_final
Running nucmer on Vibrio_pacinii_DSM_19139_11671_EXE_02_2024_3B2_unicycler
Running nucmer on Vibrio_pacinii_DSM_19139_Vibrio_hepatarius_DSM_19134
Running nucmer on Vibrio_pacinii_DSM_19139_Vibrio_maerlii_G62
Running nucmer on Vibrio_pacinii_DSM_19139_Vibrio_sinaloensis_CECT_7298
Running nucmer on Vibrio_pacinii_DSM_19139_Vibrio_casei_DSM_22364
Running nucmer on Vibrio_pacinii_DSM_19139_11813_EXE_23_2025_L_PBC74148_final
Running nucmer on Vibrio_pacinii_DSM_19139_Vibrio_mimicus_NCTC11435
Running nucmer on Vibrio_pacinii_DSM_19139_Vibrio_tapetis_subsp__quintayensis_CECT_8851
Running nucmer on Vibrio_pacinii_DSM_19139_Vibrio_tasmaniensis_LMG_20012
Running nucmer on Vibrio_pacinii_DSM_19139_11813_EXE_33_2024_E_PBC74148_final
Running nucmer on Vibrio_pacinii_DSM_19139_Vibrio_fluvialis_ATCC_33809
Running nucmer on Vibrio_pacinii_DSM_19139_Vibrio_chagasii_LMG_21353
Running nucmer on Vibrio_pacinii_DSM_19139_Vibrio_apostichopi_FE10
Running nucmer on Vibrio_pacinii_DSM_19139_Vibrio_orientalis_CIP_102891
Running nucmer on Vibrio_pacinii_DSM_19139_Vibrio_amylolyticus_ZSDE26
Running nucmer on Vibrio_pacinii_DSM_19139_Vibrio_qinghaiensis_Q67
Running nucmer on Vibrio_pacinii_DSM_19139_EXE_30_2025_R_final
Running nucmer on Vibrio_pacinii_DSM_19139_Vibrio_misgurnus_GVC
Running nucmer on Vibrio_pacinii_DSM_19139_11671_Guernsey_unicycler
Running nucmer on Vibrio_pacinii_DSM_19139_Vibrio_diazotrophicus_ATCC_33466
Running nucmer on Vibrio_pacinii_DSM_19139_11813_EXE_22_2025_DG3A_PBC74148_barcode18_final
Running nucmer on Vibrio_pacinii_DSM_19139_Vibrio_cincinnatiensis_NCTC12012
Running nucmer on Vibrio_pacinii_DSM_19139_11671_EXE_19_2024_C_unicycler
Running nucmer on Vibrio_pacinii_DSM_19139_Vibrio_salilacus_DSG_S6
Running nucmer on Vibrio_pacinii_DSM_19139_11671_EXE_26_2024_C_unicycler
Running nucmer on Vibrio_pacinii_DSM_19139_11813_EXE_24_2025_E_PBC74148_final
Running nucmer on Vibrio_pacinii_DSM_19139_Vibrio_floridensis_IRLE0018
Running nucmer on Vibrio_pacinii_DSM_19139_Vibrio_metschnikovii_NCTC8443
Running nucmer on Vibrio_pacinii_DSM_19139_11671_EXE_45_2024_E_unicycler
Running nucmer on Vibrio_pacinii_DSM_19139_Vibrio_neonatus_JCM_21521
Running nucmer on Vibrio_pacinii_DSM_19139_Vibrio_aestuarianus_LMG_7909
Running nucmer on Vibrio_pacinii_DSM_19139_11671_EXE_25_2024_H_unicycler
Running nucmer on Vibrio_pacinii_DSM_19139_Vibrio_aquaticus_BEI207
Running nucmer on Vibrio_pacinii_DSM_19139_11813_EXE_26_2025_A_PBC74148_final
Running nucmer on Vibrio_pacinii_DSM_19139_Vibrio_gangliei_DSM_104291
Running nucmer on Vibrio_pacinii_DSM_19139_Vibrio_antiquarius_EX25
Running nucmer on Vibrio_pacinii_DSM_19139_Vibrio_navarrensis_ATCC_51183
Running nucmer on Vibrio_pacinii_DSM_19139_Vibrio_ishigakensis_JCM_19231
Running nucmer on Vibrio_pacinii_DSM_19139_11813_EXE_01_2024_7_PBC74148_final
Running nucmer on Vibrio_pacinii_DSM_19139_Vibrio_europaeus_PP_638
Running nucmer on Vibrio_pacinii_DSM_19139_Vibrio_pacinii_DSM_19139
Running nucmer on Vibrio_pacinii_DSM_19139_Vibrio_tubiashii_ATCC_19109
Running nucmer on Vibrio_pacinii_DSM_19139_11813_EXE_19_2024_M_PBC74148_final
Running nucmer on Vibrio_pacinii_DSM_19139_Vibrio_albus_E4404
Running nucmer on Vibrio_pacinii_DSM_19139_Vibrio_rarus_LMG_23674
Running nucmer on Vibrio_pacinii_DSM_19139_Vibrio_sinus_S4M6
Running nucmer on Vibrio_pacinii_DSM_19139_Vibrio_mediterranei_
Running nucmer on Vibrio_pacinii_DSM_19139_11813_EXE_30_2024_F_PBC74148_final
Running nucmer on Vibrio_pacinii_DSM_19139_Vibrio_neptunius_KCTC_12702
Running nucmer on Vibrio_pacinii_DSM_19139_11813_EXE_30_2025_S_PBC74148_final
Running nucmer on Vibrio_pacinii_DSM_19139_Vibrio_plantisponsor_MSSRF60
Running nucmer on Vibrio_pacinii_DSM_19139_Vibrio_satsumensis_JAMM0822
Running nucmer on Vibrio_pacinii_DSM_19139_Vibrio_olivae_CECT_8064
Running nucmer on Vibrio_pacinii_DSM_19139_Vibrio_aphrogenes_CA_1004
Running nucmer on Vibrio_pacinii_DSM_19139_Vibrio_agarivorans_CECT_5085
Running nucmer on Vibrio_pacinii_DSM_19139_Vibrio_hippocampi_CECT_8226
Running nucmer on Vibrio_pacinii_DSM_19139_Vibrio_sagamiensis_NBRC_104589
Running nucmer on Vibrio_pacinii_DSM_19139_Vibrio_methylphosphonaticus_S4B1
Running nucmer on Vibrio_pacinii_DSM_19139_Vibrio_gelatinilyticus_ZSDZ34
Running nucmer on Vibrio_pacinii_DSM_19139_Vibrio_viridaestus_LJC006
Running nucmer on Vibrio_pacinii_DSM_19139_Vibrio_sinensis_BEI233
Running nucmer on Vibrio_pacinii_DSM_19139_Vibrio_fortis_LMG_21557
Running nucmer on Vibrio_pacinii_DSM_19139_Vibrio_pectenicida_LMG_19642
Running nucmer on Vibrio_pacinii_DSM_19139_Vibrio_natriegens_CCUG_16371
Running nucmer on Vibrio_pacinii_DSM_19139_Vibrio_barjaei_3062
Running nucmer on Vibrio_pacinii_DSM_19139_11671_EXE_22_2024_B_unicycler
Running nucmer on Vibrio_pacinii_DSM_19139_Vibrio_kanaloae_LMG_20539
Running nucmer on Vibrio_pacinii_DSM_19139_11813_EXE_34_2024_C_PBC74148_final
Running nucmer on Vibrio_pacinii_DSM_19139_Vibrio_rumoiensis_FERM_P_14531
Running nucmer on Vibrio_pacinii_DSM_19139_Vibrio_mytili_type_strain__CIP103929
Running nucmer on Vibrio_pacinii_DSM_19139_Vibrio_palustris_CECT_9027
Running nucmer on Vibrio_pacinii_DSM_19139_Vibrio_syngnathi_K08M4
Running nucmer on Vibrio_pacinii_DSM_19139_Vibrio_bivalvicida_605
Running nucmer on Vibrio_pacinii_DSM_19139_11813_EXE_22_2025_T1A_PBC74148_final
Running nucmer on Vibrio_pacinii_DSM_19139_11813_EXE_21_2025_F_PBC74148_final
Running nucmer on Vibrio_pacinii_DSM_19139_Vibrio_algivorus_SA2
Running nucmer on Vibrio_pacinii_DSM_19139_Vibrio_echinoideorum_DSM_107264
Running nucmer on Vibrio_pacinii_DSM_19139_Vibrio_atypicus_DSM_25292
Running nucmer on Vibrio_pacinii_DSM_19139_11671_EXE_04_2024_1A1_unicycler
Running nucmer on Vibrio_pacinii_DSM_19139_11813_EXE_27_2025_D_PBC74148_final
Running nucmer on Vibrio_pacinii_DSM_19139_EXE_08_2024_A_final
Running nucmer on Vibrio_pacinii_DSM_19139_Vibrio_intestinalis_YLB_11
Running nucmer on Vibrio_pacinii_DSM_19139_Vibrio_iocasae_HN007
Running nucmer on Vibrio_pacinii_DSM_19139_Vibrio_panuliri_JCM_19500
Running nucmer on Vibrio_pacinii_DSM_19139_Vibrio_hangzhouensis_CGMCC_1_7062
Running nucmer on Vibrio_pacinii_DSM_19139_Vibrio_cionasavignyae_JAMM2507
Running nucmer on Vibrio_pacinii_DSM_19139_Vibrio_rhodolitus_G98
Running nucmer on Vibrio_pacinii_DSM_19139_Vibrio_azureus_LC2_005
Running nucmer on Vibrio_pacinii_DSM_19139_Vibrio_cyclitrophicus_LMG_21359
Running nucmer on Vibrio_pacinii_DSM_19139_11813_EXE_01_2025_M_PBC74148_final
Running nucmer on Vibrio_pacinii_DSM_19139_Vibrio_renipiscarius_DCR_1_4_2
Running nucmer on Vibrio_pacinii_DSM_19139_11813_EXE_05_2024_A_PBC74148_final
Running nucmer on Vibrio_pacinii_DSM_19139_Vibrio_profundi_TP187
Running nucmer on Vibrio_pacinii_DSM_19139_EXE_32_2024_G_final
Running nucmer on Vibrio_pacinii_DSM_19139_Vibrio_ouci_BEI176
Running nucmer on Vibrio_pacinii_DSM_19139_11813_EXE_27_2025_A_PBC74148_final
Running nucmer on Vibrio_pacinii_DSM_19139_Vibrio_thalassae_KCTC_32373
Running nucmer on Vibrio_pacinii_DSM_19139_Vibrio_ezurae_HDS1_1
Running nucmer on Vibrio_pacinii_DSM_19139_Vibrio_chaetopteri_CB1_14
Running nucmer on Vibrio_pacinii_DSM_19139_Vibrio_atlanticus_CECT_7223
Running nucmer on Vibrio_pacinii_DSM_19139_EXE_03_2025_A_final
Running nucmer on Vibrio_pacinii_DSM_19139_Vibrio_gigantis_LMG_22741
Running nucmer on Vibrio_pacinii_DSM_19139_EXE_23_2025_L_final
Running nucmer on Vibrio_pacinii_DSM_19139_Vibrio_gallicus_CIP_107863
Running nucmer on Vibrio_pacinii_DSM_19139_EXE09_2023D7_unicycler
Running nucmer on Vibrio_pacinii_DSM_19139_Vibrio_penaeicida_IFO_15640
Running nucmer on Vibrio_pacinii_DSM_19139_Vibrio_toranzoniae_CECT_7225
Running nucmer on Vibrio_pacinii_DSM_19139_Vibrio_hyugaensis_090810a
Running nucmer on Vibrio_pacinii_DSM_19139_Vibrio_wakamikoensis_JAMM2464
Running nucmer on Vibrio_pacinii_DSM_19139_EXE_15_2024_J_unicycler
Running nucmer on Vibrio_pacinii_DSM_19139_Vibrio_parahaemolyticus_ATCC_17802
Running nucmer on Vibrio_pacinii_DSM_19139_11813_EXE_34_2024_P_PBC74148_final
Running nucmer on Vibrio_pacinii_DSM_19139_Vibrio_jasicida_CAIM_1864
Running nucmer on Vibrio_pacinii_DSM_19139_Vibrio_aquimaris_THAF100
Running nucmer on Vibrio_pacinii_DSM_19139_Vibrio_vulnificus_2142_77
Running nucmer on Vibrio_pacinii_DSM_19139_11813_EXE_33_2024_C_PBC74148_final
Running nucmer on Vibrio_pacinii_DSM_19139_Vibrio_tritonius_JCM_16456
Running nucmer on Vibrio_pacinii_DSM_19139_EXE_20_2025_B_final
Running nucmer on Vibrio_pacinii_DSM_19139_EXE10_2023G3_unicycler
Running nucmer on Vibrio_pacinii_DSM_19139_Vibrio_ostreae_OG9_811
Running nucmer on Vibrio_pacinii_DSM_19139_Vibrio_nomapromontoriensis_JAMM1728
Running nucmer on Vibrio_pacinii_DSM_19139_EXE07_2023A1_unicycler
Running nucmer on Vibrio_pacinii_DSM_19139_Vibrio_brasiliensis_LMG_20546
Running nucmer on Vibrio_pacinii_DSM_19139_Vibrio_splendidus_LMG_19031
Running nucmer on Vibrio_pacinii_DSM_19139_EXE_13_2025_A_final
Running nucmer on Vibrio_pacinii_DSM_19139_11671_EXE_04_2024_1B1_unicycler
Running nucmer on Vibrio_pacinii_DSM_19139_Vibrio_coralliilyticus_DSM_19607
Running nucmer on Vibrio_pacinii_DSM_19139_11671_EXE_23_2024_1_unicycler
Running nucmer on Vibrio_pacinii_DSM_19139_Vibrio_kagoshimensis_JAMM0761
Running nucmer on Vibrio_pacinii_DSM_19139_11813_EXE_13_2025_P_PBC74148_final
Running nucmer on Vibrio_pacinii_DSM_19139_Vibrio_agarilyticus_SM6
Running nucmer on Vibrio_pacinii_DSM_19139_Vibrio_tarriae_2521_89
Running nucmer on Vibrio_pacinii_DSM_19139_Vibrio_alginolyticus_ATCC_17749
Running nucmer on Vibrio_pacinii_DSM_19139_11813_EXE_28_2025_A_PBC74148_final
Running nucmer on Vibrio_pacinii_DSM_19139_Vibrio_bathopelagicus_Sal10
Running nucmer on Vibrio_pacinii_DSM_19139_Vibrio_comitans_LMG_23416
Running nucmer on Vibrio_pacinii_DSM_19139_Vibrio_ruber_CECT_7878
Running nucmer on Vibrio_pacinii_DSM_19139_Vibrio_nitrifigilis_NFV_1
Running nucmer on Vibrio_pacinii_DSM_19139_Vibrio_hibernica_B1_19
Running nucmer on Vibrio_pacinii_DSM_19139_Vibrio_ponticus_DSM_16217
Running nucmer on Vibrio_pacinii_DSM_19139_Vibrio_celticus_CECT_7224
Running nucmer on Vibrio_pacinii_DSM_19139_11813_EXE_06_2024_E_PBC74148_final
Running nucmer on Vibrio_pacinii_DSM_19139_11671_EXE_02_2024_3B1_unicycler
Running nucmer on Vibrio_pacinii_DSM_19139_11813_EXE_29_2025_HH_PBC74148_final
Running nucmer on Vibrio_pacinii_DSM_19139_Vibrio_harveyi_NCTC12970
Running nucmer on Vibrio_pacinii_DSM_19139_Vibrio_breoganii_CECT_7222
Running nucmer on Vibrio_pacinii_DSM_19139_11813_EXE_12_2025_A_PBC74148_final
Running nucmer on Vibrio_pacinii_DSM_19139_Vibrio_glycogenivorans_WXL210
Running nucmer on Vibrio_pacinii_DSM_19139_11813_EXE_32_2024_G_PBC74148_final
Running nucmer on Vibrio_pacinii_DSM_19139_11813_EXE_25_2025_25N_PBC74148_final
Running nucmer on Vibrio_pacinii_DSM_19139_11813_EXE_30_2024_G_PBC74148_final
Running nucmer on Vibrio_pacinii_DSM_19139_Vibrio_injensis_M12_1144
Running nucmer on Vibrio_pacinii_DSM_19139_Vibrio_litoralis_DSM_17657
Running nucmer on Vibrio_pacinii_DSM_19139_Vibrio_kasasachensis_JAMM1812
Running nucmer on Vibrio_pacinii_DSM_19139_Vibrio_ziniensis_ZWAL4003
Running nucmer on Vibrio_pacinii_DSM_19139_Vibrio_furnissii_FDAARGOS_777
Running nucmer on Vibrio_pacinii_DSM_19139_Vibrio_tetraodonis_subsp__pristinus_OCN044
Running nucmer on Vibrio_pacinii_DSM_19139_Vibrio_marinisediminis_404
Running nucmer on Vibrio_pacinii_DSM_19139_Vibrio_sabulosilitoris_MAO6
Running nucmer on Vibrio_pacinii_DSM_19139_11813_EXE_13_2025_H_PBC74148_final
Running nucmer on Vibrio_pacinii_DSM_19139_Vibrio_superstes_G3_29
Running nucmer on Vibrio_pacinii_DSM_19139_Vibrio_mangrovi_CECT_7927
Running nucmer on Vibrio_pacinii_DSM_19139_11813_EXE_20_2025_B_PBC74148_final
Running nucmer on Vibrio_pacinii_DSM_19139_Vibrio_gazogenes_ATCC_29988
Running nucmer on Vibrio_pacinii_DSM_19139_Vibrio_porteresiae_MSSRF30
Running nucmer on Vibrio_pacinii_DSM_19139_11671_EXE_04_2024_2B3_unicycler
Running nucmer on Vibrio_pacinii_DSM_19139_Vibrio_artabrorum_CECT_7226
Running nucmer on Vibrio_pacinii_DSM_19139_Vibrio_ostreicida_CECT_7398
Running nucmer on Vibrio_pacinii_DSM_19139_EXE08_2023B5_unicycler
Running nucmer on Vibrio_pacinii_DSM_19139_Vibrio_cholerae_FDAARGOS_103
Running nucmer on Vibrio_pacinii_DSM_19139_Vibrio_coralliirubri_DSM_27495
Running nucmer on Vibrio_pacinii_DSM_19139_Vibrio_spartinae_CECT_9026
Running nucmer on Vibrio_pacinii_DSM_19139_Vibrio_tapetis_subsp__tapetis_
Running nucmer on Vibrio_pacinii_DSM_19139_Vibrio_japonicus_JCM_31412
Running nucmer on Vibrio_pacinii_DSM_19139_EXE07_2023A4_unicycler

NUCmer on all reference genomes complete.
==================================================================

runContigNUCmer.pl -r /data/djs217/PROJECTS/56_Vibrio_phaME/01_PhaME/08_workdir_pacinii/files/Vibrio_pacinii_DSM_19139.fna -q /data/djs217/PROJECTS/56_Vibrio_phaME/01_PhaME/08_workdir_pacinii -d /data/djs217/PROJECTS/56_Vibrio_phaME/01_PhaME/08_workdir_pacinii/results -l /data/djs217/PROJECTS/56_Vibrio_phaME/01_PhaME/08_workdir_pacinii/contigs_list.txt -t 1 -y 2 2>>/data/djs217/PROJECTS/56_Vibrio_phaME/01_PhaME/08_workdir_pacinii/results/all_vibrio_pacinii-ref_fastree.error >> /data/djs217/PROJECTS/56_Vibrio_phaME/01_PhaME/08_workdir_pacinii/results/all_vibrio_pacinii-ref_fastree.log


Using given reference:  /data/djs217/PROJECTS/56_Vibrio_phaME/01_PhaME/08_workdir_pacinii/files/Vibrio_pacinii_DSM_19139.fna
NUCmer on all contig/draft genomes complete.


buildSNPDB.pl -i /data/djs217/PROJECTS/56_Vibrio_phaME/01_PhaME/08_workdir_pacinii/results -r /data/djs217/PROJECTS/56_Vibrio_phaME/01_PhaME/08_workdir_pacinii/files/Vibrio_pacinii_DSM_19139.fna -l /data/djs217/PROJECTS/56_Vibrio_phaME/01_PhaME/08_workdir_pacinii/working_list.txt -p all_vibrio_pacinii-ref_fastree -c 0 -g 0.1 2>>/data/djs217/PROJECTS/56_Vibrio_phaME/01_PhaME/08_workdir_pacinii/results/all_vibrio_pacinii-ref_fastree.error >> /data/djs217/PROJECTS/56_Vibrio_phaME/01_PhaME/08_workdir_pacinii/results/all_vibrio_pacinii-ref_fastree.log

Reading Gaps file.
Vibrio_coralliilyticus_DSM_19607 covered 0.16432 of the Vibrio_pacinii_DSM_19139 (<cutoff = 0.1). It will be used to build SNP tree and matrix.
Warnings: Vibrio_sagamiensis_NBRC_104589 covered only 0.06912 of the Vibrio_pacinii_DSM_19139 (<cutoff = 0.1). It will NOT be used to build SNP tree and matrix.
Vibrio_intestinalis_YLB_11 covered 0.11175 of the Vibrio_pacinii_DSM_19139 (<cutoff = 0.1). It will be used to build SNP tree and matrix.
Vibrio_pacinii_DSM_19139 covered 0.99834 of the Vibrio_pacinii_DSM_19139 (<cutoff = 0.1). It will be used to build SNP tree and matrix.
Vibrio_bivalvicida_605 covered 0.24388 of the Vibrio_pacinii_DSM_19139 (<cutoff = 0.1). It will be used to build SNP tree and matrix.
Vibrio_harveyi_NCTC12970 covered 0.10355 of the Vibrio_pacinii_DSM_19139 (<cutoff = 0.1). It will be used to build SNP tree and matrix.
Warnings: Vibrio_floridensis_IRLE0018 covered only 0.08986 of the Vibrio_pacinii_DSM_19139 (<cutoff = 0.1). It will NOT be used to build SNP tree and matrix.
Warnings: Vibrio_marisflavi_CECT_7928 covered only 0.05486 of the Vibrio_pacinii_DSM_19139 (<cutoff = 0.1). It will NOT be used to build SNP tree and matrix.
Warnings: Vibrio_gazogenes_ATCC_29988 covered only 0.02713 of the Vibrio_pacinii_DSM_19139 (<cutoff = 0.1). It will NOT be used to build SNP tree and matrix.
Warnings: Vibrio_chaetopteri_CB1_14 covered only 0.06741 of the Vibrio_pacinii_DSM_19139 (<cutoff = 0.1). It will NOT be used to build SNP tree and matrix.
Vibrio_orientalis_CIP_102891 covered 0.23310 of the Vibrio_pacinii_DSM_19139 (<cutoff = 0.1). It will be used to build SNP tree and matrix.
Warnings: Vibrio_aquimaris_THAF100 covered only 0.07561 of the Vibrio_pacinii_DSM_19139 (<cutoff = 0.1). It will NOT be used to build SNP tree and matrix.
Warnings: Vibrio_maerlii_G62 covered only 0.07854 of the Vibrio_pacinii_DSM_19139 (<cutoff = 0.1). It will NOT be used to build SNP tree and matrix.
Vibrio_tubiashii_ATCC_19109 covered 0.25577 of the Vibrio_pacinii_DSM_19139 (<cutoff = 0.1). It will be used to build SNP tree and matrix.
Warnings: Vibrio_pectenicida_LMG_19642 covered only 0.07470 of the Vibrio_pacinii_DSM_19139 (<cutoff = 0.1). It will NOT be used to build SNP tree and matrix.
Warnings: Vibrio_tapetis_subsp__tapetis_ covered only 0.05926 of the Vibrio_pacinii_DSM_19139 (<cutoff = 0.1). It will NOT be used to build SNP tree and matrix.
Warnings: Vibrio_vulnificus_2142_77 covered only 0.09497 of the Vibrio_pacinii_DSM_19139 (<cutoff = 0.1). It will NOT be used to build SNP tree and matrix.
11813_EXE_28_2025_W_PBC74148_final covered 0.83071 of the Vibrio_pacinii_DSM_19139 (<cutoff = 0.1). It will be used to build SNP tree and matrix.
REPEATS covered 0.99081 of the Vibrio_pacinii_DSM_19139 (<cutoff = 0.1). It will be used to build SNP tree and matrix.
Warnings: Vibrio_cyclitrophicus_LMG_21359 covered only 0.08403 of the Vibrio_pacinii_DSM_19139 (<cutoff = 0.1). It will NOT be used to build SNP tree and matrix.
Vibrio_galatheae_S2757 covered 0.23447 of the Vibrio_pacinii_DSM_19139 (<cutoff = 0.1). It will be used to build SNP tree and matrix.
Warnings: Vibrio_aphrogenes_CA_1004 covered only 0.03611 of the Vibrio_pacinii_DSM_19139 (<cutoff = 0.1). It will NOT be used to build SNP tree and matrix.
Warnings: Vibrio_atlanticus_CECT_7223 covered only 0.08954 of the Vibrio_pacinii_DSM_19139 (<cutoff = 0.1). It will NOT be used to build SNP tree and matrix.
Warnings: Vibrio_furnissii_FDAARGOS_777 covered only 0.07748 of the Vibrio_pacinii_DSM_19139 (<cutoff = 0.1). It will NOT be used to build SNP tree and matrix.
Warnings: Vibrio_fluvialis_ATCC_33809 covered only 0.07886 of the Vibrio_pacinii_DSM_19139 (<cutoff = 0.1). It will NOT be used to build SNP tree and matrix.
Warnings: Vibrio_clamense_JAMM0920 covered only 0.07754 of the Vibrio_pacinii_DSM_19139 (<cutoff = 0.1). It will NOT be used to build SNP tree and matrix.
Warnings: Vibrio_wakamikoensis_JAMM2464 covered only 0.06863 of the Vibrio_pacinii_DSM_19139 (<cutoff = 0.1). It will NOT be used to build SNP tree and matrix.
Vibrio_fluminensis_A621 covered 0.10402 of the Vibrio_pacinii_DSM_19139 (<cutoff = 0.1). It will be used to build SNP tree and matrix.
Warnings: Vibrio_gallaecicus_CECT_7244 covered only 0.07796 of the Vibrio_pacinii_DSM_19139 (<cutoff = 0.1). It will NOT be used to build SNP tree and matrix.
Vibrio_alginolyticus_ATCC_17749 covered 0.10316 of the Vibrio_pacinii_DSM_19139 (<cutoff = 0.1). It will be used to build SNP tree and matrix.
Warnings: Vibrio_algivorus_SA2 covered only 0.03747 of the Vibrio_pacinii_DSM_19139 (<cutoff = 0.1). It will NOT be used to build SNP tree and matrix.
Warnings: Vibrio_sabulosilitoris_MAO6 covered only 0.06315 of the Vibrio_pacinii_DSM_19139 (<cutoff = 0.1). It will NOT be used to build SNP tree and matrix.
Warnings: Vibrio_thalassae_KCTC_32373 covered only 0.06714 of the Vibrio_pacinii_DSM_19139 (<cutoff = 0.1). It will NOT be used to build SNP tree and matrix.
Warnings: Vibrio_tritonius_JCM_16456 covered only 0.04852 of the Vibrio_pacinii_DSM_19139 (<cutoff = 0.1). It will NOT be used to build SNP tree and matrix.
Warnings: Vibrio_kyushuensis_JAMM1822 covered only 0.07803 of the Vibrio_pacinii_DSM_19139 (<cutoff = 0.1). It will NOT be used to build SNP tree and matrix.
Warnings: Vibrio_lentus_40M4T covered only 0.08419 of the Vibrio_pacinii_DSM_19139 (<cutoff = 0.1). It will NOT be used to build SNP tree and matrix.
Warnings: Vibrio_tetraodonis_A511 covered only 0.07471 of the Vibrio_pacinii_DSM_19139 (<cutoff = 0.1). It will NOT be used to build SNP tree and matrix.
Warnings: Vibrio_syngnathi_K08M4 covered only 0.08434 of the Vibrio_pacinii_DSM_19139 (<cutoff = 0.1). It will NOT be used to build SNP tree and matrix.
Warnings: Vibrio_nomapromontoriensis_JAMM1728 covered only 0.06059 of the Vibrio_pacinii_DSM_19139 (<cutoff = 0.1). It will NOT be used to build SNP tree and matrix.
Warnings: Vibrio_panuliri_JCM_19500 covered only 0.09990 of the Vibrio_pacinii_DSM_19139 (<cutoff = 0.1). It will NOT be used to build SNP tree and matrix.
Vibrio_ouci_BEI176 covered 0.24460 of the Vibrio_pacinii_DSM_19139 (<cutoff = 0.1). It will be used to build SNP tree and matrix.
Vibrio_salilacus_DSG_S6 covered 0.70848 of the Vibrio_pacinii_DSM_19139 (<cutoff = 0.1). It will be used to build SNP tree and matrix.
Warnings: Vibrio_cortegadensis_CECT_7227 covered only 0.07728 of the Vibrio_pacinii_DSM_19139 (<cutoff = 0.1). It will NOT be used to build SNP tree and matrix.
Warnings: Vibrio_lamellibrachiae_JAMM2626 covered only 0.07493 of the Vibrio_pacinii_DSM_19139 (<cutoff = 0.1). It will NOT be used to build SNP tree and matrix.
Warnings: Vibrio_pomeroyi_LMG_20537 covered only 0.08904 of the Vibrio_pacinii_DSM_19139 (<cutoff = 0.1). It will NOT be used to build SNP tree and matrix.
Warnings: Vibrio_ziniensis_ZWAL4003 covered only 0.06786 of the Vibrio_pacinii_DSM_19139 (<cutoff = 0.1). It will NOT be used to build SNP tree and matrix.
Warnings: Vibrio_rhizosphaerae_LMG_23790 covered only 0.02751 of the Vibrio_pacinii_DSM_19139 (<cutoff = 0.1). It will NOT be used to build SNP tree and matrix.
Warnings: Vibrio_comitans_LMG_23416 covered only 0.04288 of the Vibrio_pacinii_DSM_19139 (<cutoff = 0.1). It will NOT be used to build SNP tree and matrix.
Vibrio_chemaguriensis_Iso1 covered 0.10221 of the Vibrio_pacinii_DSM_19139 (<cutoff = 0.1). It will be used to build SNP tree and matrix.
Warnings: Vibrio_diazotrophicus_ATCC_33466 covered only 0.07893 of the Vibrio_pacinii_DSM_19139 (<cutoff = 0.1). It will NOT be used to build SNP tree and matrix.
Vibrio_brasiliensis_LMG_20546 covered 0.24990 of the Vibrio_pacinii_DSM_19139 (<cutoff = 0.1). It will be used to build SNP tree and matrix.
Vibrio_diabolicus_CNCM_I_1629 covered 0.10264 of the Vibrio_pacinii_DSM_19139 (<cutoff = 0.1). It will be used to build SNP tree and matrix.
Warnings: Vibrio_iocasae_HN007 covered only 0.05021 of the Vibrio_pacinii_DSM_19139 (<cutoff = 0.1). It will NOT be used to build SNP tree and matrix.
Warnings: Vibrio_celticus_CECT_7224 covered only 0.08671 of the Vibrio_pacinii_DSM_19139 (<cutoff = 0.1). It will NOT be used to build SNP tree and matrix.
Warnings: Vibrio_casei_DSM_22364 covered only 0.03360 of the Vibrio_pacinii_DSM_19139 (<cutoff = 0.1). It will NOT be used to build SNP tree and matrix.
Vibrio_hyugaensis_090810a covered 0.10767 of the Vibrio_pacinii_DSM_19139 (<cutoff = 0.1). It will be used to build SNP tree and matrix.
Vibrio_ponticus_DSM_16217 covered 0.10420 of the Vibrio_pacinii_DSM_19139 (<cutoff = 0.1). It will be used to build SNP tree and matrix.
Warnings: Vibrio_hangzhouensis_CGMCC_1_7062 covered only 0.06516 of the Vibrio_pacinii_DSM_19139 (<cutoff = 0.1). It will NOT be used to build SNP tree and matrix.
Warnings: Vibrio_mimicus_NCTC11435 covered only 0.06115 of the Vibrio_pacinii_DSM_19139 (<cutoff = 0.1). It will NOT be used to build SNP tree and matrix.
Warnings: Vibrio_ishigakensis_JCM_19231 covered only 0.04614 of the Vibrio_pacinii_DSM_19139 (<cutoff = 0.1). It will NOT be used to build SNP tree and matrix.
Warnings: Vibrio_marinisediminis_404 covered only 0.09831 of the Vibrio_pacinii_DSM_19139 (<cutoff = 0.1). It will NOT be used to build SNP tree and matrix.
Warnings: Vibrio_mediterranei_ covered only 0.06820 of the Vibrio_pacinii_DSM_19139 (<cutoff = 0.1). It will NOT be used to build SNP tree and matrix.
Vibrio_hepatarius_DSM_19134 covered 0.17095 of the Vibrio_pacinii_DSM_19139 (<cutoff = 0.1). It will be used to build SNP tree and matrix.
Warnings: Vibrio_spartinae_CECT_9026 covered only 0.02882 of the Vibrio_pacinii_DSM_19139 (<cutoff = 0.1). It will NOT be used to build SNP tree and matrix.
Warnings: Vibrio_artabrorum_CECT_7226 covered only 0.08309 of the Vibrio_pacinii_DSM_19139 (<cutoff = 0.1). It will NOT be used to build SNP tree and matrix.
Warnings: Vibrio_renipiscarius_DCR_1_4_2 covered only 0.09923 of the Vibrio_pacinii_DSM_19139 (<cutoff = 0.1). It will NOT be used to build SNP tree and matrix.
Warnings: Vibrio_tapetis_subsp__quintayensis_CECT_8851 covered only 0.06229 of the Vibrio_pacinii_DSM_19139 (<cutoff = 0.1). It will NOT be used to build SNP tree and matrix.
Warnings: Vibrio_rarus_LMG_23674 covered only 0.04239 of the Vibrio_pacinii_DSM_19139 (<cutoff = 0.1). It will NOT be used to build SNP tree and matrix.
Warnings: Vibrio_plantisponsor_MSSRF60 covered only 0.07095 of the Vibrio_pacinii_DSM_19139 (<cutoff = 0.1). It will NOT be used to build SNP tree and matrix.
Warnings: Vibrio_navarrensis_ATCC_51183 covered only 0.08209 of the Vibrio_pacinii_DSM_19139 (<cutoff = 0.1). It will NOT be used to build SNP tree and matrix.
Warnings: Vibrio_methylphosphonaticus_S4B1 covered only 0.06024 of the Vibrio_pacinii_DSM_19139 (<cutoff = 0.1). It will NOT be used to build SNP tree and matrix.
Warnings: Vibrio_mytili_type_strain__CIP103929 covered only 0.09315 of the Vibrio_pacinii_DSM_19139 (<cutoff = 0.1). It will NOT be used to build SNP tree and matrix.
Warnings: Vibrio_superstes_G3_29 covered only 0.04522 of the Vibrio_pacinii_DSM_19139 (<cutoff = 0.1). It will NOT be used to build SNP tree and matrix.
Warnings: Vibrio_hibernica_B1_19 covered only 0.03087 of the Vibrio_pacinii_DSM_19139 (<cutoff = 0.1). It will NOT be used to build SNP tree and matrix.
Warnings: Vibrio_glycogenivorans_WXL210 covered only 0.06096 of the Vibrio_pacinii_DSM_19139 (<cutoff = 0.1). It will NOT be used to build SNP tree and matrix.
Warnings: Vibrio_halioticoli_IAM_14596 covered only 0.04383 of the Vibrio_pacinii_DSM_19139 (<cutoff = 0.1). It will NOT be used to build SNP tree and matrix.
Warnings: Vibrio_xiamenensis_CGMCC_1_10228 covered only 0.08021 of the Vibrio_pacinii_DSM_19139 (<cutoff = 0.1). It will NOT be used to build SNP tree and matrix.
Warnings: Vibrio_nitrifigilis_NFV_1 covered only 0.04755 of the Vibrio_pacinii_DSM_19139 (<cutoff = 0.1). It will NOT be used to build SNP tree and matrix.
Warnings: Vibrio_mangrovi_CECT_7927 covered only 0.02961 of the Vibrio_pacinii_DSM_19139 (<cutoff = 0.1). It will NOT be used to build SNP tree and matrix.
Warnings: Vibrio_sinensis_BEI233 covered only 0.09317 of the Vibrio_pacinii_DSM_19139 (<cutoff = 0.1). It will NOT be used to build SNP tree and matrix.
Warnings: Vibrio_viridaestus_LJC006 covered only 0.03623 of the Vibrio_pacinii_DSM_19139 (<cutoff = 0.1). It will NOT be used to build SNP tree and matrix.
Warnings: Vibrio_qinghaiensis_Q67 covered only 0.07593 of the Vibrio_pacinii_DSM_19139 (<cutoff = 0.1). It will NOT be used to build SNP tree and matrix.
Warnings: Vibrio_apostichopi_FE10 covered only 0.08663 of the Vibrio_pacinii_DSM_19139 (<cutoff = 0.1). It will NOT be used to build SNP tree and matrix.
Warnings: Vibrio_gigantis_LMG_22741 covered only 0.08771 of the Vibrio_pacinii_DSM_19139 (<cutoff = 0.1). It will NOT be used to build SNP tree and matrix.
Warnings: Vibrio_crassostreae_LMG_22240 covered only 0.08710 of the Vibrio_pacinii_DSM_19139 (<cutoff = 0.1). It will NOT be used to build SNP tree and matrix.
Warnings: Vibrio_hippocampi_CECT_8226 covered only 0.05524 of the Vibrio_pacinii_DSM_19139 (<cutoff = 0.1). It will NOT be used to build SNP tree and matrix.
Warnings: Vibrio_breoganii_CECT_7222 covered only 0.04429 of the Vibrio_pacinii_DSM_19139 (<cutoff = 0.1). It will NOT be used to build SNP tree and matrix.
Warnings: Vibrio_satsumensis_JAMM0822 covered only 0.08370 of the Vibrio_pacinii_DSM_19139 (<cutoff = 0.1). It will NOT be used to build SNP tree and matrix.
Warnings: Vibrio_tetraodonis_subsp__pristinus_OCN044 covered only 0.07373 of the Vibrio_pacinii_DSM_19139 (<cutoff = 0.1). It will NOT be used to build SNP tree and matrix.
Warnings: Vibrio_zhanjiangensis_NBRC_108723 covered only 0.07826 of the Vibrio_pacinii_DSM_19139 (<cutoff = 0.1). It will NOT be used to build SNP tree and matrix.
Warnings: Vibrio_penaeicida_IFO_15640 covered only 0.05966 of the Vibrio_pacinii_DSM_19139 (<cutoff = 0.1). It will NOT be used to build SNP tree and matrix.
Warnings: Vibrio_caribbeanicus_ATCC_BAA_2122 covered only 0.05808 of the Vibrio_pacinii_DSM_19139 (<cutoff = 0.1). It will NOT be used to build SNP tree and matrix.
Warnings: Vibrio_proteolyticus_ATCC_15338 covered only 0.09182 of the Vibrio_pacinii_DSM_19139 (<cutoff = 0.1). It will NOT be used to build SNP tree and matrix.
Warnings: Vibrio_neonatus_JCM_21521 covered only 0.04423 of the Vibrio_pacinii_DSM_19139 (<cutoff = 0.1). It will NOT be used to build SNP tree and matrix.
Warnings: Vibrio_gangliei_DSM_104291 covered only 0.04339 of the Vibrio_pacinii_DSM_19139 (<cutoff = 0.1). It will NOT be used to build SNP tree and matrix.
Warnings: Vibrio_cionasavignyae_JAMM2507 covered only 0.06194 of the Vibrio_pacinii_DSM_19139 (<cutoff = 0.1). It will NOT be used to build SNP tree and matrix.
Warnings: Vibrio_gallicus_CIP_107863 covered only 0.03850 of the Vibrio_pacinii_DSM_19139 (<cutoff = 0.1). It will NOT be used to build SNP tree and matrix.
Warnings: Vibrio_agarilyticus_SM6 covered only 0.04951 of the Vibrio_pacinii_DSM_19139 (<cutoff = 0.1). It will NOT be used to build SNP tree and matrix.
Warnings: Vibrio_coralliirubri_DSM_27495 covered only 0.08686 of the Vibrio_pacinii_DSM_19139 (<cutoff = 0.1). It will NOT be used to build SNP tree and matrix.
Vibrio_scophthalmi_LMG_19158 covered 0.10616 of the Vibrio_pacinii_DSM_19139 (<cutoff = 0.1). It will be used to build SNP tree and matrix.
Warnings: Vibrio_ezurae_HDS1_1 covered only 0.04297 of the Vibrio_pacinii_DSM_19139 (<cutoff = 0.1). It will NOT be used to build SNP tree and matrix.
Vibrio_japonicus_JCM_31412 covered 0.14951 of the Vibrio_pacinii_DSM_19139 (<cutoff = 0.1). It will be used to build SNP tree and matrix.
Warnings: Vibrio_fortis_LMG_21557 covered only 0.09107 of the Vibrio_pacinii_DSM_19139 (<cutoff = 0.1). It will NOT be used to build SNP tree and matrix.
Warnings: Vibrio_kagoshimensis_JAMM0761 covered only 0.07550 of the Vibrio_pacinii_DSM_19139 (<cutoff = 0.1). It will NOT be used to build SNP tree and matrix.
Warnings: Vibrio_alfacsensis_CAIM_1831 covered only 0.09836 of the Vibrio_pacinii_DSM_19139 (<cutoff = 0.1). It will NOT be used to build SNP tree and matrix.
Warnings: Vibrio_paracholerae_EDC_792 covered only 0.05825 of the Vibrio_pacinii_DSM_19139 (<cutoff = 0.1). It will NOT be used to build SNP tree and matrix.
Warnings: Vibrio_toranzoniae_CECT_7225 covered only 0.08031 of the Vibrio_pacinii_DSM_19139 (<cutoff = 0.1). It will NOT be used to build SNP tree and matrix.
Warnings: Vibrio_inusitatus_LMG_23434 covered only 0.04237 of the Vibrio_pacinii_DSM_19139 (<cutoff = 0.1). It will NOT be used to build SNP tree and matrix.
Vibrio_rotiferianus_CAIM_577 covered 0.10812 of the Vibrio_pacinii_DSM_19139 (<cutoff = 0.1). It will be used to build SNP tree and matrix.
Warnings: Vibrio_kasasachensis_JAMM1812 covered only 0.08891 of the Vibrio_pacinii_DSM_19139 (<cutoff = 0.1). It will NOT be used to build SNP tree and matrix.
Vibrio_sinaloensis_CECT_7298 covered 0.18897 of the Vibrio_pacinii_DSM_19139 (<cutoff = 0.1). It will be used to build SNP tree and matrix.
Warnings: Vibrio_barjaei_3062 covered only 0.06931 of the Vibrio_pacinii_DSM_19139 (<cutoff = 0.1). It will NOT be used to build SNP tree and matrix.
Vibrio_campbellii_CAIM_519 covered 0.10652 of the Vibrio_pacinii_DSM_19139 (<cutoff = 0.1). It will be used to build SNP tree and matrix.
Warnings: Vibrio_albus_E4404 covered only 0.03743 of the Vibrio_pacinii_DSM_19139 (<cutoff = 0.1). It will NOT be used to build SNP tree and matrix.
Warnings: Vibrio_echinoideorum_DSM_107264 covered only 0.08247 of the Vibrio_pacinii_DSM_19139 (<cutoff = 0.1). It will NOT be used to build SNP tree and matrix.
Warnings: Vibrio_injensis_M12_1144 covered only 0.04497 of the Vibrio_pacinii_DSM_19139 (<cutoff = 0.1). It will NOT be used to build SNP tree and matrix.
Warnings: Vibrio_porteresiae_MSSRF30 covered only 0.05183 of the Vibrio_pacinii_DSM_19139 (<cutoff = 0.1). It will NOT be used to build SNP tree and matrix.
Warnings: Vibrio_profundi_TP187 covered only 0.08853 of the Vibrio_pacinii_DSM_19139 (<cutoff = 0.1). It will NOT be used to build SNP tree and matrix.
Warnings: Vibrio_olivae_CECT_8064 covered only 0.07131 of the Vibrio_pacinii_DSM_19139 (<cutoff = 0.1). It will NOT be used to build SNP tree and matrix.
Warnings: Vibrio_bathopelagicus_Sal10 covered only 0.08625 of the Vibrio_pacinii_DSM_19139 (<cutoff = 0.1). It will NOT be used to build SNP tree and matrix.
Vibrio_parahaemolyticus_ATCC_17802 covered 0.11185 of the Vibrio_pacinii_DSM_19139 (<cutoff = 0.1). It will be used to build SNP tree and matrix.
Warnings: Vibrio_agarivorans_CECT_5085 covered only 0.07601 of the Vibrio_pacinii_DSM_19139 (<cutoff = 0.1). It will NOT be used to build SNP tree and matrix.
Warnings: Vibrio_chagasii_LMG_21353 covered only 0.08109 of the Vibrio_pacinii_DSM_19139 (<cutoff = 0.1). It will NOT be used to build SNP tree and matrix.
Vibrio_neptunius_KCTC_12702 covered 0.14797 of the Vibrio_pacinii_DSM_19139 (<cutoff = 0.1). It will be used to build SNP tree and matrix.
Vibrio_atypicus_DSM_25292 covered 0.18835 of the Vibrio_pacinii_DSM_19139 (<cutoff = 0.1). It will be used to build SNP tree and matrix.
Warnings: Vibrio_kanaloae_LMG_20539 covered only 0.07906 of the Vibrio_pacinii_DSM_19139 (<cutoff = 0.1). It will NOT be used to build SNP tree and matrix.
Vibrio_owensii_DY05 covered 0.11279 of the Vibrio_pacinii_DSM_19139 (<cutoff = 0.1). It will be used to build SNP tree and matrix.
Warnings: Vibrio_misgurnus_GVC covered only 0.04483 of the Vibrio_pacinii_DSM_19139 (<cutoff = 0.1). It will NOT be used to build SNP tree and matrix.
Warnings: Vibrio_cholerae_FDAARGOS_103 covered only 0.05548 of the Vibrio_pacinii_DSM_19139 (<cutoff = 0.1). It will NOT be used to build SNP tree and matrix.
Warnings: Vibrio_anguillarum_NCTC12159 covered only 0.07185 of the Vibrio_pacinii_DSM_19139 (<cutoff = 0.1). It will NOT be used to build SNP tree and matrix.
11813_EXE_26_2025_C_PBC74148_final covered 0.14962 of the Vibrio_pacinii_DSM_19139 (<cutoff = 0.1). It will be used to build SNP tree and matrix.
Warnings: Vibrio_rumoiensis_FERM_P_14531 covered only 0.03872 of the Vibrio_pacinii_DSM_19139 (<cutoff = 0.1). It will NOT be used to build SNP tree and matrix.
Vibrio_nereis_DSM_19584 covered 0.15360 of the Vibrio_pacinii_DSM_19139 (<cutoff = 0.1). It will be used to build SNP tree and matrix.
Vibrio_jasicida_CAIM_1864 covered 0.10917 of the Vibrio_pacinii_DSM_19139 (<cutoff = 0.1). It will be used to build SNP tree and matrix.
Vibrio_antiquarius_EX25 covered 0.10312 of the Vibrio_pacinii_DSM_19139 (<cutoff = 0.1). It will be used to build SNP tree and matrix.
Warnings: Vibrio_aestuarianus_LMG_7909 covered only 0.09316 of the Vibrio_pacinii_DSM_19139 (<cutoff = 0.1). It will NOT be used to build SNP tree and matrix.
Vibrio_europaeus_PP_638 covered 0.25155 of the Vibrio_pacinii_DSM_19139 (<cutoff = 0.1). It will be used to build SNP tree and matrix.
Warnings: Vibrio_palustris_CECT_9027 covered only 0.03634 of the Vibrio_pacinii_DSM_19139 (<cutoff = 0.1). It will NOT be used to build SNP tree and matrix.
Warnings: Vibrio_splendidus_LMG_19031 covered only 0.08138 of the Vibrio_pacinii_DSM_19139 (<cutoff = 0.1). It will NOT be used to build SNP tree and matrix.
Warnings: Vibrio_sinus_S4M6 covered only 0.04289 of the Vibrio_pacinii_DSM_19139 (<cutoff = 0.1). It will NOT be used to build SNP tree and matrix.
Warnings: Vibrio_azureus_LC2_005 covered only 0.07138 of the Vibrio_pacinii_DSM_19139 (<cutoff = 0.1). It will NOT be used to build SNP tree and matrix.
Vibrio_rhodolitus_G98 covered 0.10869 of the Vibrio_pacinii_DSM_19139 (<cutoff = 0.1). It will be used to build SNP tree and matrix.
Warnings: Vibrio_chanodichtyis_DSL_7 covered only 0.04566 of the Vibrio_pacinii_DSM_19139 (<cutoff = 0.1). It will NOT be used to build SNP tree and matrix.
Warnings: Vibrio_ostreae_OG9_811 covered only 0.06157 of the Vibrio_pacinii_DSM_19139 (<cutoff = 0.1). It will NOT be used to build SNP tree and matrix.
Warnings: Vibrio_pelagius_ATCC_25916 covered only 0.09089 of the Vibrio_pacinii_DSM_19139 (<cutoff = 0.1). It will NOT be used to build SNP tree and matrix.
Warnings: Vibrio_cincinnatiensis_NCTC12012 covered only 0.04811 of the Vibrio_pacinii_DSM_19139 (<cutoff = 0.1). It will NOT be used to build SNP tree and matrix.
Warnings: Vibrio_metschnikovii_NCTC8443 covered only 0.04380 of the Vibrio_pacinii_DSM_19139 (<cutoff = 0.1). It will NOT be used to build SNP tree and matrix.
Warnings: Vibrio_tarriae_2521_89 covered only 0.05985 of the Vibrio_pacinii_DSM_19139 (<cutoff = 0.1). It will NOT be used to build SNP tree and matrix.
Vibrio_aquaticus_BEI207 covered 0.21353 of the Vibrio_pacinii_DSM_19139 (<cutoff = 0.1). It will be used to build SNP tree and matrix.
Warnings: Vibrio_ruber_CECT_7878 covered only 0.02723 of the Vibrio_pacinii_DSM_19139 (<cutoff = 0.1). It will NOT be used to build SNP tree and matrix.
Warnings: Vibrio_ulleungensis_188UL20_2 covered only 0.03932 of the Vibrio_pacinii_DSM_19139 (<cutoff = 0.1). It will NOT be used to build SNP tree and matrix.
Warnings: Vibrio_gelatinilyticus_ZSDZ34 covered only 0.05976 of the Vibrio_pacinii_DSM_19139 (<cutoff = 0.1). It will NOT be used to build SNP tree and matrix.
Warnings: Vibrio_tasmaniensis_LMG_20012 covered only 0.08482 of the Vibrio_pacinii_DSM_19139 (<cutoff = 0.1). It will NOT be used to build SNP tree and matrix.
Vibrio_natriegens_CCUG_16371 covered 0.10135 of the Vibrio_pacinii_DSM_19139 (<cutoff = 0.1). It will be used to build SNP tree and matrix.
Warnings: Vibrio_amylolyticus_ZSDE26 covered only 0.07602 of the Vibrio_pacinii_DSM_19139 (<cutoff = 0.1). It will NOT be used to build SNP tree and matrix.
Warnings: Vibrio_ostreicida_CECT_7398 covered only 0.07406 of the Vibrio_pacinii_DSM_19139 (<cutoff = 0.1). It will NOT be used to build SNP tree and matrix.
Warnings: Vibrio_litoralis_DSM_17657 covered only 0.04103 of the Vibrio_pacinii_DSM_19139 (<cutoff = 0.1). It will NOT be used to build SNP tree and matrix.
Printing Summary Statistics.
Creating SNP alignment.
Vibrio_aestuarianus_LMG_7909
Vibrio_agarilyticus_SM6
Vibrio_agarivorans_CECT_5085
Vibrio_albus_E4404
Vibrio_alfacsensis_CAIM_1831
Vibrio_algivorus_SA2
Vibrio_amylolyticus_ZSDE26
Vibrio_anguillarum_NCTC12159
Vibrio_aphrogenes_CA_1004
Vibrio_apostichopi_FE10
Vibrio_aquimaris_THAF100
Vibrio_artabrorum_CECT_7226
Vibrio_atlanticus_CECT_7223
Vibrio_azureus_LC2_005
Vibrio_barjaei_3062
Vibrio_bathopelagicus_Sal10
Vibrio_breoganii_CECT_7222
Vibrio_caribbeanicus_ATCC_BAA_2122
Vibrio_casei_DSM_22364
Vibrio_celticus_CECT_7224
Vibrio_chaetopteri_CB1_14
Vibrio_chagasii_LMG_21353
Vibrio_chanodichtyis_DSL_7
Vibrio_cholerae_FDAARGOS_103
Vibrio_cincinnatiensis_NCTC12012
Vibrio_cionasavignyae_JAMM2507
Vibrio_clamense_JAMM0920
Vibrio_comitans_LMG_23416
Vibrio_coralliirubri_DSM_27495
Vibrio_cortegadensis_CECT_7227
Vibrio_crassostreae_LMG_22240
Vibrio_cyclitrophicus_LMG_21359
Vibrio_diazotrophicus_ATCC_33466
Vibrio_echinoideorum_DSM_107264
Vibrio_ezurae_HDS1_1
Vibrio_floridensis_IRLE0018
Vibrio_fluvialis_ATCC_33809
Vibrio_fortis_LMG_21557
Vibrio_furnissii_FDAARGOS_777
Vibrio_gallaecicus_CECT_7244
Vibrio_gallicus_CIP_107863
Vibrio_gangliei_DSM_104291
Vibrio_gazogenes_ATCC_29988
Vibrio_gelatinilyticus_ZSDZ34
Vibrio_gigantis_LMG_22741
Vibrio_glycogenivorans_WXL210
Vibrio_halioticoli_IAM_14596
Vibrio_hangzhouensis_CGMCC_1_7062
Vibrio_hibernica_B1_19
Vibrio_hippocampi_CECT_8226
Vibrio_injensis_M12_1144
Vibrio_inusitatus_LMG_23434
Vibrio_iocasae_HN007
Vibrio_ishigakensis_JCM_19231
Vibrio_kagoshimensis_JAMM0761
Vibrio_kanaloae_LMG_20539
Vibrio_kasasachensis_JAMM1812
Vibrio_kyushuensis_JAMM1822
Vibrio_lamellibrachiae_JAMM2626
Vibrio_lentus_40M4T
Vibrio_litoralis_DSM_17657
Vibrio_maerlii_G62
Vibrio_mangrovi_CECT_7927
Vibrio_marinisediminis_404
Vibrio_marisflavi_CECT_7928
Vibrio_mediterranei_
Vibrio_methylphosphonaticus_S4B1
Vibrio_metschnikovii_NCTC8443
Vibrio_mimicus_NCTC11435
Vibrio_misgurnus_GVC
Vibrio_mytili_type_strain__CIP103929
Vibrio_navarrensis_ATCC_51183
Vibrio_neonatus_JCM_21521
Vibrio_nitrifigilis_NFV_1
Vibrio_nomapromontoriensis_JAMM1728
Vibrio_olivae_CECT_8064
Vibrio_ostreae_OG9_811
Vibrio_ostreicida_CECT_7398
Vibrio_palustris_CECT_9027
Vibrio_panuliri_JCM_19500
Vibrio_paracholerae_EDC_792
Vibrio_pectenicida_LMG_19642
Vibrio_pelagius_ATCC_25916
Vibrio_penaeicida_IFO_15640
Vibrio_plantisponsor_MSSRF60
Vibrio_pomeroyi_LMG_20537
Vibrio_porteresiae_MSSRF30
Vibrio_profundi_TP187
Vibrio_proteolyticus_ATCC_15338
Vibrio_qinghaiensis_Q67
Vibrio_rarus_LMG_23674
Vibrio_renipiscarius_DCR_1_4_2
Vibrio_rhizosphaerae_LMG_23790
Vibrio_ruber_CECT_7878
Vibrio_rumoiensis_FERM_P_14531
Vibrio_sabulosilitoris_MAO6
Vibrio_sagamiensis_NBRC_104589
Vibrio_satsumensis_JAMM0822
Vibrio_sinensis_BEI233
Vibrio_sinus_S4M6
Vibrio_spartinae_CECT_9026
Vibrio_splendidus_LMG_19031
Vibrio_superstes_G3_29
Vibrio_syngnathi_K08M4
Vibrio_tapetis_subsp__quintayensis_CECT_8851
Vibrio_tapetis_subsp__tapetis_
Vibrio_tarriae_2521_89
Vibrio_tasmaniensis_LMG_20012
Vibrio_tetraodonis_A511
Vibrio_tetraodonis_subsp__pristinus_OCN044
Vibrio_thalassae_KCTC_32373
Vibrio_toranzoniae_CECT_7225
Vibrio_tritonius_JCM_16456
Vibrio_ulleungensis_188UL20_2
Vibrio_viridaestus_LJC006
Vibrio_vulnificus_2142_77
Vibrio_wakamikoensis_JAMM2464
Vibrio_xiamenensis_CGMCC_1_10228
Vibrio_zhanjiangensis_NBRC_108723
Vibrio_ziniensis_ZWAL4003
Vibrio_aestuarianus_LMG_7909
Vibrio_agarilyticus_SM6
Vibrio_agarivorans_CECT_5085
Vibrio_albus_E4404
Vibrio_alfacsensis_CAIM_1831
Vibrio_algivorus_SA2
Vibrio_amylolyticus_ZSDE26
Vibrio_anguillarum_NCTC12159
Vibrio_aphrogenes_CA_1004
Vibrio_apostichopi_FE10
Vibrio_aquimaris_THAF100
Vibrio_artabrorum_CECT_7226
Vibrio_atlanticus_CECT_7223
Vibrio_azureus_LC2_005
Vibrio_barjaei_3062
Vibrio_bathopelagicus_Sal10
Vibrio_breoganii_CECT_7222
Vibrio_caribbeanicus_ATCC_BAA_2122
Vibrio_casei_DSM_22364
Vibrio_celticus_CECT_7224
Vibrio_chaetopteri_CB1_14
Vibrio_chagasii_LMG_21353
Vibrio_chanodichtyis_DSL_7
Vibrio_cholerae_FDAARGOS_103
Vibrio_cincinnatiensis_NCTC12012
Vibrio_cionasavignyae_JAMM2507
Vibrio_clamense_JAMM0920
Vibrio_comitans_LMG_23416
Vibrio_coralliirubri_DSM_27495
Vibrio_cortegadensis_CECT_7227
Vibrio_crassostreae_LMG_22240
Vibrio_cyclitrophicus_LMG_21359
Vibrio_diazotrophicus_ATCC_33466
Vibrio_echinoideorum_DSM_107264
Vibrio_ezurae_HDS1_1
Vibrio_floridensis_IRLE0018
Vibrio_fluvialis_ATCC_33809
Vibrio_fortis_LMG_21557
Vibrio_furnissii_FDAARGOS_777
Vibrio_gallaecicus_CECT_7244
Vibrio_gallicus_CIP_107863
Vibrio_gangliei_DSM_104291
Vibrio_gazogenes_ATCC_29988
Vibrio_gelatinilyticus_ZSDZ34
Vibrio_gigantis_LMG_22741
Vibrio_glycogenivorans_WXL210
Vibrio_halioticoli_IAM_14596
Vibrio_hangzhouensis_CGMCC_1_7062
Vibrio_hibernica_B1_19
Vibrio_hippocampi_CECT_8226
Vibrio_injensis_M12_1144
Vibrio_inusitatus_LMG_23434
Vibrio_iocasae_HN007
Vibrio_ishigakensis_JCM_19231
Vibrio_kagoshimensis_JAMM0761
Vibrio_kanaloae_LMG_20539
Vibrio_kasasachensis_JAMM1812
Vibrio_kyushuensis_JAMM1822
Vibrio_lamellibrachiae_JAMM2626
Vibrio_lentus_40M4T
Vibrio_litoralis_DSM_17657
Vibrio_maerlii_G62
Vibrio_mangrovi_CECT_7927
Vibrio_marinisediminis_404
Vibrio_marisflavi_CECT_7928
Vibrio_mediterranei_
Vibrio_methylphosphonaticus_S4B1
Vibrio_metschnikovii_NCTC8443
Vibrio_mimicus_NCTC11435
Vibrio_misgurnus_GVC
Vibrio_mytili_type_strain__CIP103929
Vibrio_navarrensis_ATCC_51183
Vibrio_neonatus_JCM_21521
Vibrio_nitrifigilis_NFV_1
Vibrio_nomapromontoriensis_JAMM1728
Vibrio_olivae_CECT_8064
Vibrio_ostreae_OG9_811
Vibrio_ostreicida_CECT_7398
Vibrio_palustris_CECT_9027
Vibrio_panuliri_JCM_19500
Vibrio_paracholerae_EDC_792
Vibrio_pectenicida_LMG_19642
Vibrio_pelagius_ATCC_25916
Vibrio_penaeicida_IFO_15640
Vibrio_plantisponsor_MSSRF60
Vibrio_pomeroyi_LMG_20537
Vibrio_porteresiae_MSSRF30
Vibrio_profundi_TP187
Vibrio_proteolyticus_ATCC_15338
Vibrio_qinghaiensis_Q67
Vibrio_rarus_LMG_23674
Vibrio_renipiscarius_DCR_1_4_2
Vibrio_rhizosphaerae_LMG_23790
Vibrio_ruber_CECT_7878
Vibrio_rumoiensis_FERM_P_14531
Vibrio_sabulosilitoris_MAO6
Vibrio_sagamiensis_NBRC_104589
Vibrio_satsumensis_JAMM0822
Vibrio_sinensis_BEI233
Vibrio_sinus_S4M6
Vibrio_spartinae_CECT_9026
Vibrio_splendidus_LMG_19031
Vibrio_superstes_G3_29
Vibrio_syngnathi_K08M4
Vibrio_tapetis_subsp__quintayensis_CECT_8851
Vibrio_tapetis_subsp__tapetis_
Vibrio_tarriae_2521_89
Vibrio_tasmaniensis_LMG_20012
Vibrio_tetraodonis_A511
Vibrio_tetraodonis_subsp__pristinus_OCN044
Vibrio_thalassae_KCTC_32373
Vibrio_toranzoniae_CECT_7225
Vibrio_tritonius_JCM_16456
Vibrio_ulleungensis_188UL20_2
Vibrio_viridaestus_LJC006
Vibrio_vulnificus_2142_77
Vibrio_wakamikoensis_JAMM2464
Vibrio_xiamenensis_CGMCC_1_10228
Vibrio_zhanjiangensis_NBRC_108723
Vibrio_ziniensis_ZWAL4003
Vibrio_aestuarianus_LMG_7909
Vibrio_agarilyticus_SM6
Vibrio_agarivorans_CECT_5085
Vibrio_albus_E4404
Vibrio_alfacsensis_CAIM_1831
Vibrio_algivorus_SA2
Vibrio_amylolyticus_ZSDE26
Vibrio_anguillarum_NCTC12159
Vibrio_aphrogenes_CA_1004
Vibrio_apostichopi_FE10
Vibrio_aquimaris_THAF100
Vibrio_artabrorum_CECT_7226
Vibrio_atlanticus_CECT_7223
Vibrio_azureus_LC2_005
Vibrio_barjaei_3062
Vibrio_bathopelagicus_Sal10
Vibrio_breoganii_CECT_7222
Vibrio_caribbeanicus_ATCC_BAA_2122
Vibrio_casei_DSM_22364
Vibrio_celticus_CECT_7224
Vibrio_chaetopteri_CB1_14
Vibrio_chagasii_LMG_21353
Vibrio_chanodichtyis_DSL_7
Vibrio_cholerae_FDAARGOS_103
Vibrio_cincinnatiensis_NCTC12012
Vibrio_cionasavignyae_JAMM2507
Vibrio_clamense_JAMM0920
Vibrio_comitans_LMG_23416
Vibrio_coralliirubri_DSM_27495
Vibrio_cortegadensis_CECT_7227
Vibrio_crassostreae_LMG_22240
Vibrio_cyclitrophicus_LMG_21359
Vibrio_diazotrophicus_ATCC_33466
Vibrio_echinoideorum_DSM_107264
Vibrio_ezurae_HDS1_1
Vibrio_floridensis_IRLE0018
Vibrio_fluvialis_ATCC_33809
Vibrio_fortis_LMG_21557
Vibrio_furnissii_FDAARGOS_777
Vibrio_gallaecicus_CECT_7244
Vibrio_gallicus_CIP_107863
Vibrio_gangliei_DSM_104291
Vibrio_gazogenes_ATCC_29988
Vibrio_gelatinilyticus_ZSDZ34
Vibrio_gigantis_LMG_22741
Vibrio_glycogenivorans_WXL210
Vibrio_halioticoli_IAM_14596
Vibrio_hangzhouensis_CGMCC_1_7062
Vibrio_hibernica_B1_19
Vibrio_hippocampi_CECT_8226
Vibrio_injensis_M12_1144
Vibrio_inusitatus_LMG_23434
Vibrio_iocasae_HN007
Vibrio_ishigakensis_JCM_19231
Vibrio_kagoshimensis_JAMM0761
Vibrio_kanaloae_LMG_20539
Vibrio_kasasachensis_JAMM1812
Vibrio_kyushuensis_JAMM1822
Vibrio_lamellibrachiae_JAMM2626
Vibrio_lentus_40M4T
Vibrio_litoralis_DSM_17657
Vibrio_maerlii_G62
Vibrio_mangrovi_CECT_7927
Vibrio_marinisediminis_404
Vibrio_marisflavi_CECT_7928
Vibrio_mediterranei_
Vibrio_methylphosphonaticus_S4B1
Vibrio_metschnikovii_NCTC8443
Vibrio_mimicus_NCTC11435
Vibrio_misgurnus_GVC
Vibrio_mytili_type_strain__CIP103929
Vibrio_navarrensis_ATCC_51183
Vibrio_neonatus_JCM_21521
Vibrio_nitrifigilis_NFV_1
Vibrio_nomapromontoriensis_JAMM1728
Vibrio_olivae_CECT_8064
Vibrio_ostreae_OG9_811
Vibrio_ostreicida_CECT_7398
Vibrio_palustris_CECT_9027
Vibrio_panuliri_JCM_19500
Vibrio_paracholerae_EDC_792
Vibrio_pectenicida_LMG_19642
Vibrio_pelagius_ATCC_25916
Vibrio_penaeicida_IFO_15640
Vibrio_plantisponsor_MSSRF60
Vibrio_pomeroyi_LMG_20537
Vibrio_porteresiae_MSSRF30
Vibrio_profundi_TP187
Vibrio_proteolyticus_ATCC_15338
Vibrio_qinghaiensis_Q67
Vibrio_rarus_LMG_23674
Vibrio_renipiscarius_DCR_1_4_2
Vibrio_rhizosphaerae_LMG_23790
Vibrio_ruber_CECT_7878
Vibrio_rumoiensis_FERM_P_14531
Vibrio_sabulosilitoris_MAO6
Vibrio_sagamiensis_NBRC_104589
Vibrio_satsumensis_JAMM0822
Vibrio_sinensis_BEI233
Vibrio_sinus_S4M6
Vibrio_spartinae_CECT_9026
Vibrio_splendidus_LMG_19031
Vibrio_superstes_G3_29
Vibrio_syngnathi_K08M4
Vibrio_tapetis_subsp__quintayensis_CECT_8851
Vibrio_tapetis_subsp__tapetis_
Vibrio_tarriae_2521_89
Vibrio_tasmaniensis_LMG_20012
Vibrio_tetraodonis_A511
Vibrio_tetraodonis_subsp__pristinus_OCN044
Vibrio_thalassae_KCTC_32373
Vibrio_toranzoniae_CECT_7225
Vibrio_tritonius_JCM_16456
Vibrio_ulleungensis_188UL20_2
Vibrio_viridaestus_LJC006
Vibrio_vulnificus_2142_77
Vibrio_wakamikoensis_JAMM2464
Vibrio_xiamenensis_CGMCC_1_10228
Vibrio_zhanjiangensis_NBRC_108723
Vibrio_ziniensis_ZWAL4003
Vibrio_aestuarianus_LMG_7909
Vibrio_agarilyticus_SM6
Vibrio_agarivorans_CECT_5085
Vibrio_albus_E4404
Vibrio_alfacsensis_CAIM_1831
Vibrio_algivorus_SA2
Vibrio_amylolyticus_ZSDE26
Vibrio_anguillarum_NCTC12159
Vibrio_aphrogenes_CA_1004
Vibrio_apostichopi_FE10
Vibrio_aquimaris_THAF100
Vibrio_artabrorum_CECT_7226
Vibrio_atlanticus_CECT_7223
Vibrio_azureus_LC2_005
Vibrio_barjaei_3062
Vibrio_bathopelagicus_Sal10
Vibrio_breoganii_CECT_7222
Vibrio_caribbeanicus_ATCC_BAA_2122
Vibrio_casei_DSM_22364
Vibrio_celticus_CECT_7224
Vibrio_chaetopteri_CB1_14
Vibrio_chagasii_LMG_21353
Vibrio_chanodichtyis_DSL_7
Vibrio_cholerae_FDAARGOS_103
Vibrio_cincinnatiensis_NCTC12012
Vibrio_cionasavignyae_JAMM2507
Vibrio_clamense_JAMM0920
Vibrio_comitans_LMG_23416
Vibrio_coralliirubri_DSM_27495
Vibrio_cortegadensis_CECT_7227
Vibrio_crassostreae_LMG_22240
Vibrio_cyclitrophicus_LMG_21359
Vibrio_diazotrophicus_ATCC_33466
Vibrio_echinoideorum_DSM_107264
Vibrio_ezurae_HDS1_1
Vibrio_floridensis_IRLE0018
Vibrio_fluvialis_ATCC_33809
Vibrio_fortis_LMG_21557
Vibrio_furnissii_FDAARGOS_777
Vibrio_gallaecicus_CECT_7244
Vibrio_gallicus_CIP_107863
Vibrio_gangliei_DSM_104291
Vibrio_gazogenes_ATCC_29988
Vibrio_gelatinilyticus_ZSDZ34
Vibrio_gigantis_LMG_22741
Vibrio_glycogenivorans_WXL210
Vibrio_halioticoli_IAM_14596
Vibrio_hangzhouensis_CGMCC_1_7062
Vibrio_hibernica_B1_19
Vibrio_hippocampi_CECT_8226
Vibrio_injensis_M12_1144
Vibrio_inusitatus_LMG_23434
Vibrio_iocasae_HN007
Vibrio_ishigakensis_JCM_19231
Vibrio_kagoshimensis_JAMM0761
Vibrio_kanaloae_LMG_20539
Vibrio_kasasachensis_JAMM1812
Vibrio_kyushuensis_JAMM1822
Vibrio_lamellibrachiae_JAMM2626
Vibrio_lentus_40M4T
Vibrio_litoralis_DSM_17657
Vibrio_maerlii_G62
Vibrio_mangrovi_CECT_7927
Vibrio_marinisediminis_404
Vibrio_marisflavi_CECT_7928
Vibrio_mediterranei_
Vibrio_methylphosphonaticus_S4B1
Vibrio_metschnikovii_NCTC8443
Vibrio_mimicus_NCTC11435
Vibrio_misgurnus_GVC
Vibrio_mytili_type_strain__CIP103929
Vibrio_navarrensis_ATCC_51183
Vibrio_neonatus_JCM_21521
Vibrio_nitrifigilis_NFV_1
Vibrio_nomapromontoriensis_JAMM1728
Vibrio_olivae_CECT_8064
Vibrio_ostreae_OG9_811
Vibrio_ostreicida_CECT_7398
Vibrio_palustris_CECT_9027
Vibrio_panuliri_JCM_19500
Vibrio_paracholerae_EDC_792
Vibrio_pectenicida_LMG_19642
Vibrio_pelagius_ATCC_25916
Vibrio_penaeicida_IFO_15640
Vibrio_plantisponsor_MSSRF60
Vibrio_pomeroyi_LMG_20537
Vibrio_porteresiae_MSSRF30
Vibrio_profundi_TP187
Vibrio_proteolyticus_ATCC_15338
Vibrio_qinghaiensis_Q67
Vibrio_rarus_LMG_23674
Vibrio_renipiscarius_DCR_1_4_2
Vibrio_rhizosphaerae_LMG_23790
Vibrio_ruber_CECT_7878
Vibrio_rumoiensis_FERM_P_14531
Vibrio_sabulosilitoris_MAO6
Vibrio_sagamiensis_NBRC_104589
Vibrio_satsumensis_JAMM0822
Vibrio_sinensis_BEI233
Vibrio_sinus_S4M6
Vibrio_spartinae_CECT_9026
Vibrio_splendidus_LMG_19031
Vibrio_superstes_G3_29
Vibrio_syngnathi_K08M4
Vibrio_tapetis_subsp__quintayensis_CECT_8851
Vibrio_tapetis_subsp__tapetis_
Vibrio_tarriae_2521_89
Vibrio_tasmaniensis_LMG_20012
Vibrio_tetraodonis_A511
Vibrio_tetraodonis_subsp__pristinus_OCN044
Vibrio_thalassae_KCTC_32373
Vibrio_toranzoniae_CECT_7225
Vibrio_tritonius_JCM_16456
Vibrio_ulleungensis_188UL20_2
Vibrio_viridaestus_LJC006
Vibrio_vulnificus_2142_77
Vibrio_wakamikoensis_JAMM2464
Vibrio_xiamenensis_CGMCC_1_10228
Vibrio_zhanjiangensis_NBRC_108723
Vibrio_ziniensis_ZWAL4003
Creating SNP stats file. 
SNP alignment complete.
Reconstructing phylogeny using FastTree
export OMP_NUM_THREADS=1; FastTree -quiet -nt -gtr < /data/djs217/PROJECTS/56_Vibrio_phaME/01_PhaME/08_workdir_pacinii/results/all_vibrio_pacinii-ref_fastree_all_snp_alignment.fna > /data/djs217/PROJECTS/56_Vibrio_phaME/01_PhaME/08_workdir_pacinii/results/all_vibrio_pacinii-ref_fastree_all.fasttree 2>>/data/djs217/PROJECTS/56_Vibrio_phaME/01_PhaME/08_workdir_pacinii/results/all_vibrio_pacinii-ref_fastree.error 

Tree phylogeny complete.
