
Running self-nucmer on /data/djs217/PROJECTS/56_Vibrio_phaME/01_all_species/03_workdir/files/11813_EXE_29_2025_V_PBC74148_final.fna
[RUNNING:] nucmer --maxmatch --nosimplify --prefix=seq_seq2257158 /data/djs217/PROJECTS/56_Vibrio_phaME/01_all_species/03_workdir/files/11813_EXE_29_2025_V_PBC74148_final.fna /data/djs217/PROJECTS/56_Vibrio_phaME/01_all_species/03_workdir/files/11813_EXE_29_2025_V_PBC74148_final.fna 2>/dev/null
[RUNNING:] show-coords -r -I 97 -L 75 -T seq_seq2257158.delta | awk '$1 != $3 || $2 != $4 && $8==$9 {print}' > seq_seq2257158.coords

Running self-nucmer on /data/djs217/PROJECTS/56_Vibrio_phaME/01_all_species/03_workdir/files/11813_EXE_30_2025_R_PBC74148_final.fna
[RUNNING:] nucmer --maxmatch --nosimplify --prefix=seq_seq2258037 /data/djs217/PROJECTS/56_Vibrio_phaME/01_all_species/03_workdir/files/11813_EXE_30_2025_R_PBC74148_final.fna /data/djs217/PROJECTS/56_Vibrio_phaME/01_all_species/03_workdir/files/11813_EXE_30_2025_R_PBC74148_final.fna 2>/dev/null
[RUNNING:] show-coords -r -I 97 -L 75 -T seq_seq2258037.delta | awk '$1 != $3 || $2 != $4 && $8==$9 {print}' > seq_seq2258037.coords

Running self-nucmer on /data/djs217/PROJECTS/56_Vibrio_phaME/01_all_species/03_workdir/files/11813_EXE_29_2025_K_PBC74148_final.fna
[RUNNING:] nucmer --maxmatch --nosimplify --prefix=seq_seq2259121 /data/djs217/PROJECTS/56_Vibrio_phaME/01_all_species/03_workdir/files/11813_EXE_29_2025_K_PBC74148_final.fna /data/djs217/PROJECTS/56_Vibrio_phaME/01_all_species/03_workdir/files/11813_EXE_29_2025_K_PBC74148_final.fna 2>/dev/null
[RUNNING:] show-coords -r -I 97 -L 75 -T seq_seq2259121.delta | awk '$1 != $3 || $2 != $4 && $8==$9 {print}' > seq_seq2259121.coords

Running self-nucmer on /data/djs217/PROJECTS/56_Vibrio_phaME/01_all_species/03_workdir/files/11813_EXE_20_2024_J_PBC74148_final.fna
[RUNNING:] nucmer --maxmatch --nosimplify --prefix=seq_seq2261400 /data/djs217/PROJECTS/56_Vibrio_phaME/01_all_species/03_workdir/files/11813_EXE_20_2024_J_PBC74148_final.fna /data/djs217/PROJECTS/56_Vibrio_phaME/01_all_species/03_workdir/files/11813_EXE_20_2024_J_PBC74148_final.fna 2>/dev/null
[RUNNING:] show-coords -r -I 97 -L 75 -T seq_seq2261400.delta | awk '$1 != $3 || $2 != $4 && $8==$9 {print}' > seq_seq2261400.coords

Running self-nucmer on /data/djs217/PROJECTS/56_Vibrio_phaME/01_all_species/03_workdir/files/11813_EXE_30_2025_L_PBC74148_final.fna
[RUNNING:] nucmer --maxmatch --nosimplify --prefix=seq_seq2263379 /data/djs217/PROJECTS/56_Vibrio_phaME/01_all_species/03_workdir/files/11813_EXE_30_2025_L_PBC74148_final.fna /data/djs217/PROJECTS/56_Vibrio_phaME/01_all_species/03_workdir/files/11813_EXE_30_2025_L_PBC74148_final.fna 2>/dev/null
[RUNNING:] show-coords -r -I 97 -L 75 -T seq_seq2263379.delta | awk '$1 != $3 || $2 != $4 && $8==$9 {print}' > seq_seq2263379.coords

Running self-nucmer on /data/djs217/PROJECTS/56_Vibrio_phaME/01_all_species/03_workdir/files/11813_EXE_09_2024_B_PBC74148_final.fna
[RUNNING:] nucmer --maxmatch --nosimplify --prefix=seq_seq2265548 /data/djs217/PROJECTS/56_Vibrio_phaME/01_all_species/03_workdir/files/11813_EXE_09_2024_B_PBC74148_final.fna /data/djs217/PROJECTS/56_Vibrio_phaME/01_all_species/03_workdir/files/11813_EXE_09_2024_B_PBC74148_final.fna 2>/dev/null
[RUNNING:] show-coords -r -I 97 -L 75 -T seq_seq2265548.delta | awk '$1 != $3 || $2 != $4 && $8==$9 {print}' > seq_seq2265548.coords

Running self-nucmer on /data/djs217/PROJECTS/56_Vibrio_phaME/01_all_species/03_workdir/files/11813_EX_23_2024_K_PBC74148_final.fna
[RUNNING:] nucmer --maxmatch --nosimplify --prefix=seq_seq2267837 /data/djs217/PROJECTS/56_Vibrio_phaME/01_all_species/03_workdir/files/11813_EX_23_2024_K_PBC74148_final.fna /data/djs217/PROJECTS/56_Vibrio_phaME/01_all_species/03_workdir/files/11813_EX_23_2024_K_PBC74148_final.fna 2>/dev/null
[RUNNING:] show-coords -r -I 97 -L 75 -T seq_seq2267837.delta | awk '$1 != $3 || $2 != $4 && $8==$9 {print}' > seq_seq2267837.coords

Running self-nucmer on /data/djs217/PROJECTS/56_Vibrio_phaME/01_all_species/03_workdir/files/11813_EXE_28_2025_W_PBC74148_final.fna
[RUNNING:] nucmer --maxmatch --nosimplify --prefix=seq_seq2269721 /data/djs217/PROJECTS/56_Vibrio_phaME/01_all_species/03_workdir/files/11813_EXE_28_2025_W_PBC74148_final.fna /data/djs217/PROJECTS/56_Vibrio_phaME/01_all_species/03_workdir/files/11813_EXE_28_2025_W_PBC74148_final.fna 2>/dev/null
[RUNNING:] show-coords -r -I 97 -L 75 -T seq_seq2269721.delta | awk '$1 != $3 || $2 != $4 && $8==$9 {print}' > seq_seq2269721.coords

Running self-nucmer on /data/djs217/PROJECTS/56_Vibrio_phaME/01_all_species/03_workdir/files/EXE_01_2025_M_final.fna
[RUNNING:] nucmer --maxmatch --nosimplify --prefix=seq_seq2272093 /data/djs217/PROJECTS/56_Vibrio_phaME/01_all_species/03_workdir/files/EXE_01_2025_M_final.fna /data/djs217/PROJECTS/56_Vibrio_phaME/01_all_species/03_workdir/files/EXE_01_2025_M_final.fna 2>/dev/null
[RUNNING:] show-coords -r -I 97 -L 75 -T seq_seq2272093.delta | awk '$1 != $3 || $2 != $4 && $8==$9 {print}' > seq_seq2272093.coords

Running self-nucmer on /data/djs217/PROJECTS/56_Vibrio_phaME/01_all_species/03_workdir/files/EXE_33_2024_E_final.fna
[RUNNING:] nucmer --maxmatch --nosimplify --prefix=seq_seq2273790 /data/djs217/PROJECTS/56_Vibrio_phaME/01_all_species/03_workdir/files/EXE_33_2024_E_final.fna /data/djs217/PROJECTS/56_Vibrio_phaME/01_all_species/03_workdir/files/EXE_33_2024_E_final.fna 2>/dev/null
[RUNNING:] show-coords -r -I 97 -L 75 -T seq_seq2273790.delta | awk '$1 != $3 || $2 != $4 && $8==$9 {print}' > seq_seq2273790.coords

Running self-nucmer on /data/djs217/PROJECTS/56_Vibrio_phaME/01_all_species/03_workdir/files/11813_EXE22_2025_IVF5LA_PBC74148_final.fna
[RUNNING:] nucmer --maxmatch --nosimplify --prefix=seq_seq2275747 /data/djs217/PROJECTS/56_Vibrio_phaME/01_all_species/03_workdir/files/11813_EXE22_2025_IVF5LA_PBC74148_final.fna /data/djs217/PROJECTS/56_Vibrio_phaME/01_all_species/03_workdir/files/11813_EXE22_2025_IVF5LA_PBC74148_final.fna 2>/dev/null
[RUNNING:] show-coords -r -I 97 -L 75 -T seq_seq2275747.delta | awk '$1 != $3 || $2 != $4 && $8==$9 {print}' > seq_seq2275747.coords

Running self-nucmer on /data/djs217/PROJECTS/56_Vibrio_phaME/01_all_species/03_workdir/files/11813_EXE_03_2025_A_PBC74148_final.fna
[RUNNING:] nucmer --maxmatch --nosimplify --prefix=seq_seq2278448 /data/djs217/PROJECTS/56_Vibrio_phaME/01_all_species/03_workdir/files/11813_EXE_03_2025_A_PBC74148_final.fna /data/djs217/PROJECTS/56_Vibrio_phaME/01_all_species/03_workdir/files/11813_EXE_03_2025_A_PBC74148_final.fna 2>/dev/null
[RUNNING:] show-coords -r -I 97 -L 75 -T seq_seq2278448.delta | awk '$1 != $3 || $2 != $4 && $8==$9 {print}' > seq_seq2278448.coords

Running self-nucmer on /data/djs217/PROJECTS/56_Vibrio_phaME/01_all_species/03_workdir/files/11813_EXE_26_2025_C_PBC74148_final.fna
[RUNNING:] nucmer --maxmatch --nosimplify --prefix=seq_seq2279579 /data/djs217/PROJECTS/56_Vibrio_phaME/01_all_species/03_workdir/files/11813_EXE_26_2025_C_PBC74148_final.fna /data/djs217/PROJECTS/56_Vibrio_phaME/01_all_species/03_workdir/files/11813_EXE_26_2025_C_PBC74148_final.fna 2>/dev/null
[RUNNING:] show-coords -r -I 97 -L 75 -T seq_seq2279579.delta | awk '$1 != $3 || $2 != $4 && $8==$9 {print}' > seq_seq2279579.coords

Running self-nucmer on /data/djs217/PROJECTS/56_Vibrio_phaME/01_all_species/03_workdir/files/11813_EXE_33_2024_F_PBC74148_final.fna
[RUNNING:] nucmer --maxmatch --nosimplify --prefix=seq_seq2281707 /data/djs217/PROJECTS/56_Vibrio_phaME/01_all_species/03_workdir/files/11813_EXE_33_2024_F_PBC74148_final.fna /data/djs217/PROJECTS/56_Vibrio_phaME/01_all_species/03_workdir/files/11813_EXE_33_2024_F_PBC74148_final.fna 2>/dev/null
[RUNNING:] show-coords -r -I 97 -L 75 -T seq_seq2281707.delta | awk '$1 != $3 || $2 != $4 && $8==$9 {print}' > seq_seq2281707.coords

Running self-nucmer on /data/djs217/PROJECTS/56_Vibrio_phaME/01_all_species/03_workdir/files/11813_EXE_22_2025_DG1LF_PBC7_final.fna
[RUNNING:] nucmer --maxmatch --nosimplify --prefix=seq_seq2283536 /data/djs217/PROJECTS/56_Vibrio_phaME/01_all_species/03_workdir/files/11813_EXE_22_2025_DG1LF_PBC7_final.fna /data/djs217/PROJECTS/56_Vibrio_phaME/01_all_species/03_workdir/files/11813_EXE_22_2025_DG1LF_PBC7_final.fna 2>/dev/null
[RUNNING:] show-coords -r -I 97 -L 75 -T seq_seq2283536.delta | awk '$1 != $3 || $2 != $4 && $8==$9 {print}' > seq_seq2283536.coords

Running self-nucmer on /data/djs217/PROJECTS/56_Vibrio_phaME/01_all_species/03_workdir/files/11671_EXE_02_2024_3B2_unicycler.fna
[RUNNING:] nucmer --maxmatch --nosimplify --prefix=seq_seq2287346 /data/djs217/PROJECTS/56_Vibrio_phaME/01_all_species/03_workdir/files/11671_EXE_02_2024_3B2_unicycler.fna /data/djs217/PROJECTS/56_Vibrio_phaME/01_all_species/03_workdir/files/11671_EXE_02_2024_3B2_unicycler.fna 2>/dev/null
[RUNNING:] show-coords -r -I 97 -L 75 -T seq_seq2287346.delta | awk '$1 != $3 || $2 != $4 && $8==$9 {print}' > seq_seq2287346.coords

Running self-nucmer on /data/djs217/PROJECTS/56_Vibrio_phaME/01_all_species/03_workdir/files/11813_EXE_23_2025_L_PBC74148_final.fna
[RUNNING:] nucmer --maxmatch --nosimplify --prefix=seq_seq2289722 /data/djs217/PROJECTS/56_Vibrio_phaME/01_all_species/03_workdir/files/11813_EXE_23_2025_L_PBC74148_final.fna /data/djs217/PROJECTS/56_Vibrio_phaME/01_all_species/03_workdir/files/11813_EXE_23_2025_L_PBC74148_final.fna 2>/dev/null
[RUNNING:] show-coords -r -I 97 -L 75 -T seq_seq2289722.delta | awk '$1 != $3 || $2 != $4 && $8==$9 {print}' > seq_seq2289722.coords

Running self-nucmer on /data/djs217/PROJECTS/56_Vibrio_phaME/01_all_species/03_workdir/files/11813_EXE_33_2024_E_PBC74148_final.fna
[RUNNING:] nucmer --maxmatch --nosimplify --prefix=seq_seq2292295 /data/djs217/PROJECTS/56_Vibrio_phaME/01_all_species/03_workdir/files/11813_EXE_33_2024_E_PBC74148_final.fna /data/djs217/PROJECTS/56_Vibrio_phaME/01_all_species/03_workdir/files/11813_EXE_33_2024_E_PBC74148_final.fna 2>/dev/null
[RUNNING:] show-coords -r -I 97 -L 75 -T seq_seq2292295.delta | awk '$1 != $3 || $2 != $4 && $8==$9 {print}' > seq_seq2292295.coords

Running self-nucmer on /data/djs217/PROJECTS/56_Vibrio_phaME/01_all_species/03_workdir/files/EXE_30_2025_R_final.fna
[RUNNING:] nucmer --maxmatch --nosimplify --prefix=seq_seq2292358 /data/djs217/PROJECTS/56_Vibrio_phaME/01_all_species/03_workdir/files/EXE_30_2025_R_final.fna /data/djs217/PROJECTS/56_Vibrio_phaME/01_all_species/03_workdir/files/EXE_30_2025_R_final.fna 2>/dev/null
[RUNNING:] show-coords -r -I 97 -L 75 -T seq_seq2292358.delta | awk '$1 != $3 || $2 != $4 && $8==$9 {print}' > seq_seq2292358.coords

Running self-nucmer on /data/djs217/PROJECTS/56_Vibrio_phaME/01_all_species/03_workdir/files/11671_Guernsey_unicycler.fna
[RUNNING:] nucmer --maxmatch --nosimplify --prefix=seq_seq2292413 /data/djs217/PROJECTS/56_Vibrio_phaME/01_all_species/03_workdir/files/11671_Guernsey_unicycler.fna /data/djs217/PROJECTS/56_Vibrio_phaME/01_all_species/03_workdir/files/11671_Guernsey_unicycler.fna 2>/dev/null
[RUNNING:] show-coords -r -I 97 -L 75 -T seq_seq2292413.delta | awk '$1 != $3 || $2 != $4 && $8==$9 {print}' > seq_seq2292413.coords

Running self-nucmer on /data/djs217/PROJECTS/56_Vibrio_phaME/01_all_species/03_workdir/files/11813_EXE_22_2025_DG3A_PBC74148_barcode18_final.fna
[RUNNING:] nucmer --maxmatch --nosimplify --prefix=seq_seq2292484 /data/djs217/PROJECTS/56_Vibrio_phaME/01_all_species/03_workdir/files/11813_EXE_22_2025_DG3A_PBC74148_barcode18_final.fna /data/djs217/PROJECTS/56_Vibrio_phaME/01_all_species/03_workdir/files/11813_EXE_22_2025_DG3A_PBC74148_barcode18_final.fna 2>/dev/null
[RUNNING:] show-coords -r -I 97 -L 75 -T seq_seq2292484.delta | awk '$1 != $3 || $2 != $4 && $8==$9 {print}' > seq_seq2292484.coords

Running self-nucmer on /data/djs217/PROJECTS/56_Vibrio_phaME/01_all_species/03_workdir/files/11671_EXE_19_2024_C_unicycler.fna
[RUNNING:] nucmer --maxmatch --nosimplify --prefix=seq_seq2292588 /data/djs217/PROJECTS/56_Vibrio_phaME/01_all_species/03_workdir/files/11671_EXE_19_2024_C_unicycler.fna /data/djs217/PROJECTS/56_Vibrio_phaME/01_all_species/03_workdir/files/11671_EXE_19_2024_C_unicycler.fna 2>/dev/null
[RUNNING:] show-coords -r -I 97 -L 75 -T seq_seq2292588.delta | awk '$1 != $3 || $2 != $4 && $8==$9 {print}' > seq_seq2292588.coords

Running self-nucmer on /data/djs217/PROJECTS/56_Vibrio_phaME/01_all_species/03_workdir/files/11671_EXE_26_2024_C_unicycler.fna
[RUNNING:] nucmer --maxmatch --nosimplify --prefix=seq_seq2292651 /data/djs217/PROJECTS/56_Vibrio_phaME/01_all_species/03_workdir/files/11671_EXE_26_2024_C_unicycler.fna /data/djs217/PROJECTS/56_Vibrio_phaME/01_all_species/03_workdir/files/11671_EXE_26_2024_C_unicycler.fna 2>/dev/null
[RUNNING:] show-coords -r -I 97 -L 75 -T seq_seq2292651.delta | awk '$1 != $3 || $2 != $4 && $8==$9 {print}' > seq_seq2292651.coords

Running self-nucmer on /data/djs217/PROJECTS/56_Vibrio_phaME/01_all_species/03_workdir/files/11813_EXE_24_2025_E_PBC74148_final.fna
[RUNNING:] nucmer --maxmatch --nosimplify --prefix=seq_seq2292722 /data/djs217/PROJECTS/56_Vibrio_phaME/01_all_species/03_workdir/files/11813_EXE_24_2025_E_PBC74148_final.fna /data/djs217/PROJECTS/56_Vibrio_phaME/01_all_species/03_workdir/files/11813_EXE_24_2025_E_PBC74148_final.fna 2>/dev/null
[RUNNING:] show-coords -r -I 97 -L 75 -T seq_seq2292722.delta | awk '$1 != $3 || $2 != $4 && $8==$9 {print}' > seq_seq2292722.coords

Running self-nucmer on /data/djs217/PROJECTS/56_Vibrio_phaME/01_all_species/03_workdir/files/11671_EXE_45_2024_E_unicycler.fna
[RUNNING:] nucmer --maxmatch --nosimplify --prefix=seq_seq2292737 /data/djs217/PROJECTS/56_Vibrio_phaME/01_all_species/03_workdir/files/11671_EXE_45_2024_E_unicycler.fna /data/djs217/PROJECTS/56_Vibrio_phaME/01_all_species/03_workdir/files/11671_EXE_45_2024_E_unicycler.fna 2>/dev/null
[RUNNING:] show-coords -r -I 97 -L 75 -T seq_seq2292737.delta | awk '$1 != $3 || $2 != $4 && $8==$9 {print}' > seq_seq2292737.coords

Running self-nucmer on /data/djs217/PROJECTS/56_Vibrio_phaME/01_all_species/03_workdir/files/11671_EXE_25_2024_H_unicycler.fna
[RUNNING:] nucmer --maxmatch --nosimplify --prefix=seq_seq2292808 /data/djs217/PROJECTS/56_Vibrio_phaME/01_all_species/03_workdir/files/11671_EXE_25_2024_H_unicycler.fna /data/djs217/PROJECTS/56_Vibrio_phaME/01_all_species/03_workdir/files/11671_EXE_25_2024_H_unicycler.fna 2>/dev/null
[RUNNING:] show-coords -r -I 97 -L 75 -T seq_seq2292808.delta | awk '$1 != $3 || $2 != $4 && $8==$9 {print}' > seq_seq2292808.coords

Running self-nucmer on /data/djs217/PROJECTS/56_Vibrio_phaME/01_all_species/03_workdir/files/11813_EXE_26_2025_A_PBC74148_final.fna
[RUNNING:] nucmer --maxmatch --nosimplify --prefix=seq_seq2292871 /data/djs217/PROJECTS/56_Vibrio_phaME/01_all_species/03_workdir/files/11813_EXE_26_2025_A_PBC74148_final.fna /data/djs217/PROJECTS/56_Vibrio_phaME/01_all_species/03_workdir/files/11813_EXE_26_2025_A_PBC74148_final.fna 2>/dev/null
[RUNNING:] show-coords -r -I 97 -L 75 -T seq_seq2292871.delta | awk '$1 != $3 || $2 != $4 && $8==$9 {print}' > seq_seq2292871.coords

Running self-nucmer on /data/djs217/PROJECTS/56_Vibrio_phaME/01_all_species/03_workdir/files/11813_EXE_01_2024_7_PBC74148_final.fna
[RUNNING:] nucmer --maxmatch --nosimplify --prefix=seq_seq2292953 /data/djs217/PROJECTS/56_Vibrio_phaME/01_all_species/03_workdir/files/11813_EXE_01_2024_7_PBC74148_final.fna /data/djs217/PROJECTS/56_Vibrio_phaME/01_all_species/03_workdir/files/11813_EXE_01_2024_7_PBC74148_final.fna 2>/dev/null
[RUNNING:] show-coords -r -I 97 -L 75 -T seq_seq2292953.delta | awk '$1 != $3 || $2 != $4 && $8==$9 {print}' > seq_seq2292953.coords

Running self-nucmer on /data/djs217/PROJECTS/56_Vibrio_phaME/01_all_species/03_workdir/files/11813_EXE_19_2024_M_PBC74148_final.fna
[RUNNING:] nucmer --maxmatch --nosimplify --prefix=seq_seq2293025 /data/djs217/PROJECTS/56_Vibrio_phaME/01_all_species/03_workdir/files/11813_EXE_19_2024_M_PBC74148_final.fna /data/djs217/PROJECTS/56_Vibrio_phaME/01_all_species/03_workdir/files/11813_EXE_19_2024_M_PBC74148_final.fna 2>/dev/null
[RUNNING:] show-coords -r -I 97 -L 75 -T seq_seq2293025.delta | awk '$1 != $3 || $2 != $4 && $8==$9 {print}' > seq_seq2293025.coords

Running self-nucmer on /data/djs217/PROJECTS/56_Vibrio_phaME/01_all_species/03_workdir/files/11813_EXE_30_2024_F_PBC74148_final.fna
[RUNNING:] nucmer --maxmatch --nosimplify --prefix=seq_seq2293088 /data/djs217/PROJECTS/56_Vibrio_phaME/01_all_species/03_workdir/files/11813_EXE_30_2024_F_PBC74148_final.fna /data/djs217/PROJECTS/56_Vibrio_phaME/01_all_species/03_workdir/files/11813_EXE_30_2024_F_PBC74148_final.fna 2>/dev/null
[RUNNING:] show-coords -r -I 97 -L 75 -T seq_seq2293088.delta | awk '$1 != $3 || $2 != $4 && $8==$9 {print}' > seq_seq2293088.coords

Running self-nucmer on /data/djs217/PROJECTS/56_Vibrio_phaME/01_all_species/03_workdir/files/11813_EXE_30_2025_S_PBC74148_final.fna
[RUNNING:] nucmer --maxmatch --nosimplify --prefix=seq_seq2293151 /data/djs217/PROJECTS/56_Vibrio_phaME/01_all_species/03_workdir/files/11813_EXE_30_2025_S_PBC74148_final.fna /data/djs217/PROJECTS/56_Vibrio_phaME/01_all_species/03_workdir/files/11813_EXE_30_2025_S_PBC74148_final.fna 2>/dev/null
[RUNNING:] show-coords -r -I 97 -L 75 -T seq_seq2293151.delta | awk '$1 != $3 || $2 != $4 && $8==$9 {print}' > seq_seq2293151.coords

Running self-nucmer on /data/djs217/PROJECTS/56_Vibrio_phaME/01_all_species/03_workdir/files/11671_EXE_22_2024_B_unicycler.fna
[RUNNING:] nucmer --maxmatch --nosimplify --prefix=seq_seq2293207 /data/djs217/PROJECTS/56_Vibrio_phaME/01_all_species/03_workdir/files/11671_EXE_22_2024_B_unicycler.fna /data/djs217/PROJECTS/56_Vibrio_phaME/01_all_species/03_workdir/files/11671_EXE_22_2024_B_unicycler.fna 2>/dev/null
[RUNNING:] show-coords -r -I 97 -L 75 -T seq_seq2293207.delta | awk '$1 != $3 || $2 != $4 && $8==$9 {print}' > seq_seq2293207.coords

Running self-nucmer on /data/djs217/PROJECTS/56_Vibrio_phaME/01_all_species/03_workdir/files/11813_EXE_34_2024_C_PBC74148_final.fna
[RUNNING:] nucmer --maxmatch --nosimplify --prefix=seq_seq2293309 /data/djs217/PROJECTS/56_Vibrio_phaME/01_all_species/03_workdir/files/11813_EXE_34_2024_C_PBC74148_final.fna /data/djs217/PROJECTS/56_Vibrio_phaME/01_all_species/03_workdir/files/11813_EXE_34_2024_C_PBC74148_final.fna 2>/dev/null
[RUNNING:] show-coords -r -I 97 -L 75 -T seq_seq2293309.delta | awk '$1 != $3 || $2 != $4 && $8==$9 {print}' > seq_seq2293309.coords

Running self-nucmer on /data/djs217/PROJECTS/56_Vibrio_phaME/01_all_species/03_workdir/files/11813_EXE_22_2025_T1A_PBC74148_final.fna
[RUNNING:] nucmer --maxmatch --nosimplify --prefix=seq_seq2293373 /data/djs217/PROJECTS/56_Vibrio_phaME/01_all_species/03_workdir/files/11813_EXE_22_2025_T1A_PBC74148_final.fna /data/djs217/PROJECTS/56_Vibrio_phaME/01_all_species/03_workdir/files/11813_EXE_22_2025_T1A_PBC74148_final.fna 2>/dev/null
[RUNNING:] show-coords -r -I 97 -L 75 -T seq_seq2293373.delta | awk '$1 != $3 || $2 != $4 && $8==$9 {print}' > seq_seq2293373.coords

Running self-nucmer on /data/djs217/PROJECTS/56_Vibrio_phaME/01_all_species/03_workdir/files/11813_EXE_21_2025_F_PBC74148_final.fna
[RUNNING:] nucmer --maxmatch --nosimplify --prefix=seq_seq2293444 /data/djs217/PROJECTS/56_Vibrio_phaME/01_all_species/03_workdir/files/11813_EXE_21_2025_F_PBC74148_final.fna /data/djs217/PROJECTS/56_Vibrio_phaME/01_all_species/03_workdir/files/11813_EXE_21_2025_F_PBC74148_final.fna 2>/dev/null
[RUNNING:] show-coords -r -I 97 -L 75 -T seq_seq2293444.delta | awk '$1 != $3 || $2 != $4 && $8==$9 {print}' > seq_seq2293444.coords

Running self-nucmer on /data/djs217/PROJECTS/56_Vibrio_phaME/01_all_species/03_workdir/files/11671_EXE_04_2024_1A1_unicycler.fna
[RUNNING:] nucmer --maxmatch --nosimplify --prefix=seq_seq2293507 /data/djs217/PROJECTS/56_Vibrio_phaME/01_all_species/03_workdir/files/11671_EXE_04_2024_1A1_unicycler.fna /data/djs217/PROJECTS/56_Vibrio_phaME/01_all_species/03_workdir/files/11671_EXE_04_2024_1A1_unicycler.fna 2>/dev/null
[RUNNING:] show-coords -r -I 97 -L 75 -T seq_seq2293507.delta | awk '$1 != $3 || $2 != $4 && $8==$9 {print}' > seq_seq2293507.coords

Running self-nucmer on /data/djs217/PROJECTS/56_Vibrio_phaME/01_all_species/03_workdir/files/11813_EXE_27_2025_D_PBC74148_final.fna
[RUNNING:] nucmer --maxmatch --nosimplify --prefix=seq_seq2293578 /data/djs217/PROJECTS/56_Vibrio_phaME/01_all_species/03_workdir/files/11813_EXE_27_2025_D_PBC74148_final.fna /data/djs217/PROJECTS/56_Vibrio_phaME/01_all_species/03_workdir/files/11813_EXE_27_2025_D_PBC74148_final.fna 2>/dev/null
[RUNNING:] show-coords -r -I 97 -L 75 -T seq_seq2293578.delta | awk '$1 != $3 || $2 != $4 && $8==$9 {print}' > seq_seq2293578.coords

Running self-nucmer on /data/djs217/PROJECTS/56_Vibrio_phaME/01_all_species/03_workdir/files/EXE_08_2024_A_final.fna
[RUNNING:] nucmer --maxmatch --nosimplify --prefix=seq_seq2293649 /data/djs217/PROJECTS/56_Vibrio_phaME/01_all_species/03_workdir/files/EXE_08_2024_A_final.fna /data/djs217/PROJECTS/56_Vibrio_phaME/01_all_species/03_workdir/files/EXE_08_2024_A_final.fna 2>/dev/null
[RUNNING:] show-coords -r -I 97 -L 75 -T seq_seq2293649.delta | awk '$1 != $3 || $2 != $4 && $8==$9 {print}' > seq_seq2293649.coords

Running self-nucmer on /data/djs217/PROJECTS/56_Vibrio_phaME/01_all_species/03_workdir/files/11813_EXE_01_2025_M_PBC74148_final.fna
[RUNNING:] nucmer --maxmatch --nosimplify --prefix=seq_seq2293705 /data/djs217/PROJECTS/56_Vibrio_phaME/01_all_species/03_workdir/files/11813_EXE_01_2025_M_PBC74148_final.fna /data/djs217/PROJECTS/56_Vibrio_phaME/01_all_species/03_workdir/files/11813_EXE_01_2025_M_PBC74148_final.fna 2>/dev/null
[RUNNING:] show-coords -r -I 97 -L 75 -T seq_seq2293705.delta | awk '$1 != $3 || $2 != $4 && $8==$9 {print}' > seq_seq2293705.coords

Running self-nucmer on /data/djs217/PROJECTS/56_Vibrio_phaME/01_all_species/03_workdir/files/11813_EXE_05_2024_A_PBC74148_final.fna
[RUNNING:] nucmer --maxmatch --nosimplify --prefix=seq_seq2293736 /data/djs217/PROJECTS/56_Vibrio_phaME/01_all_species/03_workdir/files/11813_EXE_05_2024_A_PBC74148_final.fna /data/djs217/PROJECTS/56_Vibrio_phaME/01_all_species/03_workdir/files/11813_EXE_05_2024_A_PBC74148_final.fna 2>/dev/null
[RUNNING:] show-coords -r -I 97 -L 75 -T seq_seq2293736.delta | awk '$1 != $3 || $2 != $4 && $8==$9 {print}' > seq_seq2293736.coords

Running self-nucmer on /data/djs217/PROJECTS/56_Vibrio_phaME/01_all_species/03_workdir/files/EXE_32_2024_G_final.fna
[RUNNING:] nucmer --maxmatch --nosimplify --prefix=seq_seq2293823 /data/djs217/PROJECTS/56_Vibrio_phaME/01_all_species/03_workdir/files/EXE_32_2024_G_final.fna /data/djs217/PROJECTS/56_Vibrio_phaME/01_all_species/03_workdir/files/EXE_32_2024_G_final.fna 2>/dev/null
[RUNNING:] show-coords -r -I 97 -L 75 -T seq_seq2293823.delta | awk '$1 != $3 || $2 != $4 && $8==$9 {print}' > seq_seq2293823.coords

Running self-nucmer on /data/djs217/PROJECTS/56_Vibrio_phaME/01_all_species/03_workdir/files/11813_EXE_27_2025_A_PBC74148_final.fna
[RUNNING:] nucmer --maxmatch --nosimplify --prefix=seq_seq2293886 /data/djs217/PROJECTS/56_Vibrio_phaME/01_all_species/03_workdir/files/11813_EXE_27_2025_A_PBC74148_final.fna /data/djs217/PROJECTS/56_Vibrio_phaME/01_all_species/03_workdir/files/11813_EXE_27_2025_A_PBC74148_final.fna 2>/dev/null
[RUNNING:] show-coords -r -I 97 -L 75 -T seq_seq2293886.delta | awk '$1 != $3 || $2 != $4 && $8==$9 {print}' > seq_seq2293886.coords

Running self-nucmer on /data/djs217/PROJECTS/56_Vibrio_phaME/01_all_species/03_workdir/files/EXE_03_2025_A_final.fna
[RUNNING:] nucmer --maxmatch --nosimplify --prefix=seq_seq2293973 /data/djs217/PROJECTS/56_Vibrio_phaME/01_all_species/03_workdir/files/EXE_03_2025_A_final.fna /data/djs217/PROJECTS/56_Vibrio_phaME/01_all_species/03_workdir/files/EXE_03_2025_A_final.fna 2>/dev/null
[RUNNING:] show-coords -r -I 97 -L 75 -T seq_seq2293973.delta | awk '$1 != $3 || $2 != $4 && $8==$9 {print}' > seq_seq2293973.coords

Running self-nucmer on /data/djs217/PROJECTS/56_Vibrio_phaME/01_all_species/03_workdir/files/EXE_23_2025_L_final.fna
[RUNNING:] nucmer --maxmatch --nosimplify --prefix=seq_seq2294051 /data/djs217/PROJECTS/56_Vibrio_phaME/01_all_species/03_workdir/files/EXE_23_2025_L_final.fna /data/djs217/PROJECTS/56_Vibrio_phaME/01_all_species/03_workdir/files/EXE_23_2025_L_final.fna 2>/dev/null
[RUNNING:] show-coords -r -I 97 -L 75 -T seq_seq2294051.delta | awk '$1 != $3 || $2 != $4 && $8==$9 {print}' > seq_seq2294051.coords

Running self-nucmer on /data/djs217/PROJECTS/56_Vibrio_phaME/01_all_species/03_workdir/files/EXE09_2023D7_unicycler.fna
[RUNNING:] nucmer --maxmatch --nosimplify --prefix=seq_seq2294131 /data/djs217/PROJECTS/56_Vibrio_phaME/01_all_species/03_workdir/files/EXE09_2023D7_unicycler.fna /data/djs217/PROJECTS/56_Vibrio_phaME/01_all_species/03_workdir/files/EXE09_2023D7_unicycler.fna 2>/dev/null
[RUNNING:] show-coords -r -I 97 -L 75 -T seq_seq2294131.delta | awk '$1 != $3 || $2 != $4 && $8==$9 {print}' > seq_seq2294131.coords

Running self-nucmer on /data/djs217/PROJECTS/56_Vibrio_phaME/01_all_species/03_workdir/files/EXE_15_2024_J_unicycler.fna
[RUNNING:] nucmer --maxmatch --nosimplify --prefix=seq_seq2294186 /data/djs217/PROJECTS/56_Vibrio_phaME/01_all_species/03_workdir/files/EXE_15_2024_J_unicycler.fna /data/djs217/PROJECTS/56_Vibrio_phaME/01_all_species/03_workdir/files/EXE_15_2024_J_unicycler.fna 2>/dev/null
[RUNNING:] show-coords -r -I 97 -L 75 -T seq_seq2294186.delta | awk '$1 != $3 || $2 != $4 && $8==$9 {print}' > seq_seq2294186.coords

Running self-nucmer on /data/djs217/PROJECTS/56_Vibrio_phaME/01_all_species/03_workdir/files/11813_EXE_34_2024_P_PBC74148_final.fna
[RUNNING:] nucmer --maxmatch --nosimplify --prefix=seq_seq2294241 /data/djs217/PROJECTS/56_Vibrio_phaME/01_all_species/03_workdir/files/11813_EXE_34_2024_P_PBC74148_final.fna /data/djs217/PROJECTS/56_Vibrio_phaME/01_all_species/03_workdir/files/11813_EXE_34_2024_P_PBC74148_final.fna 2>/dev/null
[RUNNING:] show-coords -r -I 97 -L 75 -T seq_seq2294241.delta | awk '$1 != $3 || $2 != $4 && $8==$9 {print}' > seq_seq2294241.coords

Running self-nucmer on /data/djs217/PROJECTS/56_Vibrio_phaME/01_all_species/03_workdir/files/11813_EXE_33_2024_C_PBC74148_final.fna
[RUNNING:] nucmer --maxmatch --nosimplify --prefix=seq_seq2294296 /data/djs217/PROJECTS/56_Vibrio_phaME/01_all_species/03_workdir/files/11813_EXE_33_2024_C_PBC74148_final.fna /data/djs217/PROJECTS/56_Vibrio_phaME/01_all_species/03_workdir/files/11813_EXE_33_2024_C_PBC74148_final.fna 2>/dev/null
[RUNNING:] show-coords -r -I 97 -L 75 -T seq_seq2294296.delta | awk '$1 != $3 || $2 != $4 && $8==$9 {print}' > seq_seq2294296.coords

Running self-nucmer on /data/djs217/PROJECTS/56_Vibrio_phaME/01_all_species/03_workdir/files/EXE_20_2025_B_final.fna
[RUNNING:] nucmer --maxmatch --nosimplify --prefix=seq_seq2294352 /data/djs217/PROJECTS/56_Vibrio_phaME/01_all_species/03_workdir/files/EXE_20_2025_B_final.fna /data/djs217/PROJECTS/56_Vibrio_phaME/01_all_species/03_workdir/files/EXE_20_2025_B_final.fna 2>/dev/null
[RUNNING:] show-coords -r -I 97 -L 75 -T seq_seq2294352.delta | awk '$1 != $3 || $2 != $4 && $8==$9 {print}' > seq_seq2294352.coords

Running self-nucmer on /data/djs217/PROJECTS/56_Vibrio_phaME/01_all_species/03_workdir/files/EXE10_2023G3_unicycler.fna
[RUNNING:] nucmer --maxmatch --nosimplify --prefix=seq_seq2294415 /data/djs217/PROJECTS/56_Vibrio_phaME/01_all_species/03_workdir/files/EXE10_2023G3_unicycler.fna /data/djs217/PROJECTS/56_Vibrio_phaME/01_all_species/03_workdir/files/EXE10_2023G3_unicycler.fna 2>/dev/null
[RUNNING:] show-coords -r -I 97 -L 75 -T seq_seq2294415.delta | awk '$1 != $3 || $2 != $4 && $8==$9 {print}' > seq_seq2294415.coords

Running self-nucmer on /data/djs217/PROJECTS/56_Vibrio_phaME/01_all_species/03_workdir/files/EXE07_2023A1_unicycler.fna
[RUNNING:] nucmer --maxmatch --nosimplify --prefix=seq_seq2294462 /data/djs217/PROJECTS/56_Vibrio_phaME/01_all_species/03_workdir/files/EXE07_2023A1_unicycler.fna /data/djs217/PROJECTS/56_Vibrio_phaME/01_all_species/03_workdir/files/EXE07_2023A1_unicycler.fna 2>/dev/null
[RUNNING:] show-coords -r -I 97 -L 75 -T seq_seq2294462.delta | awk '$1 != $3 || $2 != $4 && $8==$9 {print}' > seq_seq2294462.coords

Running self-nucmer on /data/djs217/PROJECTS/56_Vibrio_phaME/01_all_species/03_workdir/files/EXE_13_2025_A_final.fna
[RUNNING:] nucmer --maxmatch --nosimplify --prefix=seq_seq2294525 /data/djs217/PROJECTS/56_Vibrio_phaME/01_all_species/03_workdir/files/EXE_13_2025_A_final.fna /data/djs217/PROJECTS/56_Vibrio_phaME/01_all_species/03_workdir/files/EXE_13_2025_A_final.fna 2>/dev/null
[RUNNING:] show-coords -r -I 97 -L 75 -T seq_seq2294525.delta | awk '$1 != $3 || $2 != $4 && $8==$9 {print}' > seq_seq2294525.coords

Running self-nucmer on /data/djs217/PROJECTS/56_Vibrio_phaME/01_all_species/03_workdir/files/11671_EXE_04_2024_1B1_unicycler.fna
[RUNNING:] nucmer --maxmatch --nosimplify --prefix=seq_seq2294605 /data/djs217/PROJECTS/56_Vibrio_phaME/01_all_species/03_workdir/files/11671_EXE_04_2024_1B1_unicycler.fna /data/djs217/PROJECTS/56_Vibrio_phaME/01_all_species/03_workdir/files/11671_EXE_04_2024_1B1_unicycler.fna 2>/dev/null
[RUNNING:] show-coords -r -I 97 -L 75 -T seq_seq2294605.delta | awk '$1 != $3 || $2 != $4 && $8==$9 {print}' > seq_seq2294605.coords

Running self-nucmer on /data/djs217/PROJECTS/56_Vibrio_phaME/01_all_species/03_workdir/files/11671_EXE_23_2024_1_unicycler.fna
[RUNNING:] nucmer --maxmatch --nosimplify --prefix=seq_seq2294668 /data/djs217/PROJECTS/56_Vibrio_phaME/01_all_species/03_workdir/files/11671_EXE_23_2024_1_unicycler.fna /data/djs217/PROJECTS/56_Vibrio_phaME/01_all_species/03_workdir/files/11671_EXE_23_2024_1_unicycler.fna 2>/dev/null
[RUNNING:] show-coords -r -I 97 -L 75 -T seq_seq2294668.delta | awk '$1 != $3 || $2 != $4 && $8==$9 {print}' > seq_seq2294668.coords

Running self-nucmer on /data/djs217/PROJECTS/56_Vibrio_phaME/01_all_species/03_workdir/files/11813_EXE_13_2025_P_PBC74148_final.fna
[RUNNING:] nucmer --maxmatch --nosimplify --prefix=seq_seq2294724 /data/djs217/PROJECTS/56_Vibrio_phaME/01_all_species/03_workdir/files/11813_EXE_13_2025_P_PBC74148_final.fna /data/djs217/PROJECTS/56_Vibrio_phaME/01_all_species/03_workdir/files/11813_EXE_13_2025_P_PBC74148_final.fna 2>/dev/null
[RUNNING:] show-coords -r -I 97 -L 75 -T seq_seq2294724.delta | awk '$1 != $3 || $2 != $4 && $8==$9 {print}' > seq_seq2294724.coords

Running self-nucmer on /data/djs217/PROJECTS/56_Vibrio_phaME/01_all_species/03_workdir/files/11813_EXE_28_2025_A_PBC74148_final.fna
[RUNNING:] nucmer --maxmatch --nosimplify --prefix=seq_seq2294802 /data/djs217/PROJECTS/56_Vibrio_phaME/01_all_species/03_workdir/files/11813_EXE_28_2025_A_PBC74148_final.fna /data/djs217/PROJECTS/56_Vibrio_phaME/01_all_species/03_workdir/files/11813_EXE_28_2025_A_PBC74148_final.fna 2>/dev/null
[RUNNING:] show-coords -r -I 97 -L 75 -T seq_seq2294802.delta | awk '$1 != $3 || $2 != $4 && $8==$9 {print}' > seq_seq2294802.coords

Running self-nucmer on /data/djs217/PROJECTS/56_Vibrio_phaME/01_all_species/03_workdir/files/11813_EXE_06_2024_E_PBC74148_final.fna
[RUNNING:] nucmer --maxmatch --nosimplify --prefix=seq_seq2294889 /data/djs217/PROJECTS/56_Vibrio_phaME/01_all_species/03_workdir/files/11813_EXE_06_2024_E_PBC74148_final.fna /data/djs217/PROJECTS/56_Vibrio_phaME/01_all_species/03_workdir/files/11813_EXE_06_2024_E_PBC74148_final.fna 2>/dev/null
[RUNNING:] show-coords -r -I 97 -L 75 -T seq_seq2294889.delta | awk '$1 != $3 || $2 != $4 && $8==$9 {print}' > seq_seq2294889.coords

Running self-nucmer on /data/djs217/PROJECTS/56_Vibrio_phaME/01_all_species/03_workdir/files/11671_EXE_02_2024_3B1_unicycler.fna
[RUNNING:] nucmer --maxmatch --nosimplify --prefix=seq_seq2294952 /data/djs217/PROJECTS/56_Vibrio_phaME/01_all_species/03_workdir/files/11671_EXE_02_2024_3B1_unicycler.fna /data/djs217/PROJECTS/56_Vibrio_phaME/01_all_species/03_workdir/files/11671_EXE_02_2024_3B1_unicycler.fna 2>/dev/null
[RUNNING:] show-coords -r -I 97 -L 75 -T seq_seq2294952.delta | awk '$1 != $3 || $2 != $4 && $8==$9 {print}' > seq_seq2294952.coords

Running self-nucmer on /data/djs217/PROJECTS/56_Vibrio_phaME/01_all_species/03_workdir/files/11813_EXE_29_2025_HH_PBC74148_final.fna
[RUNNING:] nucmer --maxmatch --nosimplify --prefix=seq_seq2295015 /data/djs217/PROJECTS/56_Vibrio_phaME/01_all_species/03_workdir/files/11813_EXE_29_2025_HH_PBC74148_final.fna /data/djs217/PROJECTS/56_Vibrio_phaME/01_all_species/03_workdir/files/11813_EXE_29_2025_HH_PBC74148_final.fna 2>/dev/null
[RUNNING:] show-coords -r -I 97 -L 75 -T seq_seq2295015.delta | awk '$1 != $3 || $2 != $4 && $8==$9 {print}' > seq_seq2295015.coords

Running self-nucmer on /data/djs217/PROJECTS/56_Vibrio_phaME/01_all_species/03_workdir/files/11813_EXE_12_2025_A_PBC74148_final.fna
[RUNNING:] nucmer --maxmatch --nosimplify --prefix=seq_seq2295070 /data/djs217/PROJECTS/56_Vibrio_phaME/01_all_species/03_workdir/files/11813_EXE_12_2025_A_PBC74148_final.fna /data/djs217/PROJECTS/56_Vibrio_phaME/01_all_species/03_workdir/files/11813_EXE_12_2025_A_PBC74148_final.fna 2>/dev/null
[RUNNING:] show-coords -r -I 97 -L 75 -T seq_seq2295070.delta | awk '$1 != $3 || $2 != $4 && $8==$9 {print}' > seq_seq2295070.coords

Running self-nucmer on /data/djs217/PROJECTS/56_Vibrio_phaME/01_all_species/03_workdir/files/11813_EXE_32_2024_G_PBC74148_final.fna
[RUNNING:] nucmer --maxmatch --nosimplify --prefix=seq_seq2295133 /data/djs217/PROJECTS/56_Vibrio_phaME/01_all_species/03_workdir/files/11813_EXE_32_2024_G_PBC74148_final.fna /data/djs217/PROJECTS/56_Vibrio_phaME/01_all_species/03_workdir/files/11813_EXE_32_2024_G_PBC74148_final.fna 2>/dev/null
[RUNNING:] show-coords -r -I 97 -L 75 -T seq_seq2295133.delta | awk '$1 != $3 || $2 != $4 && $8==$9 {print}' > seq_seq2295133.coords

Running self-nucmer on /data/djs217/PROJECTS/56_Vibrio_phaME/01_all_species/03_workdir/files/11813_EXE_25_2025_25N_PBC74148_final.fna
[RUNNING:] nucmer --maxmatch --nosimplify --prefix=seq_seq2295188 /data/djs217/PROJECTS/56_Vibrio_phaME/01_all_species/03_workdir/files/11813_EXE_25_2025_25N_PBC74148_final.fna /data/djs217/PROJECTS/56_Vibrio_phaME/01_all_species/03_workdir/files/11813_EXE_25_2025_25N_PBC74148_final.fna 2>/dev/null
[RUNNING:] show-coords -r -I 97 -L 75 -T seq_seq2295188.delta | awk '$1 != $3 || $2 != $4 && $8==$9 {print}' > seq_seq2295188.coords

Running self-nucmer on /data/djs217/PROJECTS/56_Vibrio_phaME/01_all_species/03_workdir/files/11813_EXE_30_2024_G_PBC74148_final.fna
[RUNNING:] nucmer --maxmatch --nosimplify --prefix=seq_seq2295203 /data/djs217/PROJECTS/56_Vibrio_phaME/01_all_species/03_workdir/files/11813_EXE_30_2024_G_PBC74148_final.fna /data/djs217/PROJECTS/56_Vibrio_phaME/01_all_species/03_workdir/files/11813_EXE_30_2024_G_PBC74148_final.fna 2>/dev/null
[RUNNING:] show-coords -r -I 97 -L 75 -T seq_seq2295203.delta | awk '$1 != $3 || $2 != $4 && $8==$9 {print}' > seq_seq2295203.coords

Running self-nucmer on /data/djs217/PROJECTS/56_Vibrio_phaME/01_all_species/03_workdir/files/11813_EXE_13_2025_H_PBC74148_final.fna
[RUNNING:] nucmer --maxmatch --nosimplify --prefix=seq_seq2295291 /data/djs217/PROJECTS/56_Vibrio_phaME/01_all_species/03_workdir/files/11813_EXE_13_2025_H_PBC74148_final.fna /data/djs217/PROJECTS/56_Vibrio_phaME/01_all_species/03_workdir/files/11813_EXE_13_2025_H_PBC74148_final.fna 2>/dev/null
[RUNNING:] show-coords -r -I 97 -L 75 -T seq_seq2295291.delta | awk '$1 != $3 || $2 != $4 && $8==$9 {print}' > seq_seq2295291.coords

Running self-nucmer on /data/djs217/PROJECTS/56_Vibrio_phaME/01_all_species/03_workdir/files/11813_EXE_20_2025_B_PBC74148_final.fna
[RUNNING:] nucmer --maxmatch --nosimplify --prefix=seq_seq2295346 /data/djs217/PROJECTS/56_Vibrio_phaME/01_all_species/03_workdir/files/11813_EXE_20_2025_B_PBC74148_final.fna /data/djs217/PROJECTS/56_Vibrio_phaME/01_all_species/03_workdir/files/11813_EXE_20_2025_B_PBC74148_final.fna 2>/dev/null
[RUNNING:] show-coords -r -I 97 -L 75 -T seq_seq2295346.delta | awk '$1 != $3 || $2 != $4 && $8==$9 {print}' > seq_seq2295346.coords

Running self-nucmer on /data/djs217/PROJECTS/56_Vibrio_phaME/01_all_species/03_workdir/files/11671_EXE_04_2024_2B3_unicycler.fna
[RUNNING:] nucmer --maxmatch --nosimplify --prefix=seq_seq2295417 /data/djs217/PROJECTS/56_Vibrio_phaME/01_all_species/03_workdir/files/11671_EXE_04_2024_2B3_unicycler.fna /data/djs217/PROJECTS/56_Vibrio_phaME/01_all_species/03_workdir/files/11671_EXE_04_2024_2B3_unicycler.fna 2>/dev/null
[RUNNING:] show-coords -r -I 97 -L 75 -T seq_seq2295417.delta | awk '$1 != $3 || $2 != $4 && $8==$9 {print}' > seq_seq2295417.coords

Running self-nucmer on /data/djs217/PROJECTS/56_Vibrio_phaME/01_all_species/03_workdir/files/EXE08_2023B5_unicycler.fna
[RUNNING:] nucmer --maxmatch --nosimplify --prefix=seq_seq2295464 /data/djs217/PROJECTS/56_Vibrio_phaME/01_all_species/03_workdir/files/EXE08_2023B5_unicycler.fna /data/djs217/PROJECTS/56_Vibrio_phaME/01_all_species/03_workdir/files/EXE08_2023B5_unicycler.fna 2>/dev/null
[RUNNING:] show-coords -r -I 97 -L 75 -T seq_seq2295464.delta | awk '$1 != $3 || $2 != $4 && $8==$9 {print}' > seq_seq2295464.coords

Running self-nucmer on /data/djs217/PROJECTS/56_Vibrio_phaME/01_all_species/03_workdir/files/Vibrio_cholerae_FDAARGOS_103.fna
[RUNNING:] nucmer --maxmatch --nosimplify --prefix=seq_seq2295519 /data/djs217/PROJECTS/56_Vibrio_phaME/01_all_species/03_workdir/files/Vibrio_cholerae_FDAARGOS_103.fna /data/djs217/PROJECTS/56_Vibrio_phaME/01_all_species/03_workdir/files/Vibrio_cholerae_FDAARGOS_103.fna 2>/dev/null
[RUNNING:] show-coords -r -I 97 -L 75 -T seq_seq2295519.delta | awk '$1 != $3 || $2 != $4 && $8==$9 {print}' > seq_seq2295519.coords

Running self-nucmer on /data/djs217/PROJECTS/56_Vibrio_phaME/01_all_species/03_workdir/files/EXE07_2023A4_unicycler.fna
[RUNNING:] nucmer --maxmatch --nosimplify --prefix=seq_seq2295598 /data/djs217/PROJECTS/56_Vibrio_phaME/01_all_species/03_workdir/files/EXE07_2023A4_unicycler.fna /data/djs217/PROJECTS/56_Vibrio_phaME/01_all_species/03_workdir/files/EXE07_2023A4_unicycler.fna 2>/dev/null
[RUNNING:] show-coords -r -I 97 -L 75 -T seq_seq2295598.delta | awk '$1 != $3 || $2 != $4 && $8==$9 {print}' > seq_seq2295598.coords

Repeat coords for all references found.
Self-NUCmer complete
==================================================================
Aligning to the reference genome /data/djs217/PROJECTS/56_Vibrio_phaME/01_all_species/03_workdir/files/Vibrio_cholerae_FDAARGOS_103.fna

Running nucmer on Vibrio_cholerae_FDAARGOS_103_11813_EXE_29_2025_V_PBC74148_final
Running nucmer on Vibrio_cholerae_FDAARGOS_103_11813_EXE_30_2025_R_PBC74148_final
Running nucmer on Vibrio_cholerae_FDAARGOS_103_11813_EXE_29_2025_K_PBC74148_final
Running nucmer on Vibrio_cholerae_FDAARGOS_103_11813_EXE_20_2024_J_PBC74148_final
Running nucmer on Vibrio_cholerae_FDAARGOS_103_11813_EXE_30_2025_L_PBC74148_final
Running nucmer on Vibrio_cholerae_FDAARGOS_103_11813_EXE_09_2024_B_PBC74148_final
Running nucmer on Vibrio_cholerae_FDAARGOS_103_11813_EX_23_2024_K_PBC74148_final
Running nucmer on Vibrio_cholerae_FDAARGOS_103_11813_EXE_28_2025_W_PBC74148_final
Running nucmer on Vibrio_cholerae_FDAARGOS_103_EXE_01_2025_M_final
Running nucmer on Vibrio_cholerae_FDAARGOS_103_EXE_33_2024_E_final
Running nucmer on Vibrio_cholerae_FDAARGOS_103_11813_EXE22_2025_IVF5LA_PBC74148_final
Running nucmer on Vibrio_cholerae_FDAARGOS_103_11813_EXE_03_2025_A_PBC74148_final
Running nucmer on Vibrio_cholerae_FDAARGOS_103_11813_EXE_26_2025_C_PBC74148_final
Running nucmer on Vibrio_cholerae_FDAARGOS_103_11813_EXE_33_2024_F_PBC74148_final
Running nucmer on Vibrio_cholerae_FDAARGOS_103_11813_EXE_22_2025_DG1LF_PBC7_final
Running nucmer on Vibrio_cholerae_FDAARGOS_103_11671_EXE_02_2024_3B2_unicycler
Running nucmer on Vibrio_cholerae_FDAARGOS_103_11813_EXE_23_2025_L_PBC74148_final
Running nucmer on Vibrio_cholerae_FDAARGOS_103_11813_EXE_33_2024_E_PBC74148_final
Running nucmer on Vibrio_cholerae_FDAARGOS_103_EXE_30_2025_R_final
Running nucmer on Vibrio_cholerae_FDAARGOS_103_11671_Guernsey_unicycler
Running nucmer on Vibrio_cholerae_FDAARGOS_103_11813_EXE_22_2025_DG3A_PBC74148_barcode18_final
Running nucmer on Vibrio_cholerae_FDAARGOS_103_11671_EXE_19_2024_C_unicycler
Running nucmer on Vibrio_cholerae_FDAARGOS_103_11671_EXE_26_2024_C_unicycler
Running nucmer on Vibrio_cholerae_FDAARGOS_103_11813_EXE_24_2025_E_PBC74148_final
Running nucmer on Vibrio_cholerae_FDAARGOS_103_11671_EXE_45_2024_E_unicycler
Running nucmer on Vibrio_cholerae_FDAARGOS_103_11671_EXE_25_2024_H_unicycler
Running nucmer on Vibrio_cholerae_FDAARGOS_103_11813_EXE_26_2025_A_PBC74148_final
Running nucmer on Vibrio_cholerae_FDAARGOS_103_11813_EXE_01_2024_7_PBC74148_final
Running nucmer on Vibrio_cholerae_FDAARGOS_103_11813_EXE_19_2024_M_PBC74148_final
Running nucmer on Vibrio_cholerae_FDAARGOS_103_11813_EXE_30_2024_F_PBC74148_final
Running nucmer on Vibrio_cholerae_FDAARGOS_103_11813_EXE_30_2025_S_PBC74148_final
Running nucmer on Vibrio_cholerae_FDAARGOS_103_11671_EXE_22_2024_B_unicycler
Running nucmer on Vibrio_cholerae_FDAARGOS_103_11813_EXE_34_2024_C_PBC74148_final
Running nucmer on Vibrio_cholerae_FDAARGOS_103_11813_EXE_22_2025_T1A_PBC74148_final
Running nucmer on Vibrio_cholerae_FDAARGOS_103_11813_EXE_21_2025_F_PBC74148_final
Running nucmer on Vibrio_cholerae_FDAARGOS_103_11671_EXE_04_2024_1A1_unicycler
Running nucmer on Vibrio_cholerae_FDAARGOS_103_11813_EXE_27_2025_D_PBC74148_final
Running nucmer on Vibrio_cholerae_FDAARGOS_103_EXE_08_2024_A_final
Running nucmer on Vibrio_cholerae_FDAARGOS_103_11813_EXE_01_2025_M_PBC74148_final
Running nucmer on Vibrio_cholerae_FDAARGOS_103_11813_EXE_05_2024_A_PBC74148_final
Running nucmer on Vibrio_cholerae_FDAARGOS_103_EXE_32_2024_G_final
Running nucmer on Vibrio_cholerae_FDAARGOS_103_11813_EXE_27_2025_A_PBC74148_final
Running nucmer on Vibrio_cholerae_FDAARGOS_103_EXE_03_2025_A_final
Running nucmer on Vibrio_cholerae_FDAARGOS_103_EXE_23_2025_L_final
Running nucmer on Vibrio_cholerae_FDAARGOS_103_EXE09_2023D7_unicycler
Running nucmer on Vibrio_cholerae_FDAARGOS_103_EXE_15_2024_J_unicycler
Running nucmer on Vibrio_cholerae_FDAARGOS_103_11813_EXE_34_2024_P_PBC74148_final
Running nucmer on Vibrio_cholerae_FDAARGOS_103_11813_EXE_33_2024_C_PBC74148_final
Running nucmer on Vibrio_cholerae_FDAARGOS_103_EXE_20_2025_B_final
Running nucmer on Vibrio_cholerae_FDAARGOS_103_EXE10_2023G3_unicycler
Running nucmer on Vibrio_cholerae_FDAARGOS_103_EXE07_2023A1_unicycler
Running nucmer on Vibrio_cholerae_FDAARGOS_103_EXE_13_2025_A_final
Running nucmer on Vibrio_cholerae_FDAARGOS_103_11671_EXE_04_2024_1B1_unicycler
Running nucmer on Vibrio_cholerae_FDAARGOS_103_11671_EXE_23_2024_1_unicycler
Running nucmer on Vibrio_cholerae_FDAARGOS_103_11813_EXE_13_2025_P_PBC74148_final
Running nucmer on Vibrio_cholerae_FDAARGOS_103_11813_EXE_28_2025_A_PBC74148_final
Running nucmer on Vibrio_cholerae_FDAARGOS_103_11813_EXE_06_2024_E_PBC74148_final
Running nucmer on Vibrio_cholerae_FDAARGOS_103_11671_EXE_02_2024_3B1_unicycler
Running nucmer on Vibrio_cholerae_FDAARGOS_103_11813_EXE_29_2025_HH_PBC74148_final
Running nucmer on Vibrio_cholerae_FDAARGOS_103_11813_EXE_12_2025_A_PBC74148_final
Running nucmer on Vibrio_cholerae_FDAARGOS_103_11813_EXE_32_2024_G_PBC74148_final
Running nucmer on Vibrio_cholerae_FDAARGOS_103_11813_EXE_25_2025_25N_PBC74148_final
Running nucmer on Vibrio_cholerae_FDAARGOS_103_11813_EXE_30_2024_G_PBC74148_final
Running nucmer on Vibrio_cholerae_FDAARGOS_103_11813_EXE_13_2025_H_PBC74148_final
Running nucmer on Vibrio_cholerae_FDAARGOS_103_11813_EXE_20_2025_B_PBC74148_final
Running nucmer on Vibrio_cholerae_FDAARGOS_103_11671_EXE_04_2024_2B3_unicycler
Running nucmer on Vibrio_cholerae_FDAARGOS_103_EXE08_2023B5_unicycler
Running nucmer on Vibrio_cholerae_FDAARGOS_103_Vibrio_cholerae_FDAARGOS_103
Running nucmer on Vibrio_cholerae_FDAARGOS_103_EXE07_2023A4_unicycler

NUCmer on all reference genomes complete.
==================================================================

runContigNUCmer.pl -r /data/djs217/PROJECTS/56_Vibrio_phaME/01_all_species/03_workdir/files/Vibrio_cholerae_FDAARGOS_103.fna -q /data/djs217/PROJECTS/56_Vibrio_phaME/01_all_species/03_workdir -d /data/djs217/PROJECTS/56_Vibrio_phaME/01_all_species/03_workdir/results -l /data/djs217/PROJECTS/56_Vibrio_phaME/01_all_species/03_workdir/contigs_list.txt -t 1 -y 2 2>>/data/djs217/PROJECTS/56_Vibrio_phaME/01_all_species/03_workdir/results/all_vibrio_fastree.error >> /data/djs217/PROJECTS/56_Vibrio_phaME/01_all_species/03_workdir/results/all_vibrio_fastree.log


Using given reference:  /data/djs217/PROJECTS/56_Vibrio_phaME/01_all_species/03_workdir/files/Vibrio_cholerae_FDAARGOS_103.fna
Running nucmer on Vibrio_cholerae_FDAARGOS_103_Vibrio_ponticus_DSM_16217_contig
Running nucmer on Vibrio_cholerae_FDAARGOS_103_Vibrio_renipiscarius_DCR_1_4_2_contig
Running nucmer on Vibrio_cholerae_FDAARGOS_103_Vibrio_fortis_LMG_21557_contig
Running nucmer on Vibrio_cholerae_FDAARGOS_103_Vibrio_bathopelagicus_Sal10_contig
Running nucmer on Vibrio_cholerae_FDAARGOS_103_Vibrio_pelagius_ATCC_25916_contig
Running nucmer on Vibrio_cholerae_FDAARGOS_103_Vibrio_zhanjiangensis_NBRC_108723_contig
Running nucmer on Vibrio_cholerae_FDAARGOS_103_Vibrio_qinghaiensis_Q67_contig
Running nucmer on Vibrio_cholerae_FDAARGOS_103_Vibrio_litoralis_DSM_17657_contig
Running nucmer on Vibrio_cholerae_FDAARGOS_103_Vibrio_parahaemolyticus_ATCC_17802_contig
Running nucmer on Vibrio_cholerae_FDAARGOS_103_Vibrio_casei_DSM_22364_contig
Running nucmer on Vibrio_cholerae_FDAARGOS_103_Vibrio_viridaestus_LJC006_contig
Running nucmer on Vibrio_cholerae_FDAARGOS_103_Vibrio_owensii_DY05_contig
Running nucmer on Vibrio_cholerae_FDAARGOS_103_Vibrio_sinus_S4M6_contig
Running nucmer on Vibrio_cholerae_FDAARGOS_103_Vibrio_pectenicida_LMG_19642_contig
Running nucmer on Vibrio_cholerae_FDAARGOS_103_Vibrio_anguillarum_NCTC12159_contig
Running nucmer on Vibrio_cholerae_FDAARGOS_103_Vibrio_gangliei_DSM_104291_contig
Running nucmer on Vibrio_cholerae_FDAARGOS_103_Vibrio_mangrovi_CECT_7927_contig
Running nucmer on Vibrio_cholerae_FDAARGOS_103_Vibrio_gazogenes_ATCC_29988_contig
Running nucmer on Vibrio_cholerae_FDAARGOS_103_Vibrio_coralliilyticus_DSM_19607_contig
Running nucmer on Vibrio_cholerae_FDAARGOS_103_Vibrio_thalassae_KCTC_32373_contig
Running nucmer on Vibrio_cholerae_FDAARGOS_103_Vibrio_hibernica_B1_19_contig
Running nucmer on Vibrio_cholerae_FDAARGOS_103_Vibrio_lentus_40M4T_contig
Running nucmer on Vibrio_cholerae_FDAARGOS_103_Vibrio_kagoshimensis_JAMM0761_contig
Running nucmer on Vibrio_cholerae_FDAARGOS_103_Vibrio_alginolyticus_ATCC_17749_contig
Running nucmer on Vibrio_cholerae_FDAARGOS_103_Vibrio_celticus_CECT_7224_contig
Running nucmer on Vibrio_cholerae_FDAARGOS_103_Vibrio_injensis_M12_1144_contig
Running nucmer on Vibrio_cholerae_FDAARGOS_103_Vibrio_glycogenivorans_WXL210_contig
Running nucmer on Vibrio_cholerae_FDAARGOS_103_Vibrio_methylphosphonaticus_S4B1_contig
Running nucmer on Vibrio_cholerae_FDAARGOS_103_Vibrio_floridensis_IRLE0018_contig
Running nucmer on Vibrio_cholerae_FDAARGOS_103_Vibrio_tasmaniensis_LMG_20012_contig
Running nucmer on Vibrio_cholerae_FDAARGOS_103_Vibrio_tapetis_subsp__tapetis__contig
Running nucmer on Vibrio_cholerae_FDAARGOS_103_Vibrio_tarriae_2521_89_contig
Running nucmer on Vibrio_cholerae_FDAARGOS_103_Vibrio_sinensis_BEI233_contig
Running nucmer on Vibrio_cholerae_FDAARGOS_103_Vibrio_cortegadensis_CECT_7227_contig
Running nucmer on Vibrio_cholerae_FDAARGOS_103_Vibrio_paracholerae_EDC_792_contig
Running nucmer on Vibrio_cholerae_FDAARGOS_103_Vibrio_rarus_LMG_23674_contig
Running nucmer on Vibrio_cholerae_FDAARGOS_103_Vibrio_proteolyticus_ATCC_15338_contig
Running nucmer on Vibrio_cholerae_FDAARGOS_103_Vibrio_azureus_LC2_005_contig
Running nucmer on Vibrio_cholerae_FDAARGOS_103_Vibrio_salilacus_DSG_S6_contig
Running nucmer on Vibrio_cholerae_FDAARGOS_103_Vibrio_aphrogenes_CA_1004_contig
Running nucmer on Vibrio_cholerae_FDAARGOS_103_Vibrio_panuliri_JCM_19500_contig
Running nucmer on Vibrio_cholerae_FDAARGOS_103_Vibrio_tritonius_JCM_16456_contig
Running nucmer on Vibrio_cholerae_FDAARGOS_103_Vibrio_comitans_LMG_23416_contig
Running nucmer on Vibrio_cholerae_FDAARGOS_103_Vibrio_vulnificus_2142_77_contig
Running nucmer on Vibrio_cholerae_FDAARGOS_103_Vibrio_tetraodonis_A511_contig
Running nucmer on Vibrio_cholerae_FDAARGOS_103_Vibrio_antiquarius_EX25_contig
Running nucmer on Vibrio_cholerae_FDAARGOS_103_Vibrio_nitrifigilis_NFV_1_contig
Running nucmer on Vibrio_cholerae_FDAARGOS_103_Vibrio_rumoiensis_FERM_P_14531_contig
Running nucmer on Vibrio_cholerae_FDAARGOS_103_Vibrio_echinoideorum_DSM_107264_contig
Running nucmer on Vibrio_cholerae_FDAARGOS_103_Vibrio_ulleungensis_188UL20_2_contig
Running nucmer on Vibrio_cholerae_FDAARGOS_103_Vibrio_aestuarianus_LMG_7909_contig
Running nucmer on Vibrio_cholerae_FDAARGOS_103_Vibrio_profundi_TP187_contig
Running nucmer on Vibrio_cholerae_FDAARGOS_103_Vibrio_albus_E4404_contig
Running nucmer on Vibrio_cholerae_FDAARGOS_103_Vibrio_hepatarius_DSM_19134_contig
Running nucmer on Vibrio_cholerae_FDAARGOS_103_Vibrio_tetraodonis_subsp__pristinus_OCN044_contig
Running nucmer on Vibrio_cholerae_FDAARGOS_103_Vibrio_superstes_G3_29_contig
Running nucmer on Vibrio_cholerae_FDAARGOS_103_Vibrio_marisflavi_CECT_7928_contig
Running nucmer on Vibrio_cholerae_FDAARGOS_103_Vibrio_kanaloae_LMG_20539_contig
Running nucmer on Vibrio_cholerae_FDAARGOS_103_Vibrio_agarivorans_CECT_5085_contig
Running nucmer on Vibrio_cholerae_FDAARGOS_103_Vibrio_breoganii_CECT_7222_contig
Running nucmer on Vibrio_cholerae_FDAARGOS_103_Vibrio_neonatus_JCM_21521_contig
Running nucmer on Vibrio_cholerae_FDAARGOS_103_Vibrio_natriegens_CCUG_16371_contig
Running nucmer on Vibrio_cholerae_FDAARGOS_103_Vibrio_maerlii_G62_contig
Running nucmer on Vibrio_cholerae_FDAARGOS_103_Vibrio_olivae_CECT_8064_contig
Running nucmer on Vibrio_cholerae_FDAARGOS_103_Vibrio_hangzhouensis_CGMCC_1_7062_contig
Running nucmer on Vibrio_cholerae_FDAARGOS_103_Vibrio_syngnathi_K08M4_contig
Running nucmer on Vibrio_cholerae_FDAARGOS_103_Vibrio_ruber_CECT_7878_contig
Running nucmer on Vibrio_cholerae_FDAARGOS_103_Vibrio_furnissii_FDAARGOS_777_contig
Running nucmer on Vibrio_cholerae_FDAARGOS_103_Vibrio_marinisediminis_404_contig
Running nucmer on Vibrio_cholerae_FDAARGOS_103_Vibrio_crassostreae_LMG_22240_contig
Running nucmer on Vibrio_cholerae_FDAARGOS_103_Vibrio_cionasavignyae_JAMM2507_contig
Running nucmer on Vibrio_cholerae_FDAARGOS_103_Vibrio_fluminensis_A621_contig
Running nucmer on Vibrio_cholerae_FDAARGOS_103_Vibrio_gigantis_LMG_22741_contig
Running nucmer on Vibrio_cholerae_FDAARGOS_103_Vibrio_mytili_type_strain__CIP103929_contig
Running nucmer on Vibrio_cholerae_FDAARGOS_103_Vibrio_metschnikovii_NCTC8443_contig
Running nucmer on Vibrio_cholerae_FDAARGOS_103_Vibrio_iocasae_HN007_contig
Running nucmer on Vibrio_cholerae_FDAARGOS_103_Vibrio_hippocampi_CECT_8226_contig
Running nucmer on Vibrio_cholerae_FDAARGOS_103_Vibrio_harveyi_NCTC12970_contig
Running nucmer on Vibrio_cholerae_FDAARGOS_103_Vibrio_nomapromontoriensis_JAMM1728_contig
Running nucmer on Vibrio_cholerae_FDAARGOS_103_Vibrio_barjaei_3062_contig
Running nucmer on Vibrio_cholerae_FDAARGOS_103_Vibrio_ostreicida_CECT_7398_contig
Running nucmer on Vibrio_cholerae_FDAARGOS_103_Vibrio_xiamenensis_CGMCC_1_10228_contig
Running nucmer on Vibrio_cholerae_FDAARGOS_103_Vibrio_sagamiensis_NBRC_104589_contig
Running nucmer on Vibrio_cholerae_FDAARGOS_103_Vibrio_plantisponsor_MSSRF60_contig
Running nucmer on Vibrio_cholerae_FDAARGOS_103_Vibrio_gelatinilyticus_ZSDZ34_contig
Running nucmer on Vibrio_cholerae_FDAARGOS_103_Vibrio_satsumensis_JAMM0822_contig
Running nucmer on Vibrio_cholerae_FDAARGOS_103_Vibrio_gallicus_CIP_107863_contig
Running nucmer on Vibrio_cholerae_FDAARGOS_103_Vibrio_kyushuensis_JAMM1822_contig
Running nucmer on Vibrio_cholerae_FDAARGOS_103_Vibrio_wakamikoensis_JAMM2464_contig
Running nucmer on Vibrio_cholerae_FDAARGOS_103_Vibrio_gallaecicus_CECT_7244_contig
Running nucmer on Vibrio_cholerae_FDAARGOS_103_Vibrio_chaetopteri_CB1_14_contig
Running nucmer on Vibrio_cholerae_FDAARGOS_103_Vibrio_artabrorum_CECT_7226_contig
Running nucmer on Vibrio_cholerae_FDAARGOS_103_Vibrio_chemaguriensis_Iso1_contig
Running nucmer on Vibrio_cholerae_FDAARGOS_103_Vibrio_brasiliensis_LMG_20546_contig
Running nucmer on Vibrio_cholerae_FDAARGOS_103_Vibrio_rhizosphaerae_LMG_23790_contig
Running nucmer on Vibrio_cholerae_FDAARGOS_103_Vibrio_penaeicida_IFO_15640_contig
Running nucmer on Vibrio_cholerae_FDAARGOS_103_Vibrio_intestinalis_YLB_11_contig
Running nucmer on Vibrio_cholerae_FDAARGOS_103_Vibrio_fluvialis_ATCC_33809_contig
Running nucmer on Vibrio_cholerae_FDAARGOS_103_Vibrio_apostichopi_FE10_contig
Running nucmer on Vibrio_cholerae_FDAARGOS_103_Vibrio_aquaticus_BEI207_contig
Running nucmer on Vibrio_cholerae_FDAARGOS_103_Vibrio_lamellibrachiae_JAMM2626_contig
Running nucmer on Vibrio_cholerae_FDAARGOS_103_Vibrio_sinaloensis_CECT_7298_contig
Running nucmer on Vibrio_cholerae_FDAARGOS_103_Vibrio_pacinii_DSM_19139_contig
Running nucmer on Vibrio_cholerae_FDAARGOS_103_Vibrio_kasasachensis_JAMM1812_contig
Running nucmer on Vibrio_cholerae_FDAARGOS_103_Vibrio_coralliirubri_DSM_27495_contig
Running nucmer on Vibrio_cholerae_FDAARGOS_103_Vibrio_amylolyticus_ZSDE26_contig
Running nucmer on Vibrio_cholerae_FDAARGOS_103_Vibrio_tapetis_subsp__quintayensis_CECT_8851_contig
Running nucmer on Vibrio_cholerae_FDAARGOS_103_Vibrio_orientalis_CIP_102891_contig
Running nucmer on Vibrio_cholerae_FDAARGOS_103_Vibrio_sabulosilitoris_MAO6_contig
Running nucmer on Vibrio_cholerae_FDAARGOS_103_Vibrio_atlanticus_CECT_7223_contig
Running nucmer on Vibrio_cholerae_FDAARGOS_103_Vibrio_palustris_CECT_9027_contig
Running nucmer on Vibrio_cholerae_FDAARGOS_103_Vibrio_diazotrophicus_ATCC_33466_contig
Running nucmer on Vibrio_cholerae_FDAARGOS_103_Vibrio_toranzoniae_CECT_7225_contig
Running nucmer on Vibrio_cholerae_FDAARGOS_103_Vibrio_cincinnatiensis_NCTC12012_contig
Running nucmer on Vibrio_cholerae_FDAARGOS_103_Vibrio_clamense_JAMM0920_contig
Running nucmer on Vibrio_cholerae_FDAARGOS_103_Vibrio_splendidus_LMG_19031_contig
Running nucmer on Vibrio_cholerae_FDAARGOS_103_Vibrio_spartinae_CECT_9026_contig
Running nucmer on Vibrio_cholerae_FDAARGOS_103_Vibrio_misgurnus_GVC_contig
Running nucmer on Vibrio_cholerae_FDAARGOS_103_Vibrio_tubiashii_ATCC_19109_contig
Running nucmer on Vibrio_cholerae_FDAARGOS_103_Vibrio_chagasii_LMG_21353_contig
Running nucmer on Vibrio_cholerae_FDAARGOS_103_Vibrio_campbellii_CAIM_519_contig
Running nucmer on Vibrio_cholerae_FDAARGOS_103_Vibrio_hyugaensis_090810a_contig
Running nucmer on Vibrio_cholerae_FDAARGOS_103_Vibrio_scophthalmi_LMG_19158_contig
Running nucmer on Vibrio_cholerae_FDAARGOS_103_Vibrio_agarilyticus_SM6_contig
Running nucmer on Vibrio_cholerae_FDAARGOS_103_Vibrio_ouci_BEI176_contig
Running nucmer on Vibrio_cholerae_FDAARGOS_103_Vibrio_rotiferianus_CAIM_577_contig
Running nucmer on Vibrio_cholerae_FDAARGOS_103_Vibrio_atypicus_DSM_25292_contig
Running nucmer on Vibrio_cholerae_FDAARGOS_103_Vibrio_chanodichtyis_DSL_7_contig
Running nucmer on Vibrio_cholerae_FDAARGOS_103_Vibrio_porteresiae_MSSRF30_contig
Running nucmer on Vibrio_cholerae_FDAARGOS_103_Vibrio_pomeroyi_LMG_20537_contig
Running nucmer on Vibrio_cholerae_FDAARGOS_103_Vibrio_japonicus_JCM_31412_contig
Running nucmer on Vibrio_cholerae_FDAARGOS_103_Vibrio_caribbeanicus_ATCC_BAA_2122_contig
Running nucmer on Vibrio_cholerae_FDAARGOS_103_Vibrio_ziniensis_ZWAL4003_contig
Running nucmer on Vibrio_cholerae_FDAARGOS_103_Vibrio_jasicida_CAIM_1864_contig
Running nucmer on Vibrio_cholerae_FDAARGOS_103_Vibrio_galatheae_S2757_contig
Running nucmer on Vibrio_cholerae_FDAARGOS_103_Vibrio_navarrensis_ATCC_51183_contig
Running nucmer on Vibrio_cholerae_FDAARGOS_103_Vibrio_ostreae_OG9_811_contig
Running nucmer on Vibrio_cholerae_FDAARGOS_103_Vibrio_mimicus_NCTC11435_contig
Running nucmer on Vibrio_cholerae_FDAARGOS_103_Vibrio_cyclitrophicus_LMG_21359_contig
Running nucmer on Vibrio_cholerae_FDAARGOS_103_Vibrio_europaeus_PP_638_contig
Running nucmer on Vibrio_cholerae_FDAARGOS_103_Vibrio_aquimaris_THAF100_contig
Running nucmer on Vibrio_cholerae_FDAARGOS_103_Vibrio_ezurae_HDS1_1_contig
Running nucmer on Vibrio_cholerae_FDAARGOS_103_Vibrio_bivalvicida_605_contig
Running nucmer on Vibrio_cholerae_FDAARGOS_103_Vibrio_inusitatus_LMG_23434_contig
Running nucmer on Vibrio_cholerae_FDAARGOS_103_Vibrio_rhodolitus_G98_contig
Running nucmer on Vibrio_cholerae_FDAARGOS_103_Vibrio_nereis_DSM_19584_contig
Running nucmer on Vibrio_cholerae_FDAARGOS_103_Vibrio_mediterranei__contig
Running nucmer on Vibrio_cholerae_FDAARGOS_103_Vibrio_halioticoli_IAM_14596_contig
Running nucmer on Vibrio_cholerae_FDAARGOS_103_Vibrio_ishigakensis_JCM_19231_contig
NUCmer on all contig/draft genomes complete.


buildSNPDB.pl -i /data/djs217/PROJECTS/56_Vibrio_phaME/01_all_species/03_workdir/results -r /data/djs217/PROJECTS/56_Vibrio_phaME/01_all_species/03_workdir/files/Vibrio_cholerae_FDAARGOS_103.fna -l /data/djs217/PROJECTS/56_Vibrio_phaME/01_all_species/03_workdir/working_list.txt -p all_vibrio_fastree -c 0 -g 0.1 2>>/data/djs217/PROJECTS/56_Vibrio_phaME/01_all_species/03_workdir/results/all_vibrio_fastree.error >> /data/djs217/PROJECTS/56_Vibrio_phaME/01_all_species/03_workdir/results/all_vibrio_fastree.log

Reading Gaps file.
Warnings: Vibrio_diazotrophicus_ATCC_33466_contig covered only 0.09340 of the Vibrio_cholerae_FDAARGOS_103 (<cutoff = 0.1). It will NOT be used to build SNP tree and matrix.
EXE_01_2025_M_final covered 0.12845 of the Vibrio_cholerae_FDAARGOS_103 (<cutoff = 0.1). It will be used to build SNP tree and matrix.
Warnings: Vibrio_gallicus_CIP_107863_contig covered only 0.02917 of the Vibrio_cholerae_FDAARGOS_103 (<cutoff = 0.1). It will NOT be used to build SNP tree and matrix.
Warnings: Vibrio_clamense_JAMM0920_contig covered only 0.04490 of the Vibrio_cholerae_FDAARGOS_103 (<cutoff = 0.1). It will NOT be used to build SNP tree and matrix.
11813_EXE_19_2024_M_PBC74148_final covered 0.10039 of the Vibrio_cholerae_FDAARGOS_103 (<cutoff = 0.1). It will be used to build SNP tree and matrix.
EXE_23_2025_L_final covered 0.10504 of the Vibrio_cholerae_FDAARGOS_103 (<cutoff = 0.1). It will be used to build SNP tree and matrix.
Warnings: Vibrio_toranzoniae_CECT_7225_contig covered only 0.04958 of the Vibrio_cholerae_FDAARGOS_103 (<cutoff = 0.1). It will NOT be used to build SNP tree and matrix.
Warnings: Vibrio_chagasii_LMG_21353_contig covered only 0.05580 of the Vibrio_cholerae_FDAARGOS_103 (<cutoff = 0.1). It will NOT be used to build SNP tree and matrix.
Warnings: Vibrio_nomapromontoriensis_JAMM1728_contig covered only 0.04462 of the Vibrio_cholerae_FDAARGOS_103 (<cutoff = 0.1). It will NOT be used to build SNP tree and matrix.
Vibrio_qinghaiensis_Q67_contig covered 0.12361 of the Vibrio_cholerae_FDAARGOS_103 (<cutoff = 0.1). It will be used to build SNP tree and matrix.
11671_EXE_45_2024_E_unicycler covered 0.91011 of the Vibrio_cholerae_FDAARGOS_103 (<cutoff = 0.1). It will be used to build SNP tree and matrix.
Warnings: Vibrio_tritonius_JCM_16456_contig covered only 0.06812 of the Vibrio_cholerae_FDAARGOS_103 (<cutoff = 0.1). It will NOT be used to build SNP tree and matrix.
Warnings: Vibrio_tetraodonis_subsp__pristinus_OCN044_contig covered only 0.03940 of the Vibrio_cholerae_FDAARGOS_103 (<cutoff = 0.1). It will NOT be used to build SNP tree and matrix.
Warnings: Vibrio_profundi_TP187_contig covered only 0.05620 of the Vibrio_cholerae_FDAARGOS_103 (<cutoff = 0.1). It will NOT be used to build SNP tree and matrix.
11813_EXE_09_2024_B_PBC74148_final covered 0.10023 of the Vibrio_cholerae_FDAARGOS_103 (<cutoff = 0.1). It will be used to build SNP tree and matrix.
Warnings: Vibrio_nereis_DSM_19584_contig covered only 0.06427 of the Vibrio_cholerae_FDAARGOS_103 (<cutoff = 0.1). It will NOT be used to build SNP tree and matrix.
Warnings: Vibrio_navarrensis_ATCC_51183_contig covered only 0.09824 of the Vibrio_cholerae_FDAARGOS_103 (<cutoff = 0.1). It will NOT be used to build SNP tree and matrix.
Warnings: 11813_EXE_30_2025_R_PBC74148_final covered only 0.07449 of the Vibrio_cholerae_FDAARGOS_103 (<cutoff = 0.1). It will NOT be used to build SNP tree and matrix.
EXE_03_2025_A_final covered 0.10420 of the Vibrio_cholerae_FDAARGOS_103 (<cutoff = 0.1). It will be used to build SNP tree and matrix.
EXE_15_2024_J_unicycler covered 0.10652 of the Vibrio_cholerae_FDAARGOS_103 (<cutoff = 0.1). It will be used to build SNP tree and matrix.
11813_EXE_33_2024_C_PBC74148_final covered 0.10137 of the Vibrio_cholerae_FDAARGOS_103 (<cutoff = 0.1). It will be used to build SNP tree and matrix.
Warnings: Vibrio_atlanticus_CECT_7223_contig covered only 0.05334 of the Vibrio_cholerae_FDAARGOS_103 (<cutoff = 0.1). It will NOT be used to build SNP tree and matrix.
Warnings: Vibrio_plantisponsor_MSSRF60_contig covered only 0.08886 of the Vibrio_cholerae_FDAARGOS_103 (<cutoff = 0.1). It will NOT be used to build SNP tree and matrix.
Warnings: Vibrio_xiamenensis_CGMCC_1_10228_contig covered only 0.06514 of the Vibrio_cholerae_FDAARGOS_103 (<cutoff = 0.1). It will NOT be used to build SNP tree and matrix.
Warnings: Vibrio_barjaei_3062_contig covered only 0.04799 of the Vibrio_cholerae_FDAARGOS_103 (<cutoff = 0.1). It will NOT be used to build SNP tree and matrix.
11813_EXE_29_2025_V_PBC74148_final covered 0.10212 of the Vibrio_cholerae_FDAARGOS_103 (<cutoff = 0.1). It will be used to build SNP tree and matrix.
Warnings: Vibrio_intestinalis_YLB_11_contig covered only 0.07315 of the Vibrio_cholerae_FDAARGOS_103 (<cutoff = 0.1). It will NOT be used to build SNP tree and matrix.
11813_EXE_22_2025_T1A_PBC74148_final covered 0.10027 of the Vibrio_cholerae_FDAARGOS_103 (<cutoff = 0.1). It will be used to build SNP tree and matrix.
11813_EXE_33_2024_F_PBC74148_final covered 0.10671 of the Vibrio_cholerae_FDAARGOS_103 (<cutoff = 0.1). It will be used to build SNP tree and matrix.
11671_EXE_22_2024_B_unicycler covered 0.10569 of the Vibrio_cholerae_FDAARGOS_103 (<cutoff = 0.1). It will be used to build SNP tree and matrix.
Warnings: Vibrio_tubiashii_ATCC_19109_contig covered only 0.06777 of the Vibrio_cholerae_FDAARGOS_103 (<cutoff = 0.1). It will NOT be used to build SNP tree and matrix.
Warnings: Vibrio_marinisediminis_404_contig covered only 0.06033 of the Vibrio_cholerae_FDAARGOS_103 (<cutoff = 0.1). It will NOT be used to build SNP tree and matrix.
11813_EXE_20_2024_J_PBC74148_final covered 0.10014 of the Vibrio_cholerae_FDAARGOS_103 (<cutoff = 0.1). It will be used to build SNP tree and matrix.
11671_EXE_25_2024_H_unicycler covered 0.10632 of the Vibrio_cholerae_FDAARGOS_103 (<cutoff = 0.1). It will be used to build SNP tree and matrix.
Warnings: Vibrio_coralliirubri_DSM_27495_contig covered only 0.05428 of the Vibrio_cholerae_FDAARGOS_103 (<cutoff = 0.1). It will NOT be used to build SNP tree and matrix.
Warnings: Vibrio_galatheae_S2757_contig covered only 0.06872 of the Vibrio_cholerae_FDAARGOS_103 (<cutoff = 0.1). It will NOT be used to build SNP tree and matrix.
11671_EXE_23_2024_1_unicycler covered 0.10462 of the Vibrio_cholerae_FDAARGOS_103 (<cutoff = 0.1). It will be used to build SNP tree and matrix.
11813_EXE_29_2025_K_PBC74148_final covered 0.10369 of the Vibrio_cholerae_FDAARGOS_103 (<cutoff = 0.1). It will be used to build SNP tree and matrix.
Warnings: Vibrio_palustris_CECT_9027_contig covered only 0.04264 of the Vibrio_cholerae_FDAARGOS_103 (<cutoff = 0.1). It will NOT be used to build SNP tree and matrix.
Warnings: Vibrio_agarilyticus_SM6_contig covered only 0.04983 of the Vibrio_cholerae_FDAARGOS_103 (<cutoff = 0.1). It will NOT be used to build SNP tree and matrix.
Warnings: Vibrio_cyclitrophicus_LMG_21359_contig covered only 0.05126 of the Vibrio_cholerae_FDAARGOS_103 (<cutoff = 0.1). It will NOT be used to build SNP tree and matrix.
Warnings: Vibrio_sinaloensis_CECT_7298_contig covered only 0.06441 of the Vibrio_cholerae_FDAARGOS_103 (<cutoff = 0.1). It will NOT be used to build SNP tree and matrix.
Warnings: Vibrio_breoganii_CECT_7222_contig covered only 0.03048 of the Vibrio_cholerae_FDAARGOS_103 (<cutoff = 0.1). It will NOT be used to build SNP tree and matrix.
Warnings: Vibrio_bivalvicida_605_contig covered only 0.06750 of the Vibrio_cholerae_FDAARGOS_103 (<cutoff = 0.1). It will NOT be used to build SNP tree and matrix.
11813_EXE_30_2025_S_PBC74148_final covered 0.10636 of the Vibrio_cholerae_FDAARGOS_103 (<cutoff = 0.1). It will be used to build SNP tree and matrix.
Warnings: Vibrio_europaeus_PP_638_contig covered only 0.07268 of the Vibrio_cholerae_FDAARGOS_103 (<cutoff = 0.1). It will NOT be used to build SNP tree and matrix.
Warnings: Vibrio_tetraodonis_A511_contig covered only 0.04674 of the Vibrio_cholerae_FDAARGOS_103 (<cutoff = 0.1). It will NOT be used to build SNP tree and matrix.
11813_EXE_30_2025_L_PBC74148_final covered 0.10196 of the Vibrio_cholerae_FDAARGOS_103 (<cutoff = 0.1). It will be used to build SNP tree and matrix.
Warnings: Vibrio_artabrorum_CECT_7226_contig covered only 0.04901 of the Vibrio_cholerae_FDAARGOS_103 (<cutoff = 0.1). It will NOT be used to build SNP tree and matrix.
EXE08_2023B5_unicycler covered 0.10141 of the Vibrio_cholerae_FDAARGOS_103 (<cutoff = 0.1). It will be used to build SNP tree and matrix.
11813_EXE_06_2024_E_PBC74148_final covered 0.10259 of the Vibrio_cholerae_FDAARGOS_103 (<cutoff = 0.1). It will be used to build SNP tree and matrix.
Vibrio_chanodichtyis_DSL_7_contig covered 0.34736 of the Vibrio_cholerae_FDAARGOS_103 (<cutoff = 0.1). It will be used to build SNP tree and matrix.
EXE_30_2025_R_final covered 0.10634 of the Vibrio_cholerae_FDAARGOS_103 (<cutoff = 0.1). It will be used to build SNP tree and matrix.
Warnings: Vibrio_neonatus_JCM_21521_contig covered only 0.03721 of the Vibrio_cholerae_FDAARGOS_103 (<cutoff = 0.1). It will NOT be used to build SNP tree and matrix.
Warnings: Vibrio_japonicus_JCM_31412_contig covered only 0.06834 of the Vibrio_cholerae_FDAARGOS_103 (<cutoff = 0.1). It will NOT be used to build SNP tree and matrix.
Warnings: Vibrio_maerlii_G62_contig covered only 0.05660 of the Vibrio_cholerae_FDAARGOS_103 (<cutoff = 0.1). It will NOT be used to build SNP tree and matrix.
Vibrio_cholerae_FDAARGOS_103 covered 0.99992 of the Vibrio_cholerae_FDAARGOS_103 (<cutoff = 0.1). It will be used to build SNP tree and matrix.
Warnings: Vibrio_lamellibrachiae_JAMM2626_contig covered only 0.04777 of the Vibrio_cholerae_FDAARGOS_103 (<cutoff = 0.1). It will NOT be used to build SNP tree and matrix.
Warnings: Vibrio_apostichopi_FE10_contig covered only 0.05445 of the Vibrio_cholerae_FDAARGOS_103 (<cutoff = 0.1). It will NOT be used to build SNP tree and matrix.
Warnings: Vibrio_atypicus_DSM_25292_contig covered only 0.06593 of the Vibrio_cholerae_FDAARGOS_103 (<cutoff = 0.1). It will NOT be used to build SNP tree and matrix.
Warnings: Vibrio_hangzhouensis_CGMCC_1_7062_contig covered only 0.04225 of the Vibrio_cholerae_FDAARGOS_103 (<cutoff = 0.1). It will NOT be used to build SNP tree and matrix.
Warnings: Vibrio_hippocampi_CECT_8226_contig covered only 0.04500 of the Vibrio_cholerae_FDAARGOS_103 (<cutoff = 0.1). It will NOT be used to build SNP tree and matrix.
Warnings: Vibrio_pomeroyi_LMG_20537_contig covered only 0.05715 of the Vibrio_cholerae_FDAARGOS_103 (<cutoff = 0.1). It will NOT be used to build SNP tree and matrix.
Warnings: Vibrio_tapetis_subsp__quintayensis_CECT_8851_contig covered only 0.03422 of the Vibrio_cholerae_FDAARGOS_103 (<cutoff = 0.1). It will NOT be used to build SNP tree and matrix.
Warnings: Vibrio_splendidus_LMG_19031_contig covered only 0.06114 of the Vibrio_cholerae_FDAARGOS_103 (<cutoff = 0.1). It will NOT be used to build SNP tree and matrix.
Warnings: 11813_EXE_01_2025_M_PBC74148_final covered only 0.08869 of the Vibrio_cholerae_FDAARGOS_103 (<cutoff = 0.1). It will NOT be used to build SNP tree and matrix.
Warnings: Vibrio_syngnathi_K08M4_contig covered only 0.05174 of the Vibrio_cholerae_FDAARGOS_103 (<cutoff = 0.1). It will NOT be used to build SNP tree and matrix.
Warnings: Vibrio_harveyi_NCTC12970_contig covered only 0.06926 of the Vibrio_cholerae_FDAARGOS_103 (<cutoff = 0.1). It will NOT be used to build SNP tree and matrix.
Warnings: Vibrio_olivae_CECT_8064_contig covered only 0.05646 of the Vibrio_cholerae_FDAARGOS_103 (<cutoff = 0.1). It will NOT be used to build SNP tree and matrix.
Vibrio_fluvialis_ATCC_33809_contig covered 0.14714 of the Vibrio_cholerae_FDAARGOS_103 (<cutoff = 0.1). It will be used to build SNP tree and matrix.
Warnings: Vibrio_ponticus_DSM_16217_contig covered only 0.07107 of the Vibrio_cholerae_FDAARGOS_103 (<cutoff = 0.1). It will NOT be used to build SNP tree and matrix.
Warnings: Vibrio_pectenicida_LMG_19642_contig covered only 0.03759 of the Vibrio_cholerae_FDAARGOS_103 (<cutoff = 0.1). It will NOT be used to build SNP tree and matrix.
Warnings: Vibrio_hepatarius_DSM_19134_contig covered only 0.07555 of the Vibrio_cholerae_FDAARGOS_103 (<cutoff = 0.1). It will NOT be used to build SNP tree and matrix.
EXE_33_2024_E_final covered 0.10667 of the Vibrio_cholerae_FDAARGOS_103 (<cutoff = 0.1). It will be used to build SNP tree and matrix.
EXE_32_2024_G_final covered 0.10134 of the Vibrio_cholerae_FDAARGOS_103 (<cutoff = 0.1). It will be used to build SNP tree and matrix.
Vibrio_mimicus_NCTC11435_contig covered 0.67628 of the Vibrio_cholerae_FDAARGOS_103 (<cutoff = 0.1). It will be used to build SNP tree and matrix.
Warnings: Vibrio_scophthalmi_LMG_19158_contig covered only 0.06443 of the Vibrio_cholerae_FDAARGOS_103 (<cutoff = 0.1). It will NOT be used to build SNP tree and matrix.
Warnings: 11813_EXE_24_2025_E_PBC74148_final covered only 0.04545 of the Vibrio_cholerae_FDAARGOS_103 (<cutoff = 0.1). It will NOT be used to build SNP tree and matrix.
Vibrio_paracholerae_EDC_792_contig covered 0.87125 of the Vibrio_cholerae_FDAARGOS_103 (<cutoff = 0.1). It will be used to build SNP tree and matrix.
11813_EXE_34_2024_C_PBC74148_final covered 0.10037 of the Vibrio_cholerae_FDAARGOS_103 (<cutoff = 0.1). It will be used to build SNP tree and matrix.
11813_EXE_13_2025_P_PBC74148_final covered 0.10533 of the Vibrio_cholerae_FDAARGOS_103 (<cutoff = 0.1). It will be used to build SNP tree and matrix.
Warnings: Vibrio_iocasae_HN007_contig covered only 0.04905 of the Vibrio_cholerae_FDAARGOS_103 (<cutoff = 0.1). It will NOT be used to build SNP tree and matrix.
Vibrio_tarriae_2521_89_contig covered 0.84073 of the Vibrio_cholerae_FDAARGOS_103 (<cutoff = 0.1). It will be used to build SNP tree and matrix.
11671_EXE_19_2024_C_unicycler covered 0.10632 of the Vibrio_cholerae_FDAARGOS_103 (<cutoff = 0.1). It will be used to build SNP tree and matrix.
EXE07_2023A4_unicycler covered 0.10132 of the Vibrio_cholerae_FDAARGOS_103 (<cutoff = 0.1). It will be used to build SNP tree and matrix.
Warnings: Vibrio_mediterranei__contig covered only 0.05064 of the Vibrio_cholerae_FDAARGOS_103 (<cutoff = 0.1). It will NOT be used to build SNP tree and matrix.
Warnings: 11813_EXE_33_2024_E_PBC74148_final covered only 0.07553 of the Vibrio_cholerae_FDAARGOS_103 (<cutoff = 0.1). It will NOT be used to build SNP tree and matrix.
Warnings: Vibrio_agarivorans_CECT_5085_contig covered only 0.04764 of the Vibrio_cholerae_FDAARGOS_103 (<cutoff = 0.1). It will NOT be used to build SNP tree and matrix.
Warnings: Vibrio_sabulosilitoris_MAO6_contig covered only 0.04848 of the Vibrio_cholerae_FDAARGOS_103 (<cutoff = 0.1). It will NOT be used to build SNP tree and matrix.
Warnings: Vibrio_chemaguriensis_Iso1_contig covered only 0.06635 of the Vibrio_cholerae_FDAARGOS_103 (<cutoff = 0.1). It will NOT be used to build SNP tree and matrix.
Warnings: Vibrio_gigantis_LMG_22741_contig covered only 0.05253 of the Vibrio_cholerae_FDAARGOS_103 (<cutoff = 0.1). It will NOT be used to build SNP tree and matrix.
Warnings: Vibrio_comitans_LMG_23416_contig covered only 0.03191 of the Vibrio_cholerae_FDAARGOS_103 (<cutoff = 0.1). It will NOT be used to build SNP tree and matrix.
11813_EXE_29_2025_HH_PBC74148_final covered 0.10451 of the Vibrio_cholerae_FDAARGOS_103 (<cutoff = 0.1). It will be used to build SNP tree and matrix.
11813_EXE_21_2025_F_PBC74148_final covered 0.10023 of the Vibrio_cholerae_FDAARGOS_103 (<cutoff = 0.1). It will be used to build SNP tree and matrix.
Warnings: Vibrio_pacinii_DSM_19139_contig covered only 0.05223 of the Vibrio_cholerae_FDAARGOS_103 (<cutoff = 0.1). It will NOT be used to build SNP tree and matrix.
Warnings: Vibrio_sinensis_BEI233_contig covered only 0.05614 of the Vibrio_cholerae_FDAARGOS_103 (<cutoff = 0.1). It will NOT be used to build SNP tree and matrix.
Warnings: Vibrio_rhizosphaerae_LMG_23790_contig covered only 0.03551 of the Vibrio_cholerae_FDAARGOS_103 (<cutoff = 0.1). It will NOT be used to build SNP tree and matrix.
Warnings: 11671_EXE_02_2024_3B1_unicycler covered only 0.04545 of the Vibrio_cholerae_FDAARGOS_103 (<cutoff = 0.1). It will NOT be used to build SNP tree and matrix.
11813_EXE_30_2024_G_PBC74148_final covered 0.10501 of the Vibrio_cholerae_FDAARGOS_103 (<cutoff = 0.1). It will be used to build SNP tree and matrix.
Warnings: Vibrio_campbellii_CAIM_519_contig covered only 0.06827 of the Vibrio_cholerae_FDAARGOS_103 (<cutoff = 0.1). It will NOT be used to build SNP tree and matrix.
11813_EXE_27_2025_A_PBC74148_final covered 0.10335 of the Vibrio_cholerae_FDAARGOS_103 (<cutoff = 0.1). It will be used to build SNP tree and matrix.
Warnings: Vibrio_cionasavignyae_JAMM2507_contig covered only 0.04540 of the Vibrio_cholerae_FDAARGOS_103 (<cutoff = 0.1). It will NOT be used to build SNP tree and matrix.
EXE07_2023A1_unicycler covered 0.10145 of the Vibrio_cholerae_FDAARGOS_103 (<cutoff = 0.1). It will be used to build SNP tree and matrix.
Warnings: Vibrio_celticus_CECT_7224_contig covered only 0.05229 of the Vibrio_cholerae_FDAARGOS_103 (<cutoff = 0.1). It will NOT be used to build SNP tree and matrix.
Warnings: Vibrio_aquaticus_BEI207_contig covered only 0.06516 of the Vibrio_cholerae_FDAARGOS_103 (<cutoff = 0.1). It will NOT be used to build SNP tree and matrix.
11813_EXE_12_2025_A_PBC74148_final covered 0.10148 of the Vibrio_cholerae_FDAARGOS_103 (<cutoff = 0.1). It will be used to build SNP tree and matrix.
Warnings: Vibrio_crassostreae_LMG_22240_contig covered only 0.05503 of the Vibrio_cholerae_FDAARGOS_103 (<cutoff = 0.1). It will NOT be used to build SNP tree and matrix.
Warnings: Vibrio_rhodolitus_G98_contig covered only 0.07044 of the Vibrio_cholerae_FDAARGOS_103 (<cutoff = 0.1). It will NOT be used to build SNP tree and matrix.
Warnings: Vibrio_owensii_DY05_contig covered only 0.06927 of the Vibrio_cholerae_FDAARGOS_103 (<cutoff = 0.1). It will NOT be used to build SNP tree and matrix.
Warnings: Vibrio_aquimaris_THAF100_contig covered only 0.04303 of the Vibrio_cholerae_FDAARGOS_103 (<cutoff = 0.1). It will NOT be used to build SNP tree and matrix.
Warnings: Vibrio_brasiliensis_LMG_20546_contig covered only 0.06636 of the Vibrio_cholerae_FDAARGOS_103 (<cutoff = 0.1). It will NOT be used to build SNP tree and matrix.
Warnings: Vibrio_ezurae_HDS1_1_contig covered only 0.03636 of the Vibrio_cholerae_FDAARGOS_103 (<cutoff = 0.1). It will NOT be used to build SNP tree and matrix.
Warnings: Vibrio_aphrogenes_CA_1004_contig covered only 0.03413 of the Vibrio_cholerae_FDAARGOS_103 (<cutoff = 0.1). It will NOT be used to build SNP tree and matrix.
Warnings: Vibrio_rotiferianus_CAIM_577_contig covered only 0.07097 of the Vibrio_cholerae_FDAARGOS_103 (<cutoff = 0.1). It will NOT be used to build SNP tree and matrix.
Warnings: Vibrio_kasasachensis_JAMM1812_contig covered only 0.05078 of the Vibrio_cholerae_FDAARGOS_103 (<cutoff = 0.1). It will NOT be used to build SNP tree and matrix.
Warnings: Vibrio_kyushuensis_JAMM1822_contig covered only 0.04944 of the Vibrio_cholerae_FDAARGOS_103 (<cutoff = 0.1). It will NOT be used to build SNP tree and matrix.
EXE_13_2025_A_final covered 0.10501 of the Vibrio_cholerae_FDAARGOS_103 (<cutoff = 0.1). It will be used to build SNP tree and matrix.
11813_EXE_32_2024_G_PBC74148_final covered 0.10553 of the Vibrio_cholerae_FDAARGOS_103 (<cutoff = 0.1). It will be used to build SNP tree and matrix.
Warnings: 11813_EXE_25_2025_25N_PBC74148_final covered only 0.04587 of the Vibrio_cholerae_FDAARGOS_103 (<cutoff = 0.1). It will NOT be used to build SNP tree and matrix.
EXE_08_2024_A_final covered 0.10033 of the Vibrio_cholerae_FDAARGOS_103 (<cutoff = 0.1). It will be used to build SNP tree and matrix.
Warnings: Vibrio_coralliilyticus_DSM_19607_contig covered only 0.06542 of the Vibrio_cholerae_FDAARGOS_103 (<cutoff = 0.1). It will NOT be used to build SNP tree and matrix.
Warnings: Vibrio_thalassae_KCTC_32373_contig covered only 0.04990 of the Vibrio_cholerae_FDAARGOS_103 (<cutoff = 0.1). It will NOT be used to build SNP tree and matrix.
Warnings: Vibrio_salilacus_DSG_S6_contig covered only 0.05760 of the Vibrio_cholerae_FDAARGOS_103 (<cutoff = 0.1). It will NOT be used to build SNP tree and matrix.
Warnings: Vibrio_floridensis_IRLE0018_contig covered only 0.09095 of the Vibrio_cholerae_FDAARGOS_103 (<cutoff = 0.1). It will NOT be used to build SNP tree and matrix.
11813_EXE_23_2025_L_PBC74148_final covered 0.10455 of the Vibrio_cholerae_FDAARGOS_103 (<cutoff = 0.1). It will be used to build SNP tree and matrix.
Warnings: Vibrio_orientalis_CIP_102891_contig covered only 0.06409 of the Vibrio_cholerae_FDAARGOS_103 (<cutoff = 0.1). It will NOT be used to build SNP tree and matrix.
Warnings: Vibrio_halioticoli_IAM_14596_contig covered only 0.02864 of the Vibrio_cholerae_FDAARGOS_103 (<cutoff = 0.1). It will NOT be used to build SNP tree and matrix.
11813_EXE22_2025_IVF5LA_PBC74148_final covered 0.10376 of the Vibrio_cholerae_FDAARGOS_103 (<cutoff = 0.1). It will be used to build SNP tree and matrix.
Warnings: Vibrio_ouci_BEI176_contig covered only 0.07294 of the Vibrio_cholerae_FDAARGOS_103 (<cutoff = 0.1). It will NOT be used to build SNP tree and matrix.
Warnings: Vibrio_inusitatus_LMG_23434_contig covered only 0.03007 of the Vibrio_cholerae_FDAARGOS_103 (<cutoff = 0.1). It will NOT be used to build SNP tree and matrix.
Warnings: Vibrio_penaeicida_IFO_15640_contig covered only 0.05204 of the Vibrio_cholerae_FDAARGOS_103 (<cutoff = 0.1). It will NOT be used to build SNP tree and matrix.
Warnings: Vibrio_porteresiae_MSSRF30_contig covered only 0.07462 of the Vibrio_cholerae_FDAARGOS_103 (<cutoff = 0.1). It will NOT be used to build SNP tree and matrix.
11813_EXE_01_2024_7_PBC74148_final covered 0.10023 of the Vibrio_cholerae_FDAARGOS_103 (<cutoff = 0.1). It will be used to build SNP tree and matrix.
11671_EXE_26_2024_C_unicycler covered 0.10455 of the Vibrio_cholerae_FDAARGOS_103 (<cutoff = 0.1). It will be used to build SNP tree and matrix.
EXE10_2023G3_unicycler covered 0.10487 of the Vibrio_cholerae_FDAARGOS_103 (<cutoff = 0.1). It will be used to build SNP tree and matrix.
EXE09_2023D7_unicycler covered 0.10171 of the Vibrio_cholerae_FDAARGOS_103 (<cutoff = 0.1). It will be used to build SNP tree and matrix.
Warnings: Vibrio_gazogenes_ATCC_29988_contig covered only 0.03730 of the Vibrio_cholerae_FDAARGOS_103 (<cutoff = 0.1). It will NOT be used to build SNP tree and matrix.
Warnings: Vibrio_ostreicida_CECT_7398_contig covered only 0.03904 of the Vibrio_cholerae_FDAARGOS_103 (<cutoff = 0.1). It will NOT be used to build SNP tree and matrix.
Warnings: Vibrio_amylolyticus_ZSDE26_contig covered only 0.05002 of the Vibrio_cholerae_FDAARGOS_103 (<cutoff = 0.1). It will NOT be used to build SNP tree and matrix.
Warnings: Vibrio_injensis_M12_1144_contig covered only 0.08374 of the Vibrio_cholerae_FDAARGOS_103 (<cutoff = 0.1). It will NOT be used to build SNP tree and matrix.
Vibrio_anguillarum_NCTC12159_contig covered 0.11887 of the Vibrio_cholerae_FDAARGOS_103 (<cutoff = 0.1). It will be used to build SNP tree and matrix.
Warnings: Vibrio_azureus_LC2_005_contig covered only 0.04730 of the Vibrio_cholerae_FDAARGOS_103 (<cutoff = 0.1). It will NOT be used to build SNP tree and matrix.
Warnings: 11813_EXE_22_2025_DG1LF_PBC7_final covered only 0.09951 of the Vibrio_cholerae_FDAARGOS_103 (<cutoff = 0.1). It will NOT be used to build SNP tree and matrix.
Warnings: Vibrio_fluminensis_A621_contig covered only 0.07187 of the Vibrio_cholerae_FDAARGOS_103 (<cutoff = 0.1). It will NOT be used to build SNP tree and matrix.
11813_EXE_05_2024_A_PBC74148_final covered 0.92055 of the Vibrio_cholerae_FDAARGOS_103 (<cutoff = 0.1). It will be used to build SNP tree and matrix.
Warnings: Vibrio_echinoideorum_DSM_107264_contig covered only 0.05164 of the Vibrio_cholerae_FDAARGOS_103 (<cutoff = 0.1). It will NOT be used to build SNP tree and matrix.
Warnings: Vibrio_spartinae_CECT_9026_contig covered only 0.03981 of the Vibrio_cholerae_FDAARGOS_103 (<cutoff = 0.1). It will NOT be used to build SNP tree and matrix.
Warnings: Vibrio_kagoshimensis_JAMM0761_contig covered only 0.04834 of the Vibrio_cholerae_FDAARGOS_103 (<cutoff = 0.1). It will NOT be used to build SNP tree and matrix.
Warnings: Vibrio_proteolyticus_ATCC_15338_contig covered only 0.07565 of the Vibrio_cholerae_FDAARGOS_103 (<cutoff = 0.1). It will NOT be used to build SNP tree and matrix.
Warnings: Vibrio_lentus_40M4T_contig covered only 0.05332 of the Vibrio_cholerae_FDAARGOS_103 (<cutoff = 0.1). It will NOT be used to build SNP tree and matrix.
Warnings: Vibrio_superstes_G3_29_contig covered only 0.03237 of the Vibrio_cholerae_FDAARGOS_103 (<cutoff = 0.1). It will NOT be used to build SNP tree and matrix.
Vibrio_furnissii_FDAARGOS_777_contig covered 0.13835 of the Vibrio_cholerae_FDAARGOS_103 (<cutoff = 0.1). It will be used to build SNP tree and matrix.
Warnings: Vibrio_hibernica_B1_19_contig covered only 0.02495 of the Vibrio_cholerae_FDAARGOS_103 (<cutoff = 0.1). It will NOT be used to build SNP tree and matrix.
Warnings: 11671_EXE_04_2024_2B3_unicycler covered only 0.04545 of the Vibrio_cholerae_FDAARGOS_103 (<cutoff = 0.1). It will NOT be used to build SNP tree and matrix.
Warnings: Vibrio_methylphosphonaticus_S4B1_contig covered only 0.04400 of the Vibrio_cholerae_FDAARGOS_103 (<cutoff = 0.1). It will NOT be used to build SNP tree and matrix.
REPEATS covered 0.95442 of the Vibrio_cholerae_FDAARGOS_103 (<cutoff = 0.1). It will be used to build SNP tree and matrix.
Warnings: 11671_EXE_04_2024_1A1_unicycler covered only 0.04545 of the Vibrio_cholerae_FDAARGOS_103 (<cutoff = 0.1). It will NOT be used to build SNP tree and matrix.
Warnings: Vibrio_marisflavi_CECT_7928_contig covered only 0.03926 of the Vibrio_cholerae_FDAARGOS_103 (<cutoff = 0.1). It will NOT be used to build SNP tree and matrix.
Warnings: Vibrio_ulleungensis_188UL20_2_contig covered only 0.03013 of the Vibrio_cholerae_FDAARGOS_103 (<cutoff = 0.1). It will NOT be used to build SNP tree and matrix.
Warnings: Vibrio_tapetis_subsp__tapetis__contig covered only 0.04294 of the Vibrio_cholerae_FDAARGOS_103 (<cutoff = 0.1). It will NOT be used to build SNP tree and matrix.
Warnings: Vibrio_parahaemolyticus_ATCC_17802_contig covered only 0.07231 of the Vibrio_cholerae_FDAARGOS_103 (<cutoff = 0.1). It will NOT be used to build SNP tree and matrix.
11813_EXE_13_2025_H_PBC74148_final covered 0.12102 of the Vibrio_cholerae_FDAARGOS_103 (<cutoff = 0.1). It will be used to build SNP tree and matrix.
Warnings: Vibrio_ruber_CECT_7878_contig covered only 0.03484 of the Vibrio_cholerae_FDAARGOS_103 (<cutoff = 0.1). It will NOT be used to build SNP tree and matrix.
Warnings: Vibrio_rarus_LMG_23674_contig covered only 0.03100 of the Vibrio_cholerae_FDAARGOS_103 (<cutoff = 0.1). It will NOT be used to build SNP tree and matrix.
Warnings: Vibrio_rumoiensis_FERM_P_14531_contig covered only 0.03529 of the Vibrio_cholerae_FDAARGOS_103 (<cutoff = 0.1). It will NOT be used to build SNP tree and matrix.
Warnings: Vibrio_mytili_type_strain__CIP103929_contig covered only 0.05855 of the Vibrio_cholerae_FDAARGOS_103 (<cutoff = 0.1). It will NOT be used to build SNP tree and matrix.
Warnings: Vibrio_bathopelagicus_Sal10_contig covered only 0.05533 of the Vibrio_cholerae_FDAARGOS_103 (<cutoff = 0.1). It will NOT be used to build SNP tree and matrix.
Warnings: Vibrio_chaetopteri_CB1_14_contig covered only 0.05633 of the Vibrio_cholerae_FDAARGOS_103 (<cutoff = 0.1). It will NOT be used to build SNP tree and matrix.
Warnings: Vibrio_metschnikovii_NCTC8443_contig covered only 0.07891 of the Vibrio_cholerae_FDAARGOS_103 (<cutoff = 0.1). It will NOT be used to build SNP tree and matrix.
11813_EXE_28_2025_A_PBC74148_final covered 0.10221 of the Vibrio_cholerae_FDAARGOS_103 (<cutoff = 0.1). It will be used to build SNP tree and matrix.
Warnings: Vibrio_jasicida_CAIM_1864_contig covered only 0.07659 of the Vibrio_cholerae_FDAARGOS_103 (<cutoff = 0.1). It will NOT be used to build SNP tree and matrix.
Warnings: Vibrio_albus_E4404_contig covered only 0.03957 of the Vibrio_cholerae_FDAARGOS_103 (<cutoff = 0.1). It will NOT be used to build SNP tree and matrix.
Warnings: Vibrio_ziniensis_ZWAL4003_contig covered only 0.08174 of the Vibrio_cholerae_FDAARGOS_103 (<cutoff = 0.1). It will NOT be used to build SNP tree and matrix.
Warnings: Vibrio_litoralis_DSM_17657_contig covered only 0.02554 of the Vibrio_cholerae_FDAARGOS_103 (<cutoff = 0.1). It will NOT be used to build SNP tree and matrix.
Vibrio_misgurnus_GVC_contig covered 0.34636 of the Vibrio_cholerae_FDAARGOS_103 (<cutoff = 0.1). It will be used to build SNP tree and matrix.
Warnings: Vibrio_nitrifigilis_NFV_1_contig covered only 0.05659 of the Vibrio_cholerae_FDAARGOS_103 (<cutoff = 0.1). It will NOT be used to build SNP tree and matrix.
11813_EX_23_2024_K_PBC74148_final covered 0.10362 of the Vibrio_cholerae_FDAARGOS_103 (<cutoff = 0.1). It will be used to build SNP tree and matrix.
Warnings: Vibrio_cortegadensis_CECT_7227_contig covered only 0.04618 of the Vibrio_cholerae_FDAARGOS_103 (<cutoff = 0.1). It will NOT be used to build SNP tree and matrix.
Warnings: Vibrio_gelatinilyticus_ZSDZ34_contig covered only 0.03933 of the Vibrio_cholerae_FDAARGOS_103 (<cutoff = 0.1). It will NOT be used to build SNP tree and matrix.
Warnings: Vibrio_gangliei_DSM_104291_contig covered only 0.04245 of the Vibrio_cholerae_FDAARGOS_103 (<cutoff = 0.1). It will NOT be used to build SNP tree and matrix.
Warnings: Vibrio_ishigakensis_JCM_19231_contig covered only 0.03552 of the Vibrio_cholerae_FDAARGOS_103 (<cutoff = 0.1). It will NOT be used to build SNP tree and matrix.
11813_EXE_22_2025_DG3A_PBC74148_barcode18_final covered 0.10340 of the Vibrio_cholerae_FDAARGOS_103 (<cutoff = 0.1). It will be used to build SNP tree and matrix.
Warnings: Vibrio_mangrovi_CECT_7927_contig covered only 0.03886 of the Vibrio_cholerae_FDAARGOS_103 (<cutoff = 0.1). It will NOT be used to build SNP tree and matrix.
11813_EXE_26_2025_A_PBC74148_final covered 0.10243 of the Vibrio_cholerae_FDAARGOS_103 (<cutoff = 0.1). It will be used to build SNP tree and matrix.
Warnings: Vibrio_panuliri_JCM_19500_contig covered only 0.06706 of the Vibrio_cholerae_FDAARGOS_103 (<cutoff = 0.1). It will NOT be used to build SNP tree and matrix.
Warnings: Vibrio_sagamiensis_NBRC_104589_contig covered only 0.04405 of the Vibrio_cholerae_FDAARGOS_103 (<cutoff = 0.1). It will NOT be used to build SNP tree and matrix.
11671_Guernsey_unicycler covered 0.10168 of the Vibrio_cholerae_FDAARGOS_103 (<cutoff = 0.1). It will be used to build SNP tree and matrix.
11813_EXE_34_2024_P_PBC74148_final covered 0.10666 of the Vibrio_cholerae_FDAARGOS_103 (<cutoff = 0.1). It will be used to build SNP tree and matrix.
Warnings: Vibrio_cincinnatiensis_NCTC12012_contig covered only 0.08407 of the Vibrio_cholerae_FDAARGOS_103 (<cutoff = 0.1). It will NOT be used to build SNP tree and matrix.
Warnings: Vibrio_gallaecicus_CECT_7244_contig covered only 0.04863 of the Vibrio_cholerae_FDAARGOS_103 (<cutoff = 0.1). It will NOT be used to build SNP tree and matrix.
Warnings: Vibrio_aestuarianus_LMG_7909_contig covered only 0.08664 of the Vibrio_cholerae_FDAARGOS_103 (<cutoff = 0.1). It will NOT be used to build SNP tree and matrix.
Warnings: Vibrio_satsumensis_JAMM0822_contig covered only 0.05554 of the Vibrio_cholerae_FDAARGOS_103 (<cutoff = 0.1). It will NOT be used to build SNP tree and matrix.
Warnings: Vibrio_hyugaensis_090810a_contig covered only 0.06699 of the Vibrio_cholerae_FDAARGOS_103 (<cutoff = 0.1). It will NOT be used to build SNP tree and matrix.
Warnings: 11813_EXE_20_2025_B_PBC74148_final covered only 0.09717 of the Vibrio_cholerae_FDAARGOS_103 (<cutoff = 0.1). It will NOT be used to build SNP tree and matrix.
Warnings: Vibrio_pelagius_ATCC_25916_contig covered only 0.06064 of the Vibrio_cholerae_FDAARGOS_103 (<cutoff = 0.1). It will NOT be used to build SNP tree and matrix.
Warnings: Vibrio_renipiscarius_DCR_1_4_2_contig covered only 0.06194 of the Vibrio_cholerae_FDAARGOS_103 (<cutoff = 0.1). It will NOT be used to build SNP tree and matrix.
Warnings: 11671_EXE_02_2024_3B2_unicycler covered only 0.04545 of the Vibrio_cholerae_FDAARGOS_103 (<cutoff = 0.1). It will NOT be used to build SNP tree and matrix.
Warnings: Vibrio_kanaloae_LMG_20539_contig covered only 0.05276 of the Vibrio_cholerae_FDAARGOS_103 (<cutoff = 0.1). It will NOT be used to build SNP tree and matrix.
Warnings: Vibrio_fortis_LMG_21557_contig covered only 0.05704 of the Vibrio_cholerae_FDAARGOS_103 (<cutoff = 0.1). It will NOT be used to build SNP tree and matrix.
Warnings: Vibrio_casei_DSM_22364_contig covered only 0.02854 of the Vibrio_cholerae_FDAARGOS_103 (<cutoff = 0.1). It will NOT be used to build SNP tree and matrix.
Warnings: Vibrio_tasmaniensis_LMG_20012_contig covered only 0.05287 of the Vibrio_cholerae_FDAARGOS_103 (<cutoff = 0.1). It will NOT be used to build SNP tree and matrix.
Warnings: Vibrio_caribbeanicus_ATCC_BAA_2122_contig covered only 0.03237 of the Vibrio_cholerae_FDAARGOS_103 (<cutoff = 0.1). It will NOT be used to build SNP tree and matrix.
Warnings: Vibrio_wakamikoensis_JAMM2464_contig covered only 0.05565 of the Vibrio_cholerae_FDAARGOS_103 (<cutoff = 0.1). It will NOT be used to build SNP tree and matrix.
Warnings: 11813_EXE_26_2025_C_PBC74148_final covered only 0.09493 of the Vibrio_cholerae_FDAARGOS_103 (<cutoff = 0.1). It will NOT be used to build SNP tree and matrix.
Warnings: Vibrio_viridaestus_LJC006_contig covered only 0.04048 of the Vibrio_cholerae_FDAARGOS_103 (<cutoff = 0.1). It will NOT be used to build SNP tree and matrix.
Warnings: 11671_EXE_04_2024_1B1_unicycler covered only 0.04545 of the Vibrio_cholerae_FDAARGOS_103 (<cutoff = 0.1). It will NOT be used to build SNP tree and matrix.
Warnings: 11813_EXE_03_2025_A_PBC74148_final covered only 0.07290 of the Vibrio_cholerae_FDAARGOS_103 (<cutoff = 0.1). It will NOT be used to build SNP tree and matrix.
Warnings: Vibrio_zhanjiangensis_NBRC_108723_contig covered only 0.03498 of the Vibrio_cholerae_FDAARGOS_103 (<cutoff = 0.1). It will NOT be used to build SNP tree and matrix.
Warnings: Vibrio_antiquarius_EX25_contig covered only 0.06813 of the Vibrio_cholerae_FDAARGOS_103 (<cutoff = 0.1). It will NOT be used to build SNP tree and matrix.
Warnings: Vibrio_alginolyticus_ATCC_17749_contig covered only 0.06854 of the Vibrio_cholerae_FDAARGOS_103 (<cutoff = 0.1). It will NOT be used to build SNP tree and matrix.
Vibrio_vulnificus_2142_77_contig covered 0.10082 of the Vibrio_cholerae_FDAARGOS_103 (<cutoff = 0.1). It will be used to build SNP tree and matrix.
Warnings: 11813_EXE_28_2025_W_PBC74148_final covered only 0.09394 of the Vibrio_cholerae_FDAARGOS_103 (<cutoff = 0.1). It will NOT be used to build SNP tree and matrix.
11813_EXE_30_2024_F_PBC74148_final covered 0.10023 of the Vibrio_cholerae_FDAARGOS_103 (<cutoff = 0.1). It will be used to build SNP tree and matrix.
11813_EXE_27_2025_D_PBC74148_final covered 0.10132 of the Vibrio_cholerae_FDAARGOS_103 (<cutoff = 0.1). It will be used to build SNP tree and matrix.
EXE_20_2025_B_final covered 0.10023 of the Vibrio_cholerae_FDAARGOS_103 (<cutoff = 0.1). It will be used to build SNP tree and matrix.
Warnings: Vibrio_glycogenivorans_WXL210_contig covered only 0.04594 of the Vibrio_cholerae_FDAARGOS_103 (<cutoff = 0.1). It will NOT be used to build SNP tree and matrix.
Vibrio_ostreae_OG9_811_contig covered 0.10192 of the Vibrio_cholerae_FDAARGOS_103 (<cutoff = 0.1). It will be used to build SNP tree and matrix.
Warnings: Vibrio_natriegens_CCUG_16371_contig covered only 0.07287 of the Vibrio_cholerae_FDAARGOS_103 (<cutoff = 0.1). It will NOT be used to build SNP tree and matrix.
Warnings: Vibrio_sinus_S4M6_contig covered only 0.03867 of the Vibrio_cholerae_FDAARGOS_103 (<cutoff = 0.1). It will NOT be used to build SNP tree and matrix.
Printing Summary Statistics.
Creating SNP alignment.
11671_EXE_02_2024_3B1_unicycler
11671_EXE_02_2024_3B2_unicycler
11671_EXE_04_2024_1A1_unicycler
11671_EXE_04_2024_1B1_unicycler
11671_EXE_04_2024_2B3_unicycler
11813_EXE_01_2025_M_PBC74148_final
11813_EXE_03_2025_A_PBC74148_final
11813_EXE_20_2025_B_PBC74148_final
11813_EXE_22_2025_DG1LF_PBC7_final
11813_EXE_24_2025_E_PBC74148_final
11813_EXE_25_2025_25N_PBC74148_final
11813_EXE_26_2025_C_PBC74148_final
11813_EXE_28_2025_W_PBC74148_final
11813_EXE_30_2025_R_PBC74148_final
11813_EXE_33_2024_E_PBC74148_final
Vibrio_aestuarianus_LMG_7909_contig
Vibrio_agarilyticus_SM6_contig
Vibrio_agarivorans_CECT_5085_contig
Vibrio_albus_E4404_contig
Vibrio_alginolyticus_ATCC_17749_contig
Vibrio_amylolyticus_ZSDE26_contig
Vibrio_antiquarius_EX25_contig
Vibrio_aphrogenes_CA_1004_contig
Vibrio_apostichopi_FE10_contig
Vibrio_aquaticus_BEI207_contig
Vibrio_aquimaris_THAF100_contig
Vibrio_artabrorum_CECT_7226_contig
Vibrio_atlanticus_CECT_7223_contig
Vibrio_atypicus_DSM_25292_contig
Vibrio_azureus_LC2_005_contig
Vibrio_barjaei_3062_contig
Vibrio_bathopelagicus_Sal10_contig
Vibrio_bivalvicida_605_contig
Vibrio_brasiliensis_LMG_20546_contig
Vibrio_breoganii_CECT_7222_contig
Vibrio_campbellii_CAIM_519_contig
Vibrio_caribbeanicus_ATCC_BAA_2122_contig
Vibrio_casei_DSM_22364_contig
Vibrio_celticus_CECT_7224_contig
Vibrio_chaetopteri_CB1_14_contig
Vibrio_chagasii_LMG_21353_contig
Vibrio_chemaguriensis_Iso1_contig
Vibrio_cincinnatiensis_NCTC12012_contig
Vibrio_cionasavignyae_JAMM2507_contig
Vibrio_clamense_JAMM0920_contig
Vibrio_comitans_LMG_23416_contig
Vibrio_coralliilyticus_DSM_19607_contig
Vibrio_coralliirubri_DSM_27495_contig
Vibrio_cortegadensis_CECT_7227_contig
Vibrio_crassostreae_LMG_22240_contig
Vibrio_cyclitrophicus_LMG_21359_contig
Vibrio_diazotrophicus_ATCC_33466_contig
Vibrio_echinoideorum_DSM_107264_contig
Vibrio_europaeus_PP_638_contig
Vibrio_ezurae_HDS1_1_contig
Vibrio_floridensis_IRLE0018_contig
Vibrio_fluminensis_A621_contig
Vibrio_fortis_LMG_21557_contig
Vibrio_galatheae_S2757_contig
Vibrio_gallaecicus_CECT_7244_contig
Vibrio_gallicus_CIP_107863_contig
Vibrio_gangliei_DSM_104291_contig
Vibrio_gazogenes_ATCC_29988_contig
Vibrio_gelatinilyticus_ZSDZ34_contig
Vibrio_gigantis_LMG_22741_contig
Vibrio_glycogenivorans_WXL210_contig
Vibrio_halioticoli_IAM_14596_contig
Vibrio_hangzhouensis_CGMCC_1_7062_contig
Vibrio_harveyi_NCTC12970_contig
Vibrio_hepatarius_DSM_19134_contig
Vibrio_hibernica_B1_19_contig
Vibrio_hippocampi_CECT_8226_contig
Vibrio_hyugaensis_090810a_contig
Vibrio_injensis_M12_1144_contig
Vibrio_intestinalis_YLB_11_contig
Vibrio_inusitatus_LMG_23434_contig
Vibrio_iocasae_HN007_contig
Vibrio_ishigakensis_JCM_19231_contig
Vibrio_japonicus_JCM_31412_contig
Vibrio_jasicida_CAIM_1864_contig
Vibrio_kagoshimensis_JAMM0761_contig
Vibrio_kanaloae_LMG_20539_contig
Vibrio_kasasachensis_JAMM1812_contig
Vibrio_kyushuensis_JAMM1822_contig
Vibrio_lamellibrachiae_JAMM2626_contig
Vibrio_lentus_40M4T_contig
Vibrio_litoralis_DSM_17657_contig
Vibrio_maerlii_G62_contig
Vibrio_mangrovi_CECT_7927_contig
Vibrio_marinisediminis_404_contig
Vibrio_marisflavi_CECT_7928_contig
Vibrio_mediterranei__contig
Vibrio_methylphosphonaticus_S4B1_contig
Vibrio_metschnikovii_NCTC8443_contig
Vibrio_mytili_type_strain__CIP103929_contig
Vibrio_natriegens_CCUG_16371_contig
Vibrio_navarrensis_ATCC_51183_contig
Vibrio_neonatus_JCM_21521_contig
Vibrio_nereis_DSM_19584_contig
Vibrio_nitrifigilis_NFV_1_contig
Vibrio_nomapromontoriensis_JAMM1728_contig
Vibrio_olivae_CECT_8064_contig
Vibrio_orientalis_CIP_102891_contig
Vibrio_ostreicida_CECT_7398_contig
Vibrio_ouci_BEI176_contig
Vibrio_owensii_DY05_contig
Vibrio_pacinii_DSM_19139_contig
Vibrio_palustris_CECT_9027_contig
Vibrio_panuliri_JCM_19500_contig
Vibrio_parahaemolyticus_ATCC_17802_contig
Vibrio_pectenicida_LMG_19642_contig
Vibrio_pelagius_ATCC_25916_contig
Vibrio_penaeicida_IFO_15640_contig
Vibrio_plantisponsor_MSSRF60_contig
Vibrio_pomeroyi_LMG_20537_contig
Vibrio_ponticus_DSM_16217_contig
Vibrio_porteresiae_MSSRF30_contig
Vibrio_profundi_TP187_contig
Vibrio_proteolyticus_ATCC_15338_contig
Vibrio_rarus_LMG_23674_contig
Vibrio_renipiscarius_DCR_1_4_2_contig
Vibrio_rhizosphaerae_LMG_23790_contig
Vibrio_rhodolitus_G98_contig
Vibrio_rotiferianus_CAIM_577_contig
Vibrio_ruber_CECT_7878_contig
Vibrio_rumoiensis_FERM_P_14531_contig
Vibrio_sabulosilitoris_MAO6_contig
Vibrio_sagamiensis_NBRC_104589_contig
Vibrio_salilacus_DSG_S6_contig
Vibrio_satsumensis_JAMM0822_contig
Vibrio_scophthalmi_LMG_19158_contig
Vibrio_sinaloensis_CECT_7298_contig
Vibrio_sinensis_BEI233_contig
Vibrio_sinus_S4M6_contig
Vibrio_spartinae_CECT_9026_contig
Vibrio_splendidus_LMG_19031_contig
Vibrio_superstes_G3_29_contig
Vibrio_syngnathi_K08M4_contig
Vibrio_tapetis_subsp__quintayensis_CECT_8851_contig
Vibrio_tapetis_subsp__tapetis__contig
Vibrio_tasmaniensis_LMG_20012_contig
Vibrio_tetraodonis_A511_contig
Vibrio_tetraodonis_subsp__pristinus_OCN044_contig
Vibrio_thalassae_KCTC_32373_contig
Vibrio_toranzoniae_CECT_7225_contig
Vibrio_tritonius_JCM_16456_contig
Vibrio_tubiashii_ATCC_19109_contig
Vibrio_ulleungensis_188UL20_2_contig
Vibrio_viridaestus_LJC006_contig
Vibrio_wakamikoensis_JAMM2464_contig
Vibrio_xiamenensis_CGMCC_1_10228_contig
Vibrio_zhanjiangensis_NBRC_108723_contig
Vibrio_ziniensis_ZWAL4003_contig
11671_EXE_02_2024_3B1_unicycler
11671_EXE_02_2024_3B2_unicycler
11671_EXE_04_2024_1A1_unicycler
11671_EXE_04_2024_1B1_unicycler
11671_EXE_04_2024_2B3_unicycler
11813_EXE_01_2025_M_PBC74148_final
11813_EXE_03_2025_A_PBC74148_final
11813_EXE_20_2025_B_PBC74148_final
11813_EXE_22_2025_DG1LF_PBC7_final
11813_EXE_24_2025_E_PBC74148_final
11813_EXE_25_2025_25N_PBC74148_final
11813_EXE_26_2025_C_PBC74148_final
11813_EXE_28_2025_W_PBC74148_final
11813_EXE_30_2025_R_PBC74148_final
11813_EXE_33_2024_E_PBC74148_final
Vibrio_aestuarianus_LMG_7909_contig
Vibrio_agarilyticus_SM6_contig
Vibrio_agarivorans_CECT_5085_contig
Vibrio_albus_E4404_contig
Vibrio_alginolyticus_ATCC_17749_contig
Vibrio_amylolyticus_ZSDE26_contig
Vibrio_antiquarius_EX25_contig
Vibrio_aphrogenes_CA_1004_contig
Vibrio_apostichopi_FE10_contig
Vibrio_aquaticus_BEI207_contig
Vibrio_aquimaris_THAF100_contig
Vibrio_artabrorum_CECT_7226_contig
Vibrio_atlanticus_CECT_7223_contig
Vibrio_atypicus_DSM_25292_contig
Vibrio_azureus_LC2_005_contig
Vibrio_barjaei_3062_contig
Vibrio_bathopelagicus_Sal10_contig
Vibrio_bivalvicida_605_contig
Vibrio_brasiliensis_LMG_20546_contig
Vibrio_breoganii_CECT_7222_contig
Vibrio_campbellii_CAIM_519_contig
Vibrio_caribbeanicus_ATCC_BAA_2122_contig
Vibrio_casei_DSM_22364_contig
Vibrio_celticus_CECT_7224_contig
Vibrio_chaetopteri_CB1_14_contig
Vibrio_chagasii_LMG_21353_contig
Vibrio_chemaguriensis_Iso1_contig
Vibrio_cincinnatiensis_NCTC12012_contig
Vibrio_cionasavignyae_JAMM2507_contig
Vibrio_clamense_JAMM0920_contig
Vibrio_comitans_LMG_23416_contig
Vibrio_coralliilyticus_DSM_19607_contig
Vibrio_coralliirubri_DSM_27495_contig
Vibrio_cortegadensis_CECT_7227_contig
Vibrio_crassostreae_LMG_22240_contig
Vibrio_cyclitrophicus_LMG_21359_contig
Vibrio_diazotrophicus_ATCC_33466_contig
Vibrio_echinoideorum_DSM_107264_contig
Vibrio_europaeus_PP_638_contig
Vibrio_ezurae_HDS1_1_contig
Vibrio_floridensis_IRLE0018_contig
Vibrio_fluminensis_A621_contig
Vibrio_fortis_LMG_21557_contig
Vibrio_galatheae_S2757_contig
Vibrio_gallaecicus_CECT_7244_contig
Vibrio_gallicus_CIP_107863_contig
Vibrio_gangliei_DSM_104291_contig
Vibrio_gazogenes_ATCC_29988_contig
Vibrio_gelatinilyticus_ZSDZ34_contig
Vibrio_gigantis_LMG_22741_contig
Vibrio_glycogenivorans_WXL210_contig
Vibrio_halioticoli_IAM_14596_contig
Vibrio_hangzhouensis_CGMCC_1_7062_contig
Vibrio_harveyi_NCTC12970_contig
Vibrio_hepatarius_DSM_19134_contig
Vibrio_hibernica_B1_19_contig
Vibrio_hippocampi_CECT_8226_contig
Vibrio_hyugaensis_090810a_contig
Vibrio_injensis_M12_1144_contig
Vibrio_intestinalis_YLB_11_contig
Vibrio_inusitatus_LMG_23434_contig
Vibrio_iocasae_HN007_contig
Vibrio_ishigakensis_JCM_19231_contig
Vibrio_japonicus_JCM_31412_contig
Vibrio_jasicida_CAIM_1864_contig
Vibrio_kagoshimensis_JAMM0761_contig
Vibrio_kanaloae_LMG_20539_contig
Vibrio_kasasachensis_JAMM1812_contig
Vibrio_kyushuensis_JAMM1822_contig
Vibrio_lamellibrachiae_JAMM2626_contig
Vibrio_lentus_40M4T_contig
Vibrio_litoralis_DSM_17657_contig
Vibrio_maerlii_G62_contig
Vibrio_mangrovi_CECT_7927_contig
Vibrio_marinisediminis_404_contig
Vibrio_marisflavi_CECT_7928_contig
Vibrio_mediterranei__contig
Vibrio_methylphosphonaticus_S4B1_contig
Vibrio_metschnikovii_NCTC8443_contig
Vibrio_mytili_type_strain__CIP103929_contig
Vibrio_natriegens_CCUG_16371_contig
Vibrio_navarrensis_ATCC_51183_contig
Vibrio_neonatus_JCM_21521_contig
Vibrio_nereis_DSM_19584_contig
Vibrio_nitrifigilis_NFV_1_contig
Vibrio_nomapromontoriensis_JAMM1728_contig
Vibrio_olivae_CECT_8064_contig
Vibrio_orientalis_CIP_102891_contig
Vibrio_ostreicida_CECT_7398_contig
Vibrio_ouci_BEI176_contig
Vibrio_owensii_DY05_contig
Vibrio_pacinii_DSM_19139_contig
Vibrio_palustris_CECT_9027_contig
Vibrio_panuliri_JCM_19500_contig
Vibrio_parahaemolyticus_ATCC_17802_contig
Vibrio_pectenicida_LMG_19642_contig
Vibrio_pelagius_ATCC_25916_contig
Vibrio_penaeicida_IFO_15640_contig
Vibrio_plantisponsor_MSSRF60_contig
Vibrio_pomeroyi_LMG_20537_contig
Vibrio_ponticus_DSM_16217_contig
Vibrio_porteresiae_MSSRF30_contig
Vibrio_profundi_TP187_contig
Vibrio_proteolyticus_ATCC_15338_contig
Vibrio_rarus_LMG_23674_contig
Vibrio_renipiscarius_DCR_1_4_2_contig
Vibrio_rhizosphaerae_LMG_23790_contig
Vibrio_rhodolitus_G98_contig
Vibrio_rotiferianus_CAIM_577_contig
Vibrio_ruber_CECT_7878_contig
Vibrio_rumoiensis_FERM_P_14531_contig
Vibrio_sabulosilitoris_MAO6_contig
Vibrio_sagamiensis_NBRC_104589_contig
Vibrio_salilacus_DSG_S6_contig
Vibrio_satsumensis_JAMM0822_contig
Vibrio_scophthalmi_LMG_19158_contig
Vibrio_sinaloensis_CECT_7298_contig
Vibrio_sinensis_BEI233_contig
Vibrio_sinus_S4M6_contig
Vibrio_spartinae_CECT_9026_contig
Vibrio_splendidus_LMG_19031_contig
Vibrio_superstes_G3_29_contig
Vibrio_syngnathi_K08M4_contig
Vibrio_tapetis_subsp__quintayensis_CECT_8851_contig
Vibrio_tapetis_subsp__tapetis__contig
Vibrio_tasmaniensis_LMG_20012_contig
Vibrio_tetraodonis_A511_contig
Vibrio_tetraodonis_subsp__pristinus_OCN044_contig
Vibrio_thalassae_KCTC_32373_contig
Vibrio_toranzoniae_CECT_7225_contig
Vibrio_tritonius_JCM_16456_contig
Vibrio_tubiashii_ATCC_19109_contig
Vibrio_ulleungensis_188UL20_2_contig
Vibrio_viridaestus_LJC006_contig
Vibrio_wakamikoensis_JAMM2464_contig
Vibrio_xiamenensis_CGMCC_1_10228_contig
Vibrio_zhanjiangensis_NBRC_108723_contig
Vibrio_ziniensis_ZWAL4003_contig
11671_EXE_02_2024_3B1_unicycler
11671_EXE_02_2024_3B2_unicycler
11671_EXE_04_2024_1A1_unicycler
11671_EXE_04_2024_1B1_unicycler
11671_EXE_04_2024_2B3_unicycler
11813_EXE_01_2025_M_PBC74148_final
11813_EXE_03_2025_A_PBC74148_final
11813_EXE_20_2025_B_PBC74148_final
11813_EXE_22_2025_DG1LF_PBC7_final
11813_EXE_24_2025_E_PBC74148_final
11813_EXE_25_2025_25N_PBC74148_final
11813_EXE_26_2025_C_PBC74148_final
11813_EXE_28_2025_W_PBC74148_final
11813_EXE_30_2025_R_PBC74148_final
11813_EXE_33_2024_E_PBC74148_final
Vibrio_aestuarianus_LMG_7909_contig
Vibrio_agarilyticus_SM6_contig
Vibrio_agarivorans_CECT_5085_contig
Vibrio_albus_E4404_contig
Vibrio_alginolyticus_ATCC_17749_contig
Vibrio_amylolyticus_ZSDE26_contig
Vibrio_antiquarius_EX25_contig
Vibrio_aphrogenes_CA_1004_contig
Vibrio_apostichopi_FE10_contig
Vibrio_aquaticus_BEI207_contig
Vibrio_aquimaris_THAF100_contig
Vibrio_artabrorum_CECT_7226_contig
Vibrio_atlanticus_CECT_7223_contig
Vibrio_atypicus_DSM_25292_contig
Vibrio_azureus_LC2_005_contig
Vibrio_barjaei_3062_contig
Vibrio_bathopelagicus_Sal10_contig
Vibrio_bivalvicida_605_contig
Vibrio_brasiliensis_LMG_20546_contig
Vibrio_breoganii_CECT_7222_contig
Vibrio_campbellii_CAIM_519_contig
Vibrio_caribbeanicus_ATCC_BAA_2122_contig
Vibrio_casei_DSM_22364_contig
Vibrio_celticus_CECT_7224_contig
Vibrio_chaetopteri_CB1_14_contig
Vibrio_chagasii_LMG_21353_contig
Vibrio_chemaguriensis_Iso1_contig
Vibrio_cincinnatiensis_NCTC12012_contig
Vibrio_cionasavignyae_JAMM2507_contig
Vibrio_clamense_JAMM0920_contig
Vibrio_comitans_LMG_23416_contig
Vibrio_coralliilyticus_DSM_19607_contig
Vibrio_coralliirubri_DSM_27495_contig
Vibrio_cortegadensis_CECT_7227_contig
Vibrio_crassostreae_LMG_22240_contig
Vibrio_cyclitrophicus_LMG_21359_contig
Vibrio_diazotrophicus_ATCC_33466_contig
Vibrio_echinoideorum_DSM_107264_contig
Vibrio_europaeus_PP_638_contig
Vibrio_ezurae_HDS1_1_contig
Vibrio_floridensis_IRLE0018_contig
Vibrio_fluminensis_A621_contig
Vibrio_fortis_LMG_21557_contig
Vibrio_galatheae_S2757_contig
Vibrio_gallaecicus_CECT_7244_contig
Vibrio_gallicus_CIP_107863_contig
Vibrio_gangliei_DSM_104291_contig
Vibrio_gazogenes_ATCC_29988_contig
Vibrio_gelatinilyticus_ZSDZ34_contig
Vibrio_gigantis_LMG_22741_contig
Vibrio_glycogenivorans_WXL210_contig
Vibrio_halioticoli_IAM_14596_contig
Vibrio_hangzhouensis_CGMCC_1_7062_contig
Vibrio_harveyi_NCTC12970_contig
Vibrio_hepatarius_DSM_19134_contig
Vibrio_hibernica_B1_19_contig
Vibrio_hippocampi_CECT_8226_contig
Vibrio_hyugaensis_090810a_contig
Vibrio_injensis_M12_1144_contig
Vibrio_intestinalis_YLB_11_contig
Vibrio_inusitatus_LMG_23434_contig
Vibrio_iocasae_HN007_contig
Vibrio_ishigakensis_JCM_19231_contig
Vibrio_japonicus_JCM_31412_contig
Vibrio_jasicida_CAIM_1864_contig
Vibrio_kagoshimensis_JAMM0761_contig
Vibrio_kanaloae_LMG_20539_contig
Vibrio_kasasachensis_JAMM1812_contig
Vibrio_kyushuensis_JAMM1822_contig
Vibrio_lamellibrachiae_JAMM2626_contig
Vibrio_lentus_40M4T_contig
Vibrio_litoralis_DSM_17657_contig
Vibrio_maerlii_G62_contig
Vibrio_mangrovi_CECT_7927_contig
Vibrio_marinisediminis_404_contig
Vibrio_marisflavi_CECT_7928_contig
Vibrio_mediterranei__contig
Vibrio_methylphosphonaticus_S4B1_contig
Vibrio_metschnikovii_NCTC8443_contig
Vibrio_mytili_type_strain__CIP103929_contig
Vibrio_natriegens_CCUG_16371_contig
Vibrio_navarrensis_ATCC_51183_contig
Vibrio_neonatus_JCM_21521_contig
Vibrio_nereis_DSM_19584_contig
Vibrio_nitrifigilis_NFV_1_contig
Vibrio_nomapromontoriensis_JAMM1728_contig
Vibrio_olivae_CECT_8064_contig
Vibrio_orientalis_CIP_102891_contig
Vibrio_ostreicida_CECT_7398_contig
Vibrio_ouci_BEI176_contig
Vibrio_owensii_DY05_contig
Vibrio_pacinii_DSM_19139_contig
Vibrio_palustris_CECT_9027_contig
Vibrio_panuliri_JCM_19500_contig
Vibrio_parahaemolyticus_ATCC_17802_contig
Vibrio_pectenicida_LMG_19642_contig
Vibrio_pelagius_ATCC_25916_contig
Vibrio_penaeicida_IFO_15640_contig
Vibrio_plantisponsor_MSSRF60_contig
Vibrio_pomeroyi_LMG_20537_contig
Vibrio_ponticus_DSM_16217_contig
Vibrio_porteresiae_MSSRF30_contig
Vibrio_profundi_TP187_contig
Vibrio_proteolyticus_ATCC_15338_contig
Vibrio_rarus_LMG_23674_contig
Vibrio_renipiscarius_DCR_1_4_2_contig
Vibrio_rhizosphaerae_LMG_23790_contig
Vibrio_rhodolitus_G98_contig
Vibrio_rotiferianus_CAIM_577_contig
Vibrio_ruber_CECT_7878_contig
Vibrio_rumoiensis_FERM_P_14531_contig
Vibrio_sabulosilitoris_MAO6_contig
Vibrio_sagamiensis_NBRC_104589_contig
Vibrio_salilacus_DSG_S6_contig
Vibrio_satsumensis_JAMM0822_contig
Vibrio_scophthalmi_LMG_19158_contig
Vibrio_sinaloensis_CECT_7298_contig
Vibrio_sinensis_BEI233_contig
Vibrio_sinus_S4M6_contig
Vibrio_spartinae_CECT_9026_contig
Vibrio_splendidus_LMG_19031_contig
Vibrio_superstes_G3_29_contig
Vibrio_syngnathi_K08M4_contig
Vibrio_tapetis_subsp__quintayensis_CECT_8851_contig
Vibrio_tapetis_subsp__tapetis__contig
Vibrio_tasmaniensis_LMG_20012_contig
Vibrio_tetraodonis_A511_contig
Vibrio_tetraodonis_subsp__pristinus_OCN044_contig
Vibrio_thalassae_KCTC_32373_contig
Vibrio_toranzoniae_CECT_7225_contig
Vibrio_tritonius_JCM_16456_contig
Vibrio_tubiashii_ATCC_19109_contig
Vibrio_ulleungensis_188UL20_2_contig
Vibrio_viridaestus_LJC006_contig
Vibrio_wakamikoensis_JAMM2464_contig
Vibrio_xiamenensis_CGMCC_1_10228_contig
Vibrio_zhanjiangensis_NBRC_108723_contig
Vibrio_ziniensis_ZWAL4003_contig
11671_EXE_02_2024_3B1_unicycler
11671_EXE_02_2024_3B2_unicycler
11671_EXE_04_2024_1A1_unicycler
11671_EXE_04_2024_1B1_unicycler
11671_EXE_04_2024_2B3_unicycler
11813_EXE_01_2025_M_PBC74148_final
11813_EXE_03_2025_A_PBC74148_final
11813_EXE_20_2025_B_PBC74148_final
11813_EXE_22_2025_DG1LF_PBC7_final
11813_EXE_24_2025_E_PBC74148_final
11813_EXE_25_2025_25N_PBC74148_final
11813_EXE_26_2025_C_PBC74148_final
11813_EXE_28_2025_W_PBC74148_final
11813_EXE_30_2025_R_PBC74148_final
11813_EXE_33_2024_E_PBC74148_final
Vibrio_aestuarianus_LMG_7909_contig
Vibrio_agarilyticus_SM6_contig
Vibrio_agarivorans_CECT_5085_contig
Vibrio_albus_E4404_contig
Vibrio_alginolyticus_ATCC_17749_contig
Vibrio_amylolyticus_ZSDE26_contig
Vibrio_antiquarius_EX25_contig
Vibrio_aphrogenes_CA_1004_contig
Vibrio_apostichopi_FE10_contig
Vibrio_aquaticus_BEI207_contig
Vibrio_aquimaris_THAF100_contig
Vibrio_artabrorum_CECT_7226_contig
Vibrio_atlanticus_CECT_7223_contig
Vibrio_atypicus_DSM_25292_contig
Vibrio_azureus_LC2_005_contig
Vibrio_barjaei_3062_contig
Vibrio_bathopelagicus_Sal10_contig
Vibrio_bivalvicida_605_contig
Vibrio_brasiliensis_LMG_20546_contig
Vibrio_breoganii_CECT_7222_contig
Vibrio_campbellii_CAIM_519_contig
Vibrio_caribbeanicus_ATCC_BAA_2122_contig
Vibrio_casei_DSM_22364_contig
Vibrio_celticus_CECT_7224_contig
Vibrio_chaetopteri_CB1_14_contig
Vibrio_chagasii_LMG_21353_contig
Vibrio_chemaguriensis_Iso1_contig
Vibrio_cincinnatiensis_NCTC12012_contig
Vibrio_cionasavignyae_JAMM2507_contig
Vibrio_clamense_JAMM0920_contig
Vibrio_comitans_LMG_23416_contig
Vibrio_coralliilyticus_DSM_19607_contig
Vibrio_coralliirubri_DSM_27495_contig
Vibrio_cortegadensis_CECT_7227_contig
Vibrio_crassostreae_LMG_22240_contig
Vibrio_cyclitrophicus_LMG_21359_contig
Vibrio_diazotrophicus_ATCC_33466_contig
Vibrio_echinoideorum_DSM_107264_contig
Vibrio_europaeus_PP_638_contig
Vibrio_ezurae_HDS1_1_contig
Vibrio_floridensis_IRLE0018_contig
Vibrio_fluminensis_A621_contig
Vibrio_fortis_LMG_21557_contig
Vibrio_galatheae_S2757_contig
Vibrio_gallaecicus_CECT_7244_contig
Vibrio_gallicus_CIP_107863_contig
Vibrio_gangliei_DSM_104291_contig
Vibrio_gazogenes_ATCC_29988_contig
Vibrio_gelatinilyticus_ZSDZ34_contig
Vibrio_gigantis_LMG_22741_contig
Vibrio_glycogenivorans_WXL210_contig
Vibrio_halioticoli_IAM_14596_contig
Vibrio_hangzhouensis_CGMCC_1_7062_contig
Vibrio_harveyi_NCTC12970_contig
Vibrio_hepatarius_DSM_19134_contig
Vibrio_hibernica_B1_19_contig
Vibrio_hippocampi_CECT_8226_contig
Vibrio_hyugaensis_090810a_contig
Vibrio_injensis_M12_1144_contig
Vibrio_intestinalis_YLB_11_contig
Vibrio_inusitatus_LMG_23434_contig
Vibrio_iocasae_HN007_contig
Vibrio_ishigakensis_JCM_19231_contig
Vibrio_japonicus_JCM_31412_contig
Vibrio_jasicida_CAIM_1864_contig
Vibrio_kagoshimensis_JAMM0761_contig
Vibrio_kanaloae_LMG_20539_contig
Vibrio_kasasachensis_JAMM1812_contig
Vibrio_kyushuensis_JAMM1822_contig
Vibrio_lamellibrachiae_JAMM2626_contig
Vibrio_lentus_40M4T_contig
Vibrio_litoralis_DSM_17657_contig
Vibrio_maerlii_G62_contig
Vibrio_mangrovi_CECT_7927_contig
Vibrio_marinisediminis_404_contig
Vibrio_marisflavi_CECT_7928_contig
Vibrio_mediterranei__contig
Vibrio_methylphosphonaticus_S4B1_contig
Vibrio_metschnikovii_NCTC8443_contig
Vibrio_mytili_type_strain__CIP103929_contig
Vibrio_natriegens_CCUG_16371_contig
Vibrio_navarrensis_ATCC_51183_contig
Vibrio_neonatus_JCM_21521_contig
Vibrio_nereis_DSM_19584_contig
Vibrio_nitrifigilis_NFV_1_contig
Vibrio_nomapromontoriensis_JAMM1728_contig
Vibrio_olivae_CECT_8064_contig
Vibrio_orientalis_CIP_102891_contig
Vibrio_ostreicida_CECT_7398_contig
Vibrio_ouci_BEI176_contig
Vibrio_owensii_DY05_contig
Vibrio_pacinii_DSM_19139_contig
Vibrio_palustris_CECT_9027_contig
Vibrio_panuliri_JCM_19500_contig
Vibrio_parahaemolyticus_ATCC_17802_contig
Vibrio_pectenicida_LMG_19642_contig
Vibrio_pelagius_ATCC_25916_contig
Vibrio_penaeicida_IFO_15640_contig
Vibrio_plantisponsor_MSSRF60_contig
Vibrio_pomeroyi_LMG_20537_contig
Vibrio_ponticus_DSM_16217_contig
Vibrio_porteresiae_MSSRF30_contig
Vibrio_profundi_TP187_contig
Vibrio_proteolyticus_ATCC_15338_contig
Vibrio_rarus_LMG_23674_contig
Vibrio_renipiscarius_DCR_1_4_2_contig
Vibrio_rhizosphaerae_LMG_23790_contig
Vibrio_rhodolitus_G98_contig
Vibrio_rotiferianus_CAIM_577_contig
Vibrio_ruber_CECT_7878_contig
Vibrio_rumoiensis_FERM_P_14531_contig
Vibrio_sabulosilitoris_MAO6_contig
Vibrio_sagamiensis_NBRC_104589_contig
Vibrio_salilacus_DSG_S6_contig
Vibrio_satsumensis_JAMM0822_contig
Vibrio_scophthalmi_LMG_19158_contig
Vibrio_sinaloensis_CECT_7298_contig
Vibrio_sinensis_BEI233_contig
Vibrio_sinus_S4M6_contig
Vibrio_spartinae_CECT_9026_contig
Vibrio_splendidus_LMG_19031_contig
Vibrio_superstes_G3_29_contig
Vibrio_syngnathi_K08M4_contig
Vibrio_tapetis_subsp__quintayensis_CECT_8851_contig
Vibrio_tapetis_subsp__tapetis__contig
Vibrio_tasmaniensis_LMG_20012_contig
Vibrio_tetraodonis_A511_contig
Vibrio_tetraodonis_subsp__pristinus_OCN044_contig
Vibrio_thalassae_KCTC_32373_contig
Vibrio_toranzoniae_CECT_7225_contig
Vibrio_tritonius_JCM_16456_contig
Vibrio_tubiashii_ATCC_19109_contig
Vibrio_ulleungensis_188UL20_2_contig
Vibrio_viridaestus_LJC006_contig
Vibrio_wakamikoensis_JAMM2464_contig
Vibrio_xiamenensis_CGMCC_1_10228_contig
Vibrio_zhanjiangensis_NBRC_108723_contig
Vibrio_ziniensis_ZWAL4003_contig
Creating SNP stats file. 
SNP alignment complete.
Reconstructing phylogeny using FastTree
export OMP_NUM_THREADS=1; FastTree -quiet -nt -gtr < /data/djs217/PROJECTS/56_Vibrio_phaME/01_all_species/03_workdir/results/all_vibrio_fastree_all_snp_alignment.fna > /data/djs217/PROJECTS/56_Vibrio_phaME/01_all_species/03_workdir/results/all_vibrio_fastree_all.fasttree 2>>/data/djs217/PROJECTS/56_Vibrio_phaME/01_all_species/03_workdir/results/all_vibrio_fastree.error 

Tree phylogeny complete.
