
Running self-nucmer on /data/djs217/PROJECTS/56_Vibrio_phaME/01_all_species/03_workdir/files/11813_EXE_29_2025_V_PBC74148_final.fna
[RUNNING:] nucmer --maxmatch --nosimplify --prefix=seq_seq2441496 /data/djs217/PROJECTS/56_Vibrio_phaME/01_all_species/03_workdir/files/11813_EXE_29_2025_V_PBC74148_final.fna /data/djs217/PROJECTS/56_Vibrio_phaME/01_all_species/03_workdir/files/11813_EXE_29_2025_V_PBC74148_final.fna 2>/dev/null
[RUNNING:] show-coords -r -I 97 -L 75 -T seq_seq2441496.delta | awk '$1 != $3 || $2 != $4 && $8==$9 {print}' > seq_seq2441496.coords

Running self-nucmer on /data/djs217/PROJECTS/56_Vibrio_phaME/01_all_species/03_workdir/files/11813_EXE_30_2025_R_PBC74148_final.fna
[RUNNING:] nucmer --maxmatch --nosimplify --prefix=seq_seq2441559 /data/djs217/PROJECTS/56_Vibrio_phaME/01_all_species/03_workdir/files/11813_EXE_30_2025_R_PBC74148_final.fna /data/djs217/PROJECTS/56_Vibrio_phaME/01_all_species/03_workdir/files/11813_EXE_30_2025_R_PBC74148_final.fna 2>/dev/null
[RUNNING:] show-coords -r -I 97 -L 75 -T seq_seq2441559.delta | awk '$1 != $3 || $2 != $4 && $8==$9 {print}' > seq_seq2441559.coords

Running self-nucmer on /data/djs217/PROJECTS/56_Vibrio_phaME/01_all_species/03_workdir/files/11813_EXE_29_2025_K_PBC74148_final.fna
[RUNNING:] nucmer --maxmatch --nosimplify --prefix=seq_seq2441631 /data/djs217/PROJECTS/56_Vibrio_phaME/01_all_species/03_workdir/files/11813_EXE_29_2025_K_PBC74148_final.fna /data/djs217/PROJECTS/56_Vibrio_phaME/01_all_species/03_workdir/files/11813_EXE_29_2025_K_PBC74148_final.fna 2>/dev/null
[RUNNING:] show-coords -r -I 97 -L 75 -T seq_seq2441631.delta | awk '$1 != $3 || $2 != $4 && $8==$9 {print}' > seq_seq2441631.coords

Running self-nucmer on /data/djs217/PROJECTS/56_Vibrio_phaME/01_all_species/03_workdir/files/11813_EXE_20_2024_J_PBC74148_final.fna
[RUNNING:] nucmer --maxmatch --nosimplify --prefix=seq_seq2441712 /data/djs217/PROJECTS/56_Vibrio_phaME/01_all_species/03_workdir/files/11813_EXE_20_2024_J_PBC74148_final.fna /data/djs217/PROJECTS/56_Vibrio_phaME/01_all_species/03_workdir/files/11813_EXE_20_2024_J_PBC74148_final.fna 2>/dev/null
[RUNNING:] show-coords -r -I 97 -L 75 -T seq_seq2441712.delta | awk '$1 != $3 || $2 != $4 && $8==$9 {print}' > seq_seq2441712.coords

Running self-nucmer on /data/djs217/PROJECTS/56_Vibrio_phaME/01_all_species/03_workdir/files/11813_EXE_30_2025_L_PBC74148_final.fna
[RUNNING:] nucmer --maxmatch --nosimplify --prefix=seq_seq2441768 /data/djs217/PROJECTS/56_Vibrio_phaME/01_all_species/03_workdir/files/11813_EXE_30_2025_L_PBC74148_final.fna /data/djs217/PROJECTS/56_Vibrio_phaME/01_all_species/03_workdir/files/11813_EXE_30_2025_L_PBC74148_final.fna 2>/dev/null
[RUNNING:] show-coords -r -I 97 -L 75 -T seq_seq2441768.delta | awk '$1 != $3 || $2 != $4 && $8==$9 {print}' > seq_seq2441768.coords

Running self-nucmer on /data/djs217/PROJECTS/56_Vibrio_phaME/01_all_species/03_workdir/files/11813_EXE_09_2024_B_PBC74148_final.fna
[RUNNING:] nucmer --maxmatch --nosimplify --prefix=seq_seq2441832 /data/djs217/PROJECTS/56_Vibrio_phaME/01_all_species/03_workdir/files/11813_EXE_09_2024_B_PBC74148_final.fna /data/djs217/PROJECTS/56_Vibrio_phaME/01_all_species/03_workdir/files/11813_EXE_09_2024_B_PBC74148_final.fna 2>/dev/null
[RUNNING:] show-coords -r -I 97 -L 75 -T seq_seq2441832.delta | awk '$1 != $3 || $2 != $4 && $8==$9 {print}' > seq_seq2441832.coords

Running self-nucmer on /data/djs217/PROJECTS/56_Vibrio_phaME/01_all_species/03_workdir/files/11813_EX_23_2024_K_PBC74148_final.fna
[RUNNING:] nucmer --maxmatch --nosimplify --prefix=seq_seq2441895 /data/djs217/PROJECTS/56_Vibrio_phaME/01_all_species/03_workdir/files/11813_EX_23_2024_K_PBC74148_final.fna /data/djs217/PROJECTS/56_Vibrio_phaME/01_all_species/03_workdir/files/11813_EX_23_2024_K_PBC74148_final.fna 2>/dev/null
[RUNNING:] show-coords -r -I 97 -L 75 -T seq_seq2441895.delta | awk '$1 != $3 || $2 != $4 && $8==$9 {print}' > seq_seq2441895.coords

Running self-nucmer on /data/djs217/PROJECTS/56_Vibrio_phaME/01_all_species/03_workdir/files/11813_EXE_28_2025_W_PBC74148_final.fna
[RUNNING:] nucmer --maxmatch --nosimplify --prefix=seq_seq2441958 /data/djs217/PROJECTS/56_Vibrio_phaME/01_all_species/03_workdir/files/11813_EXE_28_2025_W_PBC74148_final.fna /data/djs217/PROJECTS/56_Vibrio_phaME/01_all_species/03_workdir/files/11813_EXE_28_2025_W_PBC74148_final.fna 2>/dev/null
[RUNNING:] show-coords -r -I 97 -L 75 -T seq_seq2441958.delta | awk '$1 != $3 || $2 != $4 && $8==$9 {print}' > seq_seq2441958.coords

Running self-nucmer on /data/djs217/PROJECTS/56_Vibrio_phaME/01_all_species/03_workdir/files/EXE_01_2025_M_final.fna
[RUNNING:] nucmer --maxmatch --nosimplify --prefix=seq_seq2442021 /data/djs217/PROJECTS/56_Vibrio_phaME/01_all_species/03_workdir/files/EXE_01_2025_M_final.fna /data/djs217/PROJECTS/56_Vibrio_phaME/01_all_species/03_workdir/files/EXE_01_2025_M_final.fna 2>/dev/null
[RUNNING:] show-coords -r -I 97 -L 75 -T seq_seq2442021.delta | awk '$1 != $3 || $2 != $4 && $8==$9 {print}' > seq_seq2442021.coords

Running self-nucmer on /data/djs217/PROJECTS/56_Vibrio_phaME/01_all_species/03_workdir/files/EXE_33_2024_E_final.fna
[RUNNING:] nucmer --maxmatch --nosimplify --prefix=seq_seq2442084 /data/djs217/PROJECTS/56_Vibrio_phaME/01_all_species/03_workdir/files/EXE_33_2024_E_final.fna /data/djs217/PROJECTS/56_Vibrio_phaME/01_all_species/03_workdir/files/EXE_33_2024_E_final.fna 2>/dev/null
[RUNNING:] show-coords -r -I 97 -L 75 -T seq_seq2442084.delta | awk '$1 != $3 || $2 != $4 && $8==$9 {print}' > seq_seq2442084.coords

Running self-nucmer on /data/djs217/PROJECTS/56_Vibrio_phaME/01_all_species/03_workdir/files/11813_EXE22_2025_IVF5LA_PBC74148_final.fna
[RUNNING:] nucmer --maxmatch --nosimplify --prefix=seq_seq2442139 /data/djs217/PROJECTS/56_Vibrio_phaME/01_all_species/03_workdir/files/11813_EXE22_2025_IVF5LA_PBC74148_final.fna /data/djs217/PROJECTS/56_Vibrio_phaME/01_all_species/03_workdir/files/11813_EXE22_2025_IVF5LA_PBC74148_final.fna 2>/dev/null
[RUNNING:] show-coords -r -I 97 -L 75 -T seq_seq2442139.delta | awk '$1 != $3 || $2 != $4 && $8==$9 {print}' > seq_seq2442139.coords

Running self-nucmer on /data/djs217/PROJECTS/56_Vibrio_phaME/01_all_species/03_workdir/files/11813_EXE_03_2025_A_PBC74148_final.fna
[RUNNING:] nucmer --maxmatch --nosimplify --prefix=seq_seq2442219 /data/djs217/PROJECTS/56_Vibrio_phaME/01_all_species/03_workdir/files/11813_EXE_03_2025_A_PBC74148_final.fna /data/djs217/PROJECTS/56_Vibrio_phaME/01_all_species/03_workdir/files/11813_EXE_03_2025_A_PBC74148_final.fna 2>/dev/null
[RUNNING:] show-coords -r -I 97 -L 75 -T seq_seq2442219.delta | awk '$1 != $3 || $2 != $4 && $8==$9 {print}' > seq_seq2442219.coords

Running self-nucmer on /data/djs217/PROJECTS/56_Vibrio_phaME/01_all_species/03_workdir/files/11813_EXE_26_2025_C_PBC74148_final.fna
[RUNNING:] nucmer --maxmatch --nosimplify --prefix=seq_seq2442266 /data/djs217/PROJECTS/56_Vibrio_phaME/01_all_species/03_workdir/files/11813_EXE_26_2025_C_PBC74148_final.fna /data/djs217/PROJECTS/56_Vibrio_phaME/01_all_species/03_workdir/files/11813_EXE_26_2025_C_PBC74148_final.fna 2>/dev/null
[RUNNING:] show-coords -r -I 97 -L 75 -T seq_seq2442266.delta | awk '$1 != $3 || $2 != $4 && $8==$9 {print}' > seq_seq2442266.coords

Running self-nucmer on /data/djs217/PROJECTS/56_Vibrio_phaME/01_all_species/03_workdir/files/11813_EXE_33_2024_F_PBC74148_final.fna
[RUNNING:] nucmer --maxmatch --nosimplify --prefix=seq_seq2442337 /data/djs217/PROJECTS/56_Vibrio_phaME/01_all_species/03_workdir/files/11813_EXE_33_2024_F_PBC74148_final.fna /data/djs217/PROJECTS/56_Vibrio_phaME/01_all_species/03_workdir/files/11813_EXE_33_2024_F_PBC74148_final.fna 2>/dev/null
[RUNNING:] show-coords -r -I 97 -L 75 -T seq_seq2442337.delta | awk '$1 != $3 || $2 != $4 && $8==$9 {print}' > seq_seq2442337.coords

Running self-nucmer on /data/djs217/PROJECTS/56_Vibrio_phaME/01_all_species/03_workdir/files/11813_EXE_22_2025_DG1LF_PBC7_final.fna
[RUNNING:] nucmer --maxmatch --nosimplify --prefix=seq_seq2442392 /data/djs217/PROJECTS/56_Vibrio_phaME/01_all_species/03_workdir/files/11813_EXE_22_2025_DG1LF_PBC7_final.fna /data/djs217/PROJECTS/56_Vibrio_phaME/01_all_species/03_workdir/files/11813_EXE_22_2025_DG1LF_PBC7_final.fna 2>/dev/null
[RUNNING:] show-coords -r -I 97 -L 75 -T seq_seq2442392.delta | awk '$1 != $3 || $2 != $4 && $8==$9 {print}' > seq_seq2442392.coords

Running self-nucmer on /data/djs217/PROJECTS/56_Vibrio_phaME/01_all_species/03_workdir/files/11671_EXE_02_2024_3B2_unicycler.fna
[RUNNING:] nucmer --maxmatch --nosimplify --prefix=seq_seq2442504 /data/djs217/PROJECTS/56_Vibrio_phaME/01_all_species/03_workdir/files/11671_EXE_02_2024_3B2_unicycler.fna /data/djs217/PROJECTS/56_Vibrio_phaME/01_all_species/03_workdir/files/11671_EXE_02_2024_3B2_unicycler.fna 2>/dev/null
[RUNNING:] show-coords -r -I 97 -L 75 -T seq_seq2442504.delta | awk '$1 != $3 || $2 != $4 && $8==$9 {print}' > seq_seq2442504.coords

Running self-nucmer on /data/djs217/PROJECTS/56_Vibrio_phaME/01_all_species/03_workdir/files/11813_EXE_23_2025_L_PBC74148_final.fna
[RUNNING:] nucmer --maxmatch --nosimplify --prefix=seq_seq2442567 /data/djs217/PROJECTS/56_Vibrio_phaME/01_all_species/03_workdir/files/11813_EXE_23_2025_L_PBC74148_final.fna /data/djs217/PROJECTS/56_Vibrio_phaME/01_all_species/03_workdir/files/11813_EXE_23_2025_L_PBC74148_final.fna 2>/dev/null
[RUNNING:] show-coords -r -I 97 -L 75 -T seq_seq2442567.delta | awk '$1 != $3 || $2 != $4 && $8==$9 {print}' > seq_seq2442567.coords

Running self-nucmer on /data/djs217/PROJECTS/56_Vibrio_phaME/01_all_species/03_workdir/files/11813_EXE_33_2024_E_PBC74148_final.fna
[RUNNING:] nucmer --maxmatch --nosimplify --prefix=seq_seq2442646 /data/djs217/PROJECTS/56_Vibrio_phaME/01_all_species/03_workdir/files/11813_EXE_33_2024_E_PBC74148_final.fna /data/djs217/PROJECTS/56_Vibrio_phaME/01_all_species/03_workdir/files/11813_EXE_33_2024_E_PBC74148_final.fna 2>/dev/null
[RUNNING:] show-coords -r -I 97 -L 75 -T seq_seq2442646.delta | awk '$1 != $3 || $2 != $4 && $8==$9 {print}' > seq_seq2442646.coords

Running self-nucmer on /data/djs217/PROJECTS/56_Vibrio_phaME/01_all_species/03_workdir/files/EXE_30_2025_R_final.fna
[RUNNING:] nucmer --maxmatch --nosimplify --prefix=seq_seq2442709 /data/djs217/PROJECTS/56_Vibrio_phaME/01_all_species/03_workdir/files/EXE_30_2025_R_final.fna /data/djs217/PROJECTS/56_Vibrio_phaME/01_all_species/03_workdir/files/EXE_30_2025_R_final.fna 2>/dev/null
[RUNNING:] show-coords -r -I 97 -L 75 -T seq_seq2442709.delta | awk '$1 != $3 || $2 != $4 && $8==$9 {print}' > seq_seq2442709.coords

Running self-nucmer on /data/djs217/PROJECTS/56_Vibrio_phaME/01_all_species/03_workdir/files/11671_Guernsey_unicycler.fna
[RUNNING:] nucmer --maxmatch --nosimplify --prefix=seq_seq2442772 /data/djs217/PROJECTS/56_Vibrio_phaME/01_all_species/03_workdir/files/11671_Guernsey_unicycler.fna /data/djs217/PROJECTS/56_Vibrio_phaME/01_all_species/03_workdir/files/11671_Guernsey_unicycler.fna 2>/dev/null
[RUNNING:] show-coords -r -I 97 -L 75 -T seq_seq2442772.delta | awk '$1 != $3 || $2 != $4 && $8==$9 {print}' > seq_seq2442772.coords

Running self-nucmer on /data/djs217/PROJECTS/56_Vibrio_phaME/01_all_species/03_workdir/files/11813_EXE_22_2025_DG3A_PBC74148_barcode18_final.fna
[RUNNING:] nucmer --maxmatch --nosimplify --prefix=seq_seq2442835 /data/djs217/PROJECTS/56_Vibrio_phaME/01_all_species/03_workdir/files/11813_EXE_22_2025_DG3A_PBC74148_barcode18_final.fna /data/djs217/PROJECTS/56_Vibrio_phaME/01_all_species/03_workdir/files/11813_EXE_22_2025_DG3A_PBC74148_barcode18_final.fna 2>/dev/null
[RUNNING:] show-coords -r -I 97 -L 75 -T seq_seq2442835.delta | awk '$1 != $3 || $2 != $4 && $8==$9 {print}' > seq_seq2442835.coords

Running self-nucmer on /data/djs217/PROJECTS/56_Vibrio_phaME/01_all_species/03_workdir/files/11671_EXE_19_2024_C_unicycler.fna
[RUNNING:] nucmer --maxmatch --nosimplify --prefix=seq_seq2442931 /data/djs217/PROJECTS/56_Vibrio_phaME/01_all_species/03_workdir/files/11671_EXE_19_2024_C_unicycler.fna /data/djs217/PROJECTS/56_Vibrio_phaME/01_all_species/03_workdir/files/11671_EXE_19_2024_C_unicycler.fna 2>/dev/null
[RUNNING:] show-coords -r -I 97 -L 75 -T seq_seq2442931.delta | awk '$1 != $3 || $2 != $4 && $8==$9 {print}' > seq_seq2442931.coords

Running self-nucmer on /data/djs217/PROJECTS/56_Vibrio_phaME/01_all_species/03_workdir/files/11671_EXE_26_2024_C_unicycler.fna
[RUNNING:] nucmer --maxmatch --nosimplify --prefix=seq_seq2442994 /data/djs217/PROJECTS/56_Vibrio_phaME/01_all_species/03_workdir/files/11671_EXE_26_2024_C_unicycler.fna /data/djs217/PROJECTS/56_Vibrio_phaME/01_all_species/03_workdir/files/11671_EXE_26_2024_C_unicycler.fna 2>/dev/null
[RUNNING:] show-coords -r -I 97 -L 75 -T seq_seq2442994.delta | awk '$1 != $3 || $2 != $4 && $8==$9 {print}' > seq_seq2442994.coords

Running self-nucmer on /data/djs217/PROJECTS/56_Vibrio_phaME/01_all_species/03_workdir/files/11813_EXE_24_2025_E_PBC74148_final.fna
[RUNNING:] nucmer --maxmatch --nosimplify --prefix=seq_seq2443057 /data/djs217/PROJECTS/56_Vibrio_phaME/01_all_species/03_workdir/files/11813_EXE_24_2025_E_PBC74148_final.fna /data/djs217/PROJECTS/56_Vibrio_phaME/01_all_species/03_workdir/files/11813_EXE_24_2025_E_PBC74148_final.fna 2>/dev/null
[RUNNING:] show-coords -r -I 97 -L 75 -T seq_seq2443057.delta | awk '$1 != $3 || $2 != $4 && $8==$9 {print}' > seq_seq2443057.coords

Running self-nucmer on /data/djs217/PROJECTS/56_Vibrio_phaME/01_all_species/03_workdir/files/11671_EXE_45_2024_E_unicycler.fna
[RUNNING:] nucmer --maxmatch --nosimplify --prefix=seq_seq2443080 /data/djs217/PROJECTS/56_Vibrio_phaME/01_all_species/03_workdir/files/11671_EXE_45_2024_E_unicycler.fna /data/djs217/PROJECTS/56_Vibrio_phaME/01_all_species/03_workdir/files/11671_EXE_45_2024_E_unicycler.fna 2>/dev/null
[RUNNING:] show-coords -r -I 97 -L 75 -T seq_seq2443080.delta | awk '$1 != $3 || $2 != $4 && $8==$9 {print}' > seq_seq2443080.coords

Running self-nucmer on /data/djs217/PROJECTS/56_Vibrio_phaME/01_all_species/03_workdir/files/11671_EXE_25_2024_H_unicycler.fna
[RUNNING:] nucmer --maxmatch --nosimplify --prefix=seq_seq2443145 /data/djs217/PROJECTS/56_Vibrio_phaME/01_all_species/03_workdir/files/11671_EXE_25_2024_H_unicycler.fna /data/djs217/PROJECTS/56_Vibrio_phaME/01_all_species/03_workdir/files/11671_EXE_25_2024_H_unicycler.fna 2>/dev/null
[RUNNING:] show-coords -r -I 97 -L 75 -T seq_seq2443145.delta | awk '$1 != $3 || $2 != $4 && $8==$9 {print}' > seq_seq2443145.coords

Running self-nucmer on /data/djs217/PROJECTS/56_Vibrio_phaME/01_all_species/03_workdir/files/11813_EXE_26_2025_A_PBC74148_final.fna
[RUNNING:] nucmer --maxmatch --nosimplify --prefix=seq_seq2443208 /data/djs217/PROJECTS/56_Vibrio_phaME/01_all_species/03_workdir/files/11813_EXE_26_2025_A_PBC74148_final.fna /data/djs217/PROJECTS/56_Vibrio_phaME/01_all_species/03_workdir/files/11813_EXE_26_2025_A_PBC74148_final.fna 2>/dev/null
[RUNNING:] show-coords -r -I 97 -L 75 -T seq_seq2443208.delta | awk '$1 != $3 || $2 != $4 && $8==$9 {print}' > seq_seq2443208.coords

Running self-nucmer on /data/djs217/PROJECTS/56_Vibrio_phaME/01_all_species/03_workdir/files/11813_EXE_01_2024_7_PBC74148_final.fna
[RUNNING:] nucmer --maxmatch --nosimplify --prefix=seq_seq2443287 /data/djs217/PROJECTS/56_Vibrio_phaME/01_all_species/03_workdir/files/11813_EXE_01_2024_7_PBC74148_final.fna /data/djs217/PROJECTS/56_Vibrio_phaME/01_all_species/03_workdir/files/11813_EXE_01_2024_7_PBC74148_final.fna 2>/dev/null
[RUNNING:] show-coords -r -I 97 -L 75 -T seq_seq2443287.delta | awk '$1 != $3 || $2 != $4 && $8==$9 {print}' > seq_seq2443287.coords

Running self-nucmer on /data/djs217/PROJECTS/56_Vibrio_phaME/01_all_species/03_workdir/files/11813_EXE_19_2024_M_PBC74148_final.fna
[RUNNING:] nucmer --maxmatch --nosimplify --prefix=seq_seq2443350 /data/djs217/PROJECTS/56_Vibrio_phaME/01_all_species/03_workdir/files/11813_EXE_19_2024_M_PBC74148_final.fna /data/djs217/PROJECTS/56_Vibrio_phaME/01_all_species/03_workdir/files/11813_EXE_19_2024_M_PBC74148_final.fna 2>/dev/null
[RUNNING:] show-coords -r -I 97 -L 75 -T seq_seq2443350.delta | awk '$1 != $3 || $2 != $4 && $8==$9 {print}' > seq_seq2443350.coords

Running self-nucmer on /data/djs217/PROJECTS/56_Vibrio_phaME/01_all_species/03_workdir/files/11813_EXE_30_2024_F_PBC74148_final.fna
[RUNNING:] nucmer --maxmatch --nosimplify --prefix=seq_seq2443405 /data/djs217/PROJECTS/56_Vibrio_phaME/01_all_species/03_workdir/files/11813_EXE_30_2024_F_PBC74148_final.fna /data/djs217/PROJECTS/56_Vibrio_phaME/01_all_species/03_workdir/files/11813_EXE_30_2024_F_PBC74148_final.fna 2>/dev/null
[RUNNING:] show-coords -r -I 97 -L 75 -T seq_seq2443405.delta | awk '$1 != $3 || $2 != $4 && $8==$9 {print}' > seq_seq2443405.coords

Running self-nucmer on /data/djs217/PROJECTS/56_Vibrio_phaME/01_all_species/03_workdir/files/11813_EXE_30_2025_S_PBC74148_final.fna
[RUNNING:] nucmer --maxmatch --nosimplify --prefix=seq_seq2443468 /data/djs217/PROJECTS/56_Vibrio_phaME/01_all_species/03_workdir/files/11813_EXE_30_2025_S_PBC74148_final.fna /data/djs217/PROJECTS/56_Vibrio_phaME/01_all_species/03_workdir/files/11813_EXE_30_2025_S_PBC74148_final.fna 2>/dev/null
[RUNNING:] show-coords -r -I 97 -L 75 -T seq_seq2443468.delta | awk '$1 != $3 || $2 != $4 && $8==$9 {print}' > seq_seq2443468.coords

Running self-nucmer on /data/djs217/PROJECTS/56_Vibrio_phaME/01_all_species/03_workdir/files/11671_EXE_22_2024_B_unicycler.fna
[RUNNING:] nucmer --maxmatch --nosimplify --prefix=seq_seq2443523 /data/djs217/PROJECTS/56_Vibrio_phaME/01_all_species/03_workdir/files/11671_EXE_22_2024_B_unicycler.fna /data/djs217/PROJECTS/56_Vibrio_phaME/01_all_species/03_workdir/files/11671_EXE_22_2024_B_unicycler.fna 2>/dev/null
[RUNNING:] show-coords -r -I 97 -L 75 -T seq_seq2443523.delta | awk '$1 != $3 || $2 != $4 && $8==$9 {print}' > seq_seq2443523.coords

Running self-nucmer on /data/djs217/PROJECTS/56_Vibrio_phaME/01_all_species/03_workdir/files/11813_EXE_34_2024_C_PBC74148_final.fna
[RUNNING:] nucmer --maxmatch --nosimplify --prefix=seq_seq2443610 /data/djs217/PROJECTS/56_Vibrio_phaME/01_all_species/03_workdir/files/11813_EXE_34_2024_C_PBC74148_final.fna /data/djs217/PROJECTS/56_Vibrio_phaME/01_all_species/03_workdir/files/11813_EXE_34_2024_C_PBC74148_final.fna 2>/dev/null
[RUNNING:] show-coords -r -I 97 -L 75 -T seq_seq2443610.delta | awk '$1 != $3 || $2 != $4 && $8==$9 {print}' > seq_seq2443610.coords

Running self-nucmer on /data/djs217/PROJECTS/56_Vibrio_phaME/01_all_species/03_workdir/files/11813_EXE_22_2025_T1A_PBC74148_final.fna
[RUNNING:] nucmer --maxmatch --nosimplify --prefix=seq_seq2443673 /data/djs217/PROJECTS/56_Vibrio_phaME/01_all_species/03_workdir/files/11813_EXE_22_2025_T1A_PBC74148_final.fna /data/djs217/PROJECTS/56_Vibrio_phaME/01_all_species/03_workdir/files/11813_EXE_22_2025_T1A_PBC74148_final.fna 2>/dev/null
[RUNNING:] show-coords -r -I 97 -L 75 -T seq_seq2443673.delta | awk '$1 != $3 || $2 != $4 && $8==$9 {print}' > seq_seq2443673.coords

Running self-nucmer on /data/djs217/PROJECTS/56_Vibrio_phaME/01_all_species/03_workdir/files/11813_EXE_21_2025_F_PBC74148_final.fna
[RUNNING:] nucmer --maxmatch --nosimplify --prefix=seq_seq2443744 /data/djs217/PROJECTS/56_Vibrio_phaME/01_all_species/03_workdir/files/11813_EXE_21_2025_F_PBC74148_final.fna /data/djs217/PROJECTS/56_Vibrio_phaME/01_all_species/03_workdir/files/11813_EXE_21_2025_F_PBC74148_final.fna 2>/dev/null
[RUNNING:] show-coords -r -I 97 -L 75 -T seq_seq2443744.delta | awk '$1 != $3 || $2 != $4 && $8==$9 {print}' > seq_seq2443744.coords

Running self-nucmer on /data/djs217/PROJECTS/56_Vibrio_phaME/01_all_species/03_workdir/files/11671_EXE_04_2024_1A1_unicycler.fna
[RUNNING:] nucmer --maxmatch --nosimplify --prefix=seq_seq2443807 /data/djs217/PROJECTS/56_Vibrio_phaME/01_all_species/03_workdir/files/11671_EXE_04_2024_1A1_unicycler.fna /data/djs217/PROJECTS/56_Vibrio_phaME/01_all_species/03_workdir/files/11671_EXE_04_2024_1A1_unicycler.fna 2>/dev/null
[RUNNING:] show-coords -r -I 97 -L 75 -T seq_seq2443807.delta | awk '$1 != $3 || $2 != $4 && $8==$9 {print}' > seq_seq2443807.coords

Running self-nucmer on /data/djs217/PROJECTS/56_Vibrio_phaME/01_all_species/03_workdir/files/11813_EXE_27_2025_D_PBC74148_final.fna
[RUNNING:] nucmer --maxmatch --nosimplify --prefix=seq_seq2443870 /data/djs217/PROJECTS/56_Vibrio_phaME/01_all_species/03_workdir/files/11813_EXE_27_2025_D_PBC74148_final.fna /data/djs217/PROJECTS/56_Vibrio_phaME/01_all_species/03_workdir/files/11813_EXE_27_2025_D_PBC74148_final.fna 2>/dev/null
[RUNNING:] show-coords -r -I 97 -L 75 -T seq_seq2443870.delta | awk '$1 != $3 || $2 != $4 && $8==$9 {print}' > seq_seq2443870.coords

Running self-nucmer on /data/djs217/PROJECTS/56_Vibrio_phaME/01_all_species/03_workdir/files/EXE_08_2024_A_final.fna
[RUNNING:] nucmer --maxmatch --nosimplify --prefix=seq_seq2443925 /data/djs217/PROJECTS/56_Vibrio_phaME/01_all_species/03_workdir/files/EXE_08_2024_A_final.fna /data/djs217/PROJECTS/56_Vibrio_phaME/01_all_species/03_workdir/files/EXE_08_2024_A_final.fna 2>/dev/null
[RUNNING:] show-coords -r -I 97 -L 75 -T seq_seq2443925.delta | awk '$1 != $3 || $2 != $4 && $8==$9 {print}' > seq_seq2443925.coords

Running self-nucmer on /data/djs217/PROJECTS/56_Vibrio_phaME/01_all_species/03_workdir/files/11813_EXE_01_2025_M_PBC74148_final.fna
[RUNNING:] nucmer --maxmatch --nosimplify --prefix=seq_seq2443988 /data/djs217/PROJECTS/56_Vibrio_phaME/01_all_species/03_workdir/files/11813_EXE_01_2025_M_PBC74148_final.fna /data/djs217/PROJECTS/56_Vibrio_phaME/01_all_species/03_workdir/files/11813_EXE_01_2025_M_PBC74148_final.fna 2>/dev/null
[RUNNING:] show-coords -r -I 97 -L 75 -T seq_seq2443988.delta | awk '$1 != $3 || $2 != $4 && $8==$9 {print}' > seq_seq2443988.coords

Running self-nucmer on /data/djs217/PROJECTS/56_Vibrio_phaME/01_all_species/03_workdir/files/11813_EXE_05_2024_A_PBC74148_final.fna
[RUNNING:] nucmer --maxmatch --nosimplify --prefix=seq_seq2444035 /data/djs217/PROJECTS/56_Vibrio_phaME/01_all_species/03_workdir/files/11813_EXE_05_2024_A_PBC74148_final.fna /data/djs217/PROJECTS/56_Vibrio_phaME/01_all_species/03_workdir/files/11813_EXE_05_2024_A_PBC74148_final.fna 2>/dev/null
[RUNNING:] show-coords -r -I 97 -L 75 -T seq_seq2444035.delta | awk '$1 != $3 || $2 != $4 && $8==$9 {print}' > seq_seq2444035.coords

Running self-nucmer on /data/djs217/PROJECTS/56_Vibrio_phaME/01_all_species/03_workdir/files/EXE_32_2024_G_final.fna
[RUNNING:] nucmer --maxmatch --nosimplify --prefix=seq_seq2444123 /data/djs217/PROJECTS/56_Vibrio_phaME/01_all_species/03_workdir/files/EXE_32_2024_G_final.fna /data/djs217/PROJECTS/56_Vibrio_phaME/01_all_species/03_workdir/files/EXE_32_2024_G_final.fna 2>/dev/null
[RUNNING:] show-coords -r -I 97 -L 75 -T seq_seq2444123.delta | awk '$1 != $3 || $2 != $4 && $8==$9 {print}' > seq_seq2444123.coords

Running self-nucmer on /data/djs217/PROJECTS/56_Vibrio_phaME/01_all_species/03_workdir/files/11813_EXE_27_2025_A_PBC74148_final.fna
[RUNNING:] nucmer --maxmatch --nosimplify --prefix=seq_seq2444193 /data/djs217/PROJECTS/56_Vibrio_phaME/01_all_species/03_workdir/files/11813_EXE_27_2025_A_PBC74148_final.fna /data/djs217/PROJECTS/56_Vibrio_phaME/01_all_species/03_workdir/files/11813_EXE_27_2025_A_PBC74148_final.fna 2>/dev/null
[RUNNING:] show-coords -r -I 97 -L 75 -T seq_seq2444193.delta | awk '$1 != $3 || $2 != $4 && $8==$9 {print}' > seq_seq2444193.coords

Running self-nucmer on /data/djs217/PROJECTS/56_Vibrio_phaME/01_all_species/03_workdir/files/EXE_03_2025_A_final.fna
[RUNNING:] nucmer --maxmatch --nosimplify --prefix=seq_seq2444272 /data/djs217/PROJECTS/56_Vibrio_phaME/01_all_species/03_workdir/files/EXE_03_2025_A_final.fna /data/djs217/PROJECTS/56_Vibrio_phaME/01_all_species/03_workdir/files/EXE_03_2025_A_final.fna 2>/dev/null
[RUNNING:] show-coords -r -I 97 -L 75 -T seq_seq2444272.delta | awk '$1 != $3 || $2 != $4 && $8==$9 {print}' > seq_seq2444272.coords

Running self-nucmer on /data/djs217/PROJECTS/56_Vibrio_phaME/01_all_species/03_workdir/files/EXE_23_2025_L_final.fna
[RUNNING:] nucmer --maxmatch --nosimplify --prefix=seq_seq2444351 /data/djs217/PROJECTS/56_Vibrio_phaME/01_all_species/03_workdir/files/EXE_23_2025_L_final.fna /data/djs217/PROJECTS/56_Vibrio_phaME/01_all_species/03_workdir/files/EXE_23_2025_L_final.fna 2>/dev/null
[RUNNING:] show-coords -r -I 97 -L 75 -T seq_seq2444351.delta | awk '$1 != $3 || $2 != $4 && $8==$9 {print}' > seq_seq2444351.coords

Running self-nucmer on /data/djs217/PROJECTS/56_Vibrio_phaME/01_all_species/03_workdir/files/EXE09_2023D7_unicycler.fna
[RUNNING:] nucmer --maxmatch --nosimplify --prefix=seq_seq2444430 /data/djs217/PROJECTS/56_Vibrio_phaME/01_all_species/03_workdir/files/EXE09_2023D7_unicycler.fna /data/djs217/PROJECTS/56_Vibrio_phaME/01_all_species/03_workdir/files/EXE09_2023D7_unicycler.fna 2>/dev/null
[RUNNING:] show-coords -r -I 97 -L 75 -T seq_seq2444430.delta | awk '$1 != $3 || $2 != $4 && $8==$9 {print}' > seq_seq2444430.coords

Running self-nucmer on /data/djs217/PROJECTS/56_Vibrio_phaME/01_all_species/03_workdir/files/EXE_15_2024_J_unicycler.fna
[RUNNING:] nucmer --maxmatch --nosimplify --prefix=seq_seq2444489 /data/djs217/PROJECTS/56_Vibrio_phaME/01_all_species/03_workdir/files/EXE_15_2024_J_unicycler.fna /data/djs217/PROJECTS/56_Vibrio_phaME/01_all_species/03_workdir/files/EXE_15_2024_J_unicycler.fna 2>/dev/null
[RUNNING:] show-coords -r -I 97 -L 75 -T seq_seq2444489.delta | awk '$1 != $3 || $2 != $4 && $8==$9 {print}' > seq_seq2444489.coords

Running self-nucmer on /data/djs217/PROJECTS/56_Vibrio_phaME/01_all_species/03_workdir/files/11813_EXE_34_2024_P_PBC74148_final.fna
[RUNNING:] nucmer --maxmatch --nosimplify --prefix=seq_seq2444544 /data/djs217/PROJECTS/56_Vibrio_phaME/01_all_species/03_workdir/files/11813_EXE_34_2024_P_PBC74148_final.fna /data/djs217/PROJECTS/56_Vibrio_phaME/01_all_species/03_workdir/files/11813_EXE_34_2024_P_PBC74148_final.fna 2>/dev/null
[RUNNING:] show-coords -r -I 97 -L 75 -T seq_seq2444544.delta | awk '$1 != $3 || $2 != $4 && $8==$9 {print}' > seq_seq2444544.coords

Running self-nucmer on /data/djs217/PROJECTS/56_Vibrio_phaME/01_all_species/03_workdir/files/Vibrio_jasicida_CAIM_1864.fna
[RUNNING:] nucmer --maxmatch --nosimplify --prefix=seq_seq2444599 /data/djs217/PROJECTS/56_Vibrio_phaME/01_all_species/03_workdir/files/Vibrio_jasicida_CAIM_1864.fna /data/djs217/PROJECTS/56_Vibrio_phaME/01_all_species/03_workdir/files/Vibrio_jasicida_CAIM_1864.fna 2>/dev/null
[RUNNING:] show-coords -r -I 97 -L 75 -T seq_seq2444599.delta | awk '$1 != $3 || $2 != $4 && $8==$9 {print}' > seq_seq2444599.coords

Running self-nucmer on /data/djs217/PROJECTS/56_Vibrio_phaME/01_all_species/03_workdir/files/11813_EXE_33_2024_C_PBC74148_final.fna
[RUNNING:] nucmer --maxmatch --nosimplify --prefix=seq_seq2444685 /data/djs217/PROJECTS/56_Vibrio_phaME/01_all_species/03_workdir/files/11813_EXE_33_2024_C_PBC74148_final.fna /data/djs217/PROJECTS/56_Vibrio_phaME/01_all_species/03_workdir/files/11813_EXE_33_2024_C_PBC74148_final.fna 2>/dev/null
[RUNNING:] show-coords -r -I 97 -L 75 -T seq_seq2444685.delta | awk '$1 != $3 || $2 != $4 && $8==$9 {print}' > seq_seq2444685.coords

Running self-nucmer on /data/djs217/PROJECTS/56_Vibrio_phaME/01_all_species/03_workdir/files/EXE_20_2025_B_final.fna
[RUNNING:] nucmer --maxmatch --nosimplify --prefix=seq_seq2444742 /data/djs217/PROJECTS/56_Vibrio_phaME/01_all_species/03_workdir/files/EXE_20_2025_B_final.fna /data/djs217/PROJECTS/56_Vibrio_phaME/01_all_species/03_workdir/files/EXE_20_2025_B_final.fna 2>/dev/null
[RUNNING:] show-coords -r -I 97 -L 75 -T seq_seq2444742.delta | awk '$1 != $3 || $2 != $4 && $8==$9 {print}' > seq_seq2444742.coords

Running self-nucmer on /data/djs217/PROJECTS/56_Vibrio_phaME/01_all_species/03_workdir/files/EXE10_2023G3_unicycler.fna
[RUNNING:] nucmer --maxmatch --nosimplify --prefix=seq_seq2444813 /data/djs217/PROJECTS/56_Vibrio_phaME/01_all_species/03_workdir/files/EXE10_2023G3_unicycler.fna /data/djs217/PROJECTS/56_Vibrio_phaME/01_all_species/03_workdir/files/EXE10_2023G3_unicycler.fna 2>/dev/null
[RUNNING:] show-coords -r -I 97 -L 75 -T seq_seq2444813.delta | awk '$1 != $3 || $2 != $4 && $8==$9 {print}' > seq_seq2444813.coords

Running self-nucmer on /data/djs217/PROJECTS/56_Vibrio_phaME/01_all_species/03_workdir/files/EXE07_2023A1_unicycler.fna
[RUNNING:] nucmer --maxmatch --nosimplify --prefix=seq_seq2444868 /data/djs217/PROJECTS/56_Vibrio_phaME/01_all_species/03_workdir/files/EXE07_2023A1_unicycler.fna /data/djs217/PROJECTS/56_Vibrio_phaME/01_all_species/03_workdir/files/EXE07_2023A1_unicycler.fna 2>/dev/null
[RUNNING:] show-coords -r -I 97 -L 75 -T seq_seq2444868.delta | awk '$1 != $3 || $2 != $4 && $8==$9 {print}' > seq_seq2444868.coords

Running self-nucmer on /data/djs217/PROJECTS/56_Vibrio_phaME/01_all_species/03_workdir/files/EXE_13_2025_A_final.fna
[RUNNING:] nucmer --maxmatch --nosimplify --prefix=seq_seq2444923 /data/djs217/PROJECTS/56_Vibrio_phaME/01_all_species/03_workdir/files/EXE_13_2025_A_final.fna /data/djs217/PROJECTS/56_Vibrio_phaME/01_all_species/03_workdir/files/EXE_13_2025_A_final.fna 2>/dev/null
[RUNNING:] show-coords -r -I 97 -L 75 -T seq_seq2444923.delta | awk '$1 != $3 || $2 != $4 && $8==$9 {print}' > seq_seq2444923.coords

Running self-nucmer on /data/djs217/PROJECTS/56_Vibrio_phaME/01_all_species/03_workdir/files/11671_EXE_04_2024_1B1_unicycler.fna
[RUNNING:] nucmer --maxmatch --nosimplify --prefix=seq_seq2445011 /data/djs217/PROJECTS/56_Vibrio_phaME/01_all_species/03_workdir/files/11671_EXE_04_2024_1B1_unicycler.fna /data/djs217/PROJECTS/56_Vibrio_phaME/01_all_species/03_workdir/files/11671_EXE_04_2024_1B1_unicycler.fna 2>/dev/null
[RUNNING:] show-coords -r -I 97 -L 75 -T seq_seq2445011.delta | awk '$1 != $3 || $2 != $4 && $8==$9 {print}' > seq_seq2445011.coords

Running self-nucmer on /data/djs217/PROJECTS/56_Vibrio_phaME/01_all_species/03_workdir/files/11671_EXE_23_2024_1_unicycler.fna
[RUNNING:] nucmer --maxmatch --nosimplify --prefix=seq_seq2445066 /data/djs217/PROJECTS/56_Vibrio_phaME/01_all_species/03_workdir/files/11671_EXE_23_2024_1_unicycler.fna /data/djs217/PROJECTS/56_Vibrio_phaME/01_all_species/03_workdir/files/11671_EXE_23_2024_1_unicycler.fna 2>/dev/null
[RUNNING:] show-coords -r -I 97 -L 75 -T seq_seq2445066.delta | awk '$1 != $3 || $2 != $4 && $8==$9 {print}' > seq_seq2445066.coords

Running self-nucmer on /data/djs217/PROJECTS/56_Vibrio_phaME/01_all_species/03_workdir/files/11813_EXE_13_2025_P_PBC74148_final.fna
[RUNNING:] nucmer --maxmatch --nosimplify --prefix=seq_seq2445129 /data/djs217/PROJECTS/56_Vibrio_phaME/01_all_species/03_workdir/files/11813_EXE_13_2025_P_PBC74148_final.fna /data/djs217/PROJECTS/56_Vibrio_phaME/01_all_species/03_workdir/files/11813_EXE_13_2025_P_PBC74148_final.fna 2>/dev/null
[RUNNING:] show-coords -r -I 97 -L 75 -T seq_seq2445129.delta | awk '$1 != $3 || $2 != $4 && $8==$9 {print}' > seq_seq2445129.coords

Running self-nucmer on /data/djs217/PROJECTS/56_Vibrio_phaME/01_all_species/03_workdir/files/11813_EXE_28_2025_A_PBC74148_final.fna
[RUNNING:] nucmer --maxmatch --nosimplify --prefix=seq_seq2445208 /data/djs217/PROJECTS/56_Vibrio_phaME/01_all_species/03_workdir/files/11813_EXE_28_2025_A_PBC74148_final.fna /data/djs217/PROJECTS/56_Vibrio_phaME/01_all_species/03_workdir/files/11813_EXE_28_2025_A_PBC74148_final.fna 2>/dev/null
[RUNNING:] show-coords -r -I 97 -L 75 -T seq_seq2445208.delta | awk '$1 != $3 || $2 != $4 && $8==$9 {print}' > seq_seq2445208.coords

Running self-nucmer on /data/djs217/PROJECTS/56_Vibrio_phaME/01_all_species/03_workdir/files/11813_EXE_06_2024_E_PBC74148_final.fna
[RUNNING:] nucmer --maxmatch --nosimplify --prefix=seq_seq2445288 /data/djs217/PROJECTS/56_Vibrio_phaME/01_all_species/03_workdir/files/11813_EXE_06_2024_E_PBC74148_final.fna /data/djs217/PROJECTS/56_Vibrio_phaME/01_all_species/03_workdir/files/11813_EXE_06_2024_E_PBC74148_final.fna 2>/dev/null
[RUNNING:] show-coords -r -I 97 -L 75 -T seq_seq2445288.delta | awk '$1 != $3 || $2 != $4 && $8==$9 {print}' > seq_seq2445288.coords

Running self-nucmer on /data/djs217/PROJECTS/56_Vibrio_phaME/01_all_species/03_workdir/files/11671_EXE_02_2024_3B1_unicycler.fna
[RUNNING:] nucmer --maxmatch --nosimplify --prefix=seq_seq2445358 /data/djs217/PROJECTS/56_Vibrio_phaME/01_all_species/03_workdir/files/11671_EXE_02_2024_3B1_unicycler.fna /data/djs217/PROJECTS/56_Vibrio_phaME/01_all_species/03_workdir/files/11671_EXE_02_2024_3B1_unicycler.fna 2>/dev/null
[RUNNING:] show-coords -r -I 97 -L 75 -T seq_seq2445358.delta | awk '$1 != $3 || $2 != $4 && $8==$9 {print}' > seq_seq2445358.coords

Running self-nucmer on /data/djs217/PROJECTS/56_Vibrio_phaME/01_all_species/03_workdir/files/11813_EXE_29_2025_HH_PBC74148_final.fna
[RUNNING:] nucmer --maxmatch --nosimplify --prefix=seq_seq2445421 /data/djs217/PROJECTS/56_Vibrio_phaME/01_all_species/03_workdir/files/11813_EXE_29_2025_HH_PBC74148_final.fna /data/djs217/PROJECTS/56_Vibrio_phaME/01_all_species/03_workdir/files/11813_EXE_29_2025_HH_PBC74148_final.fna 2>/dev/null
[RUNNING:] show-coords -r -I 97 -L 75 -T seq_seq2445421.delta | awk '$1 != $3 || $2 != $4 && $8==$9 {print}' > seq_seq2445421.coords

Running self-nucmer on /data/djs217/PROJECTS/56_Vibrio_phaME/01_all_species/03_workdir/files/11813_EXE_12_2025_A_PBC74148_final.fna
[RUNNING:] nucmer --maxmatch --nosimplify --prefix=seq_seq2445476 /data/djs217/PROJECTS/56_Vibrio_phaME/01_all_species/03_workdir/files/11813_EXE_12_2025_A_PBC74148_final.fna /data/djs217/PROJECTS/56_Vibrio_phaME/01_all_species/03_workdir/files/11813_EXE_12_2025_A_PBC74148_final.fna 2>/dev/null
[RUNNING:] show-coords -r -I 97 -L 75 -T seq_seq2445476.delta | awk '$1 != $3 || $2 != $4 && $8==$9 {print}' > seq_seq2445476.coords

Running self-nucmer on /data/djs217/PROJECTS/56_Vibrio_phaME/01_all_species/03_workdir/files/11813_EXE_32_2024_G_PBC74148_final.fna
[RUNNING:] nucmer --maxmatch --nosimplify --prefix=seq_seq2445532 /data/djs217/PROJECTS/56_Vibrio_phaME/01_all_species/03_workdir/files/11813_EXE_32_2024_G_PBC74148_final.fna /data/djs217/PROJECTS/56_Vibrio_phaME/01_all_species/03_workdir/files/11813_EXE_32_2024_G_PBC74148_final.fna 2>/dev/null
[RUNNING:] show-coords -r -I 97 -L 75 -T seq_seq2445532.delta | awk '$1 != $3 || $2 != $4 && $8==$9 {print}' > seq_seq2445532.coords

Running self-nucmer on /data/djs217/PROJECTS/56_Vibrio_phaME/01_all_species/03_workdir/files/11813_EXE_25_2025_25N_PBC74148_final.fna
[RUNNING:] nucmer --maxmatch --nosimplify --prefix=seq_seq2445586 /data/djs217/PROJECTS/56_Vibrio_phaME/01_all_species/03_workdir/files/11813_EXE_25_2025_25N_PBC74148_final.fna /data/djs217/PROJECTS/56_Vibrio_phaME/01_all_species/03_workdir/files/11813_EXE_25_2025_25N_PBC74148_final.fna 2>/dev/null
[RUNNING:] show-coords -r -I 97 -L 75 -T seq_seq2445586.delta | awk '$1 != $3 || $2 != $4 && $8==$9 {print}' > seq_seq2445586.coords

Running self-nucmer on /data/djs217/PROJECTS/56_Vibrio_phaME/01_all_species/03_workdir/files/11813_EXE_30_2024_G_PBC74148_final.fna
[RUNNING:] nucmer --maxmatch --nosimplify --prefix=seq_seq2445609 /data/djs217/PROJECTS/56_Vibrio_phaME/01_all_species/03_workdir/files/11813_EXE_30_2024_G_PBC74148_final.fna /data/djs217/PROJECTS/56_Vibrio_phaME/01_all_species/03_workdir/files/11813_EXE_30_2024_G_PBC74148_final.fna 2>/dev/null
[RUNNING:] show-coords -r -I 97 -L 75 -T seq_seq2445609.delta | awk '$1 != $3 || $2 != $4 && $8==$9 {print}' > seq_seq2445609.coords

Running self-nucmer on /data/djs217/PROJECTS/56_Vibrio_phaME/01_all_species/03_workdir/files/11813_EXE_13_2025_H_PBC74148_final.fna
[RUNNING:] nucmer --maxmatch --nosimplify --prefix=seq_seq2445688 /data/djs217/PROJECTS/56_Vibrio_phaME/01_all_species/03_workdir/files/11813_EXE_13_2025_H_PBC74148_final.fna /data/djs217/PROJECTS/56_Vibrio_phaME/01_all_species/03_workdir/files/11813_EXE_13_2025_H_PBC74148_final.fna 2>/dev/null
[RUNNING:] show-coords -r -I 97 -L 75 -T seq_seq2445688.delta | awk '$1 != $3 || $2 != $4 && $8==$9 {print}' > seq_seq2445688.coords

Running self-nucmer on /data/djs217/PROJECTS/56_Vibrio_phaME/01_all_species/03_workdir/files/11813_EXE_20_2025_B_PBC74148_final.fna
[RUNNING:] nucmer --maxmatch --nosimplify --prefix=seq_seq2445751 /data/djs217/PROJECTS/56_Vibrio_phaME/01_all_species/03_workdir/files/11813_EXE_20_2025_B_PBC74148_final.fna /data/djs217/PROJECTS/56_Vibrio_phaME/01_all_species/03_workdir/files/11813_EXE_20_2025_B_PBC74148_final.fna 2>/dev/null
[RUNNING:] show-coords -r -I 97 -L 75 -T seq_seq2445751.delta | awk '$1 != $3 || $2 != $4 && $8==$9 {print}' > seq_seq2445751.coords

Running self-nucmer on /data/djs217/PROJECTS/56_Vibrio_phaME/01_all_species/03_workdir/files/11671_EXE_04_2024_2B3_unicycler.fna
[RUNNING:] nucmer --maxmatch --nosimplify --prefix=seq_seq2445822 /data/djs217/PROJECTS/56_Vibrio_phaME/01_all_species/03_workdir/files/11671_EXE_04_2024_2B3_unicycler.fna /data/djs217/PROJECTS/56_Vibrio_phaME/01_all_species/03_workdir/files/11671_EXE_04_2024_2B3_unicycler.fna 2>/dev/null
[RUNNING:] show-coords -r -I 97 -L 75 -T seq_seq2445822.delta | awk '$1 != $3 || $2 != $4 && $8==$9 {print}' > seq_seq2445822.coords

Running self-nucmer on /data/djs217/PROJECTS/56_Vibrio_phaME/01_all_species/03_workdir/files/EXE08_2023B5_unicycler.fna
[RUNNING:] nucmer --maxmatch --nosimplify --prefix=seq_seq2445869 /data/djs217/PROJECTS/56_Vibrio_phaME/01_all_species/03_workdir/files/EXE08_2023B5_unicycler.fna /data/djs217/PROJECTS/56_Vibrio_phaME/01_all_species/03_workdir/files/EXE08_2023B5_unicycler.fna 2>/dev/null
[RUNNING:] show-coords -r -I 97 -L 75 -T seq_seq2445869.delta | awk '$1 != $3 || $2 != $4 && $8==$9 {print}' > seq_seq2445869.coords

Running self-nucmer on /data/djs217/PROJECTS/56_Vibrio_phaME/01_all_species/03_workdir/files/Vibrio_cholerae_FDAARGOS_103.fna
[RUNNING:] nucmer --maxmatch --nosimplify --prefix=seq_seq2445926 /data/djs217/PROJECTS/56_Vibrio_phaME/01_all_species/03_workdir/files/Vibrio_cholerae_FDAARGOS_103.fna /data/djs217/PROJECTS/56_Vibrio_phaME/01_all_species/03_workdir/files/Vibrio_cholerae_FDAARGOS_103.fna 2>/dev/null
[RUNNING:] show-coords -r -I 97 -L 75 -T seq_seq2445926.delta | awk '$1 != $3 || $2 != $4 && $8==$9 {print}' > seq_seq2445926.coords

Running self-nucmer on /data/djs217/PROJECTS/56_Vibrio_phaME/01_all_species/03_workdir/files/EXE07_2023A4_unicycler.fna
[RUNNING:] nucmer --maxmatch --nosimplify --prefix=seq_seq2446013 /data/djs217/PROJECTS/56_Vibrio_phaME/01_all_species/03_workdir/files/EXE07_2023A4_unicycler.fna /data/djs217/PROJECTS/56_Vibrio_phaME/01_all_species/03_workdir/files/EXE07_2023A4_unicycler.fna 2>/dev/null
[RUNNING:] show-coords -r -I 97 -L 75 -T seq_seq2446013.delta | awk '$1 != $3 || $2 != $4 && $8==$9 {print}' > seq_seq2446013.coords

Repeat coords for all references found.
Self-NUCmer complete
==================================================================
Aligning to the reference genome /data/djs217/PROJECTS/56_Vibrio_phaME/01_all_species/03_workdir/files/Vibrio_jasicida_CAIM_1864.fna

Running nucmer on Vibrio_jasicida_CAIM_1864_11813_EXE_29_2025_V_PBC74148_final
Running nucmer on Vibrio_jasicida_CAIM_1864_11813_EXE_30_2025_R_PBC74148_final
Running nucmer on Vibrio_jasicida_CAIM_1864_11813_EXE_29_2025_K_PBC74148_final
Running nucmer on Vibrio_jasicida_CAIM_1864_11813_EXE_20_2024_J_PBC74148_final
Running nucmer on Vibrio_jasicida_CAIM_1864_11813_EXE_30_2025_L_PBC74148_final
Running nucmer on Vibrio_jasicida_CAIM_1864_11813_EXE_09_2024_B_PBC74148_final
Running nucmer on Vibrio_jasicida_CAIM_1864_11813_EX_23_2024_K_PBC74148_final
Running nucmer on Vibrio_jasicida_CAIM_1864_11813_EXE_28_2025_W_PBC74148_final
Running nucmer on Vibrio_jasicida_CAIM_1864_EXE_01_2025_M_final
Running nucmer on Vibrio_jasicida_CAIM_1864_EXE_33_2024_E_final
Running nucmer on Vibrio_jasicida_CAIM_1864_11813_EXE22_2025_IVF5LA_PBC74148_final
Running nucmer on Vibrio_jasicida_CAIM_1864_11813_EXE_03_2025_A_PBC74148_final
Running nucmer on Vibrio_jasicida_CAIM_1864_11813_EXE_26_2025_C_PBC74148_final
Running nucmer on Vibrio_jasicida_CAIM_1864_11813_EXE_33_2024_F_PBC74148_final
Running nucmer on Vibrio_jasicida_CAIM_1864_11813_EXE_22_2025_DG1LF_PBC7_final
Running nucmer on Vibrio_jasicida_CAIM_1864_11671_EXE_02_2024_3B2_unicycler
Running nucmer on Vibrio_jasicida_CAIM_1864_11813_EXE_23_2025_L_PBC74148_final
Running nucmer on Vibrio_jasicida_CAIM_1864_11813_EXE_33_2024_E_PBC74148_final
Running nucmer on Vibrio_jasicida_CAIM_1864_EXE_30_2025_R_final
Running nucmer on Vibrio_jasicida_CAIM_1864_11671_Guernsey_unicycler
Running nucmer on Vibrio_jasicida_CAIM_1864_11813_EXE_22_2025_DG3A_PBC74148_barcode18_final
Running nucmer on Vibrio_jasicida_CAIM_1864_11671_EXE_19_2024_C_unicycler
Running nucmer on Vibrio_jasicida_CAIM_1864_11671_EXE_26_2024_C_unicycler
Running nucmer on Vibrio_jasicida_CAIM_1864_11813_EXE_24_2025_E_PBC74148_final
Running nucmer on Vibrio_jasicida_CAIM_1864_11671_EXE_45_2024_E_unicycler
Running nucmer on Vibrio_jasicida_CAIM_1864_11671_EXE_25_2024_H_unicycler
Running nucmer on Vibrio_jasicida_CAIM_1864_11813_EXE_26_2025_A_PBC74148_final
Running nucmer on Vibrio_jasicida_CAIM_1864_11813_EXE_01_2024_7_PBC74148_final
Running nucmer on Vibrio_jasicida_CAIM_1864_11813_EXE_19_2024_M_PBC74148_final
Running nucmer on Vibrio_jasicida_CAIM_1864_11813_EXE_30_2024_F_PBC74148_final
Running nucmer on Vibrio_jasicida_CAIM_1864_11813_EXE_30_2025_S_PBC74148_final
Running nucmer on Vibrio_jasicida_CAIM_1864_11671_EXE_22_2024_B_unicycler
Running nucmer on Vibrio_jasicida_CAIM_1864_11813_EXE_34_2024_C_PBC74148_final
Running nucmer on Vibrio_jasicida_CAIM_1864_11813_EXE_22_2025_T1A_PBC74148_final
Running nucmer on Vibrio_jasicida_CAIM_1864_11813_EXE_21_2025_F_PBC74148_final
Running nucmer on Vibrio_jasicida_CAIM_1864_11671_EXE_04_2024_1A1_unicycler
Running nucmer on Vibrio_jasicida_CAIM_1864_11813_EXE_27_2025_D_PBC74148_final
Running nucmer on Vibrio_jasicida_CAIM_1864_EXE_08_2024_A_final
Running nucmer on Vibrio_jasicida_CAIM_1864_11813_EXE_01_2025_M_PBC74148_final
Running nucmer on Vibrio_jasicida_CAIM_1864_11813_EXE_05_2024_A_PBC74148_final
Running nucmer on Vibrio_jasicida_CAIM_1864_EXE_32_2024_G_final
Running nucmer on Vibrio_jasicida_CAIM_1864_11813_EXE_27_2025_A_PBC74148_final
Running nucmer on Vibrio_jasicida_CAIM_1864_EXE_03_2025_A_final
Running nucmer on Vibrio_jasicida_CAIM_1864_EXE_23_2025_L_final
Running nucmer on Vibrio_jasicida_CAIM_1864_EXE09_2023D7_unicycler
Running nucmer on Vibrio_jasicida_CAIM_1864_EXE_15_2024_J_unicycler
Running nucmer on Vibrio_jasicida_CAIM_1864_11813_EXE_34_2024_P_PBC74148_final
Running nucmer on Vibrio_jasicida_CAIM_1864_Vibrio_jasicida_CAIM_1864
Running nucmer on Vibrio_jasicida_CAIM_1864_11813_EXE_33_2024_C_PBC74148_final
Running nucmer on Vibrio_jasicida_CAIM_1864_EXE_20_2025_B_final
Running nucmer on Vibrio_jasicida_CAIM_1864_EXE10_2023G3_unicycler
Running nucmer on Vibrio_jasicida_CAIM_1864_EXE07_2023A1_unicycler
Running nucmer on Vibrio_jasicida_CAIM_1864_EXE_13_2025_A_final
Running nucmer on Vibrio_jasicida_CAIM_1864_11671_EXE_04_2024_1B1_unicycler
Running nucmer on Vibrio_jasicida_CAIM_1864_11671_EXE_23_2024_1_unicycler
Running nucmer on Vibrio_jasicida_CAIM_1864_11813_EXE_13_2025_P_PBC74148_final
Running nucmer on Vibrio_jasicida_CAIM_1864_11813_EXE_28_2025_A_PBC74148_final
Running nucmer on Vibrio_jasicida_CAIM_1864_11813_EXE_06_2024_E_PBC74148_final
Running nucmer on Vibrio_jasicida_CAIM_1864_11671_EXE_02_2024_3B1_unicycler
Running nucmer on Vibrio_jasicida_CAIM_1864_11813_EXE_29_2025_HH_PBC74148_final
Running nucmer on Vibrio_jasicida_CAIM_1864_11813_EXE_12_2025_A_PBC74148_final
Running nucmer on Vibrio_jasicida_CAIM_1864_11813_EXE_32_2024_G_PBC74148_final
Running nucmer on Vibrio_jasicida_CAIM_1864_11813_EXE_25_2025_25N_PBC74148_final
Running nucmer on Vibrio_jasicida_CAIM_1864_11813_EXE_30_2024_G_PBC74148_final
Running nucmer on Vibrio_jasicida_CAIM_1864_11813_EXE_13_2025_H_PBC74148_final
Running nucmer on Vibrio_jasicida_CAIM_1864_11813_EXE_20_2025_B_PBC74148_final
Running nucmer on Vibrio_jasicida_CAIM_1864_11671_EXE_04_2024_2B3_unicycler
Running nucmer on Vibrio_jasicida_CAIM_1864_EXE08_2023B5_unicycler
Running nucmer on Vibrio_jasicida_CAIM_1864_Vibrio_cholerae_FDAARGOS_103
Running nucmer on Vibrio_jasicida_CAIM_1864_EXE07_2023A4_unicycler

NUCmer on all reference genomes complete.
==================================================================

runContigNUCmer.pl -r /data/djs217/PROJECTS/56_Vibrio_phaME/01_all_species/03_workdir/files/Vibrio_jasicida_CAIM_1864.fna -q /data/djs217/PROJECTS/56_Vibrio_phaME/01_all_species/03_workdir -d /data/djs217/PROJECTS/56_Vibrio_phaME/01_all_species/03_workdir/results -l /data/djs217/PROJECTS/56_Vibrio_phaME/01_all_species/03_workdir/contigs_list.txt -t 1 -y 2 2>>/data/djs217/PROJECTS/56_Vibrio_phaME/01_all_species/03_workdir/results/all_vibrio_jasicida-ref_fastree.error >> /data/djs217/PROJECTS/56_Vibrio_phaME/01_all_species/03_workdir/results/all_vibrio_jasicida-ref_fastree.log


Using given reference:  /data/djs217/PROJECTS/56_Vibrio_phaME/01_all_species/03_workdir/files/Vibrio_jasicida_CAIM_1864.fna
Running nucmer on Vibrio_jasicida_CAIM_1864_Vibrio_ponticus_DSM_16217_contig
Running nucmer on Vibrio_jasicida_CAIM_1864_Vibrio_renipiscarius_DCR_1_4_2_contig
Running nucmer on Vibrio_jasicida_CAIM_1864_Vibrio_fortis_LMG_21557_contig
Running nucmer on Vibrio_jasicida_CAIM_1864_Vibrio_bathopelagicus_Sal10_contig
Running nucmer on Vibrio_jasicida_CAIM_1864_Vibrio_pelagius_ATCC_25916_contig
Running nucmer on Vibrio_jasicida_CAIM_1864_Vibrio_zhanjiangensis_NBRC_108723_contig
Running nucmer on Vibrio_jasicida_CAIM_1864_Vibrio_qinghaiensis_Q67_contig
Running nucmer on Vibrio_jasicida_CAIM_1864_Vibrio_litoralis_DSM_17657_contig
Running nucmer on Vibrio_jasicida_CAIM_1864_Vibrio_parahaemolyticus_ATCC_17802_contig
Running nucmer on Vibrio_jasicida_CAIM_1864_Vibrio_casei_DSM_22364_contig
Running nucmer on Vibrio_jasicida_CAIM_1864_Vibrio_viridaestus_LJC006_contig
Running nucmer on Vibrio_jasicida_CAIM_1864_Vibrio_owensii_DY05_contig
Running nucmer on Vibrio_jasicida_CAIM_1864_Vibrio_sinus_S4M6_contig
Running nucmer on Vibrio_jasicida_CAIM_1864_Vibrio_pectenicida_LMG_19642_contig
Running nucmer on Vibrio_jasicida_CAIM_1864_Vibrio_anguillarum_NCTC12159_contig
Running nucmer on Vibrio_jasicida_CAIM_1864_Vibrio_gangliei_DSM_104291_contig
Running nucmer on Vibrio_jasicida_CAIM_1864_Vibrio_mangrovi_CECT_7927_contig
Running nucmer on Vibrio_jasicida_CAIM_1864_Vibrio_gazogenes_ATCC_29988_contig
Running nucmer on Vibrio_jasicida_CAIM_1864_Vibrio_coralliilyticus_DSM_19607_contig
Running nucmer on Vibrio_jasicida_CAIM_1864_Vibrio_thalassae_KCTC_32373_contig
Running nucmer on Vibrio_jasicida_CAIM_1864_Vibrio_hibernica_B1_19_contig
Running nucmer on Vibrio_jasicida_CAIM_1864_Vibrio_lentus_40M4T_contig
Running nucmer on Vibrio_jasicida_CAIM_1864_Vibrio_kagoshimensis_JAMM0761_contig
Running nucmer on Vibrio_jasicida_CAIM_1864_Vibrio_alginolyticus_ATCC_17749_contig
Running nucmer on Vibrio_jasicida_CAIM_1864_Vibrio_celticus_CECT_7224_contig
Running nucmer on Vibrio_jasicida_CAIM_1864_Vibrio_injensis_M12_1144_contig
Running nucmer on Vibrio_jasicida_CAIM_1864_Vibrio_glycogenivorans_WXL210_contig
Running nucmer on Vibrio_jasicida_CAIM_1864_Vibrio_methylphosphonaticus_S4B1_contig
Running nucmer on Vibrio_jasicida_CAIM_1864_Vibrio_floridensis_IRLE0018_contig
Running nucmer on Vibrio_jasicida_CAIM_1864_Vibrio_tasmaniensis_LMG_20012_contig
Running nucmer on Vibrio_jasicida_CAIM_1864_Vibrio_tapetis_subsp__tapetis__contig
Running nucmer on Vibrio_jasicida_CAIM_1864_Vibrio_tarriae_2521_89_contig
Running nucmer on Vibrio_jasicida_CAIM_1864_Vibrio_sinensis_BEI233_contig
Running nucmer on Vibrio_jasicida_CAIM_1864_Vibrio_cortegadensis_CECT_7227_contig
Running nucmer on Vibrio_jasicida_CAIM_1864_Vibrio_paracholerae_EDC_792_contig
Running nucmer on Vibrio_jasicida_CAIM_1864_Vibrio_rarus_LMG_23674_contig
Running nucmer on Vibrio_jasicida_CAIM_1864_Vibrio_proteolyticus_ATCC_15338_contig
Running nucmer on Vibrio_jasicida_CAIM_1864_Vibrio_azureus_LC2_005_contig
Running nucmer on Vibrio_jasicida_CAIM_1864_Vibrio_salilacus_DSG_S6_contig
Running nucmer on Vibrio_jasicida_CAIM_1864_Vibrio_aphrogenes_CA_1004_contig
Running nucmer on Vibrio_jasicida_CAIM_1864_Vibrio_panuliri_JCM_19500_contig
Running nucmer on Vibrio_jasicida_CAIM_1864_Vibrio_tritonius_JCM_16456_contig
Running nucmer on Vibrio_jasicida_CAIM_1864_Vibrio_comitans_LMG_23416_contig
Running nucmer on Vibrio_jasicida_CAIM_1864_Vibrio_vulnificus_2142_77_contig
Running nucmer on Vibrio_jasicida_CAIM_1864_Vibrio_tetraodonis_A511_contig
Running nucmer on Vibrio_jasicida_CAIM_1864_Vibrio_antiquarius_EX25_contig
Running nucmer on Vibrio_jasicida_CAIM_1864_Vibrio_nitrifigilis_NFV_1_contig
Running nucmer on Vibrio_jasicida_CAIM_1864_Vibrio_rumoiensis_FERM_P_14531_contig
Running nucmer on Vibrio_jasicida_CAIM_1864_Vibrio_echinoideorum_DSM_107264_contig
Running nucmer on Vibrio_jasicida_CAIM_1864_Vibrio_ulleungensis_188UL20_2_contig
Running nucmer on Vibrio_jasicida_CAIM_1864_Vibrio_aestuarianus_LMG_7909_contig
Running nucmer on Vibrio_jasicida_CAIM_1864_Vibrio_profundi_TP187_contig
Running nucmer on Vibrio_jasicida_CAIM_1864_Vibrio_albus_E4404_contig
Running nucmer on Vibrio_jasicida_CAIM_1864_Vibrio_hepatarius_DSM_19134_contig
Running nucmer on Vibrio_jasicida_CAIM_1864_Vibrio_tetraodonis_subsp__pristinus_OCN044_contig
Running nucmer on Vibrio_jasicida_CAIM_1864_Vibrio_superstes_G3_29_contig
Running nucmer on Vibrio_jasicida_CAIM_1864_Vibrio_marisflavi_CECT_7928_contig
Running nucmer on Vibrio_jasicida_CAIM_1864_Vibrio_kanaloae_LMG_20539_contig
Running nucmer on Vibrio_jasicida_CAIM_1864_Vibrio_agarivorans_CECT_5085_contig
Running nucmer on Vibrio_jasicida_CAIM_1864_Vibrio_breoganii_CECT_7222_contig
Running nucmer on Vibrio_jasicida_CAIM_1864_Vibrio_neonatus_JCM_21521_contig
Running nucmer on Vibrio_jasicida_CAIM_1864_Vibrio_natriegens_CCUG_16371_contig
Running nucmer on Vibrio_jasicida_CAIM_1864_Vibrio_maerlii_G62_contig
Running nucmer on Vibrio_jasicida_CAIM_1864_Vibrio_olivae_CECT_8064_contig
Running nucmer on Vibrio_jasicida_CAIM_1864_Vibrio_hangzhouensis_CGMCC_1_7062_contig
Running nucmer on Vibrio_jasicida_CAIM_1864_Vibrio_syngnathi_K08M4_contig
Running nucmer on Vibrio_jasicida_CAIM_1864_Vibrio_ruber_CECT_7878_contig
Running nucmer on Vibrio_jasicida_CAIM_1864_Vibrio_furnissii_FDAARGOS_777_contig
Running nucmer on Vibrio_jasicida_CAIM_1864_Vibrio_marinisediminis_404_contig
Running nucmer on Vibrio_jasicida_CAIM_1864_Vibrio_crassostreae_LMG_22240_contig
Running nucmer on Vibrio_jasicida_CAIM_1864_Vibrio_cionasavignyae_JAMM2507_contig
Running nucmer on Vibrio_jasicida_CAIM_1864_Vibrio_fluminensis_A621_contig
Running nucmer on Vibrio_jasicida_CAIM_1864_Vibrio_gigantis_LMG_22741_contig
Running nucmer on Vibrio_jasicida_CAIM_1864_Vibrio_mytili_type_strain__CIP103929_contig
Running nucmer on Vibrio_jasicida_CAIM_1864_Vibrio_metschnikovii_NCTC8443_contig
Running nucmer on Vibrio_jasicida_CAIM_1864_Vibrio_iocasae_HN007_contig
Running nucmer on Vibrio_jasicida_CAIM_1864_Vibrio_hippocampi_CECT_8226_contig
Running nucmer on Vibrio_jasicida_CAIM_1864_Vibrio_harveyi_NCTC12970_contig
Running nucmer on Vibrio_jasicida_CAIM_1864_Vibrio_nomapromontoriensis_JAMM1728_contig
Running nucmer on Vibrio_jasicida_CAIM_1864_Vibrio_barjaei_3062_contig
Running nucmer on Vibrio_jasicida_CAIM_1864_Vibrio_ostreicida_CECT_7398_contig
Running nucmer on Vibrio_jasicida_CAIM_1864_Vibrio_xiamenensis_CGMCC_1_10228_contig
Running nucmer on Vibrio_jasicida_CAIM_1864_Vibrio_sagamiensis_NBRC_104589_contig
Running nucmer on Vibrio_jasicida_CAIM_1864_Vibrio_plantisponsor_MSSRF60_contig
Running nucmer on Vibrio_jasicida_CAIM_1864_Vibrio_gelatinilyticus_ZSDZ34_contig
Running nucmer on Vibrio_jasicida_CAIM_1864_Vibrio_satsumensis_JAMM0822_contig
Running nucmer on Vibrio_jasicida_CAIM_1864_Vibrio_gallicus_CIP_107863_contig
Running nucmer on Vibrio_jasicida_CAIM_1864_Vibrio_kyushuensis_JAMM1822_contig
Running nucmer on Vibrio_jasicida_CAIM_1864_Vibrio_wakamikoensis_JAMM2464_contig
Running nucmer on Vibrio_jasicida_CAIM_1864_Vibrio_gallaecicus_CECT_7244_contig
Running nucmer on Vibrio_jasicida_CAIM_1864_Vibrio_chaetopteri_CB1_14_contig
Running nucmer on Vibrio_jasicida_CAIM_1864_Vibrio_artabrorum_CECT_7226_contig
Running nucmer on Vibrio_jasicida_CAIM_1864_Vibrio_chemaguriensis_Iso1_contig
Running nucmer on Vibrio_jasicida_CAIM_1864_Vibrio_brasiliensis_LMG_20546_contig
Running nucmer on Vibrio_jasicida_CAIM_1864_Vibrio_rhizosphaerae_LMG_23790_contig
Running nucmer on Vibrio_jasicida_CAIM_1864_Vibrio_penaeicida_IFO_15640_contig
Running nucmer on Vibrio_jasicida_CAIM_1864_Vibrio_intestinalis_YLB_11_contig
Running nucmer on Vibrio_jasicida_CAIM_1864_Vibrio_fluvialis_ATCC_33809_contig
Running nucmer on Vibrio_jasicida_CAIM_1864_Vibrio_apostichopi_FE10_contig
Running nucmer on Vibrio_jasicida_CAIM_1864_Vibrio_aquaticus_BEI207_contig
Running nucmer on Vibrio_jasicida_CAIM_1864_Vibrio_lamellibrachiae_JAMM2626_contig
Running nucmer on Vibrio_jasicida_CAIM_1864_Vibrio_sinaloensis_CECT_7298_contig
Running nucmer on Vibrio_jasicida_CAIM_1864_Vibrio_pacinii_DSM_19139_contig
Running nucmer on Vibrio_jasicida_CAIM_1864_Vibrio_kasasachensis_JAMM1812_contig
Running nucmer on Vibrio_jasicida_CAIM_1864_Vibrio_coralliirubri_DSM_27495_contig
Running nucmer on Vibrio_jasicida_CAIM_1864_Vibrio_amylolyticus_ZSDE26_contig
Running nucmer on Vibrio_jasicida_CAIM_1864_Vibrio_tapetis_subsp__quintayensis_CECT_8851_contig
Running nucmer on Vibrio_jasicida_CAIM_1864_Vibrio_orientalis_CIP_102891_contig
Running nucmer on Vibrio_jasicida_CAIM_1864_Vibrio_sabulosilitoris_MAO6_contig
Running nucmer on Vibrio_jasicida_CAIM_1864_Vibrio_atlanticus_CECT_7223_contig
Running nucmer on Vibrio_jasicida_CAIM_1864_Vibrio_palustris_CECT_9027_contig
Running nucmer on Vibrio_jasicida_CAIM_1864_Vibrio_diazotrophicus_ATCC_33466_contig
Running nucmer on Vibrio_jasicida_CAIM_1864_Vibrio_toranzoniae_CECT_7225_contig
Running nucmer on Vibrio_jasicida_CAIM_1864_Vibrio_cincinnatiensis_NCTC12012_contig
Running nucmer on Vibrio_jasicida_CAIM_1864_Vibrio_clamense_JAMM0920_contig
Running nucmer on Vibrio_jasicida_CAIM_1864_Vibrio_splendidus_LMG_19031_contig
Running nucmer on Vibrio_jasicida_CAIM_1864_Vibrio_spartinae_CECT_9026_contig
Running nucmer on Vibrio_jasicida_CAIM_1864_Vibrio_misgurnus_GVC_contig
Running nucmer on Vibrio_jasicida_CAIM_1864_Vibrio_tubiashii_ATCC_19109_contig
Running nucmer on Vibrio_jasicida_CAIM_1864_Vibrio_chagasii_LMG_21353_contig
Running nucmer on Vibrio_jasicida_CAIM_1864_Vibrio_campbellii_CAIM_519_contig
Running nucmer on Vibrio_jasicida_CAIM_1864_Vibrio_hyugaensis_090810a_contig
Running nucmer on Vibrio_jasicida_CAIM_1864_Vibrio_scophthalmi_LMG_19158_contig
Running nucmer on Vibrio_jasicida_CAIM_1864_Vibrio_agarilyticus_SM6_contig
Running nucmer on Vibrio_jasicida_CAIM_1864_Vibrio_cholerae_FDAARGOS_103_contig
Running nucmer on Vibrio_jasicida_CAIM_1864_Vibrio_ouci_BEI176_contig
Running nucmer on Vibrio_jasicida_CAIM_1864_Vibrio_rotiferianus_CAIM_577_contig
Running nucmer on Vibrio_jasicida_CAIM_1864_Vibrio_atypicus_DSM_25292_contig
Running nucmer on Vibrio_jasicida_CAIM_1864_Vibrio_chanodichtyis_DSL_7_contig
Running nucmer on Vibrio_jasicida_CAIM_1864_Vibrio_porteresiae_MSSRF30_contig
Running nucmer on Vibrio_jasicida_CAIM_1864_Vibrio_pomeroyi_LMG_20537_contig
Running nucmer on Vibrio_jasicida_CAIM_1864_Vibrio_japonicus_JCM_31412_contig
Running nucmer on Vibrio_jasicida_CAIM_1864_Vibrio_caribbeanicus_ATCC_BAA_2122_contig
Running nucmer on Vibrio_jasicida_CAIM_1864_Vibrio_ziniensis_ZWAL4003_contig
Running nucmer on Vibrio_jasicida_CAIM_1864_Vibrio_jasicida_CAIM_1864_contig
Running nucmer on Vibrio_jasicida_CAIM_1864_Vibrio_galatheae_S2757_contig
Running nucmer on Vibrio_jasicida_CAIM_1864_Vibrio_navarrensis_ATCC_51183_contig
Running nucmer on Vibrio_jasicida_CAIM_1864_Vibrio_ostreae_OG9_811_contig
Running nucmer on Vibrio_jasicida_CAIM_1864_Vibrio_mimicus_NCTC11435_contig
Running nucmer on Vibrio_jasicida_CAIM_1864_Vibrio_cyclitrophicus_LMG_21359_contig
Running nucmer on Vibrio_jasicida_CAIM_1864_Vibrio_europaeus_PP_638_contig
Running nucmer on Vibrio_jasicida_CAIM_1864_Vibrio_aquimaris_THAF100_contig
Running nucmer on Vibrio_jasicida_CAIM_1864_Vibrio_ezurae_HDS1_1_contig
Running nucmer on Vibrio_jasicida_CAIM_1864_Vibrio_bivalvicida_605_contig
Running nucmer on Vibrio_jasicida_CAIM_1864_Vibrio_inusitatus_LMG_23434_contig
Running nucmer on Vibrio_jasicida_CAIM_1864_Vibrio_rhodolitus_G98_contig
Running nucmer on Vibrio_jasicida_CAIM_1864_Vibrio_nereis_DSM_19584_contig
Running nucmer on Vibrio_jasicida_CAIM_1864_Vibrio_mediterranei__contig
Running nucmer on Vibrio_jasicida_CAIM_1864_Vibrio_halioticoli_IAM_14596_contig
Running nucmer on Vibrio_jasicida_CAIM_1864_Vibrio_ishigakensis_JCM_19231_contig
NUCmer on all contig/draft genomes complete.

Empty Gap Files: /data/djs217/PROJECTS/56_Vibrio_phaME/01_all_species/03_workdir/results/gaps/Vibrio_jasicida_CAIM_1864_Vibrio_jasicida_CAIM_1864_contig.gaps

buildSNPDB.pl -i /data/djs217/PROJECTS/56_Vibrio_phaME/01_all_species/03_workdir/results -r /data/djs217/PROJECTS/56_Vibrio_phaME/01_all_species/03_workdir/files/Vibrio_jasicida_CAIM_1864.fna -l /data/djs217/PROJECTS/56_Vibrio_phaME/01_all_species/03_workdir/working_list.txt -p all_vibrio_jasicida-ref_fastree -c 0 -g 0.1 2>>/data/djs217/PROJECTS/56_Vibrio_phaME/01_all_species/03_workdir/results/all_vibrio_jasicida-ref_fastree.error >> /data/djs217/PROJECTS/56_Vibrio_phaME/01_all_species/03_workdir/results/all_vibrio_jasicida-ref_fastree.log

Reading Gaps file.
Warnings: 11671_EXE_45_2024_E_unicycler covered only 0.04728 of the Vibrio_jasicida_CAIM_1864 (<cutoff = 0.1). It will NOT be used to build SNP tree and matrix.
Warnings: Vibrio_gallicus_CIP_107863_contig covered only 0.02679 of the Vibrio_jasicida_CAIM_1864 (<cutoff = 0.1). It will NOT be used to build SNP tree and matrix.
Warnings: Vibrio_pelagius_ATCC_25916_contig covered only 0.09591 of the Vibrio_jasicida_CAIM_1864 (<cutoff = 0.1). It will NOT be used to build SNP tree and matrix.
EXE07_2023A1_unicycler covered 0.36564 of the Vibrio_jasicida_CAIM_1864 (<cutoff = 0.1). It will be used to build SNP tree and matrix.
Warnings: Vibrio_marisflavi_CECT_7928_contig covered only 0.03843 of the Vibrio_jasicida_CAIM_1864 (<cutoff = 0.1). It will NOT be used to build SNP tree and matrix.
Vibrio_mytili_type_strain__CIP103929_contig covered 0.19357 of the Vibrio_jasicida_CAIM_1864 (<cutoff = 0.1). It will be used to build SNP tree and matrix.
11813_EXE_22_2025_DG3A_PBC74148_barcode18_final covered 0.86362 of the Vibrio_jasicida_CAIM_1864 (<cutoff = 0.1). It will be used to build SNP tree and matrix.
Warnings: Vibrio_coralliilyticus_DSM_19607_contig covered only 0.09301 of the Vibrio_jasicida_CAIM_1864 (<cutoff = 0.1). It will NOT be used to build SNP tree and matrix.
Vibrio_celticus_CECT_7224_contig covered 0.10142 of the Vibrio_jasicida_CAIM_1864 (<cutoff = 0.1). It will be used to build SNP tree and matrix.
11671_EXE_23_2024_1_unicycler covered 0.37872 of the Vibrio_jasicida_CAIM_1864 (<cutoff = 0.1). It will be used to build SNP tree and matrix.
11813_EXE22_2025_IVF5LA_PBC74148_final covered 0.88209 of the Vibrio_jasicida_CAIM_1864 (<cutoff = 0.1). It will be used to build SNP tree and matrix.
Warnings: 11813_EXE_26_2025_C_PBC74148_final covered only 0.08762 of the Vibrio_jasicida_CAIM_1864 (<cutoff = 0.1). It will NOT be used to build SNP tree and matrix.
Warnings: Vibrio_cholerae_FDAARGOS_103_contig covered only 0.04418 of the Vibrio_jasicida_CAIM_1864 (<cutoff = 0.1). It will NOT be used to build SNP tree and matrix.
11813_EXE_22_2025_DG1LF_PBC7_final covered 0.82384 of the Vibrio_jasicida_CAIM_1864 (<cutoff = 0.1). It will be used to build SNP tree and matrix.
Warnings: Vibrio_kagoshimensis_JAMM0761_contig covered only 0.07372 of the Vibrio_jasicida_CAIM_1864 (<cutoff = 0.1). It will NOT be used to build SNP tree and matrix.
Warnings: Vibrio_tapetis_subsp__quintayensis_CECT_8851_contig covered only 0.04868 of the Vibrio_jasicida_CAIM_1864 (<cutoff = 0.1). It will NOT be used to build SNP tree and matrix.
Warnings: Vibrio_anguillarum_NCTC12159_contig covered only 0.05138 of the Vibrio_jasicida_CAIM_1864 (<cutoff = 0.1). It will NOT be used to build SNP tree and matrix.
Warnings: 11671_EXE_04_2024_1A1_unicycler covered only 0.00850 of the Vibrio_jasicida_CAIM_1864 (<cutoff = 0.1). It will NOT be used to build SNP tree and matrix.
11813_EXE_30_2024_F_PBC74148_final covered 0.37808 of the Vibrio_jasicida_CAIM_1864 (<cutoff = 0.1). It will be used to build SNP tree and matrix.
REPEATS covered 0.99137 of the Vibrio_jasicida_CAIM_1864 (<cutoff = 0.1). It will be used to build SNP tree and matrix.
Warnings: Vibrio_rarus_LMG_23674_contig covered only 0.02990 of the Vibrio_jasicida_CAIM_1864 (<cutoff = 0.1). It will NOT be used to build SNP tree and matrix.
Warnings: Vibrio_pectenicida_LMG_19642_contig covered only 0.03752 of the Vibrio_jasicida_CAIM_1864 (<cutoff = 0.1). It will NOT be used to build SNP tree and matrix.
EXE_13_2025_A_final covered 0.89013 of the Vibrio_jasicida_CAIM_1864 (<cutoff = 0.1). It will be used to build SNP tree and matrix.
Warnings: Vibrio_misgurnus_GVC_contig covered only 0.03040 of the Vibrio_jasicida_CAIM_1864 (<cutoff = 0.1). It will NOT be used to build SNP tree and matrix.
Warnings: Vibrio_barjaei_3062_contig covered only 0.05932 of the Vibrio_jasicida_CAIM_1864 (<cutoff = 0.1). It will NOT be used to build SNP tree and matrix.
Warnings: EXE_01_2025_M_final covered only 0.05200 of the Vibrio_jasicida_CAIM_1864 (<cutoff = 0.1). It will NOT be used to build SNP tree and matrix.
EXE_08_2024_A_final covered 0.36204 of the Vibrio_jasicida_CAIM_1864 (<cutoff = 0.1). It will be used to build SNP tree and matrix.
Vibrio_sinaloensis_CECT_7298_contig covered 0.10104 of the Vibrio_jasicida_CAIM_1864 (<cutoff = 0.1). It will be used to build SNP tree and matrix.
11813_EXE_09_2024_B_PBC74148_final covered 0.37764 of the Vibrio_jasicida_CAIM_1864 (<cutoff = 0.1). It will be used to build SNP tree and matrix.
Warnings: Vibrio_albus_E4404_contig covered only 0.02737 of the Vibrio_jasicida_CAIM_1864 (<cutoff = 0.1). It will NOT be used to build SNP tree and matrix.
11813_EXE_34_2024_P_PBC74148_final covered 0.37510 of the Vibrio_jasicida_CAIM_1864 (<cutoff = 0.1). It will be used to build SNP tree and matrix.
Vibrio_jasicida_CAIM_1864 covered 0.99980 of the Vibrio_jasicida_CAIM_1864 (<cutoff = 0.1). It will be used to build SNP tree and matrix.
Warnings: Vibrio_methylphosphonaticus_S4B1_contig covered only 0.04868 of the Vibrio_jasicida_CAIM_1864 (<cutoff = 0.1). It will NOT be used to build SNP tree and matrix.
EXE_15_2024_J_unicycler covered 0.37624 of the Vibrio_jasicida_CAIM_1864 (<cutoff = 0.1). It will be used to build SNP tree and matrix.
Warnings: Vibrio_cortegadensis_CECT_7227_contig covered only 0.06253 of the Vibrio_jasicida_CAIM_1864 (<cutoff = 0.1). It will NOT be used to build SNP tree and matrix.
Vibrio_chemaguriensis_Iso1_contig covered 0.35891 of the Vibrio_jasicida_CAIM_1864 (<cutoff = 0.1). It will be used to build SNP tree and matrix.
11813_EXE_27_2025_A_PBC74148_final covered 0.88329 of the Vibrio_jasicida_CAIM_1864 (<cutoff = 0.1). It will be used to build SNP tree and matrix.
Warnings: Vibrio_fluminensis_A621_contig covered only 0.08735 of the Vibrio_jasicida_CAIM_1864 (<cutoff = 0.1). It will NOT be used to build SNP tree and matrix.
Warnings: Vibrio_nitrifigilis_NFV_1_contig covered only 0.03909 of the Vibrio_jasicida_CAIM_1864 (<cutoff = 0.1). It will NOT be used to build SNP tree and matrix.
Warnings: Vibrio_plantisponsor_MSSRF60_contig covered only 0.06406 of the Vibrio_jasicida_CAIM_1864 (<cutoff = 0.1). It will NOT be used to build SNP tree and matrix.
Warnings: 11813_EXE_23_2025_L_PBC74148_final covered only 0.07930 of the Vibrio_jasicida_CAIM_1864 (<cutoff = 0.1). It will NOT be used to build SNP tree and matrix.
Vibrio_aquaticus_BEI207_contig covered 0.10360 of the Vibrio_jasicida_CAIM_1864 (<cutoff = 0.1). It will be used to build SNP tree and matrix.
Warnings: Vibrio_mediterranei__contig covered only 0.06222 of the Vibrio_jasicida_CAIM_1864 (<cutoff = 0.1). It will NOT be used to build SNP tree and matrix.
Warnings: 11813_EXE_28_2025_W_PBC74148_final covered only 0.08137 of the Vibrio_jasicida_CAIM_1864 (<cutoff = 0.1). It will NOT be used to build SNP tree and matrix.
Warnings: Vibrio_spartinae_CECT_9026_contig covered only 0.01627 of the Vibrio_jasicida_CAIM_1864 (<cutoff = 0.1). It will NOT be used to build SNP tree and matrix.
Warnings: Vibrio_rhodolitus_G98_contig covered only 0.09181 of the Vibrio_jasicida_CAIM_1864 (<cutoff = 0.1). It will NOT be used to build SNP tree and matrix.
Warnings: Vibrio_satsumensis_JAMM0822_contig covered only 0.09936 of the Vibrio_jasicida_CAIM_1864 (<cutoff = 0.1). It will NOT be used to build SNP tree and matrix.
Warnings: Vibrio_fluvialis_ATCC_33809_contig covered only 0.06003 of the Vibrio_jasicida_CAIM_1864 (<cutoff = 0.1). It will NOT be used to build SNP tree and matrix.
EXE_20_2025_B_final covered 0.37767 of the Vibrio_jasicida_CAIM_1864 (<cutoff = 0.1). It will be used to build SNP tree and matrix.
Vibrio_hepatarius_DSM_19134_contig covered 0.10536 of the Vibrio_jasicida_CAIM_1864 (<cutoff = 0.1). It will be used to build SNP tree and matrix.
11813_EXE_01_2024_7_PBC74148_final covered 0.37795 of the Vibrio_jasicida_CAIM_1864 (<cutoff = 0.1). It will be used to build SNP tree and matrix.
Warnings: Vibrio_echinoideorum_DSM_107264_contig covered only 0.08926 of the Vibrio_jasicida_CAIM_1864 (<cutoff = 0.1). It will NOT be used to build SNP tree and matrix.
Warnings: Vibrio_olivae_CECT_8064_contig covered only 0.04307 of the Vibrio_jasicida_CAIM_1864 (<cutoff = 0.1). It will NOT be used to build SNP tree and matrix.
Vibrio_campbellii_CAIM_519_contig covered 0.62533 of the Vibrio_jasicida_CAIM_1864 (<cutoff = 0.1). It will be used to build SNP tree and matrix.
Warnings: 11813_EXE_03_2025_A_PBC74148_final covered only 0.02589 of the Vibrio_jasicida_CAIM_1864 (<cutoff = 0.1). It will NOT be used to build SNP tree and matrix.
Warnings: Vibrio_atlanticus_CECT_7223_contig covered only 0.09310 of the Vibrio_jasicida_CAIM_1864 (<cutoff = 0.1). It will NOT be used to build SNP tree and matrix.
Warnings: Vibrio_agarivorans_CECT_5085_contig covered only 0.06054 of the Vibrio_jasicida_CAIM_1864 (<cutoff = 0.1). It will NOT be used to build SNP tree and matrix.
Warnings: 11671_EXE_04_2024_2B3_unicycler covered only 0.00860 of the Vibrio_jasicida_CAIM_1864 (<cutoff = 0.1). It will NOT be used to build SNP tree and matrix.
Vibrio_bivalvicida_605_contig covered 0.10077 of the Vibrio_jasicida_CAIM_1864 (<cutoff = 0.1). It will be used to build SNP tree and matrix.
Warnings: Vibrio_scophthalmi_LMG_19158_contig covered only 0.07888 of the Vibrio_jasicida_CAIM_1864 (<cutoff = 0.1). It will NOT be used to build SNP tree and matrix.
11671_Guernsey_unicycler covered 0.38223 of the Vibrio_jasicida_CAIM_1864 (<cutoff = 0.1). It will be used to build SNP tree and matrix.
Warnings: Vibrio_diazotrophicus_ATCC_33466_contig covered only 0.06203 of the Vibrio_jasicida_CAIM_1864 (<cutoff = 0.1). It will NOT be used to build SNP tree and matrix.
Warnings: Vibrio_thalassae_KCTC_32373_contig covered only 0.05917 of the Vibrio_jasicida_CAIM_1864 (<cutoff = 0.1). It will NOT be used to build SNP tree and matrix.
Warnings: Vibrio_amylolyticus_ZSDE26_contig covered only 0.05855 of the Vibrio_jasicida_CAIM_1864 (<cutoff = 0.1). It will NOT be used to build SNP tree and matrix.
Warnings: Vibrio_brasiliensis_LMG_20546_contig covered only 0.09643 of the Vibrio_jasicida_CAIM_1864 (<cutoff = 0.1). It will NOT be used to build SNP tree and matrix.
Warnings: Vibrio_renipiscarius_DCR_1_4_2_contig covered only 0.07899 of the Vibrio_jasicida_CAIM_1864 (<cutoff = 0.1). It will NOT be used to build SNP tree and matrix.
Warnings: Vibrio_toranzoniae_CECT_7225_contig covered only 0.09151 of the Vibrio_jasicida_CAIM_1864 (<cutoff = 0.1). It will NOT be used to build SNP tree and matrix.
Warnings: Vibrio_xiamenensis_CGMCC_1_10228_contig covered only 0.05025 of the Vibrio_jasicida_CAIM_1864 (<cutoff = 0.1). It will NOT be used to build SNP tree and matrix.
Vibrio_intestinalis_YLB_11_contig covered 0.10074 of the Vibrio_jasicida_CAIM_1864 (<cutoff = 0.1). It will be used to build SNP tree and matrix.
Warnings: Vibrio_kasasachensis_JAMM1812_contig covered only 0.06910 of the Vibrio_jasicida_CAIM_1864 (<cutoff = 0.1). It will NOT be used to build SNP tree and matrix.
Warnings: Vibrio_profundi_TP187_contig covered only 0.08650 of the Vibrio_jasicida_CAIM_1864 (<cutoff = 0.1). It will NOT be used to build SNP tree and matrix.
11813_EXE_12_2025_A_PBC74148_final covered 0.36416 of the Vibrio_jasicida_CAIM_1864 (<cutoff = 0.1). It will be used to build SNP tree and matrix.
11813_EXE_30_2025_S_PBC74148_final covered 0.37561 of the Vibrio_jasicida_CAIM_1864 (<cutoff = 0.1). It will be used to build SNP tree and matrix.
Warnings: Vibrio_wakamikoensis_JAMM2464_contig covered only 0.06859 of the Vibrio_jasicida_CAIM_1864 (<cutoff = 0.1). It will NOT be used to build SNP tree and matrix.
Warnings: 11813_EXE_01_2025_M_PBC74148_final covered only 0.04147 of the Vibrio_jasicida_CAIM_1864 (<cutoff = 0.1). It will NOT be used to build SNP tree and matrix.
11671_EXE_25_2024_H_unicycler covered 0.37532 of the Vibrio_jasicida_CAIM_1864 (<cutoff = 0.1). It will be used to build SNP tree and matrix.
11813_EXE_32_2024_G_PBC74148_final covered 0.37368 of the Vibrio_jasicida_CAIM_1864 (<cutoff = 0.1). It will be used to build SNP tree and matrix.
Vibrio_hyugaensis_090810a_contig covered 0.78633 of the Vibrio_jasicida_CAIM_1864 (<cutoff = 0.1). It will be used to build SNP tree and matrix.
Warnings: Vibrio_mangrovi_CECT_7927_contig covered only 0.01741 of the Vibrio_jasicida_CAIM_1864 (<cutoff = 0.1). It will NOT be used to build SNP tree and matrix.
Warnings: Vibrio_hippocampi_CECT_8226_contig covered only 0.04280 of the Vibrio_jasicida_CAIM_1864 (<cutoff = 0.1). It will NOT be used to build SNP tree and matrix.
Vibrio_azureus_LC2_005_contig covered 0.13197 of the Vibrio_jasicida_CAIM_1864 (<cutoff = 0.1). It will be used to build SNP tree and matrix.
11813_EXE_20_2024_J_PBC74148_final covered 0.36661 of the Vibrio_jasicida_CAIM_1864 (<cutoff = 0.1). It will be used to build SNP tree and matrix.
11813_EXE_19_2024_M_PBC74148_final covered 0.36151 of the Vibrio_jasicida_CAIM_1864 (<cutoff = 0.1). It will be used to build SNP tree and matrix.
Warnings: Vibrio_chaetopteri_CB1_14_contig covered only 0.06929 of the Vibrio_jasicida_CAIM_1864 (<cutoff = 0.1). It will NOT be used to build SNP tree and matrix.
Warnings: Vibrio_lentus_40M4T_contig covered only 0.09767 of the Vibrio_jasicida_CAIM_1864 (<cutoff = 0.1). It will NOT be used to build SNP tree and matrix.
Warnings: 11671_EXE_02_2024_3B2_unicycler covered only 0.00850 of the Vibrio_jasicida_CAIM_1864 (<cutoff = 0.1). It will NOT be used to build SNP tree and matrix.
11813_EXE_30_2025_L_PBC74148_final covered 0.37618 of the Vibrio_jasicida_CAIM_1864 (<cutoff = 0.1). It will be used to build SNP tree and matrix.
Warnings: Vibrio_metschnikovii_NCTC8443_contig covered only 0.03047 of the Vibrio_jasicida_CAIM_1864 (<cutoff = 0.1). It will NOT be used to build SNP tree and matrix.
Warnings: Vibrio_qinghaiensis_Q67_contig covered only 0.04749 of the Vibrio_jasicida_CAIM_1864 (<cutoff = 0.1). It will NOT be used to build SNP tree and matrix.
Warnings: Vibrio_hangzhouensis_CGMCC_1_7062_contig covered only 0.05339 of the Vibrio_jasicida_CAIM_1864 (<cutoff = 0.1). It will NOT be used to build SNP tree and matrix.
11671_EXE_22_2024_B_unicycler covered 0.88764 of the Vibrio_jasicida_CAIM_1864 (<cutoff = 0.1). It will be used to build SNP tree and matrix.
Vibrio_ouci_BEI176_contig covered 0.11697 of the Vibrio_jasicida_CAIM_1864 (<cutoff = 0.1). It will be used to build SNP tree and matrix.
EXE08_2023B5_unicycler covered 0.36954 of the Vibrio_jasicida_CAIM_1864 (<cutoff = 0.1). It will be used to build SNP tree and matrix.
Warnings: Vibrio_penaeicida_IFO_15640_contig covered only 0.04972 of the Vibrio_jasicida_CAIM_1864 (<cutoff = 0.1). It will NOT be used to build SNP tree and matrix.
Warnings: Vibrio_cincinnatiensis_NCTC12012_contig covered only 0.03083 of the Vibrio_jasicida_CAIM_1864 (<cutoff = 0.1). It will NOT be used to build SNP tree and matrix.
Warnings: Vibrio_ostreicida_CECT_7398_contig covered only 0.03940 of the Vibrio_jasicida_CAIM_1864 (<cutoff = 0.1). It will NOT be used to build SNP tree and matrix.
11813_EXE_21_2025_F_PBC74148_final covered 0.37781 of the Vibrio_jasicida_CAIM_1864 (<cutoff = 0.1). It will be used to build SNP tree and matrix.
Warnings: Vibrio_sinensis_BEI233_contig covered only 0.07374 of the Vibrio_jasicida_CAIM_1864 (<cutoff = 0.1). It will NOT be used to build SNP tree and matrix.
Vibrio_orientalis_CIP_102891_contig covered 0.11288 of the Vibrio_jasicida_CAIM_1864 (<cutoff = 0.1). It will be used to build SNP tree and matrix.
11671_EXE_26_2024_C_unicycler covered 0.37823 of the Vibrio_jasicida_CAIM_1864 (<cutoff = 0.1). It will be used to build SNP tree and matrix.
Vibrio_alginolyticus_ATCC_17749_contig covered 0.37752 of the Vibrio_jasicida_CAIM_1864 (<cutoff = 0.1). It will be used to build SNP tree and matrix.
11813_EXE_26_2025_A_PBC74148_final covered 0.88979 of the Vibrio_jasicida_CAIM_1864 (<cutoff = 0.1). It will be used to build SNP tree and matrix.
Warnings: Vibrio_tritonius_JCM_16456_contig covered only 0.04047 of the Vibrio_jasicida_CAIM_1864 (<cutoff = 0.1). It will NOT be used to build SNP tree and matrix.
Warnings: Vibrio_aquimaris_THAF100_contig covered only 0.04197 of the Vibrio_jasicida_CAIM_1864 (<cutoff = 0.1). It will NOT be used to build SNP tree and matrix.
Warnings: Vibrio_sabulosilitoris_MAO6_contig covered only 0.04772 of the Vibrio_jasicida_CAIM_1864 (<cutoff = 0.1). It will NOT be used to build SNP tree and matrix.
Vibrio_sagamiensis_NBRC_104589_contig covered 0.12014 of the Vibrio_jasicida_CAIM_1864 (<cutoff = 0.1). It will be used to build SNP tree and matrix.
Warnings: Vibrio_rumoiensis_FERM_P_14531_contig covered only 0.02433 of the Vibrio_jasicida_CAIM_1864 (<cutoff = 0.1). It will NOT be used to build SNP tree and matrix.
Warnings: Vibrio_paracholerae_EDC_792_contig covered only 0.04034 of the Vibrio_jasicida_CAIM_1864 (<cutoff = 0.1). It will NOT be used to build SNP tree and matrix.
Warnings: Vibrio_gazogenes_ATCC_29988_contig covered only 0.01722 of the Vibrio_jasicida_CAIM_1864 (<cutoff = 0.1). It will NOT be used to build SNP tree and matrix.
Warnings: Vibrio_aestuarianus_LMG_7909_contig covered only 0.06158 of the Vibrio_jasicida_CAIM_1864 (<cutoff = 0.1). It will NOT be used to build SNP tree and matrix.
Warnings: 11671_EXE_04_2024_1B1_unicycler covered only 0.00850 of the Vibrio_jasicida_CAIM_1864 (<cutoff = 0.1). It will NOT be used to build SNP tree and matrix.
Warnings: 11813_EXE_24_2025_E_PBC74148_final covered only 0.00868 of the Vibrio_jasicida_CAIM_1864 (<cutoff = 0.1). It will NOT be used to build SNP tree and matrix.
Warnings: Vibrio_cyclitrophicus_LMG_21359_contig covered only 0.09067 of the Vibrio_jasicida_CAIM_1864 (<cutoff = 0.1). It will NOT be used to build SNP tree and matrix.
Warnings: Vibrio_comitans_LMG_23416_contig covered only 0.04143 of the Vibrio_jasicida_CAIM_1864 (<cutoff = 0.1). It will NOT be used to build SNP tree and matrix.
11813_EXE_34_2024_C_PBC74148_final covered 0.36415 of the Vibrio_jasicida_CAIM_1864 (<cutoff = 0.1). It will be used to build SNP tree and matrix.
Warnings: Vibrio_nomapromontoriensis_JAMM1728_contig covered only 0.05077 of the Vibrio_jasicida_CAIM_1864 (<cutoff = 0.1). It will NOT be used to build SNP tree and matrix.
Vibrio_antiquarius_EX25_contig covered 0.35890 of the Vibrio_jasicida_CAIM_1864 (<cutoff = 0.1). It will be used to build SNP tree and matrix.
11813_EXE_30_2025_R_PBC74148_final covered 0.19453 of the Vibrio_jasicida_CAIM_1864 (<cutoff = 0.1). It will be used to build SNP tree and matrix.
Vibrio_pomeroyi_LMG_20537_contig covered 0.10697 of the Vibrio_jasicida_CAIM_1864 (<cutoff = 0.1). It will be used to build SNP tree and matrix.
Warnings: Vibrio_breoganii_CECT_7222_contig covered only 0.04232 of the Vibrio_jasicida_CAIM_1864 (<cutoff = 0.1). It will NOT be used to build SNP tree and matrix.
Warnings: Vibrio_hibernica_B1_19_contig covered only 0.01745 of the Vibrio_jasicida_CAIM_1864 (<cutoff = 0.1). It will NOT be used to build SNP tree and matrix.
Vibrio_crassostreae_LMG_22240_contig covered 0.10384 of the Vibrio_jasicida_CAIM_1864 (<cutoff = 0.1). It will be used to build SNP tree and matrix.
11813_EXE_33_2024_E_PBC74148_final covered 0.21455 of the Vibrio_jasicida_CAIM_1864 (<cutoff = 0.1). It will be used to build SNP tree and matrix.
Warnings: Vibrio_tarriae_2521_89_contig covered only 0.04233 of the Vibrio_jasicida_CAIM_1864 (<cutoff = 0.1). It will NOT be used to build SNP tree and matrix.
Warnings: Vibrio_neonatus_JCM_21521_contig covered only 0.03449 of the Vibrio_jasicida_CAIM_1864 (<cutoff = 0.1). It will NOT be used to build SNP tree and matrix.
Vibrio_natriegens_CCUG_16371_contig covered 0.25958 of the Vibrio_jasicida_CAIM_1864 (<cutoff = 0.1). It will be used to build SNP tree and matrix.
Warnings: EXE_23_2025_L_final covered only 0.07978 of the Vibrio_jasicida_CAIM_1864 (<cutoff = 0.1). It will NOT be used to build SNP tree and matrix.
11813_EXE_33_2024_F_PBC74148_final covered 0.37816 of the Vibrio_jasicida_CAIM_1864 (<cutoff = 0.1). It will be used to build SNP tree and matrix.
EXE_33_2024_E_final covered 0.37841 of the Vibrio_jasicida_CAIM_1864 (<cutoff = 0.1). It will be used to build SNP tree and matrix.
Warnings: Vibrio_litoralis_DSM_17657_contig covered only 0.02664 of the Vibrio_jasicida_CAIM_1864 (<cutoff = 0.1). It will NOT be used to build SNP tree and matrix.
Warnings: 11813_EXE_13_2025_H_PBC74148_final covered only 0.06600 of the Vibrio_jasicida_CAIM_1864 (<cutoff = 0.1). It will NOT be used to build SNP tree and matrix.
Warnings: Vibrio_injensis_M12_1144_contig covered only 0.02872 of the Vibrio_jasicida_CAIM_1864 (<cutoff = 0.1). It will NOT be used to build SNP tree and matrix.
Warnings: Vibrio_ziniensis_ZWAL4003_contig covered only 0.05336 of the Vibrio_jasicida_CAIM_1864 (<cutoff = 0.1). It will NOT be used to build SNP tree and matrix.
Warnings: Vibrio_viridaestus_LJC006_contig covered only 0.02679 of the Vibrio_jasicida_CAIM_1864 (<cutoff = 0.1). It will NOT be used to build SNP tree and matrix.
11813_EXE_20_2025_B_PBC74148_final covered 0.36096 of the Vibrio_jasicida_CAIM_1864 (<cutoff = 0.1). It will be used to build SNP tree and matrix.
Warnings: Vibrio_clamense_JAMM0920_contig covered only 0.06039 of the Vibrio_jasicida_CAIM_1864 (<cutoff = 0.1). It will NOT be used to build SNP tree and matrix.
Warnings: Vibrio_marinisediminis_404_contig covered only 0.08526 of the Vibrio_jasicida_CAIM_1864 (<cutoff = 0.1). It will NOT be used to build SNP tree and matrix.
Vibrio_owensii_DY05_contig covered 0.76023 of the Vibrio_jasicida_CAIM_1864 (<cutoff = 0.1). It will be used to build SNP tree and matrix.
Warnings: Vibrio_gelatinilyticus_ZSDZ34_contig covered only 0.04659 of the Vibrio_jasicida_CAIM_1864 (<cutoff = 0.1). It will NOT be used to build SNP tree and matrix.
Warnings: Vibrio_caribbeanicus_ATCC_BAA_2122_contig covered only 0.02930 of the Vibrio_jasicida_CAIM_1864 (<cutoff = 0.1). It will NOT be used to build SNP tree and matrix.
Vibrio_coralliirubri_DSM_27495_contig covered 0.10835 of the Vibrio_jasicida_CAIM_1864 (<cutoff = 0.1). It will be used to build SNP tree and matrix.
11813_EXE_30_2024_G_PBC74148_final covered 0.89005 of the Vibrio_jasicida_CAIM_1864 (<cutoff = 0.1). It will be used to build SNP tree and matrix.
EXE_32_2024_G_final covered 0.36452 of the Vibrio_jasicida_CAIM_1864 (<cutoff = 0.1). It will be used to build SNP tree and matrix.
11813_EXE_27_2025_D_PBC74148_final covered 0.36208 of the Vibrio_jasicida_CAIM_1864 (<cutoff = 0.1). It will be used to build SNP tree and matrix.
Warnings: Vibrio_zhanjiangensis_NBRC_108723_contig covered only 0.03637 of the Vibrio_jasicida_CAIM_1864 (<cutoff = 0.1). It will NOT be used to build SNP tree and matrix.
Warnings: Vibrio_ostreae_OG9_811_contig covered only 0.04669 of the Vibrio_jasicida_CAIM_1864 (<cutoff = 0.1). It will NOT be used to build SNP tree and matrix.
Warnings: Vibrio_cionasavignyae_JAMM2507_contig covered only 0.05210 of the Vibrio_jasicida_CAIM_1864 (<cutoff = 0.1). It will NOT be used to build SNP tree and matrix.
Warnings: Vibrio_porteresiae_MSSRF30_contig covered only 0.04143 of the Vibrio_jasicida_CAIM_1864 (<cutoff = 0.1). It will NOT be used to build SNP tree and matrix.
11671_EXE_19_2024_C_unicycler covered 0.37533 of the Vibrio_jasicida_CAIM_1864 (<cutoff = 0.1). It will be used to build SNP tree and matrix.
Warnings: Vibrio_casei_DSM_22364_contig covered only 0.02380 of the Vibrio_jasicida_CAIM_1864 (<cutoff = 0.1). It will NOT be used to build SNP tree and matrix.
Warnings: Vibrio_inusitatus_LMG_23434_contig covered only 0.03619 of the Vibrio_jasicida_CAIM_1864 (<cutoff = 0.1). It will NOT be used to build SNP tree and matrix.
Warnings: 11671_EXE_02_2024_3B1_unicycler covered only 0.00850 of the Vibrio_jasicida_CAIM_1864 (<cutoff = 0.1). It will NOT be used to build SNP tree and matrix.
Warnings: Vibrio_tasmaniensis_LMG_20012_contig covered only 0.09174 of the Vibrio_jasicida_CAIM_1864 (<cutoff = 0.1). It will NOT be used to build SNP tree and matrix.
EXE_03_2025_A_final covered 0.88888 of the Vibrio_jasicida_CAIM_1864 (<cutoff = 0.1). It will be used to build SNP tree and matrix.
Warnings: Vibrio_syngnathi_K08M4_contig covered only 0.09116 of the Vibrio_jasicida_CAIM_1864 (<cutoff = 0.1). It will NOT be used to build SNP tree and matrix.
11813_EXE_29_2025_HH_PBC74148_final covered 0.37866 of the Vibrio_jasicida_CAIM_1864 (<cutoff = 0.1). It will be used to build SNP tree and matrix.
Warnings: Vibrio_nereis_DSM_19584_contig covered only 0.08922 of the Vibrio_jasicida_CAIM_1864 (<cutoff = 0.1). It will NOT be used to build SNP tree and matrix.
Warnings: Vibrio_glycogenivorans_WXL210_contig covered only 0.04913 of the Vibrio_jasicida_CAIM_1864 (<cutoff = 0.1). It will NOT be used to build SNP tree and matrix.
Warnings: Vibrio_gigantis_LMG_22741_contig covered only 0.09934 of the Vibrio_jasicida_CAIM_1864 (<cutoff = 0.1). It will NOT be used to build SNP tree and matrix.
Warnings: Vibrio_tapetis_subsp__tapetis__contig covered only 0.04657 of the Vibrio_jasicida_CAIM_1864 (<cutoff = 0.1). It will NOT be used to build SNP tree and matrix.
Vibrio_tubiashii_ATCC_19109_contig covered 0.10669 of the Vibrio_jasicida_CAIM_1864 (<cutoff = 0.1). It will be used to build SNP tree and matrix.
Warnings: Vibrio_maerlii_G62_contig covered only 0.07628 of the Vibrio_jasicida_CAIM_1864 (<cutoff = 0.1). It will NOT be used to build SNP tree and matrix.
Warnings: Vibrio_iocasae_HN007_contig covered only 0.04098 of the Vibrio_jasicida_CAIM_1864 (<cutoff = 0.1). It will NOT be used to build SNP tree and matrix.
Vibrio_parahaemolyticus_ATCC_17802_contig covered 0.37581 of the Vibrio_jasicida_CAIM_1864 (<cutoff = 0.1). It will be used to build SNP tree and matrix.
Vibrio_atypicus_DSM_25292_contig covered 0.10724 of the Vibrio_jasicida_CAIM_1864 (<cutoff = 0.1). It will be used to build SNP tree and matrix.
Warnings: Vibrio_kanaloae_LMG_20539_contig covered only 0.08885 of the Vibrio_jasicida_CAIM_1864 (<cutoff = 0.1). It will NOT be used to build SNP tree and matrix.
Vibrio_rotiferianus_CAIM_577_contig covered 0.56645 of the Vibrio_jasicida_CAIM_1864 (<cutoff = 0.1). It will be used to build SNP tree and matrix.
Warnings: 11813_EXE_25_2025_25N_PBC74148_final covered only 0.01299 of the Vibrio_jasicida_CAIM_1864 (<cutoff = 0.1). It will NOT be used to build SNP tree and matrix.
Warnings: Vibrio_furnissii_FDAARGOS_777_contig covered only 0.06247 of the Vibrio_jasicida_CAIM_1864 (<cutoff = 0.1). It will NOT be used to build SNP tree and matrix.
EXE_30_2025_R_final covered 0.37568 of the Vibrio_jasicida_CAIM_1864 (<cutoff = 0.1). It will be used to build SNP tree and matrix.
Warnings: Vibrio_superstes_G3_29_contig covered only 0.04037 of the Vibrio_jasicida_CAIM_1864 (<cutoff = 0.1). It will NOT be used to build SNP tree and matrix.
Warnings: Vibrio_ruber_CECT_7878_contig covered only 0.01625 of the Vibrio_jasicida_CAIM_1864 (<cutoff = 0.1). It will NOT be used to build SNP tree and matrix.
Warnings: Vibrio_ponticus_DSM_16217_contig covered only 0.09283 of the Vibrio_jasicida_CAIM_1864 (<cutoff = 0.1). It will NOT be used to build SNP tree and matrix.
Vibrio_europaeus_PP_638_contig covered 0.10716 of the Vibrio_jasicida_CAIM_1864 (<cutoff = 0.1). It will be used to build SNP tree and matrix.
Warnings: Vibrio_navarrensis_ATCC_51183_contig covered only 0.08133 of the Vibrio_jasicida_CAIM_1864 (<cutoff = 0.1). It will NOT be used to build SNP tree and matrix.
Warnings: Vibrio_galatheae_S2757_contig covered only 0.08336 of the Vibrio_jasicida_CAIM_1864 (<cutoff = 0.1). It will NOT be used to build SNP tree and matrix.
EXE09_2023D7_unicycler covered 0.36011 of the Vibrio_jasicida_CAIM_1864 (<cutoff = 0.1). It will be used to build SNP tree and matrix.
11813_EXE_28_2025_A_PBC74148_final covered 0.39302 of the Vibrio_jasicida_CAIM_1864 (<cutoff = 0.1). It will be used to build SNP tree and matrix.
Warnings: Vibrio_bathopelagicus_Sal10_contig covered only 0.09849 of the Vibrio_jasicida_CAIM_1864 (<cutoff = 0.1). It will NOT be used to build SNP tree and matrix.
Warnings: Vibrio_chagasii_LMG_21353_contig covered only 0.09927 of the Vibrio_jasicida_CAIM_1864 (<cutoff = 0.1). It will NOT be used to build SNP tree and matrix.
Warnings: Vibrio_lamellibrachiae_JAMM2626_contig covered only 0.05711 of the Vibrio_jasicida_CAIM_1864 (<cutoff = 0.1). It will NOT be used to build SNP tree and matrix.
Warnings: Vibrio_kyushuensis_JAMM1822_contig covered only 0.05536 of the Vibrio_jasicida_CAIM_1864 (<cutoff = 0.1). It will NOT be used to build SNP tree and matrix.
Warnings: Vibrio_palustris_CECT_9027_contig covered only 0.02369 of the Vibrio_jasicida_CAIM_1864 (<cutoff = 0.1). It will NOT be used to build SNP tree and matrix.
Warnings: Vibrio_aphrogenes_CA_1004_contig covered only 0.02363 of the Vibrio_jasicida_CAIM_1864 (<cutoff = 0.1). It will NOT be used to build SNP tree and matrix.
Vibrio_floridensis_IRLE0018_contig covered 0.10253 of the Vibrio_jasicida_CAIM_1864 (<cutoff = 0.1). It will be used to build SNP tree and matrix.
Warnings: Vibrio_mimicus_NCTC11435_contig covered only 0.05383 of the Vibrio_jasicida_CAIM_1864 (<cutoff = 0.1). It will NOT be used to build SNP tree and matrix.
Vibrio_vulnificus_2142_77_contig covered 0.11630 of the Vibrio_jasicida_CAIM_1864 (<cutoff = 0.1). It will be used to build SNP tree and matrix.
Warnings: Vibrio_gangliei_DSM_104291_contig covered only 0.03036 of the Vibrio_jasicida_CAIM_1864 (<cutoff = 0.1). It will NOT be used to build SNP tree and matrix.
Warnings: Vibrio_pacinii_DSM_19139_contig covered only 0.07573 of the Vibrio_jasicida_CAIM_1864 (<cutoff = 0.1). It will NOT be used to build SNP tree and matrix.
Warnings: Vibrio_cholerae_FDAARGOS_103 covered only 0.04937 of the Vibrio_jasicida_CAIM_1864 (<cutoff = 0.1). It will NOT be used to build SNP tree and matrix.
Vibrio_fortis_LMG_21557_contig covered 0.10218 of the Vibrio_jasicida_CAIM_1864 (<cutoff = 0.1). It will be used to build SNP tree and matrix.
Warnings: Vibrio_apostichopi_FE10_contig covered only 0.09787 of the Vibrio_jasicida_CAIM_1864 (<cutoff = 0.1). It will NOT be used to build SNP tree and matrix.
EXE07_2023A4_unicycler covered 0.36489 of the Vibrio_jasicida_CAIM_1864 (<cutoff = 0.1). It will be used to build SNP tree and matrix.
11813_EXE_29_2025_V_PBC74148_final covered 0.36263 of the Vibrio_jasicida_CAIM_1864 (<cutoff = 0.1). It will be used to build SNP tree and matrix.
Warnings: Vibrio_rhizosphaerae_LMG_23790_contig covered only 0.01591 of the Vibrio_jasicida_CAIM_1864 (<cutoff = 0.1). It will NOT be used to build SNP tree and matrix.
11813_EXE_22_2025_T1A_PBC74148_final covered 0.36984 of the Vibrio_jasicida_CAIM_1864 (<cutoff = 0.1). It will be used to build SNP tree and matrix.
Warnings: Vibrio_ezurae_HDS1_1_contig covered only 0.03145 of the Vibrio_jasicida_CAIM_1864 (<cutoff = 0.1). It will NOT be used to build SNP tree and matrix.
Vibrio_harveyi_NCTC12970_contig covered 0.68331 of the Vibrio_jasicida_CAIM_1864 (<cutoff = 0.1). It will be used to build SNP tree and matrix.
Warnings: Vibrio_tetraodonis_subsp__pristinus_OCN044_contig covered only 0.03898 of the Vibrio_jasicida_CAIM_1864 (<cutoff = 0.1). It will NOT be used to build SNP tree and matrix.
Warnings: Vibrio_artabrorum_CECT_7226_contig covered only 0.07934 of the Vibrio_jasicida_CAIM_1864 (<cutoff = 0.1). It will NOT be used to build SNP tree and matrix.
Warnings: Vibrio_gallaecicus_CECT_7244_contig covered only 0.07676 of the Vibrio_jasicida_CAIM_1864 (<cutoff = 0.1). It will NOT be used to build SNP tree and matrix.
EXE10_2023G3_unicycler covered 0.36493 of the Vibrio_jasicida_CAIM_1864 (<cutoff = 0.1). It will be used to build SNP tree and matrix.
Warnings: Vibrio_salilacus_DSG_S6_contig covered only 0.07329 of the Vibrio_jasicida_CAIM_1864 (<cutoff = 0.1). It will NOT be used to build SNP tree and matrix.
11813_EX_23_2024_K_PBC74148_final covered 0.36690 of the Vibrio_jasicida_CAIM_1864 (<cutoff = 0.1). It will be used to build SNP tree and matrix.
11813_EXE_13_2025_P_PBC74148_final covered 0.88832 of the Vibrio_jasicida_CAIM_1864 (<cutoff = 0.1). It will be used to build SNP tree and matrix.
Warnings: Vibrio_ishigakensis_JCM_19231_contig covered only 0.04420 of the Vibrio_jasicida_CAIM_1864 (<cutoff = 0.1). It will NOT be used to build SNP tree and matrix.
Warnings: 11813_EXE_05_2024_A_PBC74148_final covered only 0.05048 of the Vibrio_jasicida_CAIM_1864 (<cutoff = 0.1). It will NOT be used to build SNP tree and matrix.
11813_EXE_33_2024_C_PBC74148_final covered 0.36440 of the Vibrio_jasicida_CAIM_1864 (<cutoff = 0.1). It will be used to build SNP tree and matrix.
Warnings: Vibrio_tetraodonis_A511_contig covered only 0.04111 of the Vibrio_jasicida_CAIM_1864 (<cutoff = 0.1). It will NOT be used to build SNP tree and matrix.
Warnings: Vibrio_japonicus_JCM_31412_contig covered only 0.09440 of the Vibrio_jasicida_CAIM_1864 (<cutoff = 0.1). It will NOT be used to build SNP tree and matrix.
Warnings: Vibrio_panuliri_JCM_19500_contig covered only 0.07929 of the Vibrio_jasicida_CAIM_1864 (<cutoff = 0.1). It will NOT be used to build SNP tree and matrix.
Warnings: Vibrio_proteolyticus_ATCC_15338_contig covered only 0.07297 of the Vibrio_jasicida_CAIM_1864 (<cutoff = 0.1). It will NOT be used to build SNP tree and matrix.
Warnings: Vibrio_ulleungensis_188UL20_2_contig covered only 0.02875 of the Vibrio_jasicida_CAIM_1864 (<cutoff = 0.1). It will NOT be used to build SNP tree and matrix.
Warnings: Vibrio_chanodichtyis_DSL_7_contig covered only 0.02997 of the Vibrio_jasicida_CAIM_1864 (<cutoff = 0.1). It will NOT be used to build SNP tree and matrix.
Warnings: Vibrio_agarilyticus_SM6_contig covered only 0.03758 of the Vibrio_jasicida_CAIM_1864 (<cutoff = 0.1). It will NOT be used to build SNP tree and matrix.
Warnings: Vibrio_splendidus_LMG_19031_contig covered only 0.09856 of the Vibrio_jasicida_CAIM_1864 (<cutoff = 0.1). It will NOT be used to build SNP tree and matrix.
11813_EXE_29_2025_K_PBC74148_final covered 0.85631 of the Vibrio_jasicida_CAIM_1864 (<cutoff = 0.1). It will be used to build SNP tree and matrix.
Warnings: Vibrio_sinus_S4M6_contig covered only 0.02846 of the Vibrio_jasicida_CAIM_1864 (<cutoff = 0.1). It will NOT be used to build SNP tree and matrix.
Warnings: Vibrio_halioticoli_IAM_14596_contig covered only 0.03403 of the Vibrio_jasicida_CAIM_1864 (<cutoff = 0.1). It will NOT be used to build SNP tree and matrix.
11813_EXE_06_2024_E_PBC74148_final covered 0.36441 of the Vibrio_jasicida_CAIM_1864 (<cutoff = 0.1). It will be used to build SNP tree and matrix.
Printing Summary Statistics.
Creating SNP alignment.
11671_EXE_02_2024_3B1_unicycler
11671_EXE_02_2024_3B2_unicycler
11671_EXE_04_2024_1A1_unicycler
11671_EXE_04_2024_1B1_unicycler
11671_EXE_04_2024_2B3_unicycler
11671_EXE_45_2024_E_unicycler
11813_EXE_01_2025_M_PBC74148_final
11813_EXE_03_2025_A_PBC74148_final
11813_EXE_05_2024_A_PBC74148_final
11813_EXE_13_2025_H_PBC74148_final
11813_EXE_23_2025_L_PBC74148_final
11813_EXE_24_2025_E_PBC74148_final
11813_EXE_25_2025_25N_PBC74148_final
11813_EXE_26_2025_C_PBC74148_final
11813_EXE_28_2025_W_PBC74148_final
EXE_01_2025_M_final
EXE_23_2025_L_final
Vibrio_cholerae_FDAARGOS_103
Vibrio_aestuarianus_LMG_7909_contig
Vibrio_agarilyticus_SM6_contig
Vibrio_agarivorans_CECT_5085_contig
Vibrio_albus_E4404_contig
Vibrio_amylolyticus_ZSDE26_contig
Vibrio_anguillarum_NCTC12159_contig
Vibrio_aphrogenes_CA_1004_contig
Vibrio_apostichopi_FE10_contig
Vibrio_aquimaris_THAF100_contig
Vibrio_artabrorum_CECT_7226_contig
Vibrio_atlanticus_CECT_7223_contig
Vibrio_barjaei_3062_contig
Vibrio_bathopelagicus_Sal10_contig
Vibrio_brasiliensis_LMG_20546_contig
Vibrio_breoganii_CECT_7222_contig
Vibrio_caribbeanicus_ATCC_BAA_2122_contig
Vibrio_casei_DSM_22364_contig
Vibrio_chaetopteri_CB1_14_contig
Vibrio_chagasii_LMG_21353_contig
Vibrio_chanodichtyis_DSL_7_contig
Vibrio_cholerae_FDAARGOS_103_contig
Vibrio_cincinnatiensis_NCTC12012_contig
Vibrio_cionasavignyae_JAMM2507_contig
Vibrio_clamense_JAMM0920_contig
Vibrio_comitans_LMG_23416_contig
Vibrio_coralliilyticus_DSM_19607_contig
Vibrio_cortegadensis_CECT_7227_contig
Vibrio_cyclitrophicus_LMG_21359_contig
Vibrio_diazotrophicus_ATCC_33466_contig
Vibrio_echinoideorum_DSM_107264_contig
Vibrio_ezurae_HDS1_1_contig
Vibrio_fluminensis_A621_contig
Vibrio_fluvialis_ATCC_33809_contig
Vibrio_furnissii_FDAARGOS_777_contig
Vibrio_galatheae_S2757_contig
Vibrio_gallaecicus_CECT_7244_contig
Vibrio_gallicus_CIP_107863_contig
Vibrio_gangliei_DSM_104291_contig
Vibrio_gazogenes_ATCC_29988_contig
Vibrio_gelatinilyticus_ZSDZ34_contig
Vibrio_gigantis_LMG_22741_contig
Vibrio_glycogenivorans_WXL210_contig
Vibrio_halioticoli_IAM_14596_contig
Vibrio_hangzhouensis_CGMCC_1_7062_contig
Vibrio_hibernica_B1_19_contig
Vibrio_hippocampi_CECT_8226_contig
Vibrio_injensis_M12_1144_contig
Vibrio_inusitatus_LMG_23434_contig
Vibrio_iocasae_HN007_contig
Vibrio_ishigakensis_JCM_19231_contig
Vibrio_japonicus_JCM_31412_contig
Vibrio_kagoshimensis_JAMM0761_contig
Vibrio_kanaloae_LMG_20539_contig
Vibrio_kasasachensis_JAMM1812_contig
Vibrio_kyushuensis_JAMM1822_contig
Vibrio_lamellibrachiae_JAMM2626_contig
Vibrio_lentus_40M4T_contig
Vibrio_litoralis_DSM_17657_contig
Vibrio_maerlii_G62_contig
Vibrio_mangrovi_CECT_7927_contig
Vibrio_marinisediminis_404_contig
Vibrio_marisflavi_CECT_7928_contig
Vibrio_mediterranei__contig
Vibrio_methylphosphonaticus_S4B1_contig
Vibrio_metschnikovii_NCTC8443_contig
Vibrio_mimicus_NCTC11435_contig
Vibrio_misgurnus_GVC_contig
Vibrio_navarrensis_ATCC_51183_contig
Vibrio_neonatus_JCM_21521_contig
Vibrio_nereis_DSM_19584_contig
Vibrio_nitrifigilis_NFV_1_contig
Vibrio_nomapromontoriensis_JAMM1728_contig
Vibrio_olivae_CECT_8064_contig
Vibrio_ostreae_OG9_811_contig
Vibrio_ostreicida_CECT_7398_contig
Vibrio_pacinii_DSM_19139_contig
Vibrio_palustris_CECT_9027_contig
Vibrio_panuliri_JCM_19500_contig
Vibrio_paracholerae_EDC_792_contig
Vibrio_pectenicida_LMG_19642_contig
Vibrio_pelagius_ATCC_25916_contig
Vibrio_penaeicida_IFO_15640_contig
Vibrio_plantisponsor_MSSRF60_contig
Vibrio_ponticus_DSM_16217_contig
Vibrio_porteresiae_MSSRF30_contig
Vibrio_profundi_TP187_contig
Vibrio_proteolyticus_ATCC_15338_contig
Vibrio_qinghaiensis_Q67_contig
Vibrio_rarus_LMG_23674_contig
Vibrio_renipiscarius_DCR_1_4_2_contig
Vibrio_rhizosphaerae_LMG_23790_contig
Vibrio_rhodolitus_G98_contig
Vibrio_ruber_CECT_7878_contig
Vibrio_rumoiensis_FERM_P_14531_contig
Vibrio_sabulosilitoris_MAO6_contig
Vibrio_salilacus_DSG_S6_contig
Vibrio_satsumensis_JAMM0822_contig
Vibrio_scophthalmi_LMG_19158_contig
Vibrio_sinensis_BEI233_contig
Vibrio_sinus_S4M6_contig
Vibrio_spartinae_CECT_9026_contig
Vibrio_splendidus_LMG_19031_contig
Vibrio_superstes_G3_29_contig
Vibrio_syngnathi_K08M4_contig
Vibrio_tapetis_subsp__quintayensis_CECT_8851_contig
Vibrio_tapetis_subsp__tapetis__contig
Vibrio_tarriae_2521_89_contig
Vibrio_tasmaniensis_LMG_20012_contig
Vibrio_tetraodonis_A511_contig
Vibrio_tetraodonis_subsp__pristinus_OCN044_contig
Vibrio_thalassae_KCTC_32373_contig
Vibrio_toranzoniae_CECT_7225_contig
Vibrio_tritonius_JCM_16456_contig
Vibrio_ulleungensis_188UL20_2_contig
Vibrio_viridaestus_LJC006_contig
Vibrio_wakamikoensis_JAMM2464_contig
Vibrio_xiamenensis_CGMCC_1_10228_contig
Vibrio_zhanjiangensis_NBRC_108723_contig
Vibrio_ziniensis_ZWAL4003_contig
11671_EXE_02_2024_3B1_unicycler
11671_EXE_02_2024_3B2_unicycler
11671_EXE_04_2024_1A1_unicycler
11671_EXE_04_2024_1B1_unicycler
11671_EXE_04_2024_2B3_unicycler
11671_EXE_45_2024_E_unicycler
11813_EXE_01_2025_M_PBC74148_final
11813_EXE_03_2025_A_PBC74148_final
11813_EXE_05_2024_A_PBC74148_final
11813_EXE_13_2025_H_PBC74148_final
11813_EXE_23_2025_L_PBC74148_final
11813_EXE_24_2025_E_PBC74148_final
11813_EXE_25_2025_25N_PBC74148_final
11813_EXE_26_2025_C_PBC74148_final
11813_EXE_28_2025_W_PBC74148_final
EXE_01_2025_M_final
EXE_23_2025_L_final
Vibrio_cholerae_FDAARGOS_103
Vibrio_aestuarianus_LMG_7909_contig
Vibrio_agarilyticus_SM6_contig
Vibrio_agarivorans_CECT_5085_contig
Vibrio_albus_E4404_contig
Vibrio_amylolyticus_ZSDE26_contig
Vibrio_anguillarum_NCTC12159_contig
Vibrio_aphrogenes_CA_1004_contig
Vibrio_apostichopi_FE10_contig
Vibrio_aquimaris_THAF100_contig
Vibrio_artabrorum_CECT_7226_contig
Vibrio_atlanticus_CECT_7223_contig
Vibrio_barjaei_3062_contig
Vibrio_bathopelagicus_Sal10_contig
Vibrio_brasiliensis_LMG_20546_contig
Vibrio_breoganii_CECT_7222_contig
Vibrio_caribbeanicus_ATCC_BAA_2122_contig
Vibrio_casei_DSM_22364_contig
Vibrio_chaetopteri_CB1_14_contig
Vibrio_chagasii_LMG_21353_contig
Vibrio_chanodichtyis_DSL_7_contig
Vibrio_cholerae_FDAARGOS_103_contig
Vibrio_cincinnatiensis_NCTC12012_contig
Vibrio_cionasavignyae_JAMM2507_contig
Vibrio_clamense_JAMM0920_contig
Vibrio_comitans_LMG_23416_contig
Vibrio_coralliilyticus_DSM_19607_contig
Vibrio_cortegadensis_CECT_7227_contig
Vibrio_cyclitrophicus_LMG_21359_contig
Vibrio_diazotrophicus_ATCC_33466_contig
Vibrio_echinoideorum_DSM_107264_contig
Vibrio_ezurae_HDS1_1_contig
Vibrio_fluminensis_A621_contig
Vibrio_fluvialis_ATCC_33809_contig
Vibrio_furnissii_FDAARGOS_777_contig
Vibrio_galatheae_S2757_contig
Vibrio_gallaecicus_CECT_7244_contig
Vibrio_gallicus_CIP_107863_contig
Vibrio_gangliei_DSM_104291_contig
Vibrio_gazogenes_ATCC_29988_contig
Vibrio_gelatinilyticus_ZSDZ34_contig
Vibrio_gigantis_LMG_22741_contig
Vibrio_glycogenivorans_WXL210_contig
Vibrio_halioticoli_IAM_14596_contig
Vibrio_hangzhouensis_CGMCC_1_7062_contig
Vibrio_hibernica_B1_19_contig
Vibrio_hippocampi_CECT_8226_contig
Vibrio_injensis_M12_1144_contig
Vibrio_inusitatus_LMG_23434_contig
Vibrio_iocasae_HN007_contig
Vibrio_ishigakensis_JCM_19231_contig
Vibrio_japonicus_JCM_31412_contig
Vibrio_kagoshimensis_JAMM0761_contig
Vibrio_kanaloae_LMG_20539_contig
Vibrio_kasasachensis_JAMM1812_contig
Vibrio_kyushuensis_JAMM1822_contig
Vibrio_lamellibrachiae_JAMM2626_contig
Vibrio_lentus_40M4T_contig
Vibrio_litoralis_DSM_17657_contig
Vibrio_maerlii_G62_contig
Vibrio_mangrovi_CECT_7927_contig
Vibrio_marinisediminis_404_contig
Vibrio_marisflavi_CECT_7928_contig
Vibrio_mediterranei__contig
Vibrio_methylphosphonaticus_S4B1_contig
Vibrio_metschnikovii_NCTC8443_contig
Vibrio_mimicus_NCTC11435_contig
Vibrio_misgurnus_GVC_contig
Vibrio_navarrensis_ATCC_51183_contig
Vibrio_neonatus_JCM_21521_contig
Vibrio_nereis_DSM_19584_contig
Vibrio_nitrifigilis_NFV_1_contig
Vibrio_nomapromontoriensis_JAMM1728_contig
Vibrio_olivae_CECT_8064_contig
Vibrio_ostreae_OG9_811_contig
Vibrio_ostreicida_CECT_7398_contig
Vibrio_pacinii_DSM_19139_contig
Vibrio_palustris_CECT_9027_contig
Vibrio_panuliri_JCM_19500_contig
Vibrio_paracholerae_EDC_792_contig
Vibrio_pectenicida_LMG_19642_contig
Vibrio_pelagius_ATCC_25916_contig
Vibrio_penaeicida_IFO_15640_contig
Vibrio_plantisponsor_MSSRF60_contig
Vibrio_ponticus_DSM_16217_contig
Vibrio_porteresiae_MSSRF30_contig
Vibrio_profundi_TP187_contig
Vibrio_proteolyticus_ATCC_15338_contig
Vibrio_qinghaiensis_Q67_contig
Vibrio_rarus_LMG_23674_contig
Vibrio_renipiscarius_DCR_1_4_2_contig
Vibrio_rhizosphaerae_LMG_23790_contig
Vibrio_rhodolitus_G98_contig
Vibrio_ruber_CECT_7878_contig
Vibrio_rumoiensis_FERM_P_14531_contig
Vibrio_sabulosilitoris_MAO6_contig
Vibrio_salilacus_DSG_S6_contig
Vibrio_satsumensis_JAMM0822_contig
Vibrio_scophthalmi_LMG_19158_contig
Vibrio_sinensis_BEI233_contig
Vibrio_sinus_S4M6_contig
Vibrio_spartinae_CECT_9026_contig
Vibrio_splendidus_LMG_19031_contig
Vibrio_superstes_G3_29_contig
Vibrio_syngnathi_K08M4_contig
Vibrio_tapetis_subsp__quintayensis_CECT_8851_contig
Vibrio_tapetis_subsp__tapetis__contig
Vibrio_tarriae_2521_89_contig
Vibrio_tasmaniensis_LMG_20012_contig
Vibrio_tetraodonis_A511_contig
Vibrio_tetraodonis_subsp__pristinus_OCN044_contig
Vibrio_thalassae_KCTC_32373_contig
Vibrio_toranzoniae_CECT_7225_contig
Vibrio_tritonius_JCM_16456_contig
Vibrio_ulleungensis_188UL20_2_contig
Vibrio_viridaestus_LJC006_contig
Vibrio_wakamikoensis_JAMM2464_contig
Vibrio_xiamenensis_CGMCC_1_10228_contig
Vibrio_zhanjiangensis_NBRC_108723_contig
Vibrio_ziniensis_ZWAL4003_contig
11671_EXE_02_2024_3B1_unicycler
11671_EXE_02_2024_3B2_unicycler
11671_EXE_04_2024_1A1_unicycler
11671_EXE_04_2024_1B1_unicycler
11671_EXE_04_2024_2B3_unicycler
11671_EXE_45_2024_E_unicycler
11813_EXE_01_2025_M_PBC74148_final
11813_EXE_03_2025_A_PBC74148_final
11813_EXE_05_2024_A_PBC74148_final
11813_EXE_13_2025_H_PBC74148_final
11813_EXE_23_2025_L_PBC74148_final
11813_EXE_24_2025_E_PBC74148_final
11813_EXE_25_2025_25N_PBC74148_final
11813_EXE_26_2025_C_PBC74148_final
11813_EXE_28_2025_W_PBC74148_final
EXE_01_2025_M_final
EXE_23_2025_L_final
Vibrio_cholerae_FDAARGOS_103
Vibrio_aestuarianus_LMG_7909_contig
Vibrio_agarilyticus_SM6_contig
Vibrio_agarivorans_CECT_5085_contig
Vibrio_albus_E4404_contig
Vibrio_amylolyticus_ZSDE26_contig
Vibrio_anguillarum_NCTC12159_contig
Vibrio_aphrogenes_CA_1004_contig
Vibrio_apostichopi_FE10_contig
Vibrio_aquimaris_THAF100_contig
Vibrio_artabrorum_CECT_7226_contig
Vibrio_atlanticus_CECT_7223_contig
Vibrio_barjaei_3062_contig
Vibrio_bathopelagicus_Sal10_contig
Vibrio_brasiliensis_LMG_20546_contig
Vibrio_breoganii_CECT_7222_contig
Vibrio_caribbeanicus_ATCC_BAA_2122_contig
Vibrio_casei_DSM_22364_contig
Vibrio_chaetopteri_CB1_14_contig
Vibrio_chagasii_LMG_21353_contig
Vibrio_chanodichtyis_DSL_7_contig
Vibrio_cholerae_FDAARGOS_103_contig
Vibrio_cincinnatiensis_NCTC12012_contig
Vibrio_cionasavignyae_JAMM2507_contig
Vibrio_clamense_JAMM0920_contig
Vibrio_comitans_LMG_23416_contig
Vibrio_coralliilyticus_DSM_19607_contig
Vibrio_cortegadensis_CECT_7227_contig
Vibrio_cyclitrophicus_LMG_21359_contig
Vibrio_diazotrophicus_ATCC_33466_contig
Vibrio_echinoideorum_DSM_107264_contig
Vibrio_ezurae_HDS1_1_contig
Vibrio_fluminensis_A621_contig
Vibrio_fluvialis_ATCC_33809_contig
Vibrio_furnissii_FDAARGOS_777_contig
Vibrio_galatheae_S2757_contig
Vibrio_gallaecicus_CECT_7244_contig
Vibrio_gallicus_CIP_107863_contig
Vibrio_gangliei_DSM_104291_contig
Vibrio_gazogenes_ATCC_29988_contig
Vibrio_gelatinilyticus_ZSDZ34_contig
Vibrio_gigantis_LMG_22741_contig
Vibrio_glycogenivorans_WXL210_contig
Vibrio_halioticoli_IAM_14596_contig
Vibrio_hangzhouensis_CGMCC_1_7062_contig
Vibrio_hibernica_B1_19_contig
Vibrio_hippocampi_CECT_8226_contig
Vibrio_injensis_M12_1144_contig
Vibrio_inusitatus_LMG_23434_contig
Vibrio_iocasae_HN007_contig
Vibrio_ishigakensis_JCM_19231_contig
Vibrio_japonicus_JCM_31412_contig
Vibrio_kagoshimensis_JAMM0761_contig
Vibrio_kanaloae_LMG_20539_contig
Vibrio_kasasachensis_JAMM1812_contig
Vibrio_kyushuensis_JAMM1822_contig
Vibrio_lamellibrachiae_JAMM2626_contig
Vibrio_lentus_40M4T_contig
Vibrio_litoralis_DSM_17657_contig
Vibrio_maerlii_G62_contig
Vibrio_mangrovi_CECT_7927_contig
Vibrio_marinisediminis_404_contig
Vibrio_marisflavi_CECT_7928_contig
Vibrio_mediterranei__contig
Vibrio_methylphosphonaticus_S4B1_contig
Vibrio_metschnikovii_NCTC8443_contig
Vibrio_mimicus_NCTC11435_contig
Vibrio_misgurnus_GVC_contig
Vibrio_navarrensis_ATCC_51183_contig
Vibrio_neonatus_JCM_21521_contig
Vibrio_nereis_DSM_19584_contig
Vibrio_nitrifigilis_NFV_1_contig
Vibrio_nomapromontoriensis_JAMM1728_contig
Vibrio_olivae_CECT_8064_contig
Vibrio_ostreae_OG9_811_contig
Vibrio_ostreicida_CECT_7398_contig
Vibrio_pacinii_DSM_19139_contig
Vibrio_palustris_CECT_9027_contig
Vibrio_panuliri_JCM_19500_contig
Vibrio_paracholerae_EDC_792_contig
Vibrio_pectenicida_LMG_19642_contig
Vibrio_pelagius_ATCC_25916_contig
Vibrio_penaeicida_IFO_15640_contig
Vibrio_plantisponsor_MSSRF60_contig
Vibrio_ponticus_DSM_16217_contig
Vibrio_porteresiae_MSSRF30_contig
Vibrio_profundi_TP187_contig
Vibrio_proteolyticus_ATCC_15338_contig
Vibrio_qinghaiensis_Q67_contig
Vibrio_rarus_LMG_23674_contig
Vibrio_renipiscarius_DCR_1_4_2_contig
Vibrio_rhizosphaerae_LMG_23790_contig
Vibrio_rhodolitus_G98_contig
Vibrio_ruber_CECT_7878_contig
Vibrio_rumoiensis_FERM_P_14531_contig
Vibrio_sabulosilitoris_MAO6_contig
Vibrio_salilacus_DSG_S6_contig
Vibrio_satsumensis_JAMM0822_contig
Vibrio_scophthalmi_LMG_19158_contig
Vibrio_sinensis_BEI233_contig
Vibrio_sinus_S4M6_contig
Vibrio_spartinae_CECT_9026_contig
Vibrio_splendidus_LMG_19031_contig
Vibrio_superstes_G3_29_contig
Vibrio_syngnathi_K08M4_contig
Vibrio_tapetis_subsp__quintayensis_CECT_8851_contig
Vibrio_tapetis_subsp__tapetis__contig
Vibrio_tarriae_2521_89_contig
Vibrio_tasmaniensis_LMG_20012_contig
Vibrio_tetraodonis_A511_contig
Vibrio_tetraodonis_subsp__pristinus_OCN044_contig
Vibrio_thalassae_KCTC_32373_contig
Vibrio_toranzoniae_CECT_7225_contig
Vibrio_tritonius_JCM_16456_contig
Vibrio_ulleungensis_188UL20_2_contig
Vibrio_viridaestus_LJC006_contig
Vibrio_wakamikoensis_JAMM2464_contig
Vibrio_xiamenensis_CGMCC_1_10228_contig
Vibrio_zhanjiangensis_NBRC_108723_contig
Vibrio_ziniensis_ZWAL4003_contig
11671_EXE_02_2024_3B1_unicycler
11671_EXE_02_2024_3B2_unicycler
11671_EXE_04_2024_1A1_unicycler
11671_EXE_04_2024_1B1_unicycler
11671_EXE_04_2024_2B3_unicycler
11671_EXE_45_2024_E_unicycler
11813_EXE_01_2025_M_PBC74148_final
11813_EXE_03_2025_A_PBC74148_final
11813_EXE_05_2024_A_PBC74148_final
11813_EXE_13_2025_H_PBC74148_final
11813_EXE_23_2025_L_PBC74148_final
11813_EXE_24_2025_E_PBC74148_final
11813_EXE_25_2025_25N_PBC74148_final
11813_EXE_26_2025_C_PBC74148_final
11813_EXE_28_2025_W_PBC74148_final
EXE_01_2025_M_final
EXE_23_2025_L_final
Vibrio_cholerae_FDAARGOS_103
Vibrio_aestuarianus_LMG_7909_contig
Vibrio_agarilyticus_SM6_contig
Vibrio_agarivorans_CECT_5085_contig
Vibrio_albus_E4404_contig
Vibrio_amylolyticus_ZSDE26_contig
Vibrio_anguillarum_NCTC12159_contig
Vibrio_aphrogenes_CA_1004_contig
Vibrio_apostichopi_FE10_contig
Vibrio_aquimaris_THAF100_contig
Vibrio_artabrorum_CECT_7226_contig
Vibrio_atlanticus_CECT_7223_contig
Vibrio_barjaei_3062_contig
Vibrio_bathopelagicus_Sal10_contig
Vibrio_brasiliensis_LMG_20546_contig
Vibrio_breoganii_CECT_7222_contig
Vibrio_caribbeanicus_ATCC_BAA_2122_contig
Vibrio_casei_DSM_22364_contig
Vibrio_chaetopteri_CB1_14_contig
Vibrio_chagasii_LMG_21353_contig
Vibrio_chanodichtyis_DSL_7_contig
Vibrio_cholerae_FDAARGOS_103_contig
Vibrio_cincinnatiensis_NCTC12012_contig
Vibrio_cionasavignyae_JAMM2507_contig
Vibrio_clamense_JAMM0920_contig
Vibrio_comitans_LMG_23416_contig
Vibrio_coralliilyticus_DSM_19607_contig
Vibrio_cortegadensis_CECT_7227_contig
Vibrio_cyclitrophicus_LMG_21359_contig
Vibrio_diazotrophicus_ATCC_33466_contig
Vibrio_echinoideorum_DSM_107264_contig
Vibrio_ezurae_HDS1_1_contig
Vibrio_fluminensis_A621_contig
Vibrio_fluvialis_ATCC_33809_contig
Vibrio_furnissii_FDAARGOS_777_contig
Vibrio_galatheae_S2757_contig
Vibrio_gallaecicus_CECT_7244_contig
Vibrio_gallicus_CIP_107863_contig
Vibrio_gangliei_DSM_104291_contig
Vibrio_gazogenes_ATCC_29988_contig
Vibrio_gelatinilyticus_ZSDZ34_contig
Vibrio_gigantis_LMG_22741_contig
Vibrio_glycogenivorans_WXL210_contig
Vibrio_halioticoli_IAM_14596_contig
Vibrio_hangzhouensis_CGMCC_1_7062_contig
Vibrio_hibernica_B1_19_contig
Vibrio_hippocampi_CECT_8226_contig
Vibrio_injensis_M12_1144_contig
Vibrio_inusitatus_LMG_23434_contig
Vibrio_iocasae_HN007_contig
Vibrio_ishigakensis_JCM_19231_contig
Vibrio_japonicus_JCM_31412_contig
Vibrio_kagoshimensis_JAMM0761_contig
Vibrio_kanaloae_LMG_20539_contig
Vibrio_kasasachensis_JAMM1812_contig
Vibrio_kyushuensis_JAMM1822_contig
Vibrio_lamellibrachiae_JAMM2626_contig
Vibrio_lentus_40M4T_contig
Vibrio_litoralis_DSM_17657_contig
Vibrio_maerlii_G62_contig
Vibrio_mangrovi_CECT_7927_contig
Vibrio_marinisediminis_404_contig
Vibrio_marisflavi_CECT_7928_contig
Vibrio_mediterranei__contig
Vibrio_methylphosphonaticus_S4B1_contig
Vibrio_metschnikovii_NCTC8443_contig
Vibrio_mimicus_NCTC11435_contig
Vibrio_misgurnus_GVC_contig
Vibrio_navarrensis_ATCC_51183_contig
Vibrio_neonatus_JCM_21521_contig
Vibrio_nereis_DSM_19584_contig
Vibrio_nitrifigilis_NFV_1_contig
Vibrio_nomapromontoriensis_JAMM1728_contig
Vibrio_olivae_CECT_8064_contig
Vibrio_ostreae_OG9_811_contig
Vibrio_ostreicida_CECT_7398_contig
Vibrio_pacinii_DSM_19139_contig
Vibrio_palustris_CECT_9027_contig
Vibrio_panuliri_JCM_19500_contig
Vibrio_paracholerae_EDC_792_contig
Vibrio_pectenicida_LMG_19642_contig
Vibrio_pelagius_ATCC_25916_contig
Vibrio_penaeicida_IFO_15640_contig
Vibrio_plantisponsor_MSSRF60_contig
Vibrio_ponticus_DSM_16217_contig
Vibrio_porteresiae_MSSRF30_contig
Vibrio_profundi_TP187_contig
Vibrio_proteolyticus_ATCC_15338_contig
Vibrio_qinghaiensis_Q67_contig
Vibrio_rarus_LMG_23674_contig
Vibrio_renipiscarius_DCR_1_4_2_contig
Vibrio_rhizosphaerae_LMG_23790_contig
Vibrio_rhodolitus_G98_contig
Vibrio_ruber_CECT_7878_contig
Vibrio_rumoiensis_FERM_P_14531_contig
Vibrio_sabulosilitoris_MAO6_contig
Vibrio_salilacus_DSG_S6_contig
Vibrio_satsumensis_JAMM0822_contig
Vibrio_scophthalmi_LMG_19158_contig
Vibrio_sinensis_BEI233_contig
Vibrio_sinus_S4M6_contig
Vibrio_spartinae_CECT_9026_contig
Vibrio_splendidus_LMG_19031_contig
Vibrio_superstes_G3_29_contig
Vibrio_syngnathi_K08M4_contig
Vibrio_tapetis_subsp__quintayensis_CECT_8851_contig
Vibrio_tapetis_subsp__tapetis__contig
Vibrio_tarriae_2521_89_contig
Vibrio_tasmaniensis_LMG_20012_contig
Vibrio_tetraodonis_A511_contig
Vibrio_tetraodonis_subsp__pristinus_OCN044_contig
Vibrio_thalassae_KCTC_32373_contig
Vibrio_toranzoniae_CECT_7225_contig
Vibrio_tritonius_JCM_16456_contig
Vibrio_ulleungensis_188UL20_2_contig
Vibrio_viridaestus_LJC006_contig
Vibrio_wakamikoensis_JAMM2464_contig
Vibrio_xiamenensis_CGMCC_1_10228_contig
Vibrio_zhanjiangensis_NBRC_108723_contig
Vibrio_ziniensis_ZWAL4003_contig
Creating SNP stats file. 
SNP alignment complete.
Reconstructing phylogeny using FastTree
export OMP_NUM_THREADS=1; FastTree -quiet -nt -gtr < /data/djs217/PROJECTS/56_Vibrio_phaME/01_all_species/03_workdir/results/all_vibrio_jasicida-ref_fastree_all_snp_alignment.fna > /data/djs217/PROJECTS/56_Vibrio_phaME/01_all_species/03_workdir/results/all_vibrio_jasicida-ref_fastree_all.fasttree 2>>/data/djs217/PROJECTS/56_Vibrio_phaME/01_all_species/03_workdir/results/all_vibrio_jasicida-ref_fastree.error 

Tree phylogeny complete.
