
Starting Unicycler (2025-07-15 09:12:27)
----------------------------------------
    Welcome to Unicycler, an assembly pipeline for bacterial genomes. Since you provided both short and long reads, Unicycler will perform a hybrid assembly. It will first use SPAdes to make a short-read assembly graph, and then it will use various methods to scaffold that graph with the long reads.
    For more information, please see https://github.com/rrwick/Unicycler

Command: /data/djs217/miniconda3/envs/unicycler_env/bin/unicycler -1 ../02_illumina_trimmed/11671_EXE_22_2024_B_S461_R1_001_val_1.fq.gz -2 ../02_illumina_trimmed/11671_EXE_22_2024_B_S461_R2_001_val_2.fq.gz -l ../04_ont_trimmed/11671_EXE_22_2024_B.filtlong.fastq.gz -o 11671_EXE_22_2024_B.unicycler

Unicycler version: v0.5.1
Using 8 threads

Making output directory:
  /data/djs217/PROJECTS/19_vibrio/06_unicycler/11671_EXE_22_2024_B.unicycler

Dependencies:
  Program       Version   Status
  spades.py     4.0.0     good  
  racon         1.5.0     good  
  makeblastdb   2.16.0+   good  
  tblastn       2.16.0+   good  


Choosing k-mer range for assembly (2025-07-15 09:12:41)
-------------------------------------------------------
    Unicycler chooses a k-mer range for SPAdes based on the length of the input reads. It uses a wide range of many k-mer sizes to maximise the chance of finding an ideal assembly.

SPAdes maximum k-mer: 127
Median read length: 150
K-mer range: 27, 53, 71, 87, 99, 111, 119, 127


SPAdes assemblies (2025-07-15 09:12:52)
---------------------------------------
    Unicycler now uses SPAdes to assemble the short reads. It scores the assembly graph for each k-mer using the number of contigs (fewer is better) and the number of dead ends (fewer is better). The score function is 1/(c*(d+2)), where c is the contig count and d is the dead end count.

spades.py -o /data/djs217/PROJECTS/19_vibrio/06_unicycler/11671_EXE_22_2024_B.unicycler/spades_assembly -k 27 --threads 8 --gfa11 --isolate -1 /data/djs217/PROJECTS/19_vibrio/02_illumina_trimmed/11671_EXE_22_2024_B_S461_R1_001_val_1.fq.gz -2 /data/djs217/PROJECTS/19_vibrio/02_illumina_trimmed/11671_EXE_22_2024_B_S461_R2_001_val_2.fq.gz -m 1024

spades.py -o /data/djs217/PROJECTS/19_vibrio/06_unicycler/11671_EXE_22_2024_B.unicycler/spades_assembly -k 27,53 --threads 8 --gfa11 --restart-from k27 -m 1024

spades.py -o /data/djs217/PROJECTS/19_vibrio/06_unicycler/11671_EXE_22_2024_B.unicycler/spades_assembly -k 27,53,71 --threads 8 --gfa11 --restart-from k53 -m 1024

spades.py -o /data/djs217/PROJECTS/19_vibrio/06_unicycler/11671_EXE_22_2024_B.unicycler/spades_assembly -k 27,53,71,87 --threads 8 --gfa11 --restart-from k71 -m 1024

spades.py -o /data/djs217/PROJECTS/19_vibrio/06_unicycler/11671_EXE_22_2024_B.unicycler/spades_assembly -k 27,53,71,87,99 --threads 8 --gfa11 --restart-from k87 -m 1024

spades.py -o /data/djs217/PROJECTS/19_vibrio/06_unicycler/11671_EXE_22_2024_B.unicycler/spades_assembly -k 27,53,71,87,99,111 --threads 8 --gfa11 --restart-from k99 -m 1024

spades.py -o /data/djs217/PROJECTS/19_vibrio/06_unicycler/11671_EXE_22_2024_B.unicycler/spades_assembly -k 27,53,71,87,99,111,119 --threads 8 --gfa11 --restart-from k111 -m 1024

spades.py -o /data/djs217/PROJECTS/19_vibrio/06_unicycler/11671_EXE_22_2024_B.unicycler/spades_assembly -k 27,53,71,87,99,111,119,127 --threads 8 --gfa11 --restart-from k119 -m 1024

K-mer   Contigs   Dead ends   Score      
   27                         too complex
   53     1,628           3      1.23e-04
   71     1,112           2      2.25e-04
   87       815           2      3.07e-04
   99       708           2      3.53e-04
  111       639           2      3.91e-04 <-best
  119       579           3      3.45e-04
  127       556           3      3.60e-04

Read depth filter: removed 5 contigs totalling 1366 bp
Deleting /data/djs217/PROJECTS/19_vibrio/06_unicycler/11671_EXE_22_2024_B.unicycler/spades_assembly/


Determining graph multiplicity (2025-07-15 09:36:04)
----------------------------------------------------
    Multiplicity is the number of times a sequence occurs in the underlying sequence. Single-copy contigs (those with a multiplicity of one, occurring only once in the underlying sequence) are particularly useful.

Saving /data/djs217/PROJECTS/19_vibrio/06_unicycler/11671_EXE_22_2024_B.unicycler/002_depth_filter.gfa


Cleaning graph (2025-07-15 09:36:04)
------------------------------------
    Unicycler now performs various cleaning procedures on the graph to remove overlaps and simplify the graph structure. The end result is a graph ready for bridging.

Graph overlaps removed

Removed zero-length segments:
    342, 352, 353, 354, 355, 356, 359, 360, 362, 364, 365, 369, 372, 373, 375, 376, 383, 387, 391, 392, 400, 402, 410, 417, 422, 427, 438, 447, 449, 461, 462, 465, 467, 468, 473, 479, 487, 494, 495, 496, 497, 503, 506, 514, 516, 517, 520, 521, 529, 533, 537, 539, 544, 545, 548, 551, 559, 562, 568, 577, 580, 582, 602, 606, 609, 616, 627, 637

Removed zero-length segments:
    343, 348, 349, 357, 358, 368, 371, 401, 411, 423, 466, 478, 525, 531, 555, 560, 567, 599, 619

Removed zero-length segments:
    347, 546, 595, 601

Merged small segments:
    485, 542, 543, 547, 549, 556, 557, 565, 569, 570, 571, 572, 574, 576, 578, 579, 583, 584, 585, 586, 587, 588, 590, 591, 592, 593, 596, 597, 598, 600, 604, 610, 611, 612, 613, 614, 615, 622, 623, 624, 625, 628, 629, 631, 633, 634

Saving /data/djs217/PROJECTS/19_vibrio/06_unicycler/11671_EXE_22_2024_B.unicycler/003_overlaps_removed.gfa

    Unicycler now selects a set of anchor contigs from the single-copy contigs. These are the contigs which will be connected via bridges to form the final assembly.

138 anchor segments (5,870,017 bp) out of 504 total segments (6,007,992 bp)


Creating SPAdes contig bridges (2025-07-15 09:36:04)
----------------------------------------------------
    SPAdes uses paired-end information to perform repeat resolution (RR) and produce contigs from the assembly graph. SPAdes saves the graph paths corresponding to these contigs in the contigs.paths file. When one of these paths contains two or more anchor contigs, Unicycler can create a bridge from the path.

                                                                                                                                                                                                                                                                                                                      Bridge
Start                                                                                                                                                  Path                                                                                                                                                  End     quality
  -76                                                                                                                                                  261                                                                                                                                                   104        61.6
  -61                                                                                                                                              267 -> -314                                                                                                                                               87         62.4
  -53                                                                                                                                                  -446                                                                                                                                                  70         33.2
  -23                                                                                                                                                  -314                                                                                                                                                  93         63.2
  -22                                                                                                                                                  -130                                                                                                                                                  146        22.2
   -3                                                                                                              -257 -> 246 -> 278 -> -459 -> 194 -> 293 -> 241 -> 460 -> 285 -> -160 -> 266                                                                                                              119        17.1
    2                                                                                                                                                  283                                                                                                                                                   75         59.2
    4                                                                                                                                                  318                                                                                                                                                   -95        62.8
    5                                                                                                                                                  -315                                                                                                                                                  108        63.2
   10   -336 -> -228 -> 230 -> -279 -> 498 -> 289 -> -391 -> -443 -> -263 -> 452 -> 361 -> 344 -> -279 -> -485 -> 289 -> -391 -> -387 -> 244 -> 344 -> 280 -> -240 -> 212 -> -336 -> -240 -> 172 -> -263 -> -472 -> 361 -> 344 -> -279 -> -485 -> 289 -> -391 -> -387 -> -393 -> 230 -> -279 -> 498 -> 289   -20         0.1
   13                                                                                                                                                  -266                                                                                                                                                  -93        62.7
   14                                                                                                                                                  311                                                                                                                                                   52         62.7
   24                                                                                                                                                  -426                                                                                                                                                  -86        15.6
   28                                                                                                                                                  -439                                                                                                                                                  106        28.4
   31                                                                                                                           258 -> -250 -> -268 -> 454 -> 277 -> -331 -> -192                                                                                                                            -47        26.5
   32                                                                                                                                                  261                                                                                                                                                   29         63.2
   35                                                                                                                                                  260                                                                                                                                                   -109       62.3
   39                                                                                                                                          -224 -> -173 -> -224                                                                                                                                          64         18.4
   50                                                                                                                                           203 -> 218 -> 203                                                                                                                                            55         19.8
   53                                                                                                                            258 -> 251 -> -268 -> -490 -> 277 -> 330 -> -192                                                                                                                            27         26.1
   55                                                                                                                                                  -318                                                                                                                                                  -98        62.9
   59                                                                                                                                                  295                                                                                                                                                   142        62.6
   64                                                                                                              197 -> -476 -> 255 -> 355 -> -204 -> 157 -> 248 -> 233 -> 291 -> -81 -> 301                                                                                                               -107        5.7
   69                                                                                                                                                  -286                                                                                                                                                  28         63.2
   75                                                                                                                      -257 -> 245 -> 278 -> 465 -> 194 -> 292 -> 241 -> 455 -> 285                                                                                                                      37         23.3
   83                                                                                                                                              267 -> -314                                                                                                                                               51         63.1
   97                                                                                                                                               405 -> 269                                                                                                                                               124        60.4
  101                                                                                                                           -284 -> -319 -> 229 -> -468 -> 302 -> -453 -> 175                                                                                                                            91         26.9
  104                                                                                                                                                  -311                                                                                                                                                  82         61.8
  108                                                                                                                                                  -315                                                                                                                                                  10         62.9
  110                                                                                                                                              276 -> -440                                                                                                                                               79         63.2
  112                                                                                                              -348 -> -362 -> -364 -> -193 -> -428 -> -343 -> -205 -> -310 -> -364 -> 235                                                                                                               -132       23.4
  114                                                                                                                                                  -294                                                                                                                                                  139        55.4
  117                                                                                                                                                  282                                                                                                                                                   -133       63.2
  122                                                                                                                                          -343 -> -205 -> -431                                                                                                                                          144        63.2
  125                                                                                                                                                  -191                                                                                                                                                  107        55.5
  138                                                                                                                                  254 -> -463 -> -274 -> -486 -> -234                                                                                                                                   140        46.5
  139                                                                                                     206 -> 403 -> -304 -> -168 -> -226 -> 461 -> 214 -> -370 -> 254 -> -477 -> -274 -> 466 -> -234                                                                                                     97         16.9
  141                                                                                                                  -348 -> -362 -> -364 -> -193 -> 438 -> -149 -> -428 -> -343 -> -205                                                                                                                   58         18.3
  142                                                                                                                                                  -316                                                                                                                                                  67         62.7
  146                                                                                                                                                  -130                                                                                                                                                  20         22.0
  147                                                                                                                                                  313                                                                                                                                                   132        62.9


Creating loop unrolling bridges (2025-07-15 09:36:04)
-----------------------------------------------------
    When a SPAdes contig path connects an anchor contig with the middle contig of a simple loop, Unicycler concludes that the sequences are contiguous (i.e. the loop is not a separate piece of DNA). It then uses the read depth of the middle and repeat contigs to guess the number of times to traverse the loop and makes a bridge.

                                  Loop count   Loop count    Loop    Bridge
Start   Repeat   Middle     End    by repeat    by middle   count   quality
  -64      224      173     -39         1.24         1.01       1      40.8
    5     -315      108      10         1.48         0.98       1      44.5
   50      203      218      55         0.41         0.62       1      31.7
   11     -265      252     -48         0.15         0.43       1      24.2
  -22     -130      146      20         1.43         0.97       1      32.4


Loading reads (2025-07-15 09:36:04)
-----------------------------------
48,976 / 48,976 (100.0%) - 276,701,192 bp


Assembling contigs and long reads with miniasm (2025-07-15 09:36:16)
--------------------------------------------------------------------
    Unicycler uses miniasm to construct a string graph assembly using both the short read contigs and the long reads. It will then use the resulting string graph to produce bridges between contigs. This method requires decent coverage of long reads and therefore may not be fruitful if long reads are sparse. However, it does not rely on the short read assembly graph having good connectivity and is able to bridge an assembly graph even when it contains many dead ends.
    Unicycler uses two types of "reads" as assembly input: anchor contigs from the short-read assembly and actual long reads which overlap two or more of these contigs. It then assembles them with miniasm.

Aligning long reads to graph using minimap

Saving to /data/djs217/PROJECTS/19_vibrio/06_unicycler/11671_EXE_22_2024_B.unicycler/miniasm_assembly/01_assembly_reads.fastq:
  138 short-read contigs
  6,533 long reads

Finding overlaps with minimap... 
success
  685,386 overlaps

Assembling reads with miniasm... 
success
  437 segments, 437 links

Saving /data/djs217/PROJECTS/19_vibrio/06_unicycler/11671_EXE_22_2024_B.unicycler/miniasm_assembly/11_branching_paths_removed.gfa
Merging segments into unitigs:
  2 circular unitigs
  3 linear unitigs
  total size = 6,167,256 bp
Saving /data/djs217/PROJECTS/19_vibrio/06_unicycler/11671_EXE_22_2024_B.unicycler/miniasm_assembly/12_unitig_graph.gfa


Polishing miniasm assembly with Racon (2025-07-15 09:36:36)
-----------------------------------------------------------
    Unicycler now uses Racon to polish the miniasm assembly. It does multiple rounds of polishing to get the best consensus. Circular unitigs are rotated between rounds such that all parts (including the ends) are polished well.

Saving to /data/djs217/PROJECTS/19_vibrio/06_unicycler/11671_EXE_22_2024_B.unicycler/miniasm_assembly/racon_polish/polishing_reads.fastq:
  138 short-read contigs
  48,976 long reads

Polish       Assembly          Mapping
round            size          quality
begin       6,167,256        45,812.02
1           6,170,910        46,667.45

Best polish: /data/djs217/PROJECTS/19_vibrio/06_unicycler/11671_EXE_22_2024_B.unicycler/miniasm_assembly/racon_polish/006_rotated.fasta
Saving /data/djs217/PROJECTS/19_vibrio/06_unicycler/11671_EXE_22_2024_B.unicycler/miniasm_assembly/13_racon_polished.gfa
Saving /data/djs217/PROJECTS/19_vibrio/06_unicycler/11671_EXE_22_2024_B.unicycler/004_long_read_assembly.gfa

    Contigs in the short-read assembly graph which end in dead ends may contain bogus sequence near the dead end. Unicycler therefore uses the read clipping values from the miniasm assembly to trim these dead ends to only the parts which aligned well to long reads.

                       Trimmed   Trimmed             
            Previous      from      from        Final
Segment       length     start       end       length
68            20,800         -         1       20,799
71            18,753         -        61       18,692

    Unicycler now places the single copy contigs back into the unitig graph. This serves two purposes: a) it replaces long read assembly sequences (which may be error prone) with Illumina assembly sequence (which is probably quite accurate), improving the assembly quality, and b) it defines inter-contig sequences for use in building bridges.

Searching for contigs using 5,000 bp of contig ends.

Contig   Result              Start pos   End pos   Strand
     1   found in unitig 1      329144    684376        +
     2   found in unitig 3      578347    853892        +
     3   found in unitig 1     1730526   2001145        -
     4   found in unitig 2      194596    430591        +
     5   found in unitig 2     1131380   1342594        -
     6   found in unitig 3       63827    249991        +
     7   found in unitig 2     -118126     54626        +
     8   found in unitig 2     1343985   1494471        -
     9   found in unitig 1      863902   1014223        -
    10   found in unitig 2      977342   1127491        -
    11   found in unitig 1     1150289   1291003        -
    12   found in unitig 1       28179    141611        +
    13   found in unitig 2      441522    554016        +
    14   found in unitig 2      683560    796048        -
    15   found in unitig 1     1622338   1730525        -
    16   found in unitig 3      251315    358799        -
    17   found in unitig 1     2146882   2243131        -
    18   found in unitig 2     1933005   2025081        -
    19   found in unitig 1     2007253   2096101        +
    20   found in unitig 2      884784    972976        +
    21   found in unitig 1     1015649   1101453        +
    22   found in unitig 2      797101    880734        -
    23   found in unitig 2      565135    646407        +
    24   found in unitig 2     1780752   1860777        +
    25   found in unitig 2     1648670   1722731        +
    26   found in unitig 1     1404378   1476438        -
    27   found in unitig 3      507206    577057        +
    28   found in unitig 3      365205    430496        -
    29   found in unitig 1      199052    262517        +
    30   found in unitig 2     1538236   1596456        +
    31   found in unitig 1     1292293   1348978        +
    32   found in unitig 1      142916    198890        +
    33   found in unitig 2     1724021   1779448        +
    34   found in unitig 2     1877125   1932008        -
    35   found in unitig 1      263511    317438        +
    36   found in unitig 1     2293711   2347568        +
    37   found in unitig 3      873724    925133        +
    38   found in unitig 1      811284    862578        +
    39   found in unitig 4       41985     92103        -
    40   found in unitig 1      760889    809858        -
    41   found in unitig 2       56052    104169        +
    42   found in unitig 3     1032400   1076840        -
    43   found in unitig 1     2409042   2452689        +
    44   found in unitig 2     1495522   1536912        -
    45   found in unitig 2     2164776   2206096        -
    46   found in unitig 2      105222    146118        +
    47   found in unitig 1     1350105   1388037        -
    48   found in unitig 1     1112880   1149453        +
    49   found in unitig 1     2248889   2285406        +
    50   found in unitig 2     2026134   2062518        +
    51   found in unitig 2     1597780   1633551        -
    52   found in unitig 2      647731    683446        -
    53   found in unitig 3      471563    506079        +
    54   found in unitig 1      725456    759585        -
    55   found in unitig 2     2063460   2094595        +
    57   found in unitig 1     1526548   1555117        -
    58   found in unitig 3       34320     62503        +
    59   found in unitig 1     2500570   2528595        -
    60   found in unitig 2     2104415   2132246        -
    61   found in unitig 1      698928    724159        +
    62   found in unitig 2      169619    193570        +
    64   found in unitig 4       18032     40935        -
    65   found in unitig 3      926429    947845        +
    66   found in unitig 1     2097391   2118716        -
    67   found in unitig 1     2477854   2499179        -
    68   found in unitig 3     1010605   1031403        -
    69   found in unitig 3      430770    450339        -
    70   found in unitig 3      452643    471509        -
    71   found in unitig 3      991867   1010559        +
    72   found in unitig 1     2453596   2472188        +
    73   found in unitig 1     2374584   2392709        -
    74   found in unitig 1     1587498   1605428        +
    75   found in unitig 3      854563    872379        +
    76   found in unitig 3      949095    966815        -
    77   found in unitig 1     1567323   1585002        +
    78   found in unitig 2      150834    168410        +
    79   found in unitig 1     2120142   2137559        -
    80   found in unitig 1     1491897   1508676        +
    82   found in unitig 3      972466    986386        +
    83   found in unitig 2     1633819   1647673        -
    84   found in unitig 3     1078271   1091992        +
    85   found in unitig 1     1389327   1403040        -
    86   found in unitig 2     1861047   1874396        -
    87   found in unitig 1      685373    698660        -
    88   found in unitig 1     1477748   1490897        -
    89   found in unitig 2     2146079   2159076        -
    90   found in unitig 1     1509973   1522806        +
    91   found in unitig 1     2360360   2372693        +
    92   found in unitig 2     2133425   2144756        +
    93   found in unitig 2      554174    565023        -
    94   found in unitig 1     1611039   1621048        -
    95   found in unitig 2      430702    440525        -
    96   found in unitig 1     1556407   1566000        +
    97   found in unitig 5       20113     29673        -
    98   found in unitig 2     2094706   2103435        -
    99   found in unitig 1     1104348   1111827        -
   100   not found                                       
   101   found in unitig 1     2352943   2359259        +
   102   not found                                       
   103   found in unitig 3       10636     16138        +
   104   found in unitig 3      966977    972352        +
   105   found in unitig 1      322871    328147        -
   106   found in unitig 3      360096    365142        -
   107   found in unitig 4       96841    100678        +
   108   found in unitig 2     1127603   1131268        -
   109   found in unitig 1      318010    321561        -
   110   found in unitig 1     2137721   2140893        -
   111   found in unitig 5        1777      4896        -
   112   found in unitig 5       36970     40060        +
   113   found in unitig 1       15786     18837        +
   114   found in unitig 5       33255     36285        -
   115   found in unitig 3        2853      5832        -
   116   found in unitig 1     2473476   2476450        -
   117   found in unitig 5       45293     47829        +
   118   found in unitig 1        5565      7994        +
   119   found in unitig 1     2003426   2005827        +
   120   found in unitig 5       14368     16584        -
   121   not found                                       
   122   not found                                       
   123   found in unitig 5       58147     59961        -
   124   not found                                       
   125   found in unitig 4       94745     96455        +
   129   found in unitig 1       25645     27126        +
   131   found in unitig 1     1524103   1525551        -
   132   found in unitig 5       41393     42814        -
   133   found in unitig 5       47967     49319        -
   136   found in unitig 5       18800     20106        +
   138   found in unitig 3       21262     22537        -
   139   found in unitig 5       31891     33128        -
   140   found in unitig 3       19497     20719        -
   141   found in unitig 3       31092     32277        +
   142   found in unitig 1     2499291   2500444        -
   143   found in unitig 3     1076952   1078105        +
   144   not found                                       
   145   found in unitig 5        7148      8280        -
   146   found in unitig 2      882210    883308        +
   147   found in unitig 5       42928     44021        -
   317   not found                                       

Searching for contigs using 2,500 bp of contig ends.

Contig   Result      Start pos   End pos   Strand
   100   not found                               
   102   not found                               
   121   not found                               
   122   not found                               
   124   not found                               
   144   not found                               
   317   not found                               

Searching for contigs using 1,000 bp of contig ends.

Contig   Result      Start pos   End pos   Strand
   100   not found                               
   102   not found                               
   121   not found                               
   122   not found                               
   124   not found                               
   144   not found                               
   317   not found                               

Searching for contigs using 500 bp of contig ends.

Contig   Result      Start pos   End pos   Strand
   100   not found                               
   102   not found                               
   121   not found                               
   122   not found                               
   124   not found                               
   144   not found                               
   317   not found                               

Saving /data/djs217/PROJECTS/19_vibrio/06_unicycler/11671_EXE_22_2024_B.unicycler/miniasm_assembly/14_contigs_placed.gfa


Creating miniasm/Racon bridges (2025-07-15 09:38:18)
----------------------------------------------------
    Now that the miniasm/Racon string graph is complete, Unicycler will use it to build bridges between anchor segments.

         Start -> end    Best path                                 Quality
  1/128  -105 -> 1       340, -180, 501, 184, 407                   88.465
  2/128   -28 -> -69     286, 435, 286                              97.293
  3/128   -69 -> -70     -321, 174, -451, 406, -184, -501, 180,     82.581
                         -340, -169, 360                                  
  4/128   -70 -> 53      446, 446, 446, 446, 446, 446, 446, 446     82.134
  5/128    53 -> 27      258, 251, -268, -490, 277, 330, -192       89.114
  6/128    27 -> 2       367, -342, 196, -462, 179, -419, -415,     89.121
                         371, 351, -243                                   
  7/128     2 -> 75                                                 78.064
  8/128    75 -> 37      -257, 245, 278, 465, 194, 292, 241, 455,   87.723
                         285                                              
  9/128    37 -> 65      -442, -369, -342, 196, 500, 179, -419,     89.105
                         -413, -373, -352, -243                           
 10/128    65 -> -76     -321, 174, -169                            89.233
 11/128   -76 -> 104     261                                        95.905
 12/128     1 -> -87     406, -184, -501, 180, -340                 90.911
 13/128   104 -> 82      -311                                       96.615
 14/128    82 -> 71      -429, 325, 349, 436, 368, -386, -135,      68.588
                         -425, -127, 334, -420, 382, 221, 381,            
                         -421, -126, -410, -377, -398, -395, -338         
 15/128    71 -> -68                                                99.171
 16/128   -68 -> -42     406, -184, 499, 180, -340                  90.760
 17/128   -42 -> 143     316                                        20.609
 18/128   143 -> 84      -295, -375                                 19.291
 19/128   -64 -> -39     224, 173, 224                              90.675
 20/128   -39 -> 125     -301, -151, -191, 337, 152, 392, -397      71.102
 21/128   125 -> 107     -191                                       84.561
 22/128   -87 -> 61      314, -267                                  96.062
 23/128   107 -> -64     -301, 81, -291, -233, -248, -157, 204,     46.212
                         -355, -255, 476, -197                            
 24/128  -111 -> -145    -303, -148, 152, 392, -397                 81.975
 25/128  -145 -> -120    -326, -303, 186, -118, 397, -392, -152,    67.087
                         -156, -195, -210, 208                            
 26/128  -120 -> 136     158, -163, -190, 474, -202                 81.296
 27/128   136 -> -97                                                82.425
 28/128   -97 -> -139    234, -466, 274, 477, -254, 370, -214,      80.507
                         -461, 226, 168, 304, -403, -206                  
 29/128  -139 -> -114    294                                        86.543
 30/128  -114 -> 112     -238, 483, -178                            91.688
 31/128   112 -> -132    -348, -362, -364, -193, -428, -343,        87.637
                         -205, -310, -364, 235                            
 32/128    61 -> -54     437, 243, 352, 373, 415, 419, -179,        88.393
                         -500, -196, 342, -367                            
 33/128  -132 -> -147    -313                                       98.299
 34/128  -147 -> 117     304, -402, -206, -306, -238, 483, -178     86.480
 35/128   117 -> -133    282                                        98.525
 36/128  -133 -> -123    -432, -164, -190, -202, -215, 457, 182,    55.616
                         -309, -171, -249, 489, -150, -115, -214,         
                         487, 226, -167, -162                             
 37/128   -54 -> -40     359, 169, -174, 321                        88.748
 38/128   -40 -> 38      -328, 134                                  88.139
 39/128    38 -> -9      -199, -488, 323, 236, 481, -389, 300,      88.905
                         423, 450, 400, 493, 416, 357, 242, 404,          
                         384, -305, -379                                  
 40/128    -9 -> 21      -328, 134                                  88.159
 41/128    21 -> -99     197, -470, 255, -354, -204, -271, -137,    79.547
                         248, 232, 291                                    
 42/128   -99 -> 48      152, 392, -397                             90.840
 43/128   118 -> 113     -186, 303, 326, 145, 397, -392, -152,      62.075
                         148, 303, 111, 161                               
 44/128    48 -> -11     265, -252, 265, -252, 265                  91.665
 45/128   -11 -> 31      137                                        89.054
 46/128    31 -> -47     258, -250, -268, 454, 277, -331, -192      90.330
 47/128   -47 -> -85     -137                                       89.138
 48/128   -85 -> -26     273, -496, -308, 222, 273, 503, -308,      88.808
                         264, 287, -288, 287                              
 49/128   -26 -> -88     418, 243, 352, 373, 413, 419, -179,        88.645
                         -500, -196, 342, -367, -427                      
 50/128   -88 -> 80      340, -180, -499, 184, -406, 451            91.151
 51/128    80 -> 90      -366, -342, -256, 464, 239, -462, 179,     88.974
                         -419, -415, -373, 351, -312, -327                
 52/128    90 -> -131    367, -342, 196, 500, 179, -419, -413,      83.404
                         -373, -352, -243, -437                           
 53/128  -131 -> -57     -408, -184, -501, 180, -340                87.490
 54/128   113 -> 129     445, 431, 205, 335, 170, 178, -467, 238,   65.072
                         188, 309, 187, 396, -227, -176, -412,            
                         159, 405, 269, 422, -235, -365, 310,             
                         154, 340, -180, 501, 184, 407                    
 55/128   -57 -> 96      298, 358, -242, -356, 414, -376, -300,     89.127
                         389, -495, -236, 322, 488, 199                   
 56/128    96 -> 77      -199, -488, -322, 236, 495, -389, 300,     88.818
                         423, 450, 399, 416, 357, 242, -358,              
                         -492, -270                                       
 57/128    77 -> 74      243, 352, 373, 413, 419, -179, -500,       81.544
                         -196, 342, 369, 174, -169, 360                   
 58/128    74 -> -94     339, -223, -345, -386, -135, -425, -127,   67.682
                         334, -420, 382, -207, -421, -126, 378,           
                         411, -398, -395                                  
 59/128   -94 -> -15     137                                        87.855
 60/128   -15 -> -3                                                 83.604
 61/128    -3 -> 119     -257, 246, 278, -459, 194, 293, 241,       82.298
                         460, 285, -160, 266                              
 62/128   119 -> 19      -329, 134                                  87.161
 63/128    19 -> -66     137                                        89.092
 64/128   -66 -> -79     -134, 328                                  88.166
 65/128   129 -> 12      397, -392, -152                            90.830
 66/128   -79 -> -110    440, 440, -276                             98.324
 67/128  -110 -> -17     332, 339, -388, 325, 349, 434, 368,        67.338
                         -386, -135, -425, -127, 334, -220, -262,         
                         394, 381, -421, -126, 378, 350, -353,            
                         -447, 237                                        
 68/128   -17 -> 49      -237, 448, 353, -350, 401, 410, 126,       67.490
                         421, -381, -394, 262, 198, 383, 127,             
                         424, 135, 386, -368, -436, -349                  
 69/128    49 -> 36                                                 51.218
 70/128    36 -> 101     272, 395, 398, -411, -378, 126, 421,       69.187
                         -281, 383, 127, 424, 135, 386, -368,             
                         -434, -349, -325, 429, -346                      
 71/128   101 -> 91      -284, -319, 229, -468, 302, -453, 175      90.459
 72/128    91 -> -73     -137, -247, -441, -441, -441, -441,        85.718
                         -441, -441, -441, -441, -441, -441,              
                         -441, -441, -441, -441, 276, -440, -440,         
                         -440, -440, -440, -440, -440, -440,              
                         -440, -440                                       
 73/128   -73 -> 43      272, 409, 398, -411, -378, 126, 421,       48.303
                         -281, 383, 127, 424, 135, 386, -368,             
                         -434, -349, -325, -290, 353, 409, 398,           
                         377, 410, 126, 421, -381, -394, 262,             
                         220, -334, 127, 425, 135, 386, -368,             
                         -434, -349, -325, -290, 353, 409, 398,           
                         377, 410, 126, 421, -381, -221, -380,            
                         420, -334, 127, 425, 135                         
 74/128    43 -> 72      -184, 499, 180                             91.933
 75/128    72 -> -116    427, 367, -342, 196, 500, 179, -413,       89.058
                         -373, -352, -243                                 
 76/128    12 -> 32      -430, 243, 352, 373, 413, 419, -179,       88.726
                         -500, -196, 342, 369, 442                        
 77/128  -116 -> -67                                                73.922
 78/128   -67 -> -142    316                                        97.998
 79/128  -142 -> -59     -295                                       97.815
 80/128     7 -> 41      -329, 134                                  88.123
 81/128    41 -> 46      152, 392, -397                             89.879
 82/128    46 -> 78      347, 307, 502, 209, 177, 307, 502, 209,    71.200
                         185, 200, 219, 211, 347, 307, 497, 209,          
                         177, -217, 219, -444, 200                        
 83/128    78 -> 62      367, -342, 196, 500, 179, -419, -413,      89.588
                         -373, 351, -312                                  
 84/128    62 -> 4       152, 392                                   91.031
 85/128     4 -> -95     318                                        98.232
 86/128    32 -> 29      261                                        98.398
 87/128   -95 -> 13      406, -184, 499, 180, -340                  90.911
 88/128    13 -> -93     -266                                       97.656
 89/128   -93 -> 23      314                                        98.863
 90/128    23 -> -52     379, 305, 492, 385, -404, -242, -357,      88.381
                         -416, -399, 449, -423, -300, -390, -495,         
                         -236, 322, 494, 199                              
 91/128   -52 -> -14     -311                                       98.089
 92/128   -14 -> -22     152, 392, -397                             90.844
 93/128   -22 -> 146     -130                                       87.804
 94/128   146 -> 20      -130                                       87.083
 95/128    20 -> -10     -289, -498, 279, -230, 393, 387, 391,      72.872
                         -289, 485, 279, -344, -361, 472, 263,            
                         -172, 240, 336, -212, 240, -280, -344,           
                         -244, 387, 391, -289, 485, 279, -344,            
                         -361, -452, 263, 443, 391, -289, -498,           
                         279, -230, 228, 336                              
 96/128   -10 -> -108    315                                        98.436
 97/128    29 -> 35      -152                                       90.983
 98/128  -108 -> -5      315                                        98.868
 99/128    -5 -> -8      316, 143, -295                             88.157
100/128    -8 -> -44     152, 392, -397                             90.348
101/128   -44 -> 30      -199, -488, 323, 236, 481, -389, 300,      87.646
                         423, 450, 400, 493, 416, 357, 242, 404,          
                         384, -305, -379                                  
102/128    30 -> -51     -199, -488, 323, 236, 481, -389, 300,      88.652
                         423, 450, 400, 493, 416, 357, 242, 404,          
                         384, -305, -379                                  
103/128   -51 -> -83     314, -267                                  97.202
104/128   -83 -> 25      -407, -184, -501, 180, -340                91.304
105/128    25 -> 33      367, -342, 196, 500, 179, -419, -413,      89.149
                         -373, -352, -243                                 
106/128    33 -> 24      -321, 174, -169, -359                      88.640
107/128    24 -> -86     -426, -426, -426, -426, -426, -426,        96.809
                         -426, -426, -426, -426, -426, -426,              
                         -426, -426, -426, -426, -426, -426,              
                         -426, -426, -426, -426, -426, -426,              
                         -426, -426, -426, -426, -426, -426               
108/128    35 -> -109    260, -225, 260                             93.372
109/128   -86 -> -34     305, 492, 358, -242, -357, -416, -493,     80.227
                         -400, -450, -423, -300, -390, -495,              
                         -236, -323, 488, 199, -417, 316, 143,            
                         -295, -375                                       
110/128   -34 -> -18     -408, -184, -501, 180, -340                91.304
111/128   -18 -> 50      397, -392, -152                            90.886
112/128    50 -> 55      203, 218, 203                              91.720
113/128    55 -> -98     -318                                       98.362
114/128   -98 -> -60     340, -180, -499, 184                       91.203
115/128   -60 -> 92      -430, 243, 352, 373, 413, 419, -179,       89.144
                         -500, -196                                       
116/128    92 -> -89     379, 305, 492, 358, -242, -357, -416,      85.575
                         -493, -376, -300, -390, -495, -236, 322,         
                         488, 199                                         
117/128   -89 -> -45     325, 324, -345, -386, -135, -425, -127,    68.384
                         341, -198, -262, -275, -126, -410, -377          
118/128   -45 -> 7       -199, -494, -322, 236, 495, 390, 300,      88.836
                         376, -414, 357, 242, -358, -298                  
119/128  -109 -> -105    427, 367, -342, 196, 500, 179, -419,       79.905
                         -413, -373, -352, -243, -418                     
120/128  -115 -> 103     -214, 487, 226, -167, -162, -123, -326,    71.382
                         -303, 186, 363, -362, -364, -193, 438            
121/128   103 -> -140    128, -297, -183, -475, -335, -205, -431,   76.319
                         -445, 176, 227, -396                             
122/128  -140 -> -138    234, 486, 274, 463, -254                   91.690
123/128  -138 -> 141     282, -299, -253, -155, -195, -210, 208,    59.485
                         158, -161, 165, -164, 412, 176, 227,             
                         374, 294, -201, -162, -433, 176, -166,           
                         -210                                             
124/128   141 -> 58      -348, -362, -364, -193, 438, -149, -428,   84.082
                         -343, -205                                       
125/128    58 -> 6       -199, -494, -322, 236, 495, 390, 300,      88.737
                         423, 450, 399, 416, 357, 242, -358,              
                         -492, -270                                       
126/128     6 -> -16     270, 492, 358, -242, -356, 372, -423,      88.693
                         -300, -390, -495, -236, 322, 494, 199            
127/128   -16 -> -106    327, 312, -351, -371, 415, 419, -179,      89.107
                         462, -239, 458, 256, 342, 366                    
128/128  -106 -> -28     439, 439, 439, 439, 439, 439, 439, 439,    99.376
                         439                                              


Creating simple long read bridges (2025-07-15 09:40:41)
-------------------------------------------------------
    Unicycler uses long read alignments (from minimap) to resolve simple repeat structures in the graph. This takes care of some "low-hanging fruit" of the graph simplification.

Aligning long reads to graph using minimap

    Two-way junctions are defined as cases where two graph contigs (A and B) join together (C) and then split apart again (D and E). This usually represents a simple 2-copy repeat, and there are two possible options for its resolution: (A->C->D and B->C->E) or (A->C->E and B->C->D). Each read which spans such a junction gets to "vote" for option 1, option 2 or neither. Unicycler creates a bridge at each junction for the most voted for option.

                                                        Op. 1   Op. 2   Neither   Final    Bridge
Junction         Option 1               Option 2        votes   votes     votes     op.   quality
     315   -108 -> 315 -> -108,    -108 -> 315 -> -5,       1      69         1       2      96.7
             -10 -> 315 -> -5      -10 -> 315 -> -108                                            
     261   -76 -> 261 -> 29, 32    -76 -> 261 -> 104,       0      66         0       2     100.0
              -> 261 -> 104         32 -> 261 -> 29                                              
     311   -82 -> 311 -> -104,     -82 -> 311 -> 52,       70       0         0       1      99.2
             14 -> 311 -> 52       14 -> 311 -> -104                                             
     130   -146 -> 130 -> -146,    -146 -> 130 -> 22,       4      37         0       2      88.9
             -20 -> 130 -> 22      -20 -> 130 -> -146                                            
     318   4 -> 318 -> -95, 98    4 -> 318 -> -55, 98      65       0         0       1      99.4
              -> 318 -> -55          -> 318 -> -95                                               

    Simple loops are parts of the graph where two contigs (A and B) are connected via a repeat (C) which loops back to itself (via D). It is possible to traverse the loop zero times (A->C->B), one time (A->C->D->C->B), two times (A->C->D->C->D->C->B), etc. Long reads which span the loop inform which is the correct number of times through. In this step, such reads are found and each is aligned against alternative loop counts. A reads casts its "vote" for the loop count it agrees best with, and Unicycler creates a bridge using the most voted for count.

                                   Read                         Loop    Bridge
Start   Repeat   Middle     End   count   Read votes           count   quality
 -106      439              -28      32   8 loops: 32 votes        8     100.0
  -70      446               53      29   0 loops: 6 votes         8      71.0
                                          7 loops: 1 vote                     
                                          8 loops: 22 votes                   
  -64      224      173     -39      45   1 loop: 45 votes         1      99.7
  -28      286      435     -69      33   1 loop: 33 votes         1      99.9
  -22     -130      146      20      12   1 loop: 12 votes         1      99.6
    2      283               75       8   4 loops: 8 votes         4      99.4
    5     -315      108      10      18   1 loop: 18 votes         1      99.7
   11     -265      252     -48      27   1 loop: 2 votes          2      91.4
                                          2 loops: 25 votes                   
   50      203      218      55      28   1 loop: 28 votes         1     100.0
   86      426              -24      41   28 loops: 1 vote        29      91.8
                                          29 loops: 38 votes                  
                                          30 loops: 2 votes                   
  109     -260      225     -35      26   1 loop: 26 votes         1      98.6


Determining low score threshold (2025-07-15 09:41:51)
-----------------------------------------------------
    Before conducting semi-global alignment of the long reads to the assembly graph, Unicycler must determine a minimum alignment score threshold such that nonsense alignments are excluded. To choose a threshold automatically, it examines alignments between random sequences and selects a score a few standard deviations above the mean.

Automatically choosing a threshold using random alignment scores.

Random alignment mean score: 61.66
         standard deviation:  1.31
        Low score threshold: 61.66 + (7 x 1.31) = 70.86


Aligning reads (2025-07-15 09:42:08)
------------------------------------
48,976 / 48,976 (100.0%)


Read alignment summary (2025-07-15 10:01:53)
--------------------------------------------
Total read count:             48,976
Fully aligned reads:          43,713
Partially aligned reads:       5,229
Unaligned reads:                  34
Total bases aligned:     275,895,935 bp
Mean alignment identity:          98.0%

Deleting /data/djs217/PROJECTS/19_vibrio/06_unicycler/11671_EXE_22_2024_B.unicycler/read_alignment/


Building long read bridges (2025-07-15 10:01:54)
------------------------------------------------
    Unicycler uses the long read alignments to produce bridges between anchor segments. These bridges can be formed using as few as one long read, giving Unicycler the ability to bridge the graph even when long-read depth is low.

         Start -> end    Best path                                 Quality
  1/191    21 -> 48      197, -470, 255, -354, -204, -271, -137,    38.991
                         248, 232, 291, -99, 152, 392, -397               
  2/191   -25 -> 51      340, -180, 501, 184, 407, 83, 267, -314    50.173
  3/191   -57 -> 77      298, 358, -242, -356, 414, -376, -300,     38.351
                         389, -495, -236, 322, 488, 199, 96,              
                         -199, -488, -322, 236, 495, -389, 300,           
                         423, 450, 399, 416, 357, 242, -358,              
                         -492, -270                                       
  4/191    35 -> 1       260, -225, 260, -109, 427, 367, -342,      69.824
                         196, 500, 179, -419, -413, -373, -352,           
                         -243, -418, -105, 340, -180, 501, 184,           
                         407                                              
  5/191   -43 -> 73                                                 10.213
  6/191   100 -> 118     253, 189, -182, -473, 215, 181, 269,       46.734
                         422, -235, -365, 310, -136, 202, -474,           
                         190, 163, -158, 120, -208, 210, 195,             
                         156, 152, 392, -397                              
  7/191   -58 -> 138     205, 343, 428, 149, -438, 193, 364, 362,   56.860
                         348, -141, 210, 166, -176, 433, 162,             
                         201, -294, -374, -227, -176, -412, 164,          
                         -165, 161, -158, -208, 210, 195, 155,            
                         253, 299, -282                                   
  8/191   111 -> 12      161, 113, 445, 431, 205, 335, 170, 178,    54.256
                         -467, 238, 188, 309, 187, 396, -227,             
                         -176, -412, 159, 405, 269, 422, -235,            
                         -365, 310, 154, 340, -180, 501, 184,             
                         407, 129, 397, -392, -152                        
  9/191    49 -> 36                                                 19.354
 10/191   107 -> -64     -301, 81, -291, -233, -248, -157, 204,     49.208
                         -355, -255, 476, -197                            
 11/191   118 -> 113     -186, 303, 326, 145, 397, -392, -152,      19.808
                         148, 303, 111, 161                               
 12/191   111 -> 129     161, 113, 445, 431, 205, 335, 170, 178,    24.933
                         -467, 238, 188, 309, 187, 396, -227,             
                         -176, -412, 159, 405, 269, 422, -235,            
                         -365, 310, 154, 340, -180, 501, 184, 407         
 13/191   115 -> -112    150, -489, 249, 171, 309, -182, -457,      70.991
                         215, 202, 190, 164, 432, 133, -282,              
                         -117, 178, -483, 238, 306, 206, 402,             
                         -304, 147, 313, 132, -235, 364, 310,             
                         205, 343, 428, 193, 364, 362, 348                
 14/191    17 -> 79      -237, 447, 353, -350, -378, 126, 421,      46.306
                         -381, -394, 262, 220, -334, 127, 425,            
                         135, 386, -368, -434, -349, -325, 388,           
                         -339, -332, 110, 276, -440, -440                 
 15/191   -39 -> 107     -301, -151, -191, 337, 152, 392, -397,     77.139
                         125, -191                                        
 16/191    17 -> 110     -237, 447, 353, -350, -378, 126, 421,      76.025
                         -381, -394, 262, 220, -334, 127, 425,            
                         135, 386, -368, -434, -349, -325, 388,           
                         -339, -332                                       
 17/191   -97 -> 112     234, -466, 274, 477, -254, 370, -214,      57.982
                         -461, 226, 168, 304, -403, -206, -139,           
                         294, -114, -238, 483, -178                       
 18/191   113 -> 12      445, 431, 205, 335, 170, 178, -467, 238,   69.558
                         188, 309, 187, 396, -227, -176, -412,            
                         159, 405, 269, 422, -235, -365, 310,             
                         154, 340, -180, 501, 184, 407, 129, 397,         
                         -392, -152                                       
 19/191   102 -> -97     -297, -183, 128, -297, -121, -249, 478,    79.078
                         -150, -124, -269, -405                           
 20/191   117 -> -115    282, -133, -432, -164, -190, -202, -215,   67.156
                         457, 182, -309, -171, -249, 489, -150            
 21/191    45 -> 89      377, 410, 126, 275, 262, 198, -341, 127,   71.690
                         425, 135, 386, 345, -324, -325                   
 22/191    82 -> 71      -429, 325, 349, 436, 368, -386, -135,      80.769
                         -425, -127, 334, -420, 382, 221, 381,            
                         -421, -126, -410, -377, -398, -395, -338         
 23/191   113 -> 129     445, 431, 205, 335, 170, 178, -467, 238,   70.675
                         188, 309, 187, 396, -227, -176, -412,            
                         159, 405, 269, 422, -235, -365, 310,             
                         154, 340, -180, 501, 184, 407                    
 24/191   100 -> 120     253, 189, -182, -473, 215, 181, 269,       58.459
                         422, -235, -365, 310, -136, 202, -474,           
                         190, 163, -158                                   
 25/191  -100 -> 102     -432, -164, 122, -343, -205, -431, 144,    65.313
                         165, -153, -313                                  
 26/191    -3 -> 19      -257, 246, 278, -459, 194, 293, 241,       50.928
                         460, 285, -160, 266, 119, -329, 134              
 27/191    20 -> -10     -289, -498, 279, -230, 393, 387, 391,      84.057
                         -289, 485, 279, -344, -361, 472, 263,            
                         -172, 240, 336, -212, 240, -280, -344,           
                         -244, 387, 391, -289, 485, 279, -344,            
                         -361, -452, 263, 443, 391, -289, -498,           
                         279, -230, 228, 336                              
 28/191   115 -> 133     150, -489, 249, 171, 309, -182, -457,      69.406
                         215, 202, 190, 164, 432                          
 29/191    94 -> -74     395, 398, -411, -378, 126, 421, 207,       73.374
                         -382, 420, -334, 127, 425, 135, 386,             
                         345, 223, -339                                   
 30/191    28 -> 16      -439, -439, -439, -439, -439, -439,        25.916
                         -439, -439, -439, 106, -366, -342, -256,         
                         -458, 239, -462, 179, -419, -415, 371,           
                         351, -312, -327                                  
 31/191   105 -> -35     418, 243, 352, 373, 413, 419, -179,        63.607
                         -500, -196, 342, -367, -427, 109, -260,          
                         225, -260                                        
 32/191   118 -> 111     -186, 303, 326, 145, 397, -392, -152,      73.659
                         148, 303                                         
 33/191   -76 -> 82      261, 104, -311                             34.247
 34/191   112 -> 117     -348, -362, -364, -193, -428, -343,        62.412
                         -205, -310, -364, 235, -132, -313, -147,         
                         304, -402, -206, -306, -238, 483, -178           
 35/191   -39 -> 125     -301, -151, -191, 337, 152, 392, -397      66.171
 36/191    72 -> -67     427, 367, -342, 196, 500, 179, -413,       27.616
                         -373, -352, -243, -116, 333, -491, -259,         
                         333, -231, 333, -231, 333, -480, -259            
 37/191   138 -> -103    254, -463, -274, -486, -234, 140, 396,     39.449
                         -227, -176, 445, 431, 205, 335, 475,             
                         183, 297, -128                                   
 38/191  -103 -> 115     -438, 193, 364, 362, -363, -186, 303,      55.404
                         326, 123, 162, 167, -226, -487, 214              
 39/191   133 -> 132     -282, -117, 178, -483, 238, 306, 206,      20.824
                         402, -304, 147, 313                              
 40/191    49 -> 43      338, 395, 398, -411, -378, 126, 421,       13.069
                         -381, -221, 296, 127, 424, 135                   
 41/191   -43 -> 71      -135, -425, -127, 334, -420, 382, 221,     17.760
                         381, -421, -126, -410, -377, -398, -395,         
                         -338                                             
 42/191   122 -> 102     -343, -205, -431, 144, 165, -153, -313     74.160
 43/191    90 -> -57     367, -342, 196, 500, 179, -419, -413,      78.810
                         -373, -352, -243, -437, -131, -408,              
                         -184, -501, 180, -340                            
 44/191    77 -> 74      243, 352, 373, 413, 419, -179, -500,       82.296
                         -196, 342, 369, 174, -169, 360                   
 45/191   -20 -> 22      130, -146, 130                             67.470
 46/191   -17 -> 49      -237, 448, 353, -350, 401, 410, 126,       67.078
                         421, -381, -394, 262, 198, 383, 127,             
                         424, 135, 386, -368, -436, -349                  
 47/191    46 -> 78      347, 307, 502, 209, 177, 307, 502, 209,    82.112
                         185, 200, 219, 211, 347, 307, 497, 209,          
                         177, -217, 219, -444, 200                        
 48/191    36 -> 101     272, 395, 398, -411, -378, 126, 421,       68.437
                         -281, 383, 127, 424, 135, 386, -368,             
                         -434, -349, -325, 429, -346                      
 49/191   120 -> 118     -208, 210, 195, 156, 152, 392, -397        71.931
 50/191   140 -> -103    396, -227, -176, 445, 431, 205, 335,       69.848
                         475, 183, 297, -128                              
 51/191   114 -> 97      -294, 139, 206, 403, -304, -168, -226,     64.234
                         461, 214, -370, 254, -477, -274, 466,            
                         -234                                             
 52/191     5 -> 10      -315, 108, -315                            52.566
 53/191    17 -> 43      -237, 447, 353, -350, -378, 126, 421,      17.744
                         -381, -394, 262, 220, -334, 127, 425,            
                         135                                              
 54/191   136 -> 120                                                 4.892
 55/191   133 -> 147     -282, -117, 178, -483, 238, 306, 206,      16.186
                         402, -304                                        
 56/191   136 -> -100    -310, 365, 235, -422, -269, -181, -215,    65.700
                         473, 182, -189, -253                             
 57/191    99 -> -21     -291, -232, -248, 137, 271, 204, 354,      82.039
                         -255, 470, -197                                  
 58/191    97 -> 121     405, 269, 124, 150, -478, 249              69.044
 59/191  -112 -> 139     178, -483, 238, 114, -294                   2.120
 60/191   121 -> -102    297, -128, 183, 297                        73.574
 61/191   123 -> 115     162, 167, -226, -487, 214                  65.535
 62/191   145 -> 111     397, -392, -152, 148, 303                  66.721
 63/191  -120 -> 136     158, -163, -190, 474, -202                 65.321
 64/191  -117 -> 132     178, -483, 238, 306, 206, 402, -304,       64.664
                         147, 313                                         
 65/191    70 -> 69      -360, 169, 340, -180, 501, 184, -406,      82.141
                         451, -174, 321                                   
 66/191   141 -> 58      -348, -362, -364, -193, 438, -149, -428,   71.664
                         -343, -205                                       
 67/191   -39 -> 48      -301, -151, -191, 337, 152, 392, -397      10.137
 68/191    -3 -> 119     -257, 246, 278, -459, 194, 293, 241,       67.871
                         460, 285, -160, 266                              
 69/191   144 -> 102     165, -153, -313                            69.108
 70/191   139 -> 97      206, 403, -304, -168, -226, 461, 214,      66.065
                         -370, 254, -477, -274, 466, -234                 
 71/191  -138 -> 141     282, -299, -253, -155, -195, -210, 208,    53.921
                         158, -161, 165, -164, 412, 176, 227,             
                         374, 294, -201, -162, -433, 176, -166,           
                         -210                                             
 72/191    79 -> 66      -328, 134                                  82.748
 73/191    16 -> -6      -199, -494, -322, 236, 495, 390, 300,      83.141
                         423, -372, 356, 242, -358, -492, -270            
 74/191   119 -> 19      -329, 134                                  76.687
 75/191     7 -> 41      -329, 134                                  83.057
 76/191    52 -> -23     -199, -494, -322, 236, 495, 390, 300,      80.983
                         423, -449, 399, 416, 357, 242, 404,              
                         -385, -492, -305, -379                           
 77/191    39 -> 64      -224, -173, -224                           83.122
 78/191   132 -> -112    -235, 364, 310, 205, 343, 428, 193, 364,   68.036
                         362, 348                                         
 79/191    25 -> 33      367, -342, 196, 500, 179, -419, -413,      82.563
                         -373, -352, -243                                 
 80/191    37 -> 65      -442, -369, -342, 196, 500, 179, -419,     83.179
                         -413, -373, -352, -243                           
 81/191    91 -> -73     -137, -247, -441, -441, -441, -441,        57.302
                         -441, -441, -441, -441, -441, -441,              
                         -441, -441, -441, -441, 276, -440, -440,         
                         -440, -440, -440, -440, -440, -440,              
                         -440, -440                                       
 82/191   106 -> 16      -366, -342, -256, -458, 239, -462, 179,    77.990
                         -419, -415, 371, 351, -312, -327                 
 83/191   -86 -> 143     305, 492, 358, -242, -357, -416, -493,     14.080
                         -400, -450, -423, -300, -390, -495,              
                         -236, -323, 488, 199, -417, 316                  
 84/191   124 -> 121     150, -478, 249                             68.578
 85/191   -38 -> 40      -134, 328                                  83.714
 86/191    66 -> -19     -137                                       83.187
 87/191   146 -> 20      -130                                       69.640
 88/191    34 -> 86      375, 295, -143, -316, 417, -199, -488,     82.988
                         323, 236, 495, 390, 300, 423, 450, 400,          
                         493, 416, 357, 242, -358, -492, -305             
 89/191    92 -> -89     379, 305, 492, 358, -242, -357, -416,      78.862
                         -493, -376, -300, -390, -495, -236, 322,         
                         488, 199                                         
 90/191    88 -> 26      427, 367, -342, 196, 500, 179, -419,       81.819
                         -413, -373, -352, -243, -418                     
 91/191    -9 -> 21      -328, 134                                  82.939
 92/191   105 -> 109     418, 243, 352, 373, 413, 419, -179,        68.388
                         -500, -196, 342, -367, -427                      
 93/191    58 -> 6       -199, -494, -322, 236, 495, 390, 300,      80.643
                         423, 450, 399, 416, 357, 242, -358,              
                         -492, -270                                       
 94/191    26 -> 85      -287, 288, -287, -264, 308, -503, -273,    82.784
                         -222, 308, 496, -273                             
 95/191   -22 -> 146     -130                                       70.616
 96/191    33 -> 24      -321, 174, -169, -359                      83.584
 97/191    67 -> 116                                                31.701
 98/191    80 -> 90      -366, -342, -256, 464, 239, -462, 179,     79.326
                         -419, -415, -373, 351, -312, -327                
 99/191    96 -> 77      -199, -488, -322, 236, 495, -389, 300,     80.879
                         423, 450, 399, 416, 357, 242, -358,              
                         -492, -270                                       
100/191  -117 -> 147     178, -483, 238, 306, 206, 402, -304        64.235
101/191    27 -> 2       367, -342, 196, -462, 179, -419, -415,     81.566
                         371, 351, -243                                   
102/191    85 -> 47      137                                        82.956
103/191    51 -> -30     379, 305, -384, -404, -242, -357, -416,    83.333
                         -493, -400, -450, -423, -300, 389, -481,         
                         -236, -323, 488, 199                             
104/191    78 -> 62      367, -342, 196, 500, 179, -419, -413,      82.727
                         -373, 351, -312                                  
105/191   -57 -> 96      298, 358, -242, -356, 414, -376, -300,     82.165
                         389, -495, -236, 322, 488, 199                   
106/191    44 -> 8       397, -392, -152                            82.552
107/191    40 -> 54      -321, 174, -169, -359                      82.748
108/191    41 -> 46      152, 392, -397                             82.485
109/191    38 -> -9      -199, -488, 323, 236, 481, -389, 300,      83.938
                         423, 450, 400, 493, 416, 357, 242, 404,          
                         384, -305, -379                                  
110/191    -7 -> 45      298, 358, -242, -357, 414, -376, -300,     82.418
                         -390, -495, -236, 322, 494, 199                  
111/191   -42 -> 84      316, 143, -295, -375                       68.668
112/191   -60 -> 92      -430, 243, 352, 373, 413, 419, -179,       81.709
                         -500, -196                                       
113/191    75 -> 37      -257, 245, 278, 465, 194, 292, 241, 455,   79.977
                         285                                              
114/191    15 -> 94      -137                                       80.204
115/191    12 -> 32      -430, 243, 352, 373, 413, 419, -179,       81.053
                         -500, -196, 342, 369, 442                        
116/191    61 -> -54     437, 243, 352, 373, 415, 419, -179,        79.653
                         -500, -196, 342, -367                            
117/191   131 -> -90     437, 243, 352, 373, 413, 419, -179,        66.188
                         -500, -196, 342, -367                            
118/191   -30 -> 44      379, 305, -384, -404, -242, -357, -416,    82.657
                         -493, -400, -450, -423, -300, 389, -481,         
                         -236, -323, 488, 199                             
119/191   -18 -> 50      397, -392, -152                            83.262
120/191     8 -> 5       295, -143, -316                            68.457
121/191   116 -> -72     243, 352, 373, 413, -179, -500, -196,      74.189
                         342, -367, -427                                  
122/191   -48 -> 99      397, -392, -152                            80.984
123/191    18 -> 34      340, -180, 501, 184, 408                   83.306
124/191    62 -> 4       152, 392                                   82.656
125/191    59 -> 67      295, 142, -316                             64.852
126/191   -11 -> 31      137                                        75.228
127/191   129 -> 12      397, -392, -152                            73.960
128/191  -103 -> 123     -438, 193, 364, 362, -363, -186, 303,      66.824
                         326                                              
129/191    76 -> -65     169, -174, 321                             75.553
130/191    60 -> 98      -184, 499, 180, -340                       81.081
131/191    42 -> 68      340, -180, -499, 184, -406                 82.775
132/191    29 -> 35      -152                                       83.547
133/191    53 -> 27      258, 251, -268, -490, 277, 330, -192       82.805
134/191   -13 -> 95      340, -180, -499, 184, -406                 82.242
135/191    -1 -> 105     -407, -184, -501, 180, -340                77.380
136/191    43 -> 72      -184, 499, 180                             82.818
137/191    47 -> -31     192, 331, -277, -454, 268, 250, -258       83.974
138/191    -3 -> 37      -257, 246, 278, -459, 194, 293, 241,       20.584
                         460, 285                                         
139/191    87 -> -1      340, -180, 501, 184, -406                  82.677
140/191   -25 -> 83      340, -180, 501, 184, 407                   82.315
141/191   105 -> 92      418, 243, 352, 373, 413, 419, -179,        13.404
                         -500, -196                                       
142/191    61 -> 92      437, 243, 352, 373, 415, 419, -179,         9.607
                         -500, -196                                       
143/191    77 -> 92      243, 352, 373, 413, 419, -179, -500,        8.429
                         -196                                             
144/191   101 -> 91      -284, -319, 229, -468, 302, -453, 175      72.004
145/191   -99 -> 125     152, 392, -397                             10.284
146/191    57 -> 131     340, -180, 501, 184, 408                   70.122
147/191    29 -> 8       -152                                        7.844
148/191    22 -> 14      397, -392, -152                            81.753
149/191    50 -> 55      203, 218, 203                              83.622
150/191   112 -> -97                                                 4.481
151/191   111 -> 113     161                                        72.478
152/191  -112 -> 114     178, -483, 238                             72.089
153/191    48 -> -11     265, -252, 265, -252, 265                  72.734
154/191   -80 -> 88      -451, 406, -184, 499, 180, -340            82.568
155/191    86 -> -24     426, 426, 426, 426, 426, 426, 426, 426,    81.630
                         426, 426, 426, 426, 426, 426, 426, 426,          
                         426, 426, 426, 426, 426, 426, 426, 426,          
                         426, 426, 426, 426, 426, 426                     
156/191   118 -> 145     -186, 303, 326                             65.883
157/191   125 -> 107     -191                                       63.080
158/191   138 -> 140     254, -463, -274, -486, -234                60.303
159/191   122 -> 144     -343, -205, -431                           64.582
160/191     2 -> 75                                                 37.809
161/191    97 -> 124     405, 269                                   70.892
162/191  -100 -> 122     -432, -164                                 74.011
163/191    83 -> 51      267, -314                                  82.919
164/191    69 -> 28      -286, -435, -286                           83.091
165/191    32 -> 29      261                                        83.871
166/191    93 -> -13     266                                        81.079
167/191   143 -> 84      -295, -375                                 13.936
168/191   143 -> -34     -295, -375                                 14.839
169/191   -76 -> 104     261                                        78.025
170/191   143 -> -8      -295                                       13.971
171/191   147 -> 132     313                                        61.947
172/191   -61 -> 87      267, -314                                  80.771
173/191   114 -> 139     -294                                       59.938
174/191   133 -> -117    -282                                       67.801
175/191   109 -> -35     -260, 225, -260                            77.522
176/191    95 -> -4      -318                                       81.768
177/191    14 -> 52      311                                        83.192
178/191   104 -> 82      -311                                       78.653
179/191   110 -> 79      276, -440, -440                            78.663
180/191    59 -> 142     295                                        70.289
181/191   142 -> 67      -316                                       70.226
182/191     5 -> 108     -315                                       79.510
183/191    -5 -> 143     316                                        13.290
184/191   -53 -> 70      -446, -446, -446, -446, -446, -446,        25.988
                         -446, -446                                       
185/191   -42 -> 143     316                                        14.878
186/191    71 -> -68                                                96.437
187/191    98 -> -55     318                                        81.349
188/191     3 -> 15                                                 44.321
189/191   108 -> 10      -315                                       79.282
190/191   -23 -> 93      -314                                       81.700
191/191    28 -> 106     -439, -439, -439, -439, -439, -439,        80.957
                         -439, -439, -439                                 


Applying bridges (2025-07-15 10:02:55)
--------------------------------------
    Unicycler now applies to the graph in decreasing order of quality. This ensures that when multiple, contradictory bridges exist, the most supported option is used.

Bridge type        Start -> end   Path                                       Quality
simple long read   -106 -> -28    439, 439, 439, 439, 439, 439, 439, 439,    100.000
                                  439                                               
simple long read     50 -> 55     203, 218, 203                               99.987
simple long read     32 -> 29     261                                         99.979
simple long read    -28 -> -69    286, 435, 286                               99.923
simple long read      5 -> 10     -315, 108, -315                             99.746
simple long read    -64 -> -39    224, 173, 224                               99.743
simple long read    -22 -> 20     -130, 146, -130                             99.552
simple long read     98 -> -55    318                                         99.448
simple long read      2 -> 75     283, 283, 283, 283, 283                     99.368
simple long read      4 -> -95    318                                         99.316
simple long read     14 -> 52     311                                         99.201
miniasm              71 -> -68                                                99.171
miniasm             -93 -> 23     314                                         98.863
simple long read    109 -> -35    -260, 225, -260                             98.568
miniasm             117 -> -133   282                                         98.525
miniasm             -79 -> -110   440, 440, -276                              98.324
miniasm            -132 -> -147   -313                                        98.299
miniasm             -67 -> -142   316                                         97.998
miniasm            -142 -> -59    -295                                        97.815
simple long read    -82 -> -104   311                                         97.710
miniasm              13 -> -93    -266                                        97.656
simple long read    -76 -> 104    261                                         97.446
miniasm             -51 -> -83    314, -267                                   97.202
miniasm              24 -> -86    -426, -426, -426, -426, -426, -426,         96.809
                                  -426, -426, -426, -426, -426, -426,               
                                  -426, -426, -426, -426, -426, -426,               
                                  -426, -426, -426, -426, -426, -426,               
                                  -426, -426, -426, -426, -426, -426                
miniasm             -87 -> 61     314, -267                                   96.062
miniasm              43 -> 72     -184, 499, 180                              91.933
miniasm            -140 -> -138   234, 486, 274, 463, -254                    91.690
miniasm            -114 -> 112    -238, 483, -178                             91.688
miniasm              48 -> -11    265, -252, 265, -252, 265                   91.665
miniasm             -34 -> -18    -408, -184, -501, 180, -340                 91.304
miniasm             -83 -> 25     -407, -184, -501, 180, -340                 91.304
miniasm             -98 -> -60    340, -180, -499, 184                        91.203
miniasm             -88 -> 80     340, -180, -499, 184, -406, 451             91.151
miniasm              62 -> 4      152, 392                                    91.031
miniasm              29 -> 35     -152                                        90.983
miniasm             -95 -> 13     406, -184, 499, 180, -340                   90.911
miniasm               1 -> -87    406, -184, -501, 180, -340                  90.911
miniasm             -18 -> 50     397, -392, -152                             90.886
miniasm             -14 -> -22    152, 392, -397                              90.844
miniasm             -99 -> 48     152, 392, -397                              90.840
miniasm             129 -> 12     397, -392, -152                             90.830
miniasm             -68 -> -42    406, -184, 499, 180, -340                   90.760
miniasm             101 -> 91     -284, -319, 229, -468, 302, -453, 175       90.459
miniasm              -8 -> -44    152, 392, -397                              90.348
miniasm              31 -> -47    258, -250, -268, 454, 277, -331, -192       90.330
miniasm              41 -> 46     152, 392, -397                              89.879
miniasm              78 -> 62     367, -342, 196, 500, 179, -419, -413,       89.588
                                  -373, 351, -312                                   
miniasm              65 -> -76    -321, 174, -169                             89.233
miniasm              25 -> 33     367, -342, 196, 500, 179, -419, -413,       89.149
                                  -373, -352, -243                                  
miniasm             -60 -> 92     -430, 243, 352, 373, 413, 419, -179,        89.144
                                  -500, -196                                        
miniasm             -47 -> -85    -137                                        89.138
miniasm             -57 -> 96     298, 358, -242, -356, 414, -376, -300,      89.127
                                  389, -495, -236, 322, 488, 199                    
miniasm              27 -> 2      367, -342, 196, -462, 179, -419, -415,      89.121
                                  371, 351, -243                                    
miniasm              53 -> 27     258, 251, -268, -490, 277, 330, -192        89.114
miniasm             -16 -> -106   327, 312, -351, -371, 415, 419, -179,       89.107
                                  462, -239, 458, 256, 342, 366                     
miniasm              37 -> 65     -442, -369, -342, 196, 500, 179, -419,      89.105
                                  -413, -373, -352, -243                            
miniasm              19 -> -66    137                                         89.092
miniasm              72 -> -116   427, 367, -342, 196, 500, 179, -413,        89.058
                                  -373, -352, -243                                  
miniasm             -11 -> 31     137                                         89.054
miniasm              80 -> 90     -366, -342, -256, 464, 239, -462, 179,      88.974
                                  -419, -415, -373, 351, -312, -327                 
miniasm              38 -> -9     -199, -488, 323, 236, 481, -389, 300,       88.905
                                  423, 450, 400, 493, 416, 357, 242, 404,           
                                  384, -305, -379                                   
miniasm             -45 -> 7      -199, -494, -322, 236, 495, 390, 300,       88.836
                                  376, -414, 357, 242, -358, -298                   
miniasm              96 -> 77     -199, -488, -322, 236, 495, -389, 300,      88.818
                                  423, 450, 399, 416, 357, 242, -358,               
                                  -492, -270                                        
miniasm             -85 -> -26    273, -496, -308, 222, 273, 503, -308,       88.808
                                  264, 287, -288, 287                               
miniasm             -54 -> -40    359, 169, -174, 321                         88.748
miniasm              58 -> 6      -199, -494, -322, 236, 495, 390, 300,       88.737
                                  423, 450, 399, 416, 357, 242, -358,               
                                  -492, -270                                        
miniasm              12 -> 32     -430, 243, 352, 373, 413, 419, -179,        88.726
                                  -500, -196, 342, 369, 442                         
miniasm               6 -> -16    270, 492, 358, -242, -356, 372, -423,       88.693
                                  -300, -390, -495, -236, 322, 494, 199             
miniasm              30 -> -51    -199, -488, 323, 236, 481, -389, 300,       88.652
                                  423, 450, 400, 493, 416, 357, 242, 404,           
                                  384, -305, -379                                   
miniasm             -26 -> -88    418, 243, 352, 373, 413, 419, -179,         88.645
                                  -500, -196, 342, -367, -427                       
miniasm              33 -> 24     -321, 174, -169, -359                       88.640
miniasm            -105 -> 1      340, -180, 501, 184, 407                    88.465
miniasm              61 -> -54    437, 243, 352, 373, 415, 419, -179,         88.393
                                  -500, -196, 342, -367                             
miniasm              23 -> -52    379, 305, 492, 385, -404, -242, -357,       88.381
                                  -416, -399, 449, -423, -300, -390, -495,          
                                  -236, 322, 494, 199                               
miniasm             -66 -> -79    -134, 328                                   88.166
miniasm              -9 -> 21     -328, 134                                   88.159
miniasm              -5 -> -8     316, 143, -295                              88.157
miniasm             -40 -> 38     -328, 134                                   88.139
miniasm               7 -> 41     -329, 134                                   88.123
miniasm             -94 -> -15    137                                         87.855
miniasm              75 -> 37     -257, 245, 278, 465, 194, 292, 241, 455,    87.723
                                  285                                               
miniasm             -44 -> 30     -199, -488, 323, 236, 481, -389, 300,       87.646
                                  423, 450, 400, 493, 416, 357, 242, 404,           
                                  384, -305, -379                                   
miniasm             112 -> -132   -348, -362, -364, -193, -428, -343,         87.637
                                  -205, -310, -364, 235                             
miniasm            -131 -> -57    -408, -184, -501, 180, -340                 87.490
miniasm             119 -> 19     -329, 134                                   87.161
miniasm            -139 -> -114   294                                         86.543
miniasm            -147 -> 117    304, -402, -206, -306, -238, 483, -178      86.480
miniasm              91 -> -73    -137, -247, -441, -441, -441, -441,         85.718
                                  -441, -441, -441, -441, -441, -441,               
                                  -441, -441, -441, -441, 276, -440, -440,          
                                  -440, -440, -440, -440, -440, -440,               
                                  -440, -440                                        
miniasm              92 -> -89    379, 305, 492, 358, -242, -357, -416,       85.575
                                  -493, -376, -300, -390, -495, -236, 322,          
                                  488, 199                                          
miniasm             125 -> 107    -191                                        84.561
miniasm             141 -> 58     -348, -362, -364, -193, 438, -149, -428,    84.082
                                  -343, -205                                        
long read            20 -> -10    -289, -498, 279, -230, 393, 387, 391,       84.057
                                  -289, 485, 279, -344, -361, 472, 263,             
                                  -172, 240, 336, -212, 240, -280, -344,            
                                  -244, 387, 391, -289, 485, 279, -344,             
                                  -361, -452, 263, 443, 391, -289, -498,            
                                  279, -230, 228, 336                               
miniasm             -15 -> -3                                                 83.604
miniasm              90 -> -131   367, -342, 196, 500, 179, -419, -413,       83.404
                                  -373, -352, -243, -437                            
long read            34 -> -143   375, 295                                    82.988
long read          -143 -> 86     -316, 417, -199, -488, 323, 236, 495,       82.988
                                  390, 300, 423, 450, 400, 493, 416, 357,           
                                  242, -358, -492, -305                             
miniasm             -69 -> -70    -321, 174, -451, 406, -184, -501, 180,      82.581
                                  -340, -169, 360                                   
miniasm             136 -> -97                                                82.425
miniasm              -3 -> 119    -257, 246, 278, -459, 194, 293, 241,        82.298
                                  460, 285, -160, 266                               
long read            77 -> 74     243, 352, 373, 413, 419, -179, -500,        82.296
                                  -196, 342, 369, 174, -169, 360                    
miniasm             -70 -> 53     446, 446, 446, 446, 446, 446, 446, 446      82.134
long read            46 -> 78     347, 307, 502, 209, 177, 307, 502, 209,     82.112
                                  185, 200, 219, 211, 347, 307, 497, 209,           
                                  177, -217, 219, -444, 200                         
long read            99 -> -21    -291, -232, -248, 137, 271, 204, 354,       82.039
                                  -255, 470, -197                                   
miniasm            -111 -> -145   -303, -148, 152, 392, -397                  81.975
miniasm            -120 -> 136    158, -163, -190, 474, -202                  81.296
long read            82 -> 71     -429, 325, 349, 436, 368, -386, -135,       80.769
                                  -425, -127, 334, -420, 382, 221, 381,             
                                  -421, -126, -410, -377, -398, -395, -338          
miniasm             -97 -> -139   234, -466, 274, 477, -254, 370, -214,       80.507
                                  -461, 226, 168, 304, -403, -206                   
miniasm            -109 -> -105   427, 367, -342, 196, 500, 179, -419,        79.905
                                  -413, -373, -352, -243, -418                      
long read           102 -> -121   -297, -183, 128, -297                       79.078
long read          -121 -> -124   -249, 478, -150                             79.078
long read           -39 -> 125    -301, -151, -191, 337, 152, 392, -397       77.139
miniasm             103 -> -140   128, -297, -183, -475, -335, -205, -431,    76.319
                                  -445, 176, 227, -396                              
long read            17 -> 110    -237, 447, 353, -350, -378, 126, 421,       76.025
                                  -381, -394, 262, 220, -334, 127, 425,             
                                  135, 386, -368, -434, -349, -325, 388,            
                                  -339, -332                                        
long read           122 -> 144    -343, -205, -431                            74.160
long read           144 -> 102    165, -153, -313                             74.160
long read          -100 -> 122    -432, -164                                  74.011
miniasm            -116 -> -67                                                73.922
long read           118 -> 145    -186, 303, 326                              73.659
long read            94 -> -74    395, 398, -411, -378, 126, 421, 207,        73.374
                                  -382, 420, -334, 127, 425, 135, 386,              
                                  345, 223, -339                                    
long read           111 -> 113    161                                         72.478
long read           120 -> 118    -208, 210, 195, 156, 152, 392, -397         71.931
long read            45 -> 89     377, 410, 126, 275, 262, 198, -341, 127,    71.690
                                  425, 135, 386, 345, -324, -325                    
miniasm            -115 -> 103    -214, 487, 226, -167, -162, -123, -326,     71.382
                                  -303, 186, 363, -362, -364, -193, 438             
long read           115 -> 133    150, -489, 249, 171, 309, -182, -457,       70.991
                                  215, 202, 190, 164, 432                           
long read           113 -> 129    445, 431, 205, 335, 170, 178, -467, 238,    70.675
                                  188, 309, 187, 396, -227, -176, -412,             
                                  159, 405, 269, 422, -235, -365, 310,              
                                  154, 340, -180, 501, 184, 407                     
miniasm              36 -> 101    272, 395, 398, -411, -378, 126, 421,        69.187
                                  -281, 383, 127, 424, 135, 386, -368,              
                                  -434, -349, -325, 429, -346                       
miniasm             -17 -> 49     -237, 448, 353, -350, 401, 410, 126,        67.490
                                  421, -381, -394, 262, 198, 383, 127,              
                                  424, 135, 386, -368, -436, -349                   
miniasm            -138 -> 141    282, -299, -253, -155, -195, -210, 208,     59.485
                                  158, -161, 165, -164, 412, 176, 227,              
                                  374, 294, -201, -162, -433, 176, -166,            
                                  -210                                              
miniasm              49 -> 36                                                 51.218
long read           107 -> -64    -301, 81, -291, -233, -248, -157, 204,      49.208
                                  -355, -255, 476, -197                             
miniasm             -73 -> 43     272, 409, 398, -411, -378, 126, 421,        48.303
                                  -281, 383, 127, 424, 135, 386, -368,              
                                  -434, -349, -325, -290, 353, 409, 398,            
                                  377, 410, 126, 421, -381, -394, 262,              
                                  220, -334, 127, 425, 135, 386, -368,              
                                  -434, -349, -325, -290, 353, 409, 398,            
                                  377, 410, 126, 421, -381, -221, -380,             
                                  420, -334, 127, 425, 135                          

Saving /data/djs217/PROJECTS/19_vibrio/06_unicycler/11671_EXE_22_2024_B.unicycler/005_bridges_applied.gfa


Bridged assembly graph (2025-07-15 10:02:56)
--------------------------------------------
    The assembly is now mostly finished and no more structural changes will be made. Ideally the assembly graph should now have one contig per replicon and no erroneous contigs (i.e. a complete assembly). If there are more contigs, then the assembly is not complete.

Saving /data/djs217/PROJECTS/19_vibrio/06_unicycler/11671_EXE_22_2024_B.unicycler/006_final_clean.gfa

Component   Segments   Links   Length      N50         Longest segment   Status    
    total         32      33   6,166,159   3,640,073         3,640,073             
        1         25      26   3,712,552   3,640,073         3,640,073   incomplete
        2          1       1   2,325,508   2,325,508         2,325,508     complete
        3          1       1     100,928     100,928           100,928     complete
        4          5       5      27,171      25,218            25,218   incomplete


Rotating completed replicons (2025-07-15 10:02:56)
--------------------------------------------------
    Any completed circular contigs (i.e. single contigs which have one link connecting end to start) can have their start position changed without altering the sequence. For consistency, Unicycler now searches for a starting gene (dnaA or repA) in each such contig, and if one is found, the contig is rotated to start with that gene on the forward strand.

Segment   Length      Depth   Starting gene   Position   Strand   Identity   Coverage
      2   2,325,508   1.02x   none found                                             
      3     100,928   1.43x   none found                                             


Assembly complete (2025-07-15 10:03:58)
---------------------------------------
Saving /data/djs217/PROJECTS/19_vibrio/06_unicycler/11671_EXE_22_2024_B.unicycler/assembly.gfa
Saving /data/djs217/PROJECTS/19_vibrio/06_unicycler/11671_EXE_22_2024_B.unicycler/assembly.fasta

